customer_id,customer_name,email,phone,gender,age,city,state,signup_date,is_premium_member
7925, manish iyer ,manish.iyer@yahoo.com,+91-8177099905,,47.0,Bhopal,Madhya Pradesh,2019-06-04,False
5777, Aisha Shah,aisha.shah@gmail.com,+91-9335062429,Female,65.0,Bhopal,Madhya Pradesh,2023-01-24,False
6843,Manish Gupta,manish.gupta255@outlook.com,+91-8186928299,Male,51.0,Bhopal,Madhya Pradesh,2021-11-21,True
7835, shreya pillai,shreya.pillai676@gmail.com,+91-8762428560,Male,46.0,Chennai,Tamil Nadu,2024-09-05,False
7504,Nisha Khan ,nisha.khan@outlook.com,+91-8644288002,Male,18.0,Jaipur,Rajasthan,2026-03-22,False
7436, Kunal Chopra,kunal.chopra167@outlook.com,+91-7693868326,Male,38.0,Coimbatore,Tamil Nadu,2026-05-27,False
5143,Amit Malhotra ,amit.malhotra238@gmail.com,+91-8417687046,Female,33.0,Hyderabad,Telangana,2022-08-19,False
5740, Meera Malhotra,meera.malhotra971@yahoo.com,+91-9660469980,Female,58.0,Lucknow,Uttar Pradesh,2023-05-24,False
7129,Kavya Gupta,kavya.gupta@outlook.com,+91-7689825086,Other,62.0,Surat,Gujarat,2023-11-23,True
6276, Deepak Verma,deepak.verma@gmail.com,+91-7825616017,,65.0,Nagpur,Maharashtra,2023-01-10,False
5111,KAVYA PATIL,kavya.patil@outlook.com,+91-8336003695,,28.0,Pune,Maharashtra,2022-07-03,False
5477,Harsh Iyer,harsh.iyer@gmail.com,+91-7506107559,,65.0,Nagpur,Maharashtra,2024-05-05,True
6606, Gaurav Bose ,gaurav.bose@gmail.com,+91-8199811749,,31.0,Surat,Gujarat,2022-06-30,False
6388, Arjun Shah ,arjun.shah@yahoo.com,+91-8564755749,Male,47.0,Delhi,Delhi,2020-09-19,False
7374, Ankita Bose ,ankita.bose@outlook.com,+91-9954391881,Female,25.0,Lucknow,Uttar Pradesh,2023-05-01,False
5632, Meera Gupta ,meera.gupta@gmail.com,+91-9662865179,,49.0,Jaipur,Rajasthan,2022-02-16,False
6692, Divya Singh,divya.singh@outlook.com,+91-9692615398,,19.0,Coimbatore,Tamil Nadu,2022-03-14,False
7909, Priya Singh ,priya.singh942@outlook.com,+91-8566036839,Female,49.0,Ranchi,Jharkhand,2019-09-06,False
6467,KUNAL DAS,kunal.das@yahoo.com,+91-8625576304,Male,50.0,Lucknow,Uttar Pradesh,2020-11-06,False
5231,Nikhil Patil,nikhil.patil656@outlook.com,+91-9549470290,Other,58.0,Nashik,Maharashtra,2024-12-17,False
6769,Suresh Gupta ,suresh.gupta@outlook.com,,Male,53.0,Patna,Bihar,2024-05-27,False
6448,Kavya Kulkarni,kavya.kulkarni@outlook.com,+91-8949064337,Male,41.0,Jaipur,Rajasthan,2020-10-25,True
5172, ANJALI PILLAI ,anjali.pillai@outlook.com,+91-7662991074,Male,57.0,Lucknow,Uttar Pradesh,2023-07-02,False
6559,Neha Kulkarni,neha.kulkarni@gmail.com,+91-7466625002,Other,63.0,Nagpur,Maharashtra,2022-11-13,True
6565,DIVYA CHOPRA,divya.chopra@yahoo.com,+91-7540556985,,41.0,Bangalore,Karnataka,2023-01-18,False
6446,Aditya Chopra ,aditya.chopra@outlook.com,+91-8048403144,Other,64.0,Pune,Maharashtra,2024-02-15,False
6112, Suresh Kulkarni ,suresh.kulkarni@yahoo.com,+91-8988969050,Other,45.0,Kolkata,West Bengal,2022-07-08,False
6657,Harsh Verma,harsh.verma757@outlook.com,+91-7352898494,Male,21.0,Nagpur,Maharashtra,2019-10-07,False
5378, Radha Patil ,radha.patil1@yahoo.com,+91-7958534679,Female,64.0,Delhi,Delhi,2023-03-02,False
6978, Rahul Kulkarni ,,+91-7177612731,Male,49.0,Surat,Gujarat,2020-07-08,False
6458,Neha Malhotra ,neha.malhotra@outlook.com,+91-9332256294,,49.0,Kochi,Kerala,2022-01-23,True
6084,Nisha Malhotra ,nisha.malhotra@gmail.com,+91-8448810152,Other,65.0,Kochi,Kerala,2026-03-28,True
7206,KARAN IYER,karan.iyergmail.com,+91-8963867776,,64.0,Bhopal,Madhya Pradesh,2023-03-28,True
6102,Divya Rao,divya.rao@gmail.com,+91-9890568652,Female,32.0,Kochi,Kerala,2024-02-23,False
6940,rahul das ,rahul.das197@outlook.com,+91-8268738766,Other,34.0,Kochi,Kerala,2023-09-04,False
6368,Mohit Kumar,mohit.kumar594@gmail.com,+91-9613641013,Male,32.0,Kochi,Kerala,2021-09-29,False
7599, Aditya Malhotra,aditya.malhotra221@outlook.com,+91-8616183700,Other,36.0,Jaipur,Rajasthan,2020-06-11,False
6592,VARUN MALHOTRA,varun.malhotragmail.com,+91-8094864347,Other,46.0,Lucknow,Uttar Pradesh,2023-09-26,False
7304,Swati Joshi,swati.joshi673@gmail.com,+91-7233895066,Male,29.0,Nashik,Maharashtra,2020-12-31,False
5069, Pallavi Reddy ,pallavi.reddy@outlook.com,,Other,23.0,Delhi,Delhi,2026-02-19,False
6517,Varun Patil,varun.patil63@outlook.com,+91-9900470275,Other,36.0,Nashik,Maharashtra,2021-07-30,False
7773,anjali gupta,anjali.gupta@yahoo.com,+91-7796022261,,28.0,Coimbatore,Tamil Nadu,2021-04-01,False
7264,Shreya Nair ,shreya.nair@outlook.com,+91-7530013457,Female,40.0,Delhi,Delhi,2019-03-14,False
7823, Swati Bose ,swati.bose@gmail.com,+91-7315219968,Other,45.0,Indore,Madhya Pradesh,2023-01-24,False
5656,Rahul Nair ,rahul.nair@outlook.com,+91-9989860286,,39.0,Bhopal,Madhya Pradesh,2019-07-19,False
5144, Amit Sharma ,amit.sharma@yahoo.com,+91-9221638971,Other,47.0,Coimbatore,Tamil Nadu,2023-10-28,False
6482,Pooja Khan ,pooja.khan@gmail.com,+91-8410368213,Male,64.0,Bangalore,Karnataka,2021-10-01,True
6197,Sanjay Verma,sanjay.verma@yahoo.com,+91-7177122631,Female,47.0,Coimbatore,Tamil Nadu,2022-12-22,False
6836, Sneha Malhotra,sneha.malhotra873@yahoo.com,,Male,25.0,Bangalore,Karnataka,2025-07-19,False
5333,Sneha Joshi,sneha.joshi@yahoo.com,+91-7261687715,Male,57.0,Nagpur,Maharashtra,2021-06-24,False
7605, KUNAL MEHTA ,kunal.mehta476@gmail.com,+91-9932794299,Female,31.0,Pune,Maharashtra,2020-10-03,False
6165, Sneha Pillai ,sneha.pillai@outlook.com,+91-9686126704,Male,53.0,Kochi,Kerala,2025-12-22,True
6313,Gaurav Chopra,gaurav.chopra918@outlook.com,+91-9586169603,Female,23.0,Patna,Bihar,2023-01-20,False
7239,Simran Bose,simran.bose@outlook.com,+91-7595181683,,41.0,Ahmedabad,Gujarat,2020-06-24,False
5102,Harsh Kulkarni ,harsh.kulkarni713@outlook.com,+91-8274821168,Male,45.0,Pune,Maharashtra,2024-03-22,True
5644,MOHIT DAS,mohit.das@yahoo.com,+91-9649238135,Male,46.0,Ranchi,Jharkhand,2023-07-21,False
5664, Karan Mehta,karan.mehta@gmail.com,+91-9814341940,,36.0,Hyderabad,Telangana,2024-09-09,False
7722,Pallavi Chopra,pallavi.chopra948@yahoo.com,+91-7955132252,Other,52.0,Kochi,Kerala,2026-01-03,False
5837,Anjali Kumar ,anjali.kumar@gmail.com,+91-8687359381,Female,18.0,Lucknow,Uttar Pradesh,2025-12-04,False
6896,amit verma,amit.verma@outlook.com,+91-8575658957,Female,63.0,Ahmedabad,Gujarat,2026-02-22,False
6659,Simran Verma,simran.verma600@outlook.com,+91-8887666629,Other,62.0,Hyderabad,Telangana,2020-10-06,True
7732,Karan Kulkarni,karan.kulkarni991@gmail.com,+91-7810852475,Female,18.0,Nashik,Maharashtra,2021-06-24,False
7716,Preeti Bose,preeti.bose@gmail.com,+91-8596512930,Female,25.0,Nagpur,Maharashtra,2022-07-30,True
5834, Pallavi Joshi ,pallavi.joshi@gmail.com,+91-9294234097,Other,49.0,Surat,Gujarat,2025-09-09,False
7191,Pooja Das ,pooja.das@outlook.com,+91-9822445002,Female,36.0,Surat,Gujarat,2019-02-14,False
6650, pallavi gupta,pallavi.gupta40@yahoo.com,+91-7818421600,Other,46.0,Ranchi,Jharkhand,2021-12-30,False
7669,Pooja Singh ,pooja.singh36@outlook.com,+91-9721607170,Male,34.0,Chennai,Tamil Nadu,2021-08-26,False
7767,Karan Patil,karan.patil@yahoo.com,+91-9230007417,Female,37.0,Nagpur,Maharashtra,2021-02-14,False
5260, POOJA SHARMA ,pooja.sharma@outlook.com,,Other,54.0,Nagpur,Maharashtra,2025-03-28,True
5524,Gaurav Nair,gaurav.nair798@outlook.com,+91-9813293338,Other,49.0,Coimbatore,Tamil Nadu,2025-07-08,False
7541,aisha iyer ,aisha.iyer818@yahoo.com,+91-8631911389,,34.0,Jaipur,Rajasthan,2026-04-08,True
7221,PRIYA DAS,priya.das@yahoo.com,+91-7056534956,Male,48.0,Bangalore,Karnataka,2019-03-29,True
6551, Radha Gupta ,radha.gupta@outlook.com,+91-7543642392,Male,50.0,Hyderabad,Telangana,2020-05-17,False
5489, Pallavi Mehta ,,+91-9324529131,,58.0,Jaipur,Rajasthan,2026-07-21,False
7021, Ankita Singh ,ankita.singhgmail.com,+91-7477028062,,50.0,Bangalore,Karnataka,2025-02-25,False
5530,Harsh Iyer,harsh.iyer@outlook.com,+91-8811831277,Other,25.0,Nashik,Maharashtra,2019-12-18,True
5153,Ritu Reddy,ritu.reddy@gmail.com,+91-8508596752,Other,42.0,Ahmedabad,Gujarat,2025-03-18,False
7831,Manish Reddy,manish.reddy@yahoo.com,+91-8994957380,Male,60.0,Delhi,Delhi,2025-03-20,True
7434, Vikram Das ,vikram.das795@gmail.com,+91-7507265044,Female,64.0,Surat,Gujarat,2021-12-21,False
7578,Anjali Chopra,anjali.chopra@gmail.com,+91-9620865875,Male,54.0,Chennai,Tamil Nadu,2020-06-12,False
5967,Divya Shah,divya.shah@yahoo.com,+91-8680973560,Female,48.0,Hyderabad,Telangana,2025-08-03,False
6315, ankita nair,ankita.nair@outlook.com,+91-9650072931,,55.0,Ranchi,Jharkhand,2025-07-01,True
5531, Aisha Kumar,aisha.kumar@outlook.com,+91-8079352959,,61.0,Bangalore,Karnataka,2019-12-10,False
7825, Sneha Joshi ,sneha.joshi534@gmail.com,+91-7895408909,Female,25.0,Pune,Maharashtra,2020-04-12,False
7253,Vikram Kumar,vikram.kumar@outlook.com,+91-7733249232,Female,35.0,Pune,Maharashtra,2026-05-05,False
7090,Gaurav Bose,gaurav.bose598@gmail.com,+91-7090234049,Female,54.0,Chennai,Tamil Nadu,2022-10-12,False
6248,Pallavi Rao,pallavi.rao181@gmail.com,+91-8046458529,Female,54.0,Nashik,Maharashtra,2023-03-06,False
5237, Kavya Iyer ,kavya.iyer@outlook.com,+91-9242751626,Other,59.0,Kochi,Kerala,2026-08-03,False
6874,Pooja Reddy ,pooja.reddy301@outlook.com,+91-9274275182,Female,18.0,Hyderabad,Telangana,2026-06-29,False
6436,Isha Mehta,isha.mehta349@outlook.com,+91-7093041267,Other,47.0,Coimbatore,Tamil Nadu,2024-01-11,True
6489,Swati Gupta ,swati.gupta26@gmail.com,+91-9593677022,Male,26.0,Surat,Gujarat,2025-09-26,True
6856,nisha chopra,nisha.chopra442@outlook.com,+91-8943268168,Other,64.0,Patna,Bihar,2025-02-22,False
5756, YASH SHARMA ,yash.sharma@yahoo.com,,Male,22.0,Nagpur,Maharashtra,2023-01-05,False
7570, Sanjay Shah ,sanjay.shah@gmail.com,+91-8465560522,Female,37.0,Nashik,Maharashtra,2020-02-03,True
7490,Isha Patil,isha.patil@yahoo.com,+91-8737323724,Female,45.0,Ahmedabad,Gujarat,2022-01-03,False
6478, Priya Kulkarni ,priya.kulkarni@yahoo.com,+91-7948135006,Male,56.0,Surat,Gujarat,2021-09-09,False
7698, Rahul Kumar ,rahul.kumar371@gmail.com,+91-8364952972,Female,57.0,Jaipur,Rajasthan,2024-02-11,False
5108, Rahul Kumar ,rahul.kumar@gmail.com,+91-8808488198,,46.0,Mumbai,Maharashtra,2025-06-14,False
5080, Mohit Gupta,mohit.gupta267@gmail.com,+91-7870917923,Other,30.0,Delhi,Delhi,2020-10-14,False
6799,GAURAV SHAH,gaurav.shah@gmail.com,+91-9774211419,Male,56.0,Mumbai,Maharashtra,2021-07-13,False
5585,Rahul Reddy,rahul.reddy@outlook.com,+91-9270697265,,54.0,Coimbatore,Tamil Nadu,2020-08-22,False
6607,Meera Mehta,meera.mehta736@yahoo.com,+91-9071777663,Other,22.0,Patna,Bihar,2025-02-20,False
5469,Neha Verma,neha.verma@outlook.com,+91-9472502556,Other,40.0,Bhopal,Madhya Pradesh,2021-11-17,False
6811,Aditya Shah ,aditya.shah@gmail.com,+91-8682705960,Other,52.0,Bangalore,Karnataka,2020-03-09,False
7745,Manish Verma ,manish.verma@gmail.com,+91-9419391127,Male,43.0,Kolkata,West Bengal,2025-10-15,False
5550, Neha Kumar ,neha.kumar@outlook.com,+91-8024066302,Other,64.0,Bhopal,Madhya Pradesh,2023-07-22,True
7985, Yash Chopra ,yash.chopra@gmail.com,+91-7790972640,Female,48.0,Kochi,Kerala,2024-09-11,False
5581,Vikram Reddy,vikram.reddy729@outlook.com,+91-9650221232,Female,54.0,Ahmedabad,Gujarat,2021-08-04,False
7004,SWATI IYER,swati.iyer@outlook.com,+91-7584826431,Female,21.0,Kolkata,West Bengal,2021-11-22,False
7726,HARSH KUMAR,harsh.kumar@yahoo.com,+91-9583881522,,47.0,Bhopal,Madhya Pradesh,2023-11-16,False
5935,PRIYA KULKARNI,priya.kulkarni@gmail.com,+91-9930563149,Other,48.0,Chandigarh,Chandigarh,2020-08-22,True
7521, Suresh Iyer ,suresh.iyer161@yahoo.com,+91-7326868537,Female,21.0,Ranchi,Jharkhand,2019-04-13,True
6537,Ritu Sharma,ritu.sharma@outlook.com,+91-9911654839,,63.0,Bhopal,Madhya Pradesh,2019-02-03,False
7063, Nikhil Bose ,nikhil.bose718@outlook.com,+91-7887000274,Other,65.0,Nagpur,Maharashtra,2020-11-03,False
7163,Ritu Sharma,ritu.sharma@outlook.com,+91-8078198326,,64.0,Patna,Bihar,2019-04-09,False
7635,Isha Mehta,isha.mehta682@outlook.com,+91-9025846659,Female,34.0,Jaipur,Rajasthan,2022-10-04,True
7428,rahul malhotra,rahul.malhotra@yahoo.com,+91-7890177670,Female,32.0,Coimbatore,Tamil Nadu,2019-05-24,False
5788,Rohan Joshi,rohan.joshi@yahoo.com,+91-7383558780,Other,63.0,Ranchi,Jharkhand,2020-02-03,False
6325,Gaurav Iyer ,gaurav.iyer573@gmail.com,+91-7605818171,Male,32.0,Mumbai,Maharashtra,2022-12-03,False
7945,ANKITA RAO,ankita.rao704@yahoo.com,+91-7473926910,Female,55.0,Lucknow,Uttar Pradesh,2021-06-06,False
6495,Arjun Malhotra,arjun.malhotra@yahoo.com,+91-7333320497,Male,40.0,Coimbatore,Tamil Nadu,2026-04-21,False
7158, Kavya Das ,kavya.das817@gmail.com,+91-8372500720,Other,48.0,Patna,Bihar,2024-03-31,False
6774,Aisha Sharma,aisha.sharma453@yahoo.com,+91-9869801700,,27.0,Delhi,Delhi,2020-12-27,True
7289, mohit das ,mohit.das325@gmail.com,+91-7733840070,,53.0,Bhopal,Madhya Pradesh,2021-09-23,False
7050,Aisha Verma ,aisha.verma@gmail.com,,,19.0,Kolkata,West Bengal,2022-04-19,False
5356, Meera Kumar ,meera.kumar@gmail.com,+91-7743306495,Other,45.0,Bhopal,Madhya Pradesh,2019-08-09,False
6257, Radha Das,radha.das@yahoo.com,+91-8449865729,Other,56.0,Kolkata,West Bengal,2021-04-29,False
5973,Varun Das,varun.das@yahoo.com,+91-8532503773,Other,22.0,Coimbatore,Tamil Nadu,2025-04-07,False
5019, Aisha Shah ,aisha.shah64@yahoo.com,+91-9279452343,Male,24.0,Patna,Bihar,2025-03-25,False
6723,PALLAVI VERMA,pallavi.verma@gmail.com,+91-8361138849,Other,47.0,Delhi,Delhi,2022-01-15,False
7760,Manish Reddy,manish.reddy551@gmail.com,+91-9488634059,Female,54.0,Jaipur,Rajasthan,2026-05-27,False
5055, ANKITA GUPTA ,ankita.gupta981@outlook.com,,Male,,Ranchi,Jharkhand,2022-07-20,True
5528,Ankita Iyer,ankita.iyer@yahoo.com,+91-7466179092,,63.0,Mumbai,Maharashtra,2024-03-11,False
6088,RAJESH KHAN,rajesh.khan@gmail.com,+91-7520024254,,39.0,Chennai,Tamil Nadu,2025-11-04,False
6146, Gaurav Singh ,gaurav.singh@outlook.com,+91-8608331390,Female,29.0,Nashik,Maharashtra,2023-08-22,False
7859, ankita khan ,ankita.khan457@outlook.com,+91-7851672825,Male,20.0,Kochi,Kerala,2021-04-29,False
5063,Priya Joshi ,priya.joshi764@outlook.com,+91-8778460175,,41.0,Kochi,Kerala,2023-09-02,False
7561,Pallavi Patil,pallavi.patil@gmail.com,+91-7097040288,Other,37.0,Nashik,Maharashtra,2021-02-09,False
6985,SNEHA MEHTA,sneha.mehta115@gmail.com,+91-9940920124,,63.0,Chennai,Tamil Nadu,2023-02-23,False
5558,Shreya Chopra,shreya.chopra@gmail.com,+91-7574956021,Other,40.0,Patna,Bihar,2021-12-26,False
6778, Radha Rao,radha.rao@yahoo.com,+91-9658376431,Other,34.0,Chennai,Tamil Nadu,2026-07-16,False
5832, Varun Bose ,varun.bose890@outlook.com,+91-8332077057,,45.0,Jaipur,Rajasthan,2023-08-14,True
5064,Arjun Sharma ,arjun.sharma@yahoo.com,+91-7558238810,,53.0,Delhi,Delhi,2019-03-02,True
5908,Ankita Kumar,ankita.kumar@gmail.com,+91-7771879714,,46.0,Hyderabad,Telangana,2022-04-15,False
5915,Divya Sharma,divya.sharma@outlook.com,+91-7979603655,Female,48.0,Delhi,Delhi,2021-03-13,False
6717,Swati Rao,swati.rao437@yahoo.com,+91-9928328725,,38.0,Nashik,Maharashtra,2020-12-15,True
6209,Sanjay Mehta,sanjay.mehta830@gmail.com,,Male,53.0,Kolkata,West Bengal,2024-02-26,False
5219,Meera Patil,meera.patil597@yahoo.com,+91-7661376805,Female,38.0,Surat,Gujarat,2022-06-21,True
7843,RADHA PILLAI,radha.pillai@gmail.com,+91-7006120667,Female,53.0,Ahmedabad,Gujarat,2019-05-09,False
6261, Nikhil Sharma,nikhil.sharma@yahoo.com,+91-8603765641,Other,45.0,Indore,Madhya Pradesh,2024-08-02,True
5521,Ritu Chopra,ritu.chopra@gmail.com,+91-8763879811,Other,53.0,Indore,Madhya Pradesh,2023-02-21,False
7998,Simran Chopra,simran.chopra@gmail.com,+91-8633035372,Male,20.0,Hyderabad,Telangana,2021-02-26,False
7695,Nikhil Iyer,,+91-8490513863,Male,50.0,Jaipur,Rajasthan,2022-06-15,False
5099,HARSH IYER,harsh.iyer395@gmail.com,+91-9424892554,Male,51.0,Bhopal,Madhya Pradesh,2022-08-22,False
5808,BHAVNA SHAH,bhavna.shah@outlook.com,+91-7530696435,Other,22.0,Jaipur,Rajasthan,2026-07-18,False
5016,Varun Chopra ,varun.chopra605@yahoo.com,+91-7627813881,Other,48.0,Bangalore,Karnataka,2025-11-10,True
5684,MOHIT KHAN ,mohit.khan@gmail.com,+91-8853794315,Other,61.0,Chandigarh,Chandigarh,2025-11-18,True
5159,VARUN KHAN,varun.khan@outlook.com,+91-9909490559,,20.0,Kochi,Kerala,2019-06-15,True
5622,Mohit Rao,mohit.raogmail.com,+91-9207634862,,65.0,Nashik,Maharashtra,2023-06-19,False
6358,Nisha Das,nisha.das@gmail.com,+91-9156189666,Female,,Coimbatore,Tamil Nadu,2023-09-04,True
7229,Harsh Kulkarni,harsh.kulkarni723@yahoo.com,+91-8868764317,Female,25.0,Pune,Maharashtra,2021-06-26,False
6125, Tarun Bose ,tarun.bose861@outlook.com,+91-9993496725,Other,30.0,Delhi,Delhi,2022-01-01,False
7968,Neha Bose,neha.bose@gmail.com,+91-8170254576,Other,31.0,Surat,Gujarat,2019-02-27,False
5921,Pallavi Sharma,pallavi.sharma768@gmail.com,+91-7002909384,Other,55.0,Pune,Maharashtra,2020-05-07,True
6675,Tarun Nair,tarun.nair@yahoo.com,+91-9767737679,Male,43.0,Patna,Bihar,2026-07-15,True
7535,Amit Singh,amit.singhgmail.com,+91-9753482430,Other,36.0,Kolkata,West Bengal,2022-08-06,False
7789,HARSH SINGH,harsh.singh968@yahoo.com,+91-7990465302,Female,44.0,Chandigarh,Chandigarh,2023-05-02,False
6461,ANJALI REDDY,anjali.reddy@gmail.com,+91-8256120751,Female,30.0,Ranchi,Jharkhand,2021-09-11,False
6620,Shreya Verma,shreya.verma@outlook.com,+91-9280696523,Female,39.0,Surat,Gujarat,2023-12-19,False
5600, Divya Bose ,divya.bose@gmail.com,+91-7882080915,Female,38.0,Indore,Madhya Pradesh,2025-08-01,False
5840, ARJUN SINGH ,arjun.singh@outlook.com,+91-7766059616,,52.0,Coimbatore,Tamil Nadu,2024-12-09,False
5291, YASH PATIL ,yash.patil@gmail.com,+91-7020399889,Female,62.0,Coimbatore,Tamil Nadu,2020-12-10,False
6824, aditya malhotra ,,+91-9650758193,Female,21.0,Chennai,Tamil Nadu,2025-05-22,False
6105,Nikhil Kulkarni ,nikhil.kulkarni@outlook.com,+91-7325433149,Other,44.0,Jaipur,Rajasthan,2019-11-07,False
5503,Meera Gupta,meera.gupta@yahoo.com,+91-8348642277,Female,51.0,Nagpur,Maharashtra,2024-02-13,True
6611,Bhavna Patil,bhavna.patil887@gmail.com,+91-9525864799,Other,50.0,Nashik,Maharashtra,2019-04-19,False
6772, Meera Chopra,meera.chopra@outlook.com,+91-8232112300,Other,49.0,Patna,Bihar,2023-03-06,False
5369, Aisha Rao,aisha.rao74@gmail.com,+91-7518875050,Other,62.0,Hyderabad,Telangana,2019-07-27,False
6854,PREETI VERMA,preeti.verma@outlook.com,,Other,55.0,Bhopal,Madhya Pradesh,2025-05-18,False
7066, Arjun Nair,arjun.nair433@yahoo.com,+91-7753325529,,62.0,Coimbatore,Tamil Nadu,2020-05-12,False
6744, nikhil sharma,nikhil.sharma@yahoo.com,+91-7454290009,Male,61.0,Patna,Bihar,2023-02-02,False
5759,Pallavi Bose ,pallavi.bose515@yahoo.com,+91-8894165570,,63.0,Coimbatore,Tamil Nadu,2020-12-22,False
6572,Arjun Reddy,arjun.reddy98@gmail.com,+91-8756718905,Male,,Nashik,Maharashtra,2022-09-13,False
6143,Ankita Nair,ankita.nair720@gmail.com,+91-8270395539,,51.0,Delhi,Delhi,2019-05-27,False
6455,Karan Verma ,karan.verma@gmail.com,+91-9718994417,Female,19.0,Kochi,Kerala,2023-11-25,False
7209,ritu kulkarni,ritu.kulkarni@yahoo.com,+91-8087492995,Other,61.0,Ahmedabad,Gujarat,2022-01-22,False
6098, Neha Iyer,neha.iyer@yahoo.com,+91-8694403702,,24.0,Patna,Bihar,2025-08-08,True
6694, Divya Mehta,divya.mehta498@outlook.com,+91-8031479629,Male,44.0,Surat,Gujarat,2020-11-17,False
7604, Preeti Sharma,preeti.sharmagmail.com,+91-7275121786,,24.0,Nashik,Maharashtra,2024-07-05,False
5266, Gaurav Patil ,gaurav.patil357@gmail.com,+91-7406807222,,28.0,Hyderabad,Telangana,2020-10-26,False
6168, Priya Pillai,priya.pillai@yahoo.com,+91-7234116208,Male,28.0,Nagpur,Maharashtra,2025-05-12,False
7550,Karan Kulkarni,karan.kulkarni680@yahoo.com,+91-9935063026,Male,62.0,Surat,Gujarat,2021-05-29,False
5799, MEERA REDDY,meera.reddy@yahoo.com,+91-7885905503,Female,34.0,Chennai,Tamil Nadu,2024-11-12,False
5123,Rohan Chopra,rohan.chopra@yahoo.com,+91-8004514920,Other,58.0,Pune,Maharashtra,2024-05-09,False
6802,Manish Shah,manish.shah975@gmail.com,+91-8024537451,,24.0,Ranchi,Jharkhand,2025-11-07,False
5495,KAVYA MALHOTRA,kavya.malhotra482@gmail.com,+91-8324056258,Male,49.0,Patna,Bihar,2022-05-08,False
6271,varun shah ,varun.shah@gmail.com,+91-8214515163,Male,24.0,Nashik,Maharashtra,2024-04-10,False
6618,Simran Mehta,simran.mehta838@gmail.com,+91-9664120966,,46.0,Coimbatore,Tamil Nadu,2021-12-27,True
6946,radha rao,radha.rao@yahoo.com,+91-8260468852,Male,55.0,Indore,Madhya Pradesh,2025-11-01,False
5314,Sneha Chopra,sneha.chopra967@gmail.com,+91-7370821581,Other,61.0,Chandigarh,Chandigarh,2019-10-13,False
6232,Ritu Chopra ,,+91-7847822003,Male,59.0,Surat,Gujarat,2023-07-01,True
5464,Simran Verma ,simran.verma@outlook.com,+91-7933485050,Other,44.0,Surat,Gujarat,2023-10-31,False
7270,Vikram Gupta ,vikram.gupta@yahoo.com,+91-7759952923,Other,30.0,Ahmedabad,Gujarat,2025-04-22,False
5337,Pooja Das,pooja.das993@outlook.com,+91-9519264909,Male,18.0,Chennai,Tamil Nadu,2019-09-21,True
7367,Karan Nair ,karan.nair@gmail.com,+91-9389966426,,59.0,Coimbatore,Tamil Nadu,2025-10-07,True
7723, Nikhil Iyer ,nikhil.iyer@outlook.com,+91-8400177540,,24.0,Bangalore,Karnataka,2023-07-02,False
5241,Mohit Joshi,mohit.joshi711@gmail.com,+91-9038966906,,38.0,Ahmedabad,Gujarat,2021-03-19,True
6813,Vikram Mehta,vikram.mehta@gmail.com,+91-8500645204,Other,,Kolkata,West Bengal,2022-07-17,False
6227,Yash Mehta ,yash.mehta241@yahoo.com,+91-7233922327,Female,44.0,Delhi,Delhi,2025-10-03,True
5862,Suresh Pillai ,suresh.pillai@yahoo.com,+91-7979501569,Male,50.0,Chandigarh,Chandigarh,2020-04-20,False
7647,Suresh Kulkarni,suresh.kulkarni838@yahoo.com,+91-9028867684,Other,31.0,Pune,Maharashtra,2026-03-02,False
5856,Isha Gupta,isha.gupta@yahoo.com,+91-8714866312,Female,26.0,Kochi,Kerala,2024-06-14,True
7460, Nisha Malhotra ,nisha.malhotra@gmail.com,+91-9349782255,Other,42.0,Kochi,Kerala,2021-09-10,True
5825, Sanjay Singh ,sanjay.singh186@gmail.com,,Male,22.0,Chennai,Tamil Nadu,2019-08-03,False
7249,preeti kumar,preeti.kumar@gmail.com,+91-8480529435,,29.0,Bhopal,Madhya Pradesh,2021-10-31,False
7992,Karan Chopra,karan.chopra@yahoo.com,+91-9425898874,,52.0,Nashik,Maharashtra,2024-02-10,False
6981, Kunal Bose,kunal.bose@outlook.com,,Other,22.0,Delhi,Delhi,2023-07-09,False
5650,Simran Malhotra ,simran.malhotra@outlook.com,+91-9405508917,,43.0,Pune,Maharashtra,2019-01-11,True
7123,Suresh Shah,suresh.shah496@outlook.com,+91-9517107514,Other,24.0,Bhopal,Madhya Pradesh,2023-10-21,False
6821,Sanjay Patil,sanjay.patil462@outlook.com,+91-8929527033,Male,22.0,Mumbai,Maharashtra,2021-12-18,False
7511, TARUN GUPTA,tarun.gupta242@yahoo.com,+91-7436140958,Female,58.0,Ahmedabad,Gujarat,2023-06-17,False
5552,Suresh Kulkarni ,suresh.kulkarni568@gmail.com,+91-9709844620,Other,49.0,Pune,Maharashtra,2020-04-06,False
5271,KARAN VERMA,karan.verma506@outlook.com,+91-9952956230,Other,29.0,Delhi,Delhi,2022-01-25,False
5281, Rohan Rao,rohan.rao@gmail.com,+91-9079665393,,48.0,Delhi,Delhi,2021-08-12,False
5113, RADHA KUMAR,radha.kumar@gmail.com,+91-9581865060,Female,45.0,Ranchi,Jharkhand,2022-06-18,False
5158,Varun Nair ,varun.nair376@outlook.com,+91-9967622534,,19.0,Hyderabad,Telangana,2022-12-10,False
7792,pooja das,,+91-8309982008,Female,57.0,Indore,Madhya Pradesh,2020-01-24,False
7539,Varun Nair,varun.nair@outlook.com,+91-7805466523,,45.0,Coimbatore,Tamil Nadu,2024-08-10,False
6230,SWATI GUPTA,swati.gupta411@gmail.com,+91-8680538129,Male,28.0,Patna,Bihar,2019-03-23,False
5957,deepak nair,deepak.nair408@outlook.com,+91-7356506725,,60.0,Pune,Maharashtra,2019-09-05,True
7315, PREETI VERMA ,preeti.verma489@gmail.com,+91-8901710838,Female,31.0,Mumbai,Maharashtra,2025-12-03,False
7290,Sanjay Iyer,sanjay.iyergmail.com,+91-7110396594,Male,65.0,Lucknow,Uttar Pradesh,2025-11-12,True
5653, Arjun Khan,arjun.khangmail.com,+91-9944422903,Other,44.0,Jaipur,Rajasthan,2020-04-06,False
5457,Preeti Das,preeti.das337@yahoo.com,+91-7081188376,,24.0,Indore,Madhya Pradesh,2025-01-13,False
7247, POOJA BOSE,pooja.bose889@yahoo.com,,Male,39.0,Patna,Bihar,2023-03-25,True
7020,Arjun Chopra ,arjun.chopragmail.com,+91-9868756581,Male,21.0,Hyderabad,Telangana,2020-10-10,False
6764,Aditya Reddy,aditya.reddy@outlook.com,+91-8441936625,Other,62.0,Hyderabad,Telangana,2021-10-28,False
5342,Nisha Pillai,nisha.pillai@gmail.com,+91-8016855802,Male,40.0,Coimbatore,Tamil Nadu,2019-01-24,False
5987,Pooja Reddy ,pooja.reddy@yahoo.com,+91-8690218833,Other,18.0,Lucknow,Uttar Pradesh,2023-02-08,False
5869, Shreya Pillai,shreya.pillai839@gmail.com,+91-8376026745,Female,,Kolkata,West Bengal,2026-02-26,False
7228,Simran Khan,simran.khan@yahoo.com,+91-7002726547,,32.0,Coimbatore,Tamil Nadu,2023-11-18,False
7382,SNEHA RAO,sneha.rao387@outlook.com,+91-7399508643,,63.0,Nagpur,Maharashtra,2025-10-31,False
6689,Isha Verma,isha.verma@outlook.com,+91-9636178636,Other,42.0,Ahmedabad,Gujarat,2021-09-13,False
5672, Manish Kulkarni,manish.kulkarni@gmail.com,+91-9248741646,Female,37.0,Ranchi,Jharkhand,2025-09-19,False
6686,kavya joshi,kavya.joshi@outlook.com,+91-8405288311,Female,26.0,Delhi,Delhi,2020-01-18,False
6345,Harsh Joshi ,harsh.joshi762@yahoo.com,+91-7150873497,Male,61.0,Bangalore,Karnataka,2021-06-11,False
5708,Anjali Mehta ,anjali.mehta@gmail.com,+91-9229472217,Male,49.0,Nagpur,Maharashtra,2021-03-10,False
5586, ISHA SHAH,isha.shah@gmail.com,+91-8633124412,Other,41.0,Chennai,Tamil Nadu,2020-07-07,False
5242,Kavya Khan ,kavya.khan@outlook.com,+91-8753445831,Other,38.0,Indore,Madhya Pradesh,2026-02-22,False
7044, Rajesh Shah ,rajesh.shah216@yahoo.com,+91-8254721525,Male,27.0,Patna,Bihar,2023-03-26,True
5028,Gaurav Malhotra,gaurav.malhotra@yahoo.com,+91-9731500218,Female,40.0,Kochi,Kerala,2020-07-26,True
6005,Preeti Gupta,preeti.gupta639@outlook.com,+91-8340230861,Female,32.0,Pune,Maharashtra,2021-11-20,False
7007,Rahul Das,,+91-7275355924,Female,51.0,Lucknow,Uttar Pradesh,2024-07-29,False
7786,Anjali Khan,anjali.khan@outlook.com,+91-8146685036,,30.0,Kochi,Kerala,2022-07-11,False
5481, deepak khan ,deepak.khan428@gmail.com,+91-9059713441,Male,,Surat,Gujarat,2020-01-09,False
7433,Karan Reddy,karan.reddy77@yahoo.com,+91-8834796980,Other,30.0,Nashik,Maharashtra,2023-03-04,False
7192,divya gupta,divya.gupta@yahoo.com,+91-7407684702,,33.0,Chennai,Tamil Nadu,2020-02-07,False
7230,Isha Nair,isha.nair@outlook.com,+91-8273947565,,23.0,Ranchi,Jharkhand,2025-11-20,False
6081,Deepak Khan,deepak.khan788@gmail.com,+91-7147963438,Other,50.0,Coimbatore,Tamil Nadu,2026-03-06,False
6377,Anjali Patil,anjali.patil694@yahoo.com,+91-9485063647,Other,53.0,Bhopal,Madhya Pradesh,2025-01-01,False
5313, ADITYA PATIL ,aditya.patil802@gmail.com,+91-7996794435,Female,32.0,Lucknow,Uttar Pradesh,2024-10-17,False
5945,Anjali Reddy,anjali.reddy@gmail.com,+91-8715570459,Female,20.0,Coimbatore,Tamil Nadu,2024-09-08,False
5538, Gaurav Bose ,gaurav.bose@gmail.com,+91-8744121113,Male,55.0,Mumbai,Maharashtra,2019-11-04,False
6795,Priya Rao,priya.rao410@gmail.com,+91-7686901142,Other,41.0,Ahmedabad,Gujarat,2025-06-01,False
7742,simran singh,simran.singh75@gmail.com,+91-9684899650,Female,49.0,Mumbai,Maharashtra,2025-10-30,False
7461,Pooja Shah,pooja.shah@outlook.com,+91-9410844761,Other,23.0,Chennai,Tamil Nadu,2023-01-13,False
7127,Deepak Das,deepak.das197@outlook.com,+91-7157834535,,58.0,Indore,Madhya Pradesh,2023-02-03,False
7114, DIVYA PILLAI,divya.pillai@gmail.com,+91-7286425702,Other,31.0,Nagpur,Maharashtra,2021-07-16,False
6853,Vikram Chopra,vikram.chopra@outlook.com,+91-9616086475,,59.0,Coimbatore,Tamil Nadu,2025-03-31,False
6703,Simran Gupta,simran.gupta696@outlook.com,+91-8107488718,Other,30.0,Nashik,Maharashtra,2019-04-07,False
5577,Karan Nair ,karan.nair@gmail.com,+91-9340656731,Female,31.0,Delhi,Delhi,2022-11-03,True
6735,Yash Reddy ,yash.reddy@yahoo.com,+91-7176902607,Female,21.0,Hyderabad,Telangana,2025-10-14,False
5205,Shreya Verma,shreya.verma862@yahoo.com,+91-8493693584,Female,48.0,Ranchi,Jharkhand,2024-11-08,True
7613,Vikram Patil,vikram.patil407@yahoo.com,+91-8690149615,,25.0,Mumbai,Maharashtra,2022-12-21,False
6787,Pallavi Sharma,pallavi.sharma@outlook.com,+91-7176358287,Female,24.0,Ranchi,Jharkhand,2019-09-25,False
6051, Kunal Sharma ,kunal.sharma@yahoo.com,+91-8437914844,Male,31.0,Chennai,Tamil Nadu,2020-10-10,False
5348,vikram malhotra,vikram.malhotra@gmail.com,+91-8878317933,Male,62.0,Nashik,Maharashtra,2020-06-04,False
5476,Aditya Nair,aditya.nair611@outlook.com,+91-8017082722,,62.0,Coimbatore,Tamil Nadu,2021-10-11,False
5132,SIMRAN SINGH ,simran.singhgmail.com,+91-9119961117,Male,35.0,Bangalore,Karnataka,2025-07-27,False
6636,Yash Mehta ,yash.mehta@yahoo.com,+91-9784923184,Female,48.0,Delhi,Delhi,2022-04-30,False
6501,KARAN RAO ,karan.rao@outlook.com,+91-8344806055,Female,19.0,Patna,Bihar,2025-06-25,False
7118,Nisha Malhotra,nisha.malhotra617@yahoo.com,+91-9390853574,Male,21.0,Nagpur,Maharashtra,2022-11-10,True
5522,PREETI BOSE,preeti.bose64@yahoo.com,+91-7957757232,Other,39.0,Bhopal,Madhya Pradesh,2026-07-08,False
5085,NEHA IYER,neha.iyer@gmail.com,+91-7390367601,Female,28.0,Patna,Bihar,2025-06-11,False
6353,Tarun Rao,tarun.rao465@yahoo.com,+91-7621729813,Male,55.0,Lucknow,Uttar Pradesh,2022-12-08,False
7031,Neha Chopra,neha.chopragmail.com,+91-8417889832,,61.0,Coimbatore,Tamil Nadu,2019-04-11,False
7466,Meera Bose ,meera.bose@yahoo.com,+91-8456456222,Female,56.0,Delhi,Delhi,2025-10-09,False
6521,Manish Reddy,manish.reddy@outlook.com,+91-7662860980,,58.0,Nashik,Maharashtra,2020-02-10,False
7846,Vikram Shah,vikram.shah110@outlook.com,+91-8245851649,,33.0,Kolkata,West Bengal,2021-12-01,False
5557,Manish Das,manish.das@outlook.com,+91-7367208579,Female,62.0,Lucknow,Uttar Pradesh,2025-07-07,True
6552, Rohan Mehta,rohan.mehta@outlook.com,+91-9006809229,Female,25.0,Chandigarh,Chandigarh,2025-12-10,False
6073, Isha Das ,isha.das@outlook.com,+91-8895546422,Female,53.0,Ahmedabad,Gujarat,2022-11-09,False
5077,Yash Chopra,yash.chopra545@gmail.com,+91-8020779759,Female,,Bangalore,Karnataka,2020-10-14,True
7887,Ankita Das,ankita.das901@yahoo.com,+91-7951912983,Other,54.0,Ranchi,Jharkhand,2025-10-06,False
5094,Aisha Kumar,aisha.kumargmail.com,+91-7690813748,,40.0,Jaipur,Rajasthan,2021-03-29,False
5612,Aisha Kulkarni,aisha.kulkarni614@outlook.com,+91-9119952808,Other,65.0,Nashik,Maharashtra,2025-07-26,False
6576,Kavya Shah,kavya.shah800@gmail.com,,,45.0,Lucknow,Uttar Pradesh,2019-09-14,False
5138,Ritu Chopra,ritu.chopra914@outlook.com,+91-9052375267,Female,19.0,Chennai,Tamil Nadu,2024-04-04,True
6714,Aisha Nair,aisha.nair@gmail.com,+91-7087302382,Other,59.0,Delhi,Delhi,2020-07-20,True
6792,Kunal Joshi,kunal.joshi@outlook.com,+91-9302486237,Other,42.0,Hyderabad,Telangana,2024-11-22,False
6758,Priya Nair ,priya.nair@yahoo.com,+91-9237569187,Other,20.0,Surat,Gujarat,2026-05-06,False
7955,Amit Shah,amit.shah965@outlook.com,,Male,48.0,Nashik,Maharashtra,2024-11-01,False
6262,Radha Chopra,radha.chopra@outlook.com,,Male,44.0,Lucknow,Uttar Pradesh,2026-05-31,False
7484, Neha Gupta,neha.gupta@outlook.com,+91-9522814235,,32.0,Patna,Bihar,2025-04-28,False
5506, Ankita Kulkarni,ankita.kulkarni811@yahoo.com,+91-8045121810,Female,25.0,Lucknow,Uttar Pradesh,2025-09-19,True
5261,Aditya Sharma ,aditya.sharma@gmail.com,+91-8388446979,Male,42.0,Jaipur,Rajasthan,2020-03-09,True
5763, VARUN KUMAR ,varun.kumar372@yahoo.com,+91-7879198349,Other,26.0,Nashik,Maharashtra,2022-01-13,False
7833, Mohit Mehta,mohit.mehta@outlook.com,+91-8487257948,Female,46.0,Pune,Maharashtra,2025-10-13,False
5647,Swati Malhotra,swati.malhotra@gmail.com,+91-9340889085,Other,58.0,Hyderabad,Telangana,2021-03-06,False
7049, KUNAL SHARMA ,kunal.sharma@yahoo.com,+91-8429770533,Other,32.0,Kochi,Kerala,2026-05-01,False
6941,Kavya Malhotra,kavya.malhotra@yahoo.com,+91-8603745138,Male,36.0,Delhi,Delhi,2020-05-21,True
7025,Rohan Kulkarni,rohan.kulkarni@yahoo.com,+91-9889157192,Male,40.0,Patna,Bihar,2023-02-21,False
7956,Shreya Singh,shreya.singh851@yahoo.com,,Male,61.0,Nagpur,Maharashtra,2020-03-22,False
7837,Gaurav Khan,,+91-8757487102,Female,57.0,Jaipur,Rajasthan,2020-06-10,False
7069,Aditya Mehta,aditya.mehtagmail.com,+91-7887099695,,51.0,Chennai,Tamil Nadu,2025-02-05,False
7746,DIVYA KUMAR,divya.kumar654@outlook.com,+91-8041329295,Other,52.0,Bangalore,Karnataka,2020-08-22,True
5073, Yash Singh,yash.singh@outlook.com,+91-8420899073,Male,32.0,Bhopal,Madhya Pradesh,2019-11-30,False
5228, KARAN SHAH,karan.shah@yahoo.com,+91-8983372196,,18.0,Chennai,Tamil Nadu,2025-08-21,False
6528,Gaurav Verma ,,+91-7049586843,,56.0,Ahmedabad,Gujarat,2024-02-28,True
7446, Kavya Das,kavya.das@outlook.com,+91-7134099792,,41.0,Pune,Maharashtra,2019-07-21,False
5516,Kunal Shah ,kunal.shah153@yahoo.com,+91-9820043455,Male,27.0,Lucknow,Uttar Pradesh,2026-04-01,False
6381,Bhavna Verma,bhavna.verma178@outlook.com,+91-8650366091,Other,32.0,Chandigarh,Chandigarh,2023-02-13,False
5994,Aisha Kulkarni,aisha.kulkarni@outlook.com,+91-9478464510,,27.0,Hyderabad,Telangana,2021-12-02,False
7051, RADHA CHOPRA,radha.chopra@gmail.com,+91-7961186443,,28.0,Nashik,Maharashtra,2025-05-03,False
7536, Preeti Verma,preeti.verma@gmail.com,+91-7924490410,,36.0,Jaipur,Rajasthan,2026-08-06,False
7447, ARJUN VERMA,arjun.verma@yahoo.com,+91-7154632119,,52.0,Kolkata,West Bengal,2024-08-15,False
5130,Manish Kumar,manish.kumar749@yahoo.com,+91-7110130860,Male,26.0,Mumbai,Maharashtra,2024-12-12,False
5468,Neha Pillai,neha.pillai@gmail.com,,Other,52.0,Lucknow,Uttar Pradesh,2021-06-02,False
7089, ANJALI SHAH ,anjali.shah953@gmail.com,+91-9942112777,Male,50.0,Hyderabad,Telangana,2022-06-15,True
7982,Amit Singh ,amit.singh225@outlook.com,+91-9802287397,Male,37.0,Patna,Bihar,2020-05-13,False
5339,Shreya Pillai,shreya.pillai587@gmail.com,+91-7962732853,Other,25.0,Nashik,Maharashtra,2020-02-21,False
7630,Arjun Shah,arjun.shah@gmail.com,+91-7702736625,Female,22.0,Jaipur,Rajasthan,2023-08-10,False
6249, Nisha Sharma,nisha.sharma@yahoo.com,+91-8235234135,Female,,Indore,Madhya Pradesh,2020-05-15,False
6864,Varun Sharma,varun.sharma@outlook.com,+91-8349009512,Other,32.0,Lucknow,Uttar Pradesh,2023-08-09,False
5222, Preeti Verma,preeti.verma595@outlook.com,+91-7005637126,Male,27.0,Nagpur,Maharashtra,2022-11-11,True
6344, Swati Joshi ,swati.joshi576@yahoo.com,+91-7566253903,Male,30.0,Bangalore,Karnataka,2020-10-07,False
6491, Shreya Pillai,shreya.pillaigmail.com,+91-9138638499,Female,44.0,Ahmedabad,Gujarat,2019-01-19,True
5734,radha malhotra,radha.malhotra@gmail.com,+91-7342822911,Female,50.0,Bhopal,Madhya Pradesh,2022-01-25,False
7470,Neha Shah,neha.shah575@yahoo.com,+91-7365878683,Female,41.0,Indore,Madhya Pradesh,2019-07-07,False
7781,Arjun Chopra,arjun.chopra@outlook.com,+91-8022946427,Other,22.0,Indore,Madhya Pradesh,2020-01-18,True
6541,Sanjay Verma,sanjay.verma@yahoo.com,+91-9398968140,Male,64.0,Ahmedabad,Gujarat,2026-04-10,True
6838, Priya Sharma ,priya.sharma@outlook.com,+91-7271682732,Other,64.0,Chennai,Tamil Nadu,2022-07-16,False
7884,Amit Nair,amit.nair@outlook.com,,,22.0,Indore,Madhya Pradesh,2023-05-08,False
6894, VIKRAM SHAH ,vikram.shah860@gmail.com,+91-7290908177,Male,18.0,Coimbatore,Tamil Nadu,2021-10-12,True
6796, Rohan Patil,rohan.patil@gmail.com,,Male,32.0,Bangalore,Karnataka,2020-10-08,True
5737,Amit Kumar,amit.kumar223@yahoo.com,+91-9169648394,,51.0,Ranchi,Jharkhand,2020-02-19,False
5970,Rohan Mehta ,rohan.mehta@gmail.com,+91-7145121448,Female,22.0,Delhi,Delhi,2022-01-28,False
7175, Divya Malhotra ,divya.malhotra@gmail.com,+91-8110690863,Other,64.0,Surat,Gujarat,2025-06-30,True
7519,Bhavna Reddy,bhavna.reddy@yahoo.com,+91-8137635983,,29.0,Pune,Maharashtra,2024-12-17,False
5005, Harsh Iyer ,harsh.iyer@yahoo.com,+91-9552799181,Male,47.0,Nashik,Maharashtra,2024-07-27,False
7895,MOHIT REDDY ,mohit.reddy@outlook.com,+91-9265270647,,20.0,Bhopal,Madhya Pradesh,2023-12-30,False
7783,Sneha Chopra,sneha.chopra203@yahoo.com,+91-7554526183,Male,59.0,Hyderabad,Telangana,2023-01-07,False
7559, Mohit Joshi ,mohit.joshi@yahoo.com,+91-9489618997,Other,31.0,Kochi,Kerala,2026-01-22,True
5070, Nisha Verma ,,+91-9637641521,,26.0,Hyderabad,Telangana,2020-03-24,False
6182,Gaurav Joshi ,,+91-9894187851,Male,46.0,Kolkata,West Bengal,2024-02-03,False
7764,anjali sharma,anjali.sharma611@gmail.com,+91-7639137955,Female,18.0,Kolkata,West Bengal,2026-01-15,False
5827,Deepak Bose,deepak.bose@yahoo.com,+91-8310655733,,41.0,Delhi,Delhi,2023-08-29,False
6933,Priya Nair ,priya.nair@gmail.com,+91-9556795707,,60.0,Kolkata,West Bengal,2025-03-13,False
7543,Anjali Mehta,anjali.mehta@yahoo.com,+91-9604137770,,62.0,Coimbatore,Tamil Nadu,2020-12-01,False
7651,KUNAL SINGH,kunal.singh677@yahoo.com,+91-9021520115,,31.0,Patna,Bihar,2025-02-17,False
6158,Rahul Kumar,rahul.kumar572@yahoo.com,+91-7198273284,Male,50.0,Kolkata,West Bengal,2025-01-31,False
7045,arjun chopra ,arjun.chopra@outlook.com,+91-8952882473,Other,43.0,Kolkata,West Bengal,2025-02-11,True
5473,yash joshi,yash.joshi270@gmail.com,+91-7454704628,Female,22.0,Bhopal,Madhya Pradesh,2024-01-22,True
7333, Sanjay Malhotra,sanjay.malhotra24@yahoo.com,+91-7889145709,Other,36.0,Nagpur,Maharashtra,2020-04-04,True
5049, Manish Das,manish.dasgmail.com,+91-9896797648,,23.0,Kochi,Kerala,2026-04-04,False
5254,Suresh Pillai,suresh.pillai@yahoo.com,+91-8954451473,Other,24.0,Mumbai,Maharashtra,2020-02-23,False
7948, Neha Khan,neha.khan@outlook.com,+91-8711709054,Female,60.0,Bangalore,Karnataka,2024-05-18,False
7425, Ankita Das ,ankita.das@outlook.com,+91-9477584393,Male,19.0,Pune,Maharashtra,2020-02-17,False
6538, Shreya Chopra,shreya.chopra484@outlook.com,+91-9378400338,,42.0,Hyderabad,Telangana,2022-04-05,False
6720,Sanjay Kulkarni,sanjay.kulkarni631@yahoo.com,+91-7163034899,Female,45.0,Chennai,Tamil Nadu,2020-09-17,False
5083,Preeti Verma,preeti.verma115@gmail.com,,,58.0,Ahmedabad,Gujarat,2026-02-10,True
7035, Harsh Bose,harsh.bose@yahoo.com,+91-7531177934,Male,62.0,Patna,Bihar,2025-11-29,False
7626,Yash Reddy ,yash.reddy@gmail.com,+91-8605025986,,24.0,Bangalore,Karnataka,2019-08-10,False
5061,Rajesh Bose,rajesh.bose@outlook.com,+91-7160865916,Other,27.0,Pune,Maharashtra,2023-02-19,True
5024, Divya Singh ,divya.singh433@outlook.com,+91-8110717268,,52.0,Bangalore,Karnataka,2023-07-21,False
6477, divya iyer,divya.iyer265@outlook.com,+91-7413279452,Male,20.0,Surat,Gujarat,2021-01-23,True
7649,Varun Iyer,varun.iyer@yahoo.com,+91-8149089285,Female,27.0,Chennai,Tamil Nadu,2022-04-10,False
6852,Pooja Chopra,pooja.chopra349@gmail.com,+91-7072905548,Male,30.0,Ranchi,Jharkhand,2024-01-26,False
7943, SWATI KUMAR,swati.kumar@outlook.com,+91-8234661735,Female,50.0,Bangalore,Karnataka,2020-06-22,False
6012, Neha Kumar,neha.kumar@gmail.com,+91-7786491400,Male,22.0,Bhopal,Madhya Pradesh,2025-06-27,False
7522,Harsh Joshi,harsh.joshi@outlook.com,+91-7453594580,Other,60.0,Kochi,Kerala,2020-05-12,True
6282,Pooja Verma,pooja.verma108@outlook.com,+91-9790145865,Male,23.0,Nashik,Maharashtra,2026-07-19,False
7188,DIVYA PILLAI,divya.pillai920@yahoo.com,+91-9497265511,Female,63.0,Nashik,Maharashtra,2024-11-24,True
5782,Rahul Pillai,rahul.pillai@gmail.com,+91-7064597793,Female,36.0,Ranchi,Jharkhand,2021-11-18,True
7912,Nisha Nair ,nisha.nair@yahoo.com,+91-9600068125,,34.0,Jaipur,Rajasthan,2024-10-25,False
6643,Pallavi Das,pallavi.das@yahoo.com,+91-9792841705,Other,29.0,Bangalore,Karnataka,2021-12-25,False
6505,Nikhil Sharma ,nikhil.sharma357@outlook.com,+91-7657301124,,61.0,Nagpur,Maharashtra,2019-11-12,True
7517,Arjun Kumar,arjun.kumar@gmail.com,+91-7578001822,Other,62.0,Bhopal,Madhya Pradesh,2022-10-20,False
7151,Nisha Chopra,nisha.chopra@yahoo.com,+91-9202911440,Other,51.0,Nagpur,Maharashtra,2023-07-11,False
7381, Shreya Pillai ,shreya.pillai@yahoo.com,+91-8509894216,Male,,Indore,Madhya Pradesh,2024-04-04,False
6869,Neha Iyer,neha.iyer@yahoo.com,+91-8361177837,,63.0,Nagpur,Maharashtra,2021-05-23,False
7424,Isha Pillai ,isha.pillai@yahoo.com,,Female,28.0,Surat,Gujarat,2025-03-20,False
7402, Radha Iyer ,radha.iyer649@outlook.com,+91-7938718578,Female,24.0,Kochi,Kerala,2023-07-08,False
6842,Meera Nair ,,+91-7527914543,Female,40.0,Nashik,Maharashtra,2026-02-06,False
6696,Neha Shah,neha.shah@gmail.com,+91-8489724886,Female,18.0,Ranchi,Jharkhand,2020-04-26,True
6867, divya joshi ,divya.joshi@yahoo.com,+91-9312525869,Female,41.0,Lucknow,Uttar Pradesh,2021-06-24,True
7989,Kavya Singh ,kavya.singh@gmail.com,+91-8487137142,Female,48.0,Nagpur,Maharashtra,2019-10-07,False
7769,nisha sharma,nisha.sharma@outlook.com,+91-7828180063,Other,65.0,Mumbai,Maharashtra,2019-07-14,False
7814,Divya Shah,divya.shah305@gmail.com,+91-7432208017,Other,51.0,Bhopal,Madhya Pradesh,2024-04-01,False
5887,Priya Gupta,priya.gupta@yahoo.com,,Other,26.0,Ahmedabad,Gujarat,2023-05-24,False
5318,Pallavi Khan,pallavi.khan669@outlook.com,+91-7016841540,,41.0,Chandigarh,Chandigarh,2020-08-18,False
6582,Isha Patil,isha.patil@gmail.com,+91-7237229403,Female,,Hyderabad,Telangana,2025-08-06,False
7120, Rohan Pillai ,rohan.pillai@gmail.com,+91-9540512311,Female,55.0,Kolkata,West Bengal,2026-05-28,False
6880,Neha Chopra,neha.chopra@outlook.com,+91-7664067901,Female,65.0,Nagpur,Maharashtra,2024-08-04,True
7744, Aisha Iyer,aisha.iyer@outlook.com,+91-9981237668,,29.0,Indore,Madhya Pradesh,2022-05-18,True
5104,Rajesh Kumar ,rajesh.kumar258@outlook.com,+91-8241882258,Other,49.0,Chennai,Tamil Nadu,2022-04-14,False
5587,arjun kulkarni,arjun.kulkarni@yahoo.com,,Female,51.0,Nashik,Maharashtra,2022-12-11,False
5298,Nisha Bose,nisha.bose72@outlook.com,+91-9076735458,,60.0,Kochi,Kerala,2019-10-01,False
5766, swati iyer ,swati.iyer@outlook.com,+91-9734239456,Female,23.0,Chandigarh,Chandigarh,2025-06-15,False
7616, Radha Gupta ,radha.gupta540@yahoo.com,+91-9686242233,Female,30.0,Ranchi,Jharkhand,2023-02-25,False
5910,sneha mehta,sneha.mehta@outlook.com,+91-8900866267,Other,47.0,Ahmedabad,Gujarat,2019-11-22,False
7319,Swati Verma,swati.verma@gmail.com,+91-9909678631,Other,62.0,Kolkata,West Bengal,2023-06-29,False
7978,Sneha Rao,sneha.rao@gmail.com,+91-9187535912,Other,20.0,Nashik,Maharashtra,2022-04-09,True
7975,DEEPAK GUPTA,deepak.gupta385@yahoo.com,+91-7261076082,Female,37.0,Bangalore,Karnataka,2022-08-08,False
6347,gaurav gupta,gaurav.gupta@yahoo.com,+91-8023737377,Male,31.0,Kolkata,West Bengal,2024-03-22,False
7043,Arjun Malhotra,arjun.malhotra554@gmail.com,+91-7656624002,,24.0,Kolkata,West Bengal,2024-08-21,True
7940,Harsh Kulkarni,harsh.kulkarni508@gmail.com,+91-8026468787,Male,58.0,Lucknow,Uttar Pradesh,2022-08-13,True
7271, Amit Iyer ,amit.iyer447@gmail.com,+91-7666148121,Female,65.0,Coimbatore,Tamil Nadu,2020-11-01,False
6654,Pooja Patil,pooja.patil@outlook.com,+91-7557772840,,50.0,Nashik,Maharashtra,2022-08-29,True
5730, Vikram Pillai ,vikram.pillai@outlook.com,+91-8175188197,,42.0,Jaipur,Rajasthan,2024-03-27,False
7920,Rahul Sharma ,rahul.sharma@gmail.com,+91-8178406864,Male,23.0,Nagpur,Maharashtra,2026-07-06,False
6837, Gaurav Chopra ,gaurav.chopra@gmail.com,+91-9574145792,Male,24.0,Bangalore,Karnataka,2022-01-27,False
5185, Kunal Reddy,kunal.reddy@gmail.com,+91-7647723435,,18.0,Patna,Bihar,2020-07-09,False
5512,Rajesh Kulkarni,rajesh.kulkarni@gmail.com,+91-9776439945,,49.0,Jaipur,Rajasthan,2025-06-04,False
6878,Tarun Khan,tarun.khangmail.com,+91-9200931502,Male,49.0,Chennai,Tamil Nadu,2020-06-05,False
5785,Nikhil Verma,nikhil.verma@outlook.com,+91-8457660872,Male,23.0,Surat,Gujarat,2022-03-18,False
7577,Ritu Sharma,ritu.sharma@yahoo.com,+91-9576567239,Other,33.0,Chennai,Tamil Nadu,2021-08-08,False
6191, Anjali Gupta ,anjali.gupta@yahoo.com,+91-9046991365,Male,55.0,Ahmedabad,Gujarat,2025-02-05,False
7778, DEEPAK DAS,deepak.das368@gmail.com,+91-8694370049,,,Ranchi,Jharkhand,2021-06-27,False
6975,Mohit Verma,mohit.verma372@gmail.com,+91-7997600729,Other,,Indore,Madhya Pradesh,2023-02-13,False
7706, Ankita Nair ,ankita.nair521@yahoo.com,+91-8597489825,Male,53.0,Delhi,Delhi,2020-10-23,True
7699,varun pillai,varun.pillai@outlook.com,+91-8163566950,Other,23.0,Bhopal,Madhya Pradesh,2019-02-13,False
5103, RAJESH SHARMA ,rajesh.sharma496@yahoo.com,+91-7620577138,Female,63.0,Lucknow,Uttar Pradesh,2019-05-19,False
6866,Gaurav Kumar,gaurav.kumar@gmail.com,+91-9421747328,Other,27.0,Bhopal,Madhya Pradesh,2023-02-16,False
7736,Pooja Das,pooja.das986@outlook.com,+91-8707340036,,33.0,Nagpur,Maharashtra,2022-04-03,True
6129, Ankita Das ,ankita.das@outlook.com,+91-7858873193,Female,62.0,Ranchi,Jharkhand,2024-05-27,False
7226,Rahul Patil,rahul.patil@yahoo.com,+91-7491231918,Female,65.0,Ahmedabad,Gujarat,2026-05-12,False
5809, NEHA DAS,neha.das@outlook.com,+91-8855786602,,62.0,Jaipur,Rajasthan,2019-03-26,False
6490,Sanjay Joshi ,sanjay.joshi@outlook.com,+91-9660627467,Male,18.0,Bhopal,Madhya Pradesh,2021-09-04,False
6159,simran shah,simran.shah249@yahoo.com,+91-9557534183,Other,20.0,Kolkata,West Bengal,2023-10-28,False
5131, Aisha Joshi ,,+91-7837883407,,56.0,Pune,Maharashtra,2021-12-06,False
6635,Bhavna Reddy,bhavna.reddygmail.com,+91-8561819799,,36.0,Coimbatore,Tamil Nadu,2026-05-31,False
6103,Nisha Chopra ,nisha.chopra@gmail.com,+91-7321971724,,55.0,Bangalore,Karnataka,2024-01-11,False
6236,Nisha Das,nisha.das@gmail.com,+91-9286421821,,39.0,Nagpur,Maharashtra,2023-12-25,True
5620,Nikhil Reddy,nikhil.reddy@gmail.com,+91-7806720204,Female,32.0,Lucknow,Uttar Pradesh,2026-04-13,True
7708, Aditya Gupta,aditya.gupta@yahoo.com,+91-8644741508,Male,60.0,Kochi,Kerala,2025-01-07,False
7450,Anjali Gupta,anjali.gupta291@yahoo.com,+91-9091257889,Male,42.0,Nagpur,Maharashtra,2024-01-11,True
7772,Sanjay Kumar ,sanjay.kumar@gmail.com,,Female,50.0,Chandigarh,Chandigarh,2020-02-09,False
5693,preeti rao,preeti.rao@outlook.com,+91-8148026677,Female,56.0,Ahmedabad,Gujarat,2022-09-02,False
5402, Deepak Sharma ,deepak.sharma@gmail.com,+91-9492828407,,42.0,Patna,Bihar,2022-07-16,False
6736,Anjali Kumar,anjali.kumar@yahoo.com,+91-9633383064,Other,64.0,Patna,Bihar,2024-01-28,True
6961, Neha Kumar ,neha.kumar364@gmail.com,+91-7424066452,Male,45.0,Surat,Gujarat,2020-01-15,False
5264,Priya Kulkarni,priya.kulkarni303@gmail.com,+91-9474924680,Male,18.0,Bhopal,Madhya Pradesh,2022-10-03,True
7486,Tarun Verma,tarun.verma@outlook.com,+91-7982174553,,40.0,Bangalore,Karnataka,2020-09-06,False
6731, Varun Das ,varun.das@yahoo.com,+91-9100348668,Male,51.0,Ranchi,Jharkhand,2019-05-01,False
6917, Rajesh Pillai ,rajesh.pillai@gmail.com,+91-9546675963,Other,41.0,Bangalore,Karnataka,2023-03-01,False
5141,Tarun Shah,tarun.shah@outlook.com,+91-7546631823,Male,18.0,Patna,Bihar,2023-08-19,False
6742,Sanjay Sharma ,sanjay.sharma966@yahoo.com,+91-8292142713,,49.0,Delhi,Delhi,2021-05-06,False
5991,kunal pillai,kunal.pillai@gmail.com,+91-8395442557,Other,61.0,Pune,Maharashtra,2024-10-30,False
6761, pooja nair ,pooja.nair@gmail.com,+91-7273630063,Other,22.0,Nagpur,Maharashtra,2020-08-05,True
5328,Deepak Joshi,deepak.joshi@gmail.com,+91-7354831217,,36.0,Delhi,Delhi,2025-06-06,False
6108,Pallavi Sharma,pallavi.sharma@gmail.com,+91-9586510830,Other,26.0,Kochi,Kerala,2021-07-12,True
5830, Deepak Joshi ,deepak.joshi@gmail.com,+91-9128014825,Male,45.0,Indore,Madhya Pradesh,2025-07-10,False
6637, Radha Sharma,radha.sharma@gmail.com,+91-7620993864,,51.0,Ranchi,Jharkhand,2024-07-23,False
5274, Ritu Sharma,ritu.sharma@gmail.com,+91-8080811315,Male,28.0,Bhopal,Madhya Pradesh,2023-02-26,False
6131,Bhavna Chopra,bhavna.chopra802@yahoo.com,+91-8553567328,Female,59.0,Mumbai,Maharashtra,2023-06-25,True
5843,Gaurav Sharma,gaurav.sharma@outlook.com,+91-8308802901,Other,42.0,Indore,Madhya Pradesh,2023-01-04,False
5867,anjali pillai,anjali.pillai@outlook.com,+91-9838217149,,39.0,Lucknow,Uttar Pradesh,2023-12-04,True
7794, Tarun Malhotra ,tarun.malhotra@yahoo.com,+91-7077668364,Male,48.0,Bhopal,Madhya Pradesh,2021-06-30,True
7440,Varun Patil,varun.patil719@yahoo.com,+91-9348015613,Other,46.0,Delhi,Delhi,2021-06-04,False
7177, Meera Malhotra ,meera.malhotra@gmail.com,+91-7981702714,Female,54.0,Nagpur,Maharashtra,2019-09-01,False
6733,Priya Chopra,,+91-7339386445,Male,25.0,Chandigarh,Chandigarh,2021-08-13,False
6640,Simran Das,simran.das@gmail.com,+91-7310902778,Male,23.0,Nagpur,Maharashtra,2022-04-07,False
7439,Ritu Malhotra,ritu.malhotra@outlook.com,,Other,32.0,Lucknow,Uttar Pradesh,2019-01-17,False
7756,isha sharma ,isha.sharma@gmail.com,+91-7012563576,Other,47.0,Patna,Bihar,2021-12-30,False
7373, Sanjay Rao ,sanjay.rao@outlook.com,+91-7902761294,Female,59.0,Kochi,Kerala,2020-10-01,True
6243, Rahul Nair ,rahul.nair611@outlook.com,+91-7585656765,Other,23.0,Bangalore,Karnataka,2020-06-22,False
5762,Deepak Pillai,deepak.pillai260@gmail.com,+91-9992976504,Female,19.0,Hyderabad,Telangana,2021-10-29,False
7165, NIKHIL BOSE ,nikhil.bose797@gmail.com,+91-7106904515,Other,38.0,Coimbatore,Tamil Nadu,2026-05-16,False
7183, Neha Mehta ,neha.mehta@yahoo.com,+91-9901512047,Female,60.0,Nagpur,Maharashtra,2024-08-11,False
5432,Nisha Bose,nisha.bose@gmail.com,+91-9502519873,Other,23.0,Kolkata,West Bengal,2022-10-01,False
5572, arjun singh ,arjun.singh552@outlook.com,+91-7103009966,Other,20.0,Surat,Gujarat,2021-03-19,False
6745, Aisha Chopra ,aisha.chopra@gmail.com,+91-8966896086,,65.0,Pune,Maharashtra,2024-07-28,False
5596,Shreya Mehta ,shreya.mehta533@yahoo.com,+91-9709614576,,43.0,Ahmedabad,Gujarat,2025-04-06,True
5717,Tarun Verma ,tarun.verma@yahoo.com,+91-9315500524,,39.0,Hyderabad,Telangana,2026-06-07,False
7591, Sanjay Gupta ,sanjay.gupta@yahoo.com,+91-8173598218,Male,62.0,Indore,Madhya Pradesh,2019-10-10,True
7642,AMIT KHAN ,amit.khan@gmail.com,+91-8590717271,,19.0,Pune,Maharashtra,2023-09-18,False
7328, Suresh Pillai ,suresh.pillai@outlook.com,+91-9302331763,Other,35.0,Hyderabad,Telangana,2020-11-27,False
6256,Isha Singh ,isha.singh@gmail.com,+91-8676778750,Other,22.0,Lucknow,Uttar Pradesh,2025-04-08,False
6630,Yash Kumar,yash.kumar@outlook.com,+91-7877026884,Male,47.0,Bangalore,Karnataka,2024-02-09,False
6700, Pallavi Kulkarni,pallavi.kulkarni151@gmail.com,+91-9168214241,Male,23.0,Ahmedabad,Gujarat,2020-02-26,True
6383, Deepak Sharma,deepak.sharma@yahoo.com,+91-9782847320,Other,38.0,Coimbatore,Tamil Nadu,2022-02-25,False
7567,Priya Shah,priya.shah@outlook.com,+91-9495374948,Male,62.0,Patna,Bihar,2021-03-17,False
7356,harsh gupta,harsh.gupta200@outlook.com,+91-8020174318,Other,59.0,Bangalore,Karnataka,2022-10-09,True
6432,Aisha Chopra,aisha.chopra@outlook.com,+91-8641097934,Female,62.0,Lucknow,Uttar Pradesh,2026-05-25,False
5774,Aisha Mehta,aisha.mehta493@outlook.com,+91-9913071229,Other,46.0,Ranchi,Jharkhand,2025-07-21,True
7125,Shreya Kumar ,shreya.kumar@gmail.com,+91-7998709825,Male,44.0,Surat,Gujarat,2026-06-20,False
7667, sanjay patil,sanjay.patil@yahoo.com,+91-9746413145,,30.0,Hyderabad,Telangana,2024-04-05,False
7316, Ankita Patil,ankita.patil@outlook.com,+91-8582877859,,50.0,Indore,Madhya Pradesh,2019-04-15,False
5096,KAVYA GUPTA ,kavya.gupta@outlook.com,+91-9491833733,,32.0,Delhi,Delhi,2021-12-22,False
7731,Nikhil Malhotra,nikhil.malhotra@yahoo.com,+91-7293744446,Other,52.0,Bangalore,Karnataka,2025-07-22,False
5640, Kavya Joshi ,kavya.joshi@gmail.com,+91-7411705235,,38.0,Pune,Maharashtra,2025-09-16,False
6301, Neha Khan ,neha.khan19@yahoo.com,+91-8358420977,Other,31.0,Nashik,Maharashtra,2025-04-17,False
5828,Priya Das,priya.das788@yahoo.com,+91-9311578664,Other,51.0,Mumbai,Maharashtra,2025-04-21,False
6440, Suresh Malhotra ,suresh.malhotra@outlook.com,+91-8551384825,Male,58.0,Bangalore,Karnataka,2022-11-05,True
5500,Sneha Singh ,sneha.singh@yahoo.com,+91-7704480261,Female,49.0,Patna,Bihar,2021-04-05,False
5220,Divya Reddy,divya.reddy@gmail.com,+91-7639613900,Male,39.0,Kochi,Kerala,2021-01-23,True
7997,Pallavi Malhotra,pallavi.malhotra@outlook.com,,Other,27.0,Hyderabad,Telangana,2021-10-28,False
7737,Gaurav Bose,gaurav.bose796@outlook.com,+91-8429567044,Male,26.0,Surat,Gujarat,2019-11-06,False
7178, Simran Khan ,simran.khan471@outlook.com,+91-8659267506,Female,61.0,Chennai,Tamil Nadu,2023-02-22,False
7883,Suresh Bose,suresh.bose@outlook.com,+91-7690900737,Other,36.0,Bhopal,Madhya Pradesh,2019-12-27,False
7964, Bhavna Malhotra ,bhavna.malhotra181@gmail.com,+91-8496221724,Male,35.0,Chennai,Tamil Nadu,2021-06-20,True
7666,Suresh Singh,,+91-8680432496,Female,65.0,Bhopal,Madhya Pradesh,2024-04-11,False
6931, Ankita Verma,ankita.verma135@gmail.com,+91-8114082267,,22.0,Kolkata,West Bengal,2023-06-12,False
6771, Varun Reddy,,+91-7445752686,,38.0,Mumbai,Maharashtra,2021-01-20,False
5329,Amit Verma,amit.verma@outlook.com,+91-7349429004,,41.0,Jaipur,Rajasthan,2024-01-13,False
5112,Shreya Khan,shreya.khan@yahoo.com,+91-7704485042,,48.0,Bangalore,Karnataka,2026-01-23,False
7862,Isha Kulkarni,isha.kulkarni@outlook.com,+91-8107275886,Other,22.0,Bangalore,Karnataka,2019-11-22,False
7404, kunal khan ,kunal.khan@gmail.com,+91-9940542758,Male,37.0,Nagpur,Maharashtra,2023-09-01,False
5149, Mohit Bose ,mohit.bose@yahoo.com,+91-7266782873,Other,61.0,Kolkata,West Bengal,2026-04-16,True
5959, Kavya Kumar,kavya.kumar@gmail.com,+91-8199107088,Male,38.0,Surat,Gujarat,2020-06-05,True
5376, Yash Das ,,+91-7855724303,,59.0,Jaipur,Rajasthan,2023-12-25,True
7032, Kunal Mehta ,kunal.mehta@outlook.com,+91-7794360401,Other,39.0,Mumbai,Maharashtra,2026-06-18,False
7443,Bhavna Singh,bhavna.singh@outlook.com,+91-7295556162,Female,57.0,Kochi,Kerala,2025-07-22,False
6641, Suresh Khan,suresh.khan@outlook.com,+91-8524590893,Male,23.0,Delhi,Delhi,2024-11-22,False
6416,Swati Sharma,swati.sharma@outlook.com,+91-9989732976,Female,64.0,Indore,Madhya Pradesh,2020-05-16,False
5269,Mohit Verma,mohit.verma@gmail.com,+91-7757110553,Other,57.0,Pune,Maharashtra,2025-11-06,False
7359,Sneha Mehta,sneha.mehta729@gmail.com,+91-7851156036,Other,45.0,Surat,Gujarat,2024-11-28,False
6638,ankita mehta ,ankita.mehta@yahoo.com,+91-7554919543,,24.0,Patna,Bihar,2019-08-14,False
6079,Karan Bose ,karan.bose35@yahoo.com,+91-8318461984,Other,60.0,Nagpur,Maharashtra,2022-10-20,False
7518,Pooja Mehta ,pooja.mehta653@outlook.com,+91-7826670759,,34.0,Kolkata,West Bengal,2024-10-01,False
7881, Harsh Sharma ,harsh.sharma@outlook.com,+91-9477004395,,61.0,Nashik,Maharashtra,2022-10-31,False
5364, SNEHA KUMAR ,sneha.kumar679@gmail.com,+91-8916983031,,34.0,Bhopal,Madhya Pradesh,2023-01-17,True
7464,Harsh Kulkarni,harsh.kulkarni@outlook.com,+91-8167486678,Other,58.0,Indore,Madhya Pradesh,2025-03-14,False
5660,Sanjay Gupta,sanjay.gupta475@outlook.com,+91-9219584093,Other,23.0,Pune,Maharashtra,2023-10-09,False
5034, SIMRAN DAS ,simran.das@gmail.com,+91-7301126733,Male,23.0,Coimbatore,Tamil Nadu,2024-08-22,False
5736,PREETI KULKARNI ,preeti.kulkarni226@gmail.com,,,61.0,Chandigarh,Chandigarh,2021-10-06,False
6390, Aditya Gupta ,aditya.gupta126@yahoo.com,+91-7889748434,Male,20.0,Kochi,Kerala,2020-09-22,False
6633,Sanjay Malhotra,sanjay.malhotra400@yahoo.com,+91-8947234167,,43.0,Surat,Gujarat,2022-04-29,False
5279, Pallavi Malhotra,pallavi.malhotra@outlook.com,+91-9306944163,Female,49.0,Kolkata,West Bengal,2026-04-09,False
7190,Rohan Pillai,rohan.pillai312@outlook.com,+91-7749590864,Female,62.0,Surat,Gujarat,2019-05-31,True
7976,karan kulkarni,karan.kulkarni853@gmail.com,+91-9581060799,,21.0,Patna,Bihar,2019-03-27,False
5363,Swati Khan,swati.khan979@outlook.com,+91-7491300741,Female,52.0,Indore,Madhya Pradesh,2023-02-08,False
6172, Yash Kumar ,yash.kumar855@gmail.com,+91-9409457662,Other,20.0,Bangalore,Karnataka,2025-07-07,False
6711,Radha Nair ,radha.nair418@outlook.com,+91-7300640469,Female,27.0,Bhopal,Madhya Pradesh,2026-06-18,False
6291,Gaurav Joshi ,gaurav.joshi385@yahoo.com,+91-7897855951,Female,27.0,Surat,Gujarat,2024-11-22,False
7137,SIMRAN JOSHI,simran.joshi491@outlook.com,+91-7803805763,,44.0,Hyderabad,Telangana,2020-11-09,True
5745,Bhavna Joshi,bhavna.joshi401@outlook.com,+91-8041547686,Female,60.0,Chennai,Tamil Nadu,2020-10-22,False
6160,RAHUL KHAN,rahul.khan@yahoo.com,+91-9888049461,Other,33.0,Chandigarh,Chandigarh,2022-10-03,False
5929, Arjun Malhotra ,arjun.malhotra@yahoo.com,+91-7860348309,Male,46.0,Patna,Bihar,2023-04-15,False
7715, Priya Reddy,priya.reddy226@yahoo.com,+91-8497127553,Other,26.0,Lucknow,Uttar Pradesh,2024-11-02,True
7395, DIVYA PILLAI ,divya.pillai@outlook.com,+91-9173883043,Male,36.0,Patna,Bihar,2021-08-15,False
5386,manish singh,manish.singh@outlook.com,+91-7270870082,Male,43.0,Surat,Gujarat,2020-02-24,False
5995,Gaurav Das ,gaurav.dasgmail.com,+91-7911690636,Male,47.0,Surat,Gujarat,2024-02-14,False
7557,Divya Kulkarni,divya.kulkarni195@outlook.com,+91-8623532159,Other,27.0,Bhopal,Madhya Pradesh,2025-09-26,False
7505,Priya Joshi,priya.joshi@yahoo.com,+91-8068558402,Female,,Ahmedabad,Gujarat,2020-07-17,False
7019,Yash Mehta,yash.mehta@outlook.com,+91-8560345751,,41.0,Delhi,Delhi,2021-11-12,True
7513, Manish Kulkarni,manish.kulkarni@outlook.com,+91-9137584293,Other,48.0,Chandigarh,Chandigarh,2019-02-16,False
7101, vikram nair,vikram.nair@gmail.com,+91-7589025957,,55.0,Nashik,Maharashtra,2022-04-23,False
7469, Priya Verma,priya.verma@outlook.com,+91-9421392811,Female,23.0,Lucknow,Uttar Pradesh,2023-06-12,False
6631,Tarun Patil ,tarun.patil@yahoo.com,+91-9478174365,Female,42.0,Bhopal,Madhya Pradesh,2023-11-17,False
7320, Anjali Patil ,anjali.patil@gmail.com,+91-9501103262,,24.0,Lucknow,Uttar Pradesh,2022-04-30,False
6550,Aditya Das,aditya.das@gmail.com,+91-7198657603,,30.0,Nagpur,Maharashtra,2022-04-11,False
5811, NISHA MEHTA ,nisha.mehta@gmail.com,+91-9927397387,Male,58.0,Hyderabad,Telangana,2022-12-17,True
6690, Sanjay Kulkarni ,sanjay.kulkarni109@yahoo.com,+91-9754289173,Other,51.0,Nashik,Maharashtra,2026-03-19,False
5787, Karan Das ,karan.das171@yahoo.com,+91-8269401125,Male,37.0,Chandigarh,Chandigarh,2025-07-09,False
6441, amit pillai,amit.pillai@outlook.com,+91-9142456523,,54.0,Chennai,Tamil Nadu,2023-10-21,False
7371, Isha Nair ,isha.nair580@yahoo.com,+91-8073764027,Female,57.0,Delhi,Delhi,2024-11-14,False
5527,Preeti Rao,preeti.rao@yahoo.com,+91-7884084446,,50.0,Coimbatore,Tamil Nadu,2020-08-22,False
7874,Kavya Nair,kavya.nair@outlook.com,+91-7242276072,Other,47.0,Hyderabad,Telangana,2024-02-18,False
7646,Swati Iyer,,+91-8018214511,Other,59.0,Nagpur,Maharashtra,2021-11-27,False
7534, Divya Sharma,divya.sharma883@outlook.com,+91-7350145745,Male,31.0,Ahmedabad,Gujarat,2019-10-09,False
5735,Preeti Das,preeti.das@outlook.com,+91-7515490378,Other,47.0,Patna,Bihar,2022-10-08,False
6988,ankita khan,ankita.khan152@gmail.com,+91-7011961997,Male,29.0,Lucknow,Uttar Pradesh,2020-11-28,True
6240, Kunal Verma ,kunal.verma@gmail.com,+91-8515762074,Other,51.0,Patna,Bihar,2019-09-01,False
7263, Yash Mehta,yash.mehta94@yahoo.com,+91-7077174177,Other,58.0,Kolkata,West Bengal,2022-12-25,True
5287,Karan Patil,karan.patil780@outlook.com,+91-7774152938,Male,32.0,Pune,Maharashtra,2024-03-21,False
7387,Rajesh Rao,rajesh.rao253@gmail.com,+91-9468724514,Female,44.0,Kolkata,West Bengal,2019-12-22,True
5268,Vikram Patil,vikram.patil470@gmail.com,+91-7229365380,,33.0,Bhopal,Madhya Pradesh,2026-04-16,False
6007,Amit Verma,amit.verma@outlook.com,+91-9093287162,,46.0,Patna,Bihar,2026-07-28,False
6480,neha rao,neha.rao@gmail.com,+91-9305548293,Other,23.0,Chandigarh,Chandigarh,2024-06-24,False
7455, Bhavna Sharma ,bhavna.sharma@outlook.com,+91-7175845767,Female,39.0,Ranchi,Jharkhand,2021-01-10,False
7709, Simran Verma,simran.verma@yahoo.com,+91-7727922168,,31.0,Ranchi,Jharkhand,2020-07-25,False
6835, Yash Joshi ,yash.joshi158@gmail.com,+91-7714090067,Other,33.0,Lucknow,Uttar Pradesh,2020-07-14,True
6004, AISHA PATIL ,aisha.patil@gmail.com,+91-8482540961,,26.0,Pune,Maharashtra,2022-10-28,False
5682,Isha Verma ,isha.verma698@outlook.com,+91-7186641792,,44.0,Surat,Gujarat,2020-05-01,False
6597,Varun Iyer,varun.iyer@outlook.com,+91-8149852473,Other,45.0,Nashik,Maharashtra,2020-03-16,False
7372, Amit Verma ,amit.verma@gmail.com,+91-8845705268,Male,54.0,Coimbatore,Tamil Nadu,2019-07-02,True
7571,Anjali Mehta,anjali.mehta@yahoo.com,+91-8055431635,Female,23.0,Lucknow,Uttar Pradesh,2021-08-26,False
6753, Aditya Sharma ,aditya.sharma526@outlook.com,+91-8465341972,,30.0,Chennai,Tamil Nadu,2024-01-27,False
6057, Isha Das ,isha.das703@gmail.com,+91-8863528480,Female,32.0,Nashik,Maharashtra,2026-02-24,True
6360,NEHA KHAN,neha.khan815@yahoo.com,+91-8482117979,Male,59.0,Bhopal,Madhya Pradesh,2023-08-24,True
7261,Isha Mehta,isha.mehta889@outlook.com,+91-9809408901,Male,27.0,Nagpur,Maharashtra,2026-06-17,False
6268, Gaurav Singh ,gaurav.singh@gmail.com,+91-9532565430,Female,48.0,Bangalore,Karnataka,2023-09-27,False
6862,Radha Shah,radha.shah@outlook.com,+91-9010239009,,60.0,Ranchi,Jharkhand,2022-10-08,True
5210,Rahul Nair,rahul.nair593@gmail.com,+91-7822958355,Other,22.0,Indore,Madhya Pradesh,2025-07-04,False
6299,Suresh Chopra ,suresh.chopra@outlook.com,+91-7976954344,Male,26.0,Patna,Bihar,2024-08-17,False
7059,Harsh Patil,harsh.patil@gmail.com,+91-7151280260,Male,57.0,Jaipur,Rajasthan,2025-04-14,False
6369,Ritu Pillai,ritu.pillai422@outlook.com,+91-7910201103,,54.0,Bhopal,Madhya Pradesh,2023-11-18,False
5628, Kavya Singh ,kavya.singh998@gmail.com,+91-8863656972,Other,65.0,Bangalore,Karnataka,2024-10-22,False
6237, Rahul Bose,rahul.bose@yahoo.com,+91-8242448239,Other,61.0,Nashik,Maharashtra,2021-02-25,True
7556, ISHA KUMAR ,isha.kumar111@gmail.com,+91-8860938853,Female,60.0,Kolkata,West Bengal,2020-02-01,False
7142,Aisha Chopra,aisha.chopra@outlook.com,+91-8296582668,,31.0,Chandigarh,Chandigarh,2020-06-25,False
5564,Divya Reddy ,divya.reddy635@outlook.com,+91-9560260092,Female,52.0,Ranchi,Jharkhand,2024-07-09,False
7358,Amit Sharma,amit.sharma@yahoo.com,+91-9554534478,Male,63.0,Nagpur,Maharashtra,2025-05-19,False
5200,HARSH MEHTA,harsh.mehta756@outlook.com,+91-7482595967,Male,49.0,Nagpur,Maharashtra,2024-12-10,False
5835,Kavya Patil,kavya.patil@yahoo.com,+91-7750869708,Male,24.0,Chennai,Tamil Nadu,2020-04-25,False
5015,pallavi shah,pallavi.shah677@gmail.com,+91-7856070305,Other,45.0,Bhopal,Madhya Pradesh,2024-05-12,True
5209,Preeti Gupta,preeti.gupta@gmail.com,+91-8817396765,,41.0,Surat,Gujarat,2022-04-04,False
5800,Swati Reddy,swati.reddy996@yahoo.com,+91-8357344726,,47.0,Kochi,Kerala,2022-03-06,False
7021, Ankita Singh ,ankita.singhgmail.com,+91-7477028062,,50.0,Bangalore,Karnataka,2025-02-25,False
5685,Mohit Das,mohit.das772@outlook.com,+91-7770905784,Other,40.0,Mumbai,Maharashtra,2021-04-04,False
7828,Anjali Reddy,anjali.reddy@gmail.com,+91-7081832718,,45.0,Bhopal,Madhya Pradesh,2022-08-20,True
5733,Aisha Khan ,aisha.khan495@gmail.com,+91-7036030924,Female,20.0,Nagpur,Maharashtra,2020-05-05,False
5965,Rajesh Chopra ,rajesh.chopra790@yahoo.com,+91-7607283593,Other,24.0,Patna,Bihar,2025-06-06,False
7405, Radha Verma,radha.vermagmail.com,+91-7920245179,Other,33.0,Indore,Madhya Pradesh,2024-12-25,False
5597, Rohan Sharma,rohan.sharma@yahoo.com,+91-7298022873,Female,53.0,Kolkata,West Bengal,2023-06-27,False
7844,Shreya Chopra,shreya.chopra@outlook.com,+91-7464148868,Female,38.0,Bhopal,Madhya Pradesh,2021-05-03,False
5582,sneha sharma,sneha.sharma@gmail.com,+91-8923600338,Other,30.0,Bhopal,Madhya Pradesh,2019-04-27,False
6765,Pooja Reddy,pooja.reddy236@outlook.com,+91-7339309602,Male,65.0,Surat,Gujarat,2024-05-13,False
5789, Suresh Bose ,,+91-9477765061,Male,30.0,Kolkata,West Bengal,2023-10-19,False
5120,Divya Verma,divya.verma241@outlook.com,+91-7165921731,Male,21.0,Surat,Gujarat,2021-11-14,False
7237,DEEPAK KUMAR,deepak.kumar566@gmail.com,+91-8267530581,,37.0,Pune,Maharashtra,2020-09-25,False
7619,Pooja Joshi,pooja.joshi@gmail.com,,Female,30.0,Bangalore,Karnataka,2025-08-22,False
7885, Divya Chopra,divya.chopra371@yahoo.com,+91-7015137629,Male,44.0,Nashik,Maharashtra,2023-05-27,False
5295,PALLAVI PILLAI ,pallavi.pillai@yahoo.com,+91-8110390038,Male,51.0,Nashik,Maharashtra,2024-08-15,True
6026, Yash Verma,yash.verma@yahoo.com,,Other,21.0,Coimbatore,Tamil Nadu,2024-02-10,False
7483, bhavna singh ,bhavna.singh282@yahoo.com,+91-8152908843,Other,62.0,Hyderabad,Telangana,2020-01-22,False
6288,Ankita Shah,ankita.shah139@outlook.com,+91-9314242749,Other,20.0,Hyderabad,Telangana,2020-07-20,False
7017,Amit Nair,amit.nair@gmail.com,+91-7871930310,Male,49.0,Bangalore,Karnataka,2020-08-21,False
7638,Meera Rao,meera.rao@outlook.com,+91-7538517656,Male,23.0,Ranchi,Jharkhand,2025-10-07,True
5956,Anjali Chopra,anjali.chopra@outlook.com,+91-7901939204,Male,64.0,Indore,Madhya Pradesh,2022-10-15,False
5009,Shreya Mehta,shreya.mehta@outlook.com,+91-8685254563,,43.0,Mumbai,Maharashtra,2023-06-19,True
5311,Nisha Sharma,nisha.sharma18@outlook.com,+91-7484481602,Female,21.0,Coimbatore,Tamil Nadu,2025-05-20,False
7400,Kunal Sharma,kunal.sharma@outlook.com,+91-9885517613,Male,26.0,Jaipur,Rajasthan,2024-06-13,False
6527,PRIYA SINGH,priya.singh@outlook.com,+91-9905591199,Female,65.0,Kochi,Kerala,2021-08-23,False
5478, karan pillai ,karan.pillai774@yahoo.com,+91-7899676146,Other,57.0,Kolkata,West Bengal,2023-01-05,True
6773,Anjali Khan,anjali.khan152@gmail.com,,Other,53.0,Nagpur,Maharashtra,2024-08-12,True
6913,Swati Singh,swati.singh148@outlook.com,+91-8101564498,,37.0,Hyderabad,Telangana,2025-11-22,True
7838,Arjun Nair ,arjun.nair170@yahoo.com,+91-8520876058,,49.0,Ranchi,Jharkhand,2025-02-07,False
5505, Mohit Khan ,mohit.khan594@outlook.com,+91-8406299296,,62.0,Hyderabad,Telangana,2020-01-19,True
7119,Bhavna Joshi,bhavna.joshi@gmail.com,+91-8102008456,Female,55.0,Pune,Maharashtra,2025-08-14,False
5355, Divya Kumar,divya.kumar277@yahoo.com,,,44.0,Bangalore,Karnataka,2020-06-21,False
6303,Manish Patil,manish.patil@yahoo.com,+91-8902266962,Other,41.0,Surat,Gujarat,2022-10-07,False
5038,Priya Mehta,priya.mehta@gmail.com,+91-7993785023,Male,43.0,Ranchi,Jharkhand,2024-08-01,False
6788,Anjali Khan,anjali.khan@yahoo.com,+91-8409088091,Male,32.0,Lucknow,Uttar Pradesh,2025-04-21,False
6267, Pallavi Gupta,pallavi.gupta32@outlook.com,+91-7951911699,,63.0,Pune,Maharashtra,2025-02-22,False
6716,NISHA SHAH,nisha.shah767@outlook.com,+91-7496102917,Male,59.0,Indore,Madhya Pradesh,2025-03-01,False
6414,Suresh Malhotra,suresh.malhotra@yahoo.com,+91-9888821011,Other,44.0,Patna,Bihar,2020-03-13,False
7412,Nikhil Pillai ,nikhil.pillai@gmail.com,+91-9013089777,Male,53.0,Pune,Maharashtra,2025-12-11,False
6293,Manish Pillai,manish.pillai246@outlook.com,+91-7560852229,,47.0,Delhi,Delhi,2019-06-20,False
7931,Shreya Pillai,shreya.pillai@yahoo.com,+91-9343004432,Female,44.0,Kochi,Kerala,2019-06-16,True
6177,Radha Shah,radha.shah@outlook.com,+91-7930661682,Female,54.0,Patna,Bihar,2020-02-24,True
5898,Nikhil Reddy,nikhil.reddy53@outlook.com,+91-8581669767,,38.0,Nagpur,Maharashtra,2021-04-01,False
6849,Manish Rao,manish.rao289@gmail.com,+91-9060476815,Other,64.0,Mumbai,Maharashtra,2026-01-08,False
5791,Rajesh Kumar ,rajesh.kumar879@yahoo.com,+91-8062747749,Other,34.0,Chandigarh,Chandigarh,2019-01-21,False
5679,Meera Sharma,meera.sharma@gmail.com,,Other,44.0,Bangalore,Karnataka,2025-02-24,True
6124,divya bose ,divya.bose131@yahoo.com,+91-7788461183,Other,42.0,Coimbatore,Tamil Nadu,2022-11-23,False
7305, Vikram Sharma,vikram.sharma@yahoo.com,+91-8321426763,Other,64.0,Chandigarh,Chandigarh,2024-01-09,False
6893, Kavya Chopra,kavya.chopra@gmail.com,+91-7380928182,Male,52.0,Surat,Gujarat,2020-09-11,True
5692,Amit Das ,amit.das@yahoo.com,+91-9334243474,Female,23.0,Bangalore,Karnataka,2021-06-27,False
5962,Isha Khan,isha.khan703@yahoo.com,+91-7765944098,,30.0,Chennai,Tamil Nadu,2022-08-17,False
7384,Bhavna Kulkarni,bhavna.kulkarni@yahoo.com,+91-8422536271,Other,49.0,Lucknow,Uttar Pradesh,2020-06-06,True
5419,Radha Iyer,radha.iyer@yahoo.com,+91-9119900000,Female,49.0,Kolkata,West Bengal,2024-01-02,False
5983,VIKRAM RAO,vikram.rao763@outlook.com,+91-9144306604,Female,64.0,Indore,Madhya Pradesh,2019-01-19,True
6996, Divya Gupta ,divya.gupta167@outlook.com,+91-7539489562,,25.0,Nagpur,Maharashtra,2019-04-13,False
7463, Preeti Pillai,preeti.pillai@outlook.com,+91-7207929397,Male,32.0,Ahmedabad,Gujarat,2019-12-25,False
5744, Isha Pillai ,isha.pillai@outlook.com,+91-8806963314,Male,51.0,Mumbai,Maharashtra,2019-02-20,False
6963,Rajesh Pillai,rajesh.pillai912@gmail.com,+91-8349623892,Female,55.0,Bangalore,Karnataka,2023-08-21,False
7545,Pooja Kulkarni,pooja.kulkarni@outlook.com,+91-9435037358,Other,35.0,Chennai,Tamil Nadu,2020-07-23,False
7115, Varun Iyer,,+91-8520492736,Female,42.0,Ranchi,Jharkhand,2023-03-07,True
6238,Swati Sharma,swati.sharma@outlook.com,+91-9378672811,Male,54.0,Patna,Bihar,2019-03-30,False
5659, Ankita Malhotra,ankita.malhotra244@yahoo.com,+91-8270816368,Male,36.0,Nagpur,Maharashtra,2020-02-25,False
6557,Yash Iyer,yash.iyer@gmail.com,+91-9986028233,Other,21.0,Bhopal,Madhya Pradesh,2025-05-15,True
6568, Rajesh Joshi ,rajesh.joshi@yahoo.com,+91-8437167837,Other,49.0,Pune,Maharashtra,2022-09-25,False
6135,Aditya Verma,aditya.verma@yahoo.com,,,60.0,Indore,Madhya Pradesh,2021-05-08,False
5203,Nisha Gupta,nisha.gupta636@gmail.com,+91-7212643960,,38.0,Chennai,Tamil Nadu,2023-07-21,False
7713,Bhavna Nair,bhavna.nair313@outlook.com,,Male,48.0,Pune,Maharashtra,2023-09-10,True
6167,Kavya Singh ,kavya.singh@yahoo.com,+91-9448964972,,40.0,Delhi,Delhi,2024-12-10,False
6254, Ritu Iyer ,ritu.iyer@yahoo.com,+91-8833782522,,18.0,Chennai,Tamil Nadu,2025-08-07,True
6509,Aisha Patil,aisha.patil@gmail.com,+91-8839452597,,,Kochi,Kerala,2023-02-17,False
7664, Shreya Shah,shreya.shah@gmail.com,+91-9048442258,Male,23.0,Nashik,Maharashtra,2022-09-23,False
5648, Shreya Rao ,shreya.rao707@outlook.com,+91-8305406675,,39.0,Bhopal,Madhya Pradesh,2020-10-20,False
5370,Priya Rao,priya.rao61@outlook.com,+91-8322407809,Female,48.0,Indore,Madhya Pradesh,2020-01-10,False
5195,Amit Verma,amit.vermagmail.com,+91-8760624716,Male,58.0,Bhopal,Madhya Pradesh,2023-03-19,False
7300,Ritu Chopra,ritu.chopra753@yahoo.com,+91-7059369804,,59.0,Kochi,Kerala,2024-09-28,False
5502,Tarun Bose,tarun.bose@outlook.com,+91-8225413891,,47.0,Pune,Maharashtra,2019-07-31,False
6627,Amit Singh,amit.singh385@outlook.com,+91-7023425096,Male,65.0,Kolkata,West Bengal,2022-10-22,True
6872,Nikhil Sharma,nikhil.sharma@outlook.com,+91-7279690885,Other,53.0,Nagpur,Maharashtra,2024-01-19,False
7001,meera gupta,meera.gupta69@yahoo.com,+91-7738006822,Female,63.0,Chennai,Tamil Nadu,2022-05-09,False
7347,RADHA NAIR,radha.nair@outlook.com,+91-8972782544,Other,46.0,Nashik,Maharashtra,2021-07-14,True
6318,Rohan Chopra ,rohan.chopra@outlook.com,+91-7395469257,Male,37.0,Hyderabad,Telangana,2025-09-03,True
5905,Anjali Reddy,anjali.reddy@gmail.com,+91-8385742858,Female,32.0,Bangalore,Karnataka,2019-05-15,False
7365,Sneha Iyer ,sneha.iyer@yahoo.com,+91-7679289926,,55.0,Nashik,Maharashtra,2024-11-05,True
6149,Preeti Kumar,preeti.kumar@outlook.com,+91-9909368118,Male,46.0,Ranchi,Jharkhand,2020-05-12,True
5298,Nisha Bose,nisha.bose72@outlook.com,+91-9076735458,,60.0,Kochi,Kerala,2019-10-01,False
6333,aisha sharma,aisha.sharma542@gmail.com,+91-8794201978,Male,61.0,Nashik,Maharashtra,2025-03-08,True
6258,Ritu Pillai ,ritu.pillai@gmail.com,+91-7458501860,Other,22.0,Bangalore,Karnataka,2022-09-18,False
7185,Pallavi Nair,pallavi.nair@outlook.com,+91-9283939994,Female,28.0,Ahmedabad,Gujarat,2026-06-21,False
6456,Shreya Mehta,shreya.mehta@yahoo.com,,Male,39.0,Chandigarh,Chandigarh,2023-03-30,False
7934,Mohit Das ,mohit.das@gmail.com,+91-7858865071,,41.0,Chennai,Tamil Nadu,2019-08-11,False
6314,Aditya Reddy,aditya.reddy@outlook.com,+91-9065864086,Other,,Mumbai,Maharashtra,2019-06-17,True
7911,Radha Sharma,radha.sharma@yahoo.com,+91-8385631532,Female,47.0,Delhi,Delhi,2022-12-24,True
7028,Yash Gupta,yash.gupta495@yahoo.com,+91-7117030516,Male,19.0,Mumbai,Maharashtra,2019-11-07,False
5233, Varun Verma,varun.verma@yahoo.com,,,19.0,Ranchi,Jharkhand,2024-06-26,False
6584,Nikhil Pillai,nikhil.pillai@yahoo.com,+91-9518925908,Female,65.0,Bhopal,Madhya Pradesh,2023-11-30,True
7581,meera kumar,meera.kumar@yahoo.com,+91-7729550229,,22.0,Lucknow,Uttar Pradesh,2020-12-04,False
6178,nikhil shah,nikhil.shah468@yahoo.com,+91-9725845084,,64.0,Kochi,Kerala,2026-06-13,True
6306, Gaurav Singh ,gaurav.singh@yahoo.com,+91-8086096126,,39.0,Bangalore,Karnataka,2024-03-14,False
7598,Aditya Pillai,aditya.pillai963@gmail.com,+91-9708789176,,48.0,Bhopal,Madhya Pradesh,2026-04-20,False
7951, Priya Joshi,priya.joshi@yahoo.com,+91-8575976524,Male,51.0,Delhi,Delhi,2025-04-09,False
6671, NIKHIL SHARMA,nikhil.sharma@yahoo.com,+91-9315308271,Male,44.0,Bangalore,Karnataka,2023-12-22,False
5847,Divya Joshi,divya.joshi144@outlook.com,+91-7295413304,Male,59.0,Nagpur,Maharashtra,2020-03-17,False
6605, Karan Pillai,karan.pillai@yahoo.com,+91-8697028986,Other,47.0,Kolkata,West Bengal,2024-08-12,False
7109, Meera Shah ,meera.shah@outlook.com,+91-9174492749,Female,52.0,Mumbai,Maharashtra,2024-09-25,False
7427,Swati Das,,+91-7892654019,,23.0,Surat,Gujarat,2020-04-16,True
5643,Neha Joshi,neha.joshi@gmail.com,+91-7855983792,Other,49.0,Hyderabad,Telangana,2023-06-21,False
5238,Neha Patil,neha.patil@gmail.com,+91-8970860859,Other,48.0,Ahmedabad,Gujarat,2019-05-24,True
7606,Kavya Singh,kavya.singh@yahoo.com,+91-8782446551,Male,23.0,Chennai,Tamil Nadu,2023-09-26,True
7922,pallavi reddy,pallavi.reddy@outlook.com,+91-7964867992,Male,48.0,Kochi,Kerala,2021-11-06,False
6064,Divya Verma,divya.verma578@yahoo.com,+91-8463952293,Other,54.0,Pune,Maharashtra,2020-12-29,True
7587,Anjali Nair,anjali.nair970@yahoo.com,+91-7557495983,Other,49.0,Surat,Gujarat,2019-06-02,False
6634, Karan Sharma,karan.sharma@yahoo.com,+91-8247734048,Other,39.0,Hyderabad,Telangana,2022-04-17,False
6428,Isha Mehta,isha.mehta282@gmail.com,,Female,43.0,Delhi,Delhi,2019-04-12,False
7617, Kunal Bose ,kunal.bose@yahoo.com,+91-8504040364,Female,26.0,Bangalore,Karnataka,2023-11-04,False
6750, Radha Verma ,radha.verma351@outlook.com,+91-8856381134,Other,64.0,Nagpur,Maharashtra,2019-11-06,False
7610, Harsh Iyer,harsh.iyer100@yahoo.com,+91-9416279468,Female,55.0,Chandigarh,Chandigarh,2025-11-24,False
7891,Yash Kumar,yash.kumar@outlook.com,+91-7291034569,,53.0,Kochi,Kerala,2022-08-09,False
7994, Tarun Joshi ,tarun.joshi@outlook.com,+91-7512171633,Other,39.0,Ahmedabad,Gujarat,2022-02-20,False
6037,Isha Nair,isha.nair@outlook.com,+91-8356241401,Other,59.0,Kochi,Kerala,2019-10-07,False
6670, Divya Singh,divya.singh@yahoo.com,+91-9761625771,,37.0,Coimbatore,Tamil Nadu,2025-05-10,False
6556,Kunal Das,kunal.das861@outlook.com,+91-8349995373,,27.0,Pune,Maharashtra,2025-08-14,False
6909, Suresh Gupta ,suresh.gupta@gmail.com,+91-8687737406,Female,65.0,Mumbai,Maharashtra,2023-06-09,True
7512,MEERA KULKARNI,meera.kulkarni976@yahoo.com,+91-8637863826,,60.0,Kolkata,West Bengal,2024-12-05,True
5361,Pallavi Das,pallavi.das@gmail.com,+91-7912713331,Female,23.0,Indore,Madhya Pradesh,2019-01-09,False
5330, Nikhil Rao ,nikhil.rao@outlook.com,+91-9455677821,Other,47.0,Chennai,Tamil Nadu,2026-04-06,False
6959, Suresh Kumar ,suresh.kumar79@outlook.com,+91-9912323477,Other,32.0,Chennai,Tamil Nadu,2023-10-12,False
7468,Simran Gupta,simran.gupta@yahoo.com,+91-9090080164,Female,59.0,Indore,Madhya Pradesh,2024-11-26,False
5598, Meera Iyer ,meera.iyer@outlook.com,+91-9249558226,Male,21.0,Chandigarh,Chandigarh,2021-06-27,False
6452,Suresh Bose,suresh.bose333@outlook.com,+91-7529603882,Male,64.0,Mumbai,Maharashtra,2024-01-19,False
6161,Pooja Gupta,pooja.gupta@yahoo.com,+91-9295737852,,56.0,Hyderabad,Telangana,2020-10-26,False
7126, Simran Kumar ,simran.kumar@yahoo.com,+91-7837523718,Female,64.0,Bangalore,Karnataka,2025-12-02,False
6679, Simran Verma,simran.verma@yahoo.com,+91-8721540857,Other,34.0,Indore,Madhya Pradesh,2019-09-25,False
7579,Manish Joshi ,,+91-7119580172,Other,49.0,Hyderabad,Telangana,2020-01-28,True
6891,Sanjay Rao,sanjay.rao@outlook.com,+91-8485159110,Male,40.0,Bhopal,Madhya Pradesh,2022-11-11,False
7551,Manish Kumar,manish.kumar@outlook.com,+91-8766880798,,47.0,Hyderabad,Telangana,2025-04-24,True
6608,Varun Gupta,varun.gupta134@gmail.com,+91-7192927904,,,Delhi,Delhi,2022-06-30,False
7196, Kavya Kumar,kavya.kumar@outlook.com,,,52.0,Kochi,Kerala,2019-02-19,True
5109,meera malhotra,meera.malhotra16@yahoo.com,,Male,23.0,Patna,Bihar,2026-07-04,True
7135,priya chopra,priya.chopra@outlook.com,+91-9328964777,Male,51.0,Kolkata,West Bengal,2026-03-22,False
6224, Shreya Shah ,shreya.shah@outlook.com,+91-7755929512,Male,38.0,Ranchi,Jharkhand,2019-09-14,False
7298, Aditya Khan ,aditya.khan423@gmail.com,+91-8583130489,Female,52.0,Delhi,Delhi,2019-10-06,True
6266, Priya Mehta,priya.mehta@gmail.com,+91-7809595553,,22.0,Mumbai,Maharashtra,2020-09-28,False
5128, Harsh Gupta ,harsh.gupta68@outlook.com,+91-8752874843,,40.0,Chennai,Tamil Nadu,2019-08-15,True
6096, isha pillai ,isha.pillai764@yahoo.com,+91-8037481208,Male,54.0,Kolkata,West Bengal,2025-04-01,True
7410, Isha Kulkarni ,isha.kulkarni@gmail.com,+91-9702514153,Male,45.0,Chennai,Tamil Nadu,2023-03-14,False
7334,Amit Nair,amit.nair@yahoo.com,+91-9951547298,Female,33.0,Pune,Maharashtra,2019-03-16,True
6070,Arjun Pillai,arjun.pillai@yahoo.com,+91-8275403800,Other,52.0,Indore,Madhya Pradesh,2025-01-04,False
5616,Yash Iyer,yash.iyer@outlook.com,+91-8017422890,Female,,Pune,Maharashtra,2023-07-31,False
7448,Varun Das,varun.das@outlook.com,+91-9219032261,Other,59.0,Ranchi,Jharkhand,2021-10-07,False
5661, Pallavi Shah ,,+91-8986540922,,47.0,Pune,Maharashtra,2020-06-20,False
5365, Rajesh Patil ,rajesh.patil@yahoo.com,+91-9326046560,Female,59.0,Ahmedabad,Gujarat,2020-12-09,False
6023,Meera Joshi,meera.joshi@outlook.com,+91-8489179274,Female,24.0,Nashik,Maharashtra,2023-09-03,False
5701,Nikhil Khan ,nikhil.khan661@yahoo.com,+91-7740481741,Male,34.0,Coimbatore,Tamil Nadu,2023-11-06,True
6777, Kunal Nair ,kunal.nair@outlook.com,+91-7919842088,,62.0,Surat,Gujarat,2024-11-17,False
6812,Aditya Singh,aditya.singh@yahoo.com,+91-8544606358,Male,32.0,Kolkata,West Bengal,2020-07-11,False
6406,kunal bose,kunal.bose735@outlook.com,+91-9374833707,Other,54.0,Jaipur,Rajasthan,2025-05-15,True
5591, radha pillai ,,+91-8924873716,,30.0,Patna,Bihar,2021-04-26,False
5504, sanjay reddy ,sanjay.reddy@gmail.com,+91-7448920195,Male,21.0,Delhi,Delhi,2021-07-21,False
5623,Bhavna Patil,bhavna.patil@gmail.com,+91-7425484036,Male,44.0,Bhopal,Madhya Pradesh,2024-04-08,False
6460, Gaurav Singh ,gaurav.singh@yahoo.com,+91-9368501724,Other,52.0,Hyderabad,Telangana,2024-01-30,False
7197,Simran Kulkarni ,simran.kulkarnigmail.com,+91-7251488146,Female,46.0,Mumbai,Maharashtra,2024-06-23,True
5157,Priya Joshi,priya.joshi@outlook.com,+91-7828174289,Female,23.0,Jaipur,Rajasthan,2019-09-27,False
6140,Simran Patil,simran.patil921@yahoo.com,+91-8762430620,Other,18.0,Patna,Bihar,2023-07-16,False
7255, Divya Gupta ,divya.gupta@yahoo.com,+91-8404711380,Male,31.0,Kolkata,West Bengal,2022-02-12,False
5857, Simran Malhotra,simran.malhotra942@outlook.com,+91-9263622716,Male,19.0,Chennai,Tamil Nadu,2023-02-03,False
6066, Amit Sharma ,amit.sharma@gmail.com,+91-7368090787,Female,48.0,Pune,Maharashtra,2026-06-14,False
6486, Yash Iyer ,yash.iyer945@gmail.com,+91-7673598610,Other,35.0,Chandigarh,Chandigarh,2024-10-06,False
7849,Bhavna Iyer,bhavna.iyer@yahoo.com,+91-8064849542,Male,61.0,Nashik,Maharashtra,2020-04-29,False
6569, Sanjay Chopra ,sanjay.chopra@outlook.com,+91-9222917015,Other,64.0,Nashik,Maharashtra,2025-04-10,False
7207,Radha Gupta,radha.gupta@gmail.com,+91-9426581085,Other,28.0,Nagpur,Maharashtra,2024-12-13,True
7596, Isha Das ,isha.das716@gmail.com,+91-7921444979,Male,20.0,Pune,Maharashtra,2024-06-09,True
7950,Swati Bose ,swati.bose@outlook.com,+91-9601659367,Female,57.0,Pune,Maharashtra,2020-09-22,True
5007,Ritu Mehta,ritu.mehta@outlook.com,+91-7588093310,Other,35.0,Patna,Bihar,2023-10-30,False
6326, Tarun Sharma ,tarun.sharma278@outlook.com,+91-7091550908,,44.0,Nagpur,Maharashtra,2023-01-20,False
7145, Vikram Verma ,vikram.verma129@outlook.com,+91-7278119223,Female,60.0,Pune,Maharashtra,2026-07-20,False
6147,tarun kulkarni ,tarun.kulkarni@outlook.com,+91-7038650544,,45.0,Patna,Bihar,2019-06-21,False
5602, anjali sharma,anjali.sharma@yahoo.com,+91-7475377695,Other,62.0,Bangalore,Karnataka,2021-07-31,True
7995,Amit Reddy,amit.reddy854@gmail.com,+91-7065819015,Female,34.0,Patna,Bihar,2023-06-19,False
6115,Tarun Chopra ,tarun.chopra431@gmail.com,+91-9186082749,Male,45.0,Delhi,Delhi,2019-01-29,False
5595,Gaurav Kulkarni ,gaurav.kulkarni@gmail.com,,Male,39.0,Kochi,Kerala,2022-02-02,False
6269, Varun Kumar ,varun.kumargmail.com,+91-7414358545,,23.0,Bangalore,Karnataka,2023-04-05,False
7634, Pooja Nair,pooja.nair@yahoo.com,+91-7959461086,Male,22.0,Nagpur,Maharashtra,2021-06-25,True
7403, Swati Nair ,swati.nairgmail.com,+91-9253251032,Female,35.0,Delhi,Delhi,2021-09-16,False
5941,Arjun Das,arjun.das@yahoo.com,,Male,52.0,Patna,Bihar,2025-03-09,False
6515, Rajesh Joshi,rajesh.joshi103@outlook.com,+91-7629545224,,58.0,Patna,Bihar,2023-08-04,False
7219,Tarun Rao,tarun.rao@yahoo.com,+91-9083399231,Other,18.0,Hyderabad,Telangana,2022-05-01,False
6810,Karan Singh,karan.singh@outlook.com,+91-8636673548,Other,31.0,Surat,Gujarat,2023-08-11,False
5739, Aisha Khan,aisha.khan935@yahoo.com,+91-7281564239,Male,40.0,Hyderabad,Telangana,2022-09-26,True
7724,Harsh Rao ,harsh.rao591@outlook.com,+91-8785645199,Other,20.0,Surat,Gujarat,2020-03-19,True
6726,SNEHA KULKARNI,sneha.kulkarni347@outlook.com,+91-8834023419,Other,62.0,Mumbai,Maharashtra,2025-12-16,False
7729,Gaurav Bose,,+91-9967169873,,20.0,Ahmedabad,Gujarat,2023-12-26,False
7107, Kunal Malhotra ,kunal.malhotra@yahoo.com,+91-7648409803,,32.0,Patna,Bihar,2022-02-25,False
5985, Simran Joshi,simran.joshi@outlook.com,+91-8424306891,Other,50.0,Ranchi,Jharkhand,2025-08-19,False
5817,Aditya Singh,aditya.singh@yahoo.com,+91-7219417037,Other,46.0,Nashik,Maharashtra,2024-01-01,False
5892, Yash Kulkarni ,yash.kulkarni@gmail.com,+91-8188370151,Male,29.0,Bangalore,Karnataka,2026-06-21,False
7528,Gaurav Kulkarni,gaurav.kulkarni173@gmail.com,+91-7267165645,Other,22.0,Chennai,Tamil Nadu,2024-03-18,False
5630,Swati Das,swati.das180@gmail.com,+91-8710938376,Other,52.0,Pune,Maharashtra,2019-10-04,False
7431, Suresh Chopra ,suresh.chopra705@gmail.com,,Female,59.0,Lucknow,Uttar Pradesh,2020-05-08,True
5955, Karan Das ,karan.dasgmail.com,+91-7777405964,Other,38.0,Kolkata,West Bengal,2021-07-10,False
5770, Priya Mehta ,priya.mehta141@outlook.com,+91-9804154126,,39.0,Jaipur,Rajasthan,2025-01-30,False
5216,Deepak Rao ,,+91-9426359354,,35.0,Lucknow,Uttar Pradesh,2022-08-18,False
6316,nisha verma,nisha.verma@yahoo.com,,,26.0,Bangalore,Karnataka,2022-08-06,False
7791,Pooja Khan,pooja.khan@yahoo.com,+91-7365204292,Other,36.0,Kolkata,West Bengal,2026-07-28,False
7910, MANISH IYER ,manish.iyer428@outlook.com,+91-7775995322,Male,35.0,Jaipur,Rajasthan,2025-02-24,False
5292, Kavya Kulkarni ,kavya.kulkarni535@yahoo.com,+91-8792662435,Male,39.0,Chennai,Tamil Nadu,2024-05-15,False
7053,Divya Sharma ,divya.sharma102@yahoo.com,+91-9647663926,Male,29.0,Bhopal,Madhya Pradesh,2024-09-13,False
7524, Nisha Nair,nisha.nair@outlook.com,+91-7764978568,,61.0,Nagpur,Maharashtra,2026-04-10,False
7836, DIVYA VERMA ,divya.verma570@yahoo.com,+91-7570731286,Female,54.0,Coimbatore,Tamil Nadu,2025-01-26,False
6952,Yash Chopra,yash.chopra27@outlook.com,+91-9876698433,,,Ranchi,Jharkhand,2023-02-14,False
5227,Divya Verma,divya.verma@gmail.com,+91-7518626702,Male,31.0,Pune,Maharashtra,2019-12-12,False
5542,Aditya Joshi ,aditya.joshi@outlook.com,+91-8599854553,Female,23.0,Surat,Gujarat,2020-02-04,False
7199,POOJA RAO,pooja.rao@yahoo.com,+91-8780927385,Female,49.0,Mumbai,Maharashtra,2019-03-16,False
7116, Preeti Nair,preeti.nair@outlook.com,+91-9892036884,Male,49.0,Indore,Madhya Pradesh,2021-12-04,False
6578,ROHAN SINGH,rohan.singh954@outlook.com,,Female,20.0,Jaipur,Rajasthan,2024-08-23,False
6888, Sneha Mehta ,sneha.mehta841@yahoo.com,+91-9339493117,Male,62.0,Delhi,Delhi,2023-09-28,False
5217,Arjun Pillai,arjun.pillai445@outlook.com,+91-7588400484,Female,49.0,Chennai,Tamil Nadu,2019-10-22,False
5720, swati gupta,swati.gupta@gmail.com,+91-7421514296,Female,31.0,Coimbatore,Tamil Nadu,2022-05-27,True
5875,Aisha Nair ,aisha.nair925@outlook.com,+91-9805011430,Male,40.0,Delhi,Delhi,2025-10-04,False
5352,Nisha Mehta,nisha.mehtagmail.com,+91-7510678516,Female,41.0,Bangalore,Karnataka,2026-01-17,False
7492,Aditya Patil,aditya.patil@gmail.com,+91-8263703844,Female,28.0,Patna,Bihar,2021-09-28,True
6655,simran pillai,simran.pillai862@gmail.com,+91-9921014941,Male,32.0,Hyderabad,Telangana,2020-01-27,False
5174,Meera Pillai ,meera.pillai@yahoo.com,+91-7775248681,Other,65.0,Kolkata,West Bengal,2021-04-10,False
7965,Manish Shah,manish.shah@gmail.com,+91-7741402546,Other,47.0,Jaipur,Rajasthan,2019-02-08,False
6292, Vikram Verma,vikram.verma@outlook.com,+91-9634114428,Other,20.0,Chennai,Tamil Nadu,2021-06-05,False
7161,aisha gupta,aisha.gupta198@outlook.com,+91-9308825930,Male,59.0,Ranchi,Jharkhand,2024-07-21,False
7537, Shreya Iyer ,shreya.iyer@yahoo.com,+91-8983878929,Male,51.0,Lucknow,Uttar Pradesh,2019-10-25,False
6349,neha singh,neha.singh@gmail.com,+91-9282266517,,64.0,Nagpur,Maharashtra,2019-11-11,True
6709,Aditya Khan,aditya.khan882@outlook.com,+91-7314753269,Male,55.0,Bangalore,Karnataka,2023-06-06,False
5322,KUNAL DAS,kunal.das767@yahoo.com,+91-8656822811,Female,58.0,Hyderabad,Telangana,2023-09-26,False
5324,Gaurav Kumar ,gaurav.kumar@gmail.com,+91-7653876384,,65.0,Pune,Maharashtra,2022-12-08,False
5270, MANISH KUMAR,manish.kumar@outlook.com,+91-9538884789,,22.0,Chennai,Tamil Nadu,2020-08-04,False
5858,Ankita Malhotra ,ankita.malhotra@yahoo.com,+91-9855737668,Female,62.0,Ranchi,Jharkhand,2021-08-31,False
7313,Sneha Chopra,sneha.chopra@outlook.com,+91-7489128728,,60.0,Chandigarh,Chandigarh,2025-08-12,False
5754, Kavya Kumar,kavya.kumar@gmail.com,+91-7604177197,Male,25.0,Nagpur,Maharashtra,2026-04-25,False
6190, nikhil malhotra ,nikhil.malhotra@gmail.com,+91-8299142466,Female,50.0,Surat,Gujarat,2025-06-02,False
5427, Meera Singh,meera.singh768@outlook.com,+91-9410115822,Male,60.0,Surat,Gujarat,2022-11-08,False
5004,Manish Joshi,manish.joshi460@yahoo.com,+91-7314395342,Other,44.0,Kolkata,West Bengal,2020-04-28,True
6897, Deepak Iyer,deepak.iyer807@gmail.com,+91-8448021844,,56.0,Bhopal,Madhya Pradesh,2025-02-20,False
7826,Manish Reddy,manish.reddy@outlook.com,+91-9665463554,,36.0,Delhi,Delhi,2020-07-01,True
7531,Isha Iyer,isha.iyer@outlook.com,+91-8389076971,Female,18.0,Nagpur,Maharashtra,2019-03-03,False
7867,PALLAVI SHARMA,pallavi.sharma@yahoo.com,+91-8133659668,Other,65.0,Nashik,Maharashtra,2024-01-01,False
5565, Arjun Chopra ,arjun.chopra@outlook.com,+91-7264190148,Male,62.0,Hyderabad,Telangana,2024-02-28,False
6901, Suresh Patil,suresh.patil784@outlook.com,+91-7534524278,,33.0,Mumbai,Maharashtra,2021-02-17,True
6090, Mohit Chopra,mohit.chopra@gmail.com,+91-7174404831,Other,52.0,Bangalore,Karnataka,2022-03-19,False
6982,Pooja Shah ,pooja.shah570@gmail.com,+91-7691016545,,30.0,Hyderabad,Telangana,2024-11-30,False
5357,Sneha Gupta ,sneha.gupta191@yahoo.com,+91-8596723818,Male,39.0,Indore,Madhya Pradesh,2020-04-12,False
6698,Tarun Mehta,tarun.mehta262@outlook.com,+91-9348513613,Female,59.0,Indore,Madhya Pradesh,2024-04-19,False
6013,Shreya Singh,shreya.singh@yahoo.com,+91-8524059429,Male,53.0,Nashik,Maharashtra,2019-07-11,False
7780,Priya Kumar,priya.kumar@yahoo.com,+91-8654748230,Male,38.0,Chennai,Tamil Nadu,2025-12-25,False
6042,Meera Kumar,meera.kumar@gmail.com,+91-7808595996,Other,47.0,Bangalore,Karnataka,2021-01-19,False
7451,Anjali Malhotra,anjali.malhotra@outlook.com,+91-7307409897,Other,42.0,Nashik,Maharashtra,2023-05-03,False
7593,kunal kulkarni,kunal.kulkarni87@outlook.com,+91-7831544791,Female,35.0,Nagpur,Maharashtra,2022-12-12,True
6808,Meera Shah,meera.shah@yahoo.com,+91-8018265864,,51.0,Delhi,Delhi,2019-11-13,False
7380, ANKITA MALHOTRA ,ankita.malhotra@gmail.com,+91-9068050817,Other,27.0,Patna,Bihar,2026-04-25,False
6231,Priya Chopra,priya.chopra@gmail.com,+91-9417069668,,56.0,Delhi,Delhi,2021-02-22,False
5474,Divya Singh ,divya.singh@yahoo.com,+91-7676473987,Male,46.0,Lucknow,Uttar Pradesh,2022-08-20,False
5247, manish bose ,manish.bose722@outlook.com,+91-8181448278,Other,56.0,Ahmedabad,Gujarat,2019-10-03,False
5201,Arjun Kulkarni,arjun.kulkarni@gmail.com,+91-8752872395,Male,,Indore,Madhya Pradesh,2025-03-29,False
7730, Isha Nair ,isha.nair@yahoo.com,+91-9408491685,,60.0,Ranchi,Jharkhand,2022-10-01,False
7866, Preeti Mehta ,preeti.mehta429@yahoo.com,+91-8739325390,Other,34.0,Chennai,Tamil Nadu,2025-01-21,True
6476,Shreya Kumar,shreya.kumar712@gmail.com,+91-7659700963,Other,54.0,Kolkata,West Bengal,2022-05-17,False
5181,Tarun Shah ,tarun.shah@outlook.com,+91-8550193151,Female,31.0,Surat,Gujarat,2022-09-10,False
7113, pooja verma,pooja.verma@gmail.com,+91-7304085045,Other,63.0,Chennai,Tamil Nadu,2021-01-10,False
5350,Gaurav Kulkarni,gaurav.kulkarni688@gmail.com,,Other,23.0,Jaipur,Rajasthan,2019-06-23,False
6678,Neha Verma,neha.verma@gmail.com,+91-9145909106,Female,18.0,Patna,Bihar,2021-05-13,False
5930, Harsh Sharma ,harsh.sharma780@yahoo.com,+91-9311427000,Male,,Indore,Madhya Pradesh,2021-03-17,True
6704,Harsh Joshi ,harsh.joshi@outlook.com,+91-7336689919,,46.0,Ahmedabad,Gujarat,2024-05-26,False
6661, SIMRAN KUMAR ,simran.kumar@gmail.com,+91-8638102787,,39.0,Mumbai,Maharashtra,2021-01-07,False
6991, Neha Pillai ,neha.pillai538@yahoo.com,+91-8619887208,Other,62.0,Patna,Bihar,2024-09-10,True
6600, yash mehta,yash.mehta@gmail.com,+91-8059711459,Male,46.0,Kochi,Kerala,2023-11-03,False
7902,rohan iyer,rohan.iyergmail.com,+91-9113801565,Male,18.0,Ranchi,Jharkhand,2024-03-03,False
7702,Radha Kulkarni,radha.kulkarnigmail.com,+91-7935157039,,33.0,Kochi,Kerala,2024-12-05,False
7329,Tarun Nair,tarun.nair848@gmail.com,+91-8699386618,Female,60.0,Nashik,Maharashtra,2021-08-26,False
6396,Aditya Shah,aditya.shah@gmail.com,+91-9136413266,,59.0,Bhopal,Madhya Pradesh,2024-01-18,False
7095,Meera Reddy,meera.reddy746@yahoo.com,+91-9577304780,Male,46.0,Jaipur,Rajasthan,2024-05-29,False
6614,Aditya Joshi,aditya.joshi619@yahoo.com,+91-7002075811,Female,45.0,Jaipur,Rajasthan,2023-10-23,False
6424, Rahul Nair,rahul.nair397@outlook.com,+91-9705860547,Other,65.0,Kolkata,West Bengal,2026-02-11,False
5345, SURESH PATIL,suresh.patil@outlook.com,+91-8737009733,Other,60.0,Mumbai,Maharashtra,2020-11-19,False
6423,Sanjay Gupta,sanjay.gupta@gmail.com,+91-9488459311,Male,24.0,Nagpur,Maharashtra,2019-09-20,False
7332,SURESH KHAN,suresh.khan@outlook.com,+91-7764765307,Other,31.0,Pune,Maharashtra,2023-10-06,False
5731,Varun Kulkarni,varun.kulkarni738@gmail.com,+91-7970850156,Female,39.0,Chandigarh,Chandigarh,2021-07-17,False
6117,Radha Kulkarni,radha.kulkarni@yahoo.com,+91-8713779621,,64.0,Kolkata,West Bengal,2019-11-18,True
7988,Kunal Das,kunal.das524@gmail.com,+91-9456848774,Male,28.0,Jaipur,Rajasthan,2020-06-06,False
5588,Deepak Joshi,deepak.joshi@yahoo.com,+91-7055598160,,47.0,Patna,Bihar,2024-07-05,False
6420, yash kulkarni ,yash.kulkarni@outlook.com,+91-9087265672,Male,58.0,Lucknow,Uttar Pradesh,2022-01-17,False
6382, NISHA NAIR ,nisha.nair@yahoo.com,+91-8564001862,Other,61.0,Patna,Bihar,2024-09-07,False
5177, Ankita Khan ,ankita.khan@yahoo.com,+91-7376691592,Other,54.0,Surat,Gujarat,2025-12-19,True
5455,Meera Sharma,meera.sharma@gmail.com,+91-7678213115,Other,27.0,Kochi,Kerala,2023-08-01,False
5373,Nisha Rao,nisha.rao@yahoo.com,+91-9729924790,Female,36.0,Bhopal,Madhya Pradesh,2020-05-11,False
7594,Tarun Kumar,tarun.kumar@yahoo.com,+91-8102010049,,43.0,Mumbai,Maharashtra,2019-01-31,False
7797, RITU GUPTA ,,+91-8049505232,Female,57.0,Surat,Gujarat,2022-10-21,False
5548, Rajesh Das ,rajesh.das199@yahoo.com,,,40.0,Mumbai,Maharashtra,2020-05-22,True
7174, Tarun Reddy ,tarun.reddy798@gmail.com,+91-7450277460,Other,19.0,Chandigarh,Chandigarh,2022-01-04,True
7452,rohan chopra ,rohan.chopra@gmail.com,+91-9184231353,Male,40.0,Bangalore,Karnataka,2020-01-01,False
7423,Neha Iyer,neha.iyer@yahoo.com,+91-9107479811,Other,24.0,Patna,Bihar,2019-10-10,True
7141, Pooja Kulkarni ,pooja.kulkarni@gmail.com,+91-8562532326,Male,41.0,Kolkata,West Bengal,2022-11-02,False
7944,KAVYA BOSE,kavya.bose974@gmail.com,+91-8578987153,,52.0,Chennai,Tamil Nadu,2020-09-03,False
5601, Meera Joshi,meera.joshi@yahoo.com,+91-7359150755,Other,63.0,Lucknow,Uttar Pradesh,2023-09-06,False
5317,divya verma ,divya.verma@yahoo.com,+91-8683265675,Male,47.0,Jaipur,Rajasthan,2026-03-28,True
7733,Anjali Sharma,anjali.sharma@yahoo.com,+91-7333628066,Female,51.0,Bhopal,Madhya Pradesh,2026-04-05,False
5783, Rahul Sharma ,rahul.sharma@outlook.com,+91-8702131861,Female,52.0,Indore,Madhya Pradesh,2025-05-08,False
7562, Amit Gupta ,amit.gupta@yahoo.com,+91-9959977235,,55.0,Patna,Bihar,2023-12-10,True
7623, Kunal Shah ,kunal.shah@gmail.com,+91-9841472201,Male,40.0,Coimbatore,Tamil Nadu,2025-10-30,True
6255,neha mehta ,neha.mehta387@outlook.com,+91-7461852889,Other,22.0,Bangalore,Karnataka,2023-04-11,False
6756, shreya malhotra ,shreya.malhotra168@yahoo.com,+91-8387467844,Other,32.0,Nagpur,Maharashtra,2023-05-04,True
5593,Pooja Pillai,pooja.pillai350@gmail.com,+91-7259570034,Male,56.0,Lucknow,Uttar Pradesh,2026-06-02,False
7274,Ritu Patil,ritu.patil@yahoo.com,+91-7599566343,Other,33.0,Nashik,Maharashtra,2020-09-11,True
7379,Kavya Joshi,kavya.joshi@outlook.com,+91-8673901578,Other,41.0,Coimbatore,Tamil Nadu,2025-10-18,False
7676,Rahul Sharma,rahul.sharma@yahoo.com,+91-9143663765,Male,34.0,Nagpur,Maharashtra,2026-02-20,False
6817,Meera Nair,meera.nair402@yahoo.com,+91-9330218602,Male,,Indore,Madhya Pradesh,2022-09-17,False
7960,Amit Khan,amit.khan@outlook.com,+91-8184745405,Male,45.0,Kochi,Kerala,2020-09-18,False
6926,Deepak Verma,deepak.verma353@outlook.com,+91-9504775736,,56.0,Delhi,Delhi,2024-02-06,False
6858, Priya Reddy,priya.reddy451@yahoo.com,+91-9375622085,Male,54.0,Delhi,Delhi,2022-03-15,True
6647,Rohan Reddy,rohan.reddy@gmail.com,+91-9780524385,Other,38.0,Nashik,Maharashtra,2021-03-30,True
7254,Gaurav Kulkarni,gaurav.kulkarni@outlook.com,+91-8947568252,,19.0,Indore,Madhya Pradesh,2022-03-13,False
5283,SURESH KULKARNI,suresh.kulkarni@yahoo.com,+91-8660214878,Other,33.0,Ranchi,Jharkhand,2020-07-17,False
5186,Varun Pillai,varun.pillai745@outlook.com,+91-8462295484,Female,55.0,Hyderabad,Telangana,2019-10-29,False
5453, sanjay shah ,sanjay.shah@outlook.com,+91-8155849582,Other,28.0,Ranchi,Jharkhand,2021-10-11,True
6265, Mohit Malhotra ,mohit.malhotra@gmail.com,+91-9280631911,Male,48.0,Bangalore,Karnataka,2026-05-01,True
7655,Simran Iyer,simran.iyer@gmail.com,+91-8094214569,Male,40.0,Pune,Maharashtra,2020-04-22,False
7157, Pooja Pillai,pooja.pillai967@gmail.com,+91-7440683654,,20.0,Patna,Bihar,2023-05-24,False
6662,simran kulkarni,simran.kulkarni@gmail.com,+91-9118330559,Female,49.0,Chandigarh,Chandigarh,2023-03-15,False
7335,Yash Patil,yash.patil572@yahoo.com,+91-9367876055,Female,54.0,Hyderabad,Telangana,2021-05-03,False
6425, Simran Iyer ,simran.iyer@gmail.com,+91-7982511116,,60.0,Nagpur,Maharashtra,2022-10-18,False
6518,Suresh Nair,suresh.nair@yahoo.com,+91-9370275560,Male,26.0,Pune,Maharashtra,2026-05-06,False
7435, pallavi rao,pallavi.rao26@gmail.com,+91-9949545101,Female,20.0,Bangalore,Karnataka,2022-02-11,False
6721, Preeti Rao ,preeti.rao@outlook.com,+91-7002407600,Female,58.0,Patna,Bihar,2025-04-12,False
5696, arjun mehta ,arjun.mehta@gmail.com,+91-8940255717,Other,19.0,Chandigarh,Chandigarh,2022-04-04,False
6032, Pallavi Shah ,pallavi.shahgmail.com,+91-8212097422,Male,62.0,Nagpur,Maharashtra,2023-09-21,False
7984,Bhavna Mehta ,bhavna.mehta@outlook.com,+91-7029161798,Male,65.0,Delhi,Delhi,2022-07-23,True
6107,Aditya Nair,aditya.nair@gmail.com,+91-8199242139,Other,47.0,Chennai,Tamil Nadu,2019-01-20,True
5849,Ankita Mehta,ankita.mehta781@outlook.com,+91-9871998017,Male,42.0,Surat,Gujarat,2023-11-04,False
7330, Kavya Shah,kavya.shah773@outlook.com,+91-8679193008,Other,20.0,Bangalore,Karnataka,2023-05-28,False
6284,Shreya Pillai,shreya.pillai566@gmail.com,+91-7501096887,Female,21.0,Bhopal,Madhya Pradesh,2019-01-20,False
7037,Mohit Sharma,mohit.sharma523@gmail.com,+91-9899933861,Male,39.0,Ranchi,Jharkhand,2025-09-11,False
7393, Ritu Rao ,ritu.rao@yahoo.com,+91-7837810039,Male,59.0,Pune,Maharashtra,2020-01-24,True
6818,varun iyer,varun.iyer157@gmail.com,+91-7393839995,,43.0,Ranchi,Jharkhand,2026-04-07,True
5548, Rajesh Das ,rajesh.das199@yahoo.com,,,40.0,Mumbai,Maharashtra,2020-05-22,True
7314,Aisha Shah ,aisha.shah@outlook.com,+91-9290743383,,35.0,Ranchi,Jharkhand,2025-08-05,False
7140,Ritu Das,ritu.das946@yahoo.com,,Female,41.0,Nagpur,Maharashtra,2022-06-27,False
7937,Divya Chopra,divya.chopra@outlook.com,+91-7176374247,Female,48.0,Ahmedabad,Gujarat,2024-06-01,False
5924,radha verma,radha.verma498@outlook.com,+91-7658004902,Female,32.0,Surat,Gujarat,2022-08-05,False
5607,Pallavi Nair,pallavi.nair@yahoo.com,+91-8546258601,,64.0,Nagpur,Maharashtra,2023-03-12,True
6029, neha nair ,neha.nair26@outlook.com,+91-7698081549,,25.0,Nashik,Maharashtra,2020-11-10,False
6195, Anjali Kumar ,anjali.kumar@outlook.com,+91-7203323433,Other,24.0,Mumbai,Maharashtra,2020-05-04,False
7357, Nikhil Rao,nikhil.rao@outlook.com,+91-8532903626,Female,32.0,Hyderabad,Telangana,2026-02-16,True
5814,Swati Das,swati.das@gmail.com,+91-8794964027,,40.0,Kolkata,West Bengal,2026-05-05,False
6871,Aditya Mehta,aditya.mehta@gmail.com,+91-7182184338,Female,44.0,Lucknow,Uttar Pradesh,2022-10-28,True
6400, SANJAY REDDY,sanjay.reddy459@yahoo.com,+91-7038172353,,23.0,Hyderabad,Telangana,2021-10-23,False
5796,Yash Kulkarni ,yash.kulkarni512@yahoo.com,+91-9532613480,Male,55.0,Kolkata,West Bengal,2023-05-13,False
7787,Nisha Nair,nisha.nair270@gmail.com,+91-7792766245,,65.0,Chennai,Tamil Nadu,2022-09-06,False
6119,KUNAL DAS,kunal.das@yahoo.com,+91-8851223308,Other,58.0,Bhopal,Madhya Pradesh,2022-12-08,True
7530, Deepak Joshi,deepak.joshi@yahoo.com,+91-8470345291,Other,51.0,Hyderabad,Telangana,2020-04-17,False
7813,Manish Kulkarni ,manish.kulkarni325@yahoo.com,+91-7750715297,Male,19.0,Chennai,Tamil Nadu,2024-03-27,True
5511, Deepak Gupta ,deepak.gupta647@outlook.com,,Other,57.0,Bhopal,Madhya Pradesh,2022-05-13,True
7755, MOHIT VERMA ,mohit.verma980@outlook.com,+91-8038141643,,52.0,Ahmedabad,Gujarat,2023-11-08,False
7762,Rahul Chopra,rahul.chopra510@gmail.com,+91-9567793319,Male,33.0,Hyderabad,Telangana,2022-04-25,False
6684,Radha Bose,radha.bose@yahoo.com,+91-8450680280,,65.0,Delhi,Delhi,2024-02-05,False
6093,Tarun Das,tarun.das12@gmail.com,+91-8012976425,,22.0,Ahmedabad,Gujarat,2019-01-20,True
5288,Arjun Das ,arjun.das@yahoo.com,+91-8567264216,Other,58.0,Nagpur,Maharashtra,2020-06-06,True
7740,Sanjay Mehta,sanjay.mehta@outlook.com,,,55.0,Indore,Madhya Pradesh,2021-11-19,False
5961,Tarun Mehta,tarun.mehta@yahoo.com,+91-8467734248,Male,41.0,Surat,Gujarat,2019-03-27,False
5076, Pallavi Joshi ,pallavi.joshi149@outlook.com,+91-8726374509,Other,21.0,Hyderabad,Telangana,2021-12-18,False
7086,Yash Kulkarni,yash.kulkarni@yahoo.com,+91-9999204987,,53.0,Nagpur,Maharashtra,2021-01-19,True
6163,Mohit Shah,mohit.shah@yahoo.com,+91-8477515234,Male,30.0,Nashik,Maharashtra,2024-06-11,False
5100,Arjun Verma,arjun.verma463@yahoo.com,+91-7895676393,Male,28.0,Hyderabad,Telangana,2023-07-07,False
5750,Rahul Kumar,rahul.kumar922@yahoo.com,+91-8850867475,Male,24.0,Lucknow,Uttar Pradesh,2021-05-12,True
7829, Bhavna Gupta,bhavna.gupta@outlook.com,+91-7427723350,Male,24.0,Bhopal,Madhya Pradesh,2025-01-01,True
7084,Nikhil Khan,nikhil.khan@yahoo.com,+91-8923383043,Other,48.0,Bangalore,Karnataka,2019-09-20,False
5306,ROHAN DAS,rohan.das@yahoo.com,+91-7919665831,Male,33.0,Coimbatore,Tamil Nadu,2022-10-26,False
5316, Yash Kumar ,yash.kumar@yahoo.com,+91-9024765086,Female,48.0,Surat,Gujarat,2024-10-24,False
7085,Radha Shah,radha.shah@outlook.com,+91-8449438805,Male,30.0,Chandigarh,Chandigarh,2020-03-22,False
5072, Rahul Rao ,rahul.rao804@yahoo.com,+91-9279430361,,41.0,Lucknow,Uttar Pradesh,2019-07-18,False
5309,Rajesh Singh,rajesh.singh@yahoo.com,+91-7789457211,Other,50.0,Nashik,Maharashtra,2024-11-14,True
7218, Isha Khan ,isha.khan582@outlook.com,+91-8720917717,,57.0,Lucknow,Uttar Pradesh,2021-10-21,True
7383,Tarun Sharma ,tarun.sharma992@gmail.com,+91-9256868559,Female,31.0,Ranchi,Jharkhand,2020-08-04,False
6749,PALLAVI GUPTA,pallavi.gupta422@outlook.com,+91-7595574432,Male,58.0,Indore,Madhya Pradesh,2020-12-09,False
7590, MANISH KUMAR ,manish.kumar@gmail.com,+91-9992627738,Other,20.0,Pune,Maharashtra,2025-03-31,True
6062, Tarun Chopra ,tarun.chopra236@yahoo.com,+91-8771805093,Female,47.0,Kochi,Kerala,2024-07-31,False
7131,Ankita Nair,ankita.nair927@yahoo.com,+91-7251605137,Female,39.0,Jaipur,Rajasthan,2025-09-07,False
6357, Aisha Reddy ,aisha.reddy911@gmail.com,+91-9542723867,Male,22.0,Bangalore,Karnataka,2024-07-16,False
5037,Aditya Singh,aditya.singh470@gmail.com,+91-8930377201,Female,31.0,Delhi,Delhi,2022-01-05,True
7507,Divya Kumar,divya.kumar@gmail.com,+91-9007419487,Female,52.0,Ahmedabad,Gujarat,2019-04-16,False
6206,Rajesh Sharma,rajesh.sharma@gmail.com,+91-7507968937,Other,44.0,Chandigarh,Chandigarh,2022-11-23,False
5982,Neha Singh ,neha.singh267@gmail.com,+91-7405725012,Female,47.0,Ranchi,Jharkhand,2023-05-28,False
5678,Suresh Das ,suresh.das@gmail.com,+91-8580740285,,28.0,Hyderabad,Telangana,2021-12-26,False
5997, Kavya Verma,kavya.verma@yahoo.com,+91-8561043750,Other,18.0,Surat,Gujarat,2019-11-04,False
5826, Ritu Mehta,ritu.mehta388@gmail.com,+91-7347977160,Other,37.0,Coimbatore,Tamil Nadu,2021-08-12,False
5666, Swati Nair,swati.nair@yahoo.com,+91-8176117268,Female,40.0,Kochi,Kerala,2024-09-11,False
5335, Sneha Das,sneha.das@outlook.com,+91-9379560996,Male,39.0,Patna,Bihar,2024-07-30,False
5124,Ankita Joshi,ankita.joshi@gmail.com,,Other,39.0,Hyderabad,Telangana,2025-05-27,False
7479,Preeti Singh ,preeti.singh464@outlook.com,+91-7929560604,Other,18.0,Chennai,Tamil Nadu,2023-05-14,False
7277, NIKHIL PILLAI ,nikhil.pillai992@gmail.com,+91-7539704738,Female,54.0,Nashik,Maharashtra,2025-06-14,True
7649,Varun Iyer,varun.iyer@yahoo.com,+91-8149089285,Female,27.0,Chennai,Tamil Nadu,2022-04-10,False
7073,Manish Malhotra,manish.malhotra@yahoo.com,+91-9830019184,Male,48.0,Hyderabad,Telangana,2024-05-23,True
5366,Nisha Mehta,nisha.mehta@outlook.com,+91-9648226473,Female,35.0,Lucknow,Uttar Pradesh,2020-03-31,False
5285, Sanjay Iyer ,sanjay.iyer772@gmail.com,+91-8804258824,Male,42.0,Pune,Maharashtra,2019-10-28,False
6421,KUNAL PILLAI,kunal.pillai@yahoo.com,+91-8770213601,Male,45.0,Pune,Maharashtra,2020-10-13,False
5488,Shreya Mehta ,shreya.mehta609@yahoo.com,+91-9793319875,Female,48.0,Pune,Maharashtra,2021-08-13,False
7000, isha khan ,isha.khan581@yahoo.com,+91-8955208099,Female,59.0,Chandigarh,Chandigarh,2020-09-02,False
6625,Simran Khan,simran.khan329@outlook.com,+91-8858774552,,46.0,Patna,Bihar,2026-02-15,False
6626, Ankita Singh ,ankita.singh@yahoo.com,,Male,28.0,Indore,Madhya Pradesh,2021-09-30,False
5134, Ankita Khan,ankita.khan@yahoo.com,+91-9409823344,Other,51.0,Chandigarh,Chandigarh,2019-08-08,False
6488,HARSH BOSE,harsh.bose@gmail.com,,Other,64.0,Nashik,Maharashtra,2022-11-19,False
7064, Ritu Pillai,ritu.pillai@outlook.com,+91-7807755295,Male,31.0,Chennai,Tamil Nadu,2021-05-27,False
5958,Harsh Nair,harsh.nair@yahoo.com,+91-8321482158,Female,65.0,Lucknow,Uttar Pradesh,2026-02-18,False
7223,Gaurav Reddy,gaurav.reddy@yahoo.com,+91-7390968889,,33.0,Hyderabad,Telangana,2022-08-26,False
7877,Anjali Kulkarni,anjali.kulkarni577@yahoo.com,+91-8724892929,,33.0,Nagpur,Maharashtra,2024-02-09,False
7628,Bhavna Khan ,bhavna.khan@yahoo.com,+91-9674849828,Female,56.0,Patna,Bihar,2025-01-01,False
6642,Anjali Sharma,anjali.sharma@yahoo.com,+91-9441614797,Female,60.0,Lucknow,Uttar Pradesh,2020-02-24,False
6126, Kavya Rao ,kavya.rao790@outlook.com,+91-8902041140,,37.0,Chennai,Tamil Nadu,2020-10-24,False
6945,Harsh Rao,harsh.rao138@outlook.com,+91-7586060167,,36.0,Chennai,Tamil Nadu,2023-11-16,True
7324,Meera Kumar,meera.kumar@outlook.com,,Female,33.0,Chennai,Tamil Nadu,2021-06-29,False
7234,Ritu Verma,ritu.verma@yahoo.com,+91-8571274124,Male,48.0,Surat,Gujarat,2022-01-16,False
6688,Anjali Shah,anjali.shah191@yahoo.com,+91-8949809582,Other,58.0,Delhi,Delhi,2021-04-01,False
5954, Manish Khan ,manish.khan381@gmail.com,+91-7387759570,Female,53.0,Ranchi,Jharkhand,2024-03-14,True
5118,Arjun Pillai ,arjun.pillai@outlook.com,+91-7562227584,Female,39.0,Indore,Madhya Pradesh,2021-11-06,False
5392, Mohit Iyer ,mohit.iyer683@outlook.com,+91-9792650646,,60.0,Ahmedabad,Gujarat,2022-03-16,True
7437, Mohit Sharma,mohit.sharma@yahoo.com,+91-8410378346,Other,25.0,Kochi,Kerala,2024-05-12,False
6405,Sanjay Mehta ,sanjay.mehta@outlook.com,+91-8689125414,,33.0,Indore,Madhya Pradesh,2024-03-22,True
5599,Deepak Pillai,deepak.pillai@yahoo.com,+91-8159450373,,43.0,Pune,Maharashtra,2022-03-17,True
5492, suresh rao,suresh.rao678@gmail.com,+91-7273833109,Male,19.0,Bhopal,Madhya Pradesh,2025-08-20,False
5615,Aisha Sharma,aisha.sharma269@outlook.com,+91-8549648214,Male,42.0,Mumbai,Maharashtra,2021-02-17,False
5918,AISHA PILLAI,aisha.pillai@outlook.com,+91-8412640558,Male,51.0,Bhopal,Madhya Pradesh,2021-06-26,False
6266, Priya Mehta,priya.mehta@gmail.com,+91-7809595553,,22.0,Mumbai,Maharashtra,2020-09-28,False
7510,MANISH CHOPRA,manish.chopra@gmail.com,+91-8339006269,Male,22.0,Nagpur,Maharashtra,2020-11-07,False
5167, Deepak Pillai,deepak.pillai@gmail.com,+91-7390703235,Other,58.0,Patna,Bihar,2026-03-24,False
6902, Aisha Nair,aisha.nair@gmail.com,+91-9225657774,Male,46.0,Mumbai,Maharashtra,2023-10-18,False
5841, Gaurav Gupta,gaurav.gupta@gmail.com,+91-8251554048,Other,34.0,Nagpur,Maharashtra,2020-06-10,False
5273,Pooja Verma,pooja.verma47@gmail.com,+91-7245832823,Female,59.0,Nashik,Maharashtra,2023-04-18,True
6395,Kunal Khan,kunal.khan@yahoo.com,+91-9283804637,,24.0,Coimbatore,Tamil Nadu,2023-04-15,True
7459,Nisha Nair,nisha.nair@yahoo.com,+91-7356971024,Female,50.0,Pune,Maharashtra,2019-02-25,False
5540, Sneha Mehta,sneha.mehta@yahoo.com,+91-8856471675,Male,57.0,Ranchi,Jharkhand,2026-05-05,False
7888, Radha Das ,radha.das@gmail.com,+91-7927982883,Female,48.0,Bhopal,Madhya Pradesh,2020-10-02,False
7110, NIKHIL PILLAI ,nikhil.pillai@yahoo.com,+91-9847539389,Other,49.0,Patna,Bihar,2024-03-24,False
7462, Meera Bose,meera.bose@yahoo.com,+91-7035624484,,43.0,Bangalore,Karnataka,2024-06-11,False
5046, Harsh Sharma ,harsh.sharma@gmail.com,+91-7961215465,Male,51.0,Kolkata,West Bengal,2020-09-24,False
6734,Amit Malhotra,amit.malhotra@outlook.com,+91-7730367834,Male,62.0,Patna,Bihar,2022-10-09,False
6128,Arjun Kulkarni ,arjun.kulkarni780@gmail.com,+91-7999617273,Other,59.0,Hyderabad,Telangana,2020-11-30,False
5062,Arjun Sharma,arjun.sharma815@yahoo.com,+91-7271747213,Female,43.0,Ranchi,Jharkhand,2023-07-30,False
5780,SWATI PILLAI ,swati.pillai238@outlook.com,+91-8639074386,Other,53.0,Surat,Gujarat,2023-06-27,False
5689, Aditya Pillai,aditya.pillai896@yahoo.com,+91-7310828380,Male,37.0,Indore,Madhya Pradesh,2025-05-24,False
7342,Simran Das,simran.das@outlook.com,+91-9563856958,Male,62.0,Bhopal,Madhya Pradesh,2026-05-16,True
7493,Neha Iyer,neha.iyer@yahoo.com,+91-9925986857,Female,60.0,Chennai,Tamil Nadu,2022-10-01,True
6137,Shreya Iyer,shreya.iyer@gmail.com,+91-9275547949,Female,35.0,Nashik,Maharashtra,2021-08-18,False
7743, Anjali Mehta,anjali.mehta590@yahoo.com,+91-8540619435,Female,54.0,Lucknow,Uttar Pradesh,2021-06-27,False
6270,Aditya Shah ,aditya.shah@yahoo.com,+91-9398645705,,43.0,Chennai,Tamil Nadu,2020-06-11,False
7067, Vikram Kumar,vikram.kumar249@yahoo.com,+91-7724579961,Other,27.0,Chennai,Tamil Nadu,2021-07-23,False
7870,Arjun Rao,arjun.rao@outlook.com,+91-8387605809,Male,54.0,Chandigarh,Chandigarh,2022-07-08,False
7741,Rahul Das,rahul.das@gmail.com,+91-8313598254,Other,42.0,Ahmedabad,Gujarat,2024-12-03,False
7172, Suresh Joshi ,suresh.joshi893@gmail.com,+91-9719869279,,33.0,Bangalore,Karnataka,2026-02-25,True
5579,nikhil pillai,nikhil.pillai42@gmail.com,+91-8599634295,Male,29.0,Jaipur,Rajasthan,2019-07-16,False
5778, Pooja Bose,pooja.bose@outlook.com,+91-9095294026,,51.0,Bhopal,Madhya Pradesh,2023-12-06,False
5293, KAVYA VERMA ,kavya.verma@yahoo.com,+91-9112228106,Male,56.0,Indore,Madhya Pradesh,2020-07-31,False
5460, Gaurav Patil ,gaurav.patil@outlook.com,+91-8070245911,Male,61.0,Coimbatore,Tamil Nadu,2020-02-26,False
5035,Pallavi Gupta,pallavi.gupta@yahoo.com,+91-8643084753,Male,61.0,Chennai,Tamil Nadu,2019-11-11,False
6078,Nikhil Rao ,nikhil.rao540@yahoo.com,+91-8376833332,Female,28.0,Coimbatore,Tamil Nadu,2023-01-21,False
5543,Aditya Rao ,aditya.rao@gmail.com,+91-8297762286,Female,18.0,Lucknow,Uttar Pradesh,2024-07-31,False
6951,Pallavi Verma,pallavi.verma@yahoo.com,+91-7625003944,Other,35.0,Patna,Bihar,2022-06-13,False
5998,Karan Rao,karan.rao937@gmail.com,+91-9989388220,Male,19.0,Coimbatore,Tamil Nadu,2025-05-04,False
5257,Priya Chopra,priya.chopra574@yahoo.com,+91-9746491082,Other,33.0,Delhi,Delhi,2021-04-22,False
5371,Preeti Chopra ,preeti.chopra@outlook.com,+91-9985138068,Female,20.0,Nagpur,Maharashtra,2022-06-05,False
5081,Swati Das ,swati.das@outlook.com,+91-7910387492,Female,55.0,Pune,Maharashtra,2023-05-23,True
6581, Amit Sharma ,amit.sharma@outlook.com,+91-7151140771,Female,59.0,Hyderabad,Telangana,2021-03-06,False
5497,HARSH SHAH,harsh.shah@gmail.com,+91-8655134621,Male,46.0,Hyderabad,Telangana,2020-06-19,False
5729, Gaurav Shah ,gaurav.shah@outlook.com,+91-7747631664,Male,50.0,Lucknow,Uttar Pradesh,2023-08-04,False
6022,Pooja Bose,pooja.bose@outlook.com,+91-9592374566,Male,31.0,Bangalore,Karnataka,2026-03-15,False
6806,Varun Singh ,varun.singh32@yahoo.com,+91-7154987497,Male,58.0,Kochi,Kerala,2019-11-20,False
5446,Shreya Verma ,shreya.verma@gmail.com,+91-9603001856,Female,34.0,Kolkata,West Bengal,2019-03-19,False
6740, ANKITA JOSHI,ankita.joshi@yahoo.com,+91-8260811387,Male,43.0,Hyderabad,Telangana,2019-04-23,False
7173,Neha Bose,neha.bose403@yahoo.com,+91-9856338557,Male,41.0,Delhi,Delhi,2020-02-17,True
7693,PREETI REDDY,,+91-8736357634,Other,46.0,Indore,Madhya Pradesh,2023-05-28,False
7977,Simran Nair,simran.nair@gmail.com,+91-7056141227,Other,49.0,Chennai,Tamil Nadu,2020-07-09,False
5517,Yash Das ,yash.das855@outlook.com,+91-7614519187,Other,38.0,Lucknow,Uttar Pradesh,2024-07-10,False
6562,Pallavi Chopra,pallavi.chopra@gmail.com,+91-9379076102,Other,18.0,Coimbatore,Tamil Nadu,2020-08-09,True
7961,Isha Kumar,isha.kumar916@yahoo.com,+91-8989251361,Other,,Delhi,Delhi,2022-08-11,False
6009, deepak khan,deepak.khan@gmail.com,+91-8917854189,Other,41.0,Kolkata,West Bengal,2023-12-07,False
6883, Ankita Rao,ankita.rao@outlook.com,+91-7629705941,Male,60.0,Jaipur,Rajasthan,2019-10-30,False
5433, Arjun Khan ,arjun.khan@gmail.com,+91-8977603540,Female,24.0,Chennai,Tamil Nadu,2021-07-07,True
7962,aisha malhotra,aisha.malhotra@yahoo.com,+91-7179918624,Female,39.0,Chandigarh,Chandigarh,2023-03-01,False
5276, Manish Nair ,manish.nair@yahoo.com,+91-9059525132,Male,45.0,Surat,Gujarat,2020-12-12,True
6047,MOHIT KHAN,mohit.khan330@yahoo.com,+91-8876561153,Male,58.0,Chennai,Tamil Nadu,2022-08-10,True
6768,varun reddy,varun.reddy921@gmail.com,+91-9656369602,,52.0,Delhi,Delhi,2023-11-24,False
5282,Arjun Shah,arjun.shah@gmail.com,+91-8382050397,Male,29.0,Kochi,Kerala,2019-05-11,False
6935,Amit Shah,amit.shah@yahoo.com,+91-9697311535,,50.0,Patna,Bihar,2025-05-26,True
6573,arjun reddy,arjun.reddy@gmail.com,+91-7852881476,Female,41.0,Delhi,Delhi,2026-07-21,False
5646,Aisha Iyer,aisha.iyer440@yahoo.com,+91-9167241294,Male,29.0,Surat,Gujarat,2021-01-19,False
7952,Rohan Patil ,rohan.patil473@outlook.com,+91-7764807285,Male,18.0,Kochi,Kerala,2023-05-31,False
7549,Rahul Chopra ,rahul.chopra@gmail.com,+91-8447722422,Other,57.0,Pune,Maharashtra,2019-12-16,False
7622, Arjun Bose,arjun.bose@gmail.com,+91-8654957226,,47.0,Chennai,Tamil Nadu,2024-04-01,False
7246,Preeti Mehta,preeti.mehta@outlook.com,+91-8432210798,Female,43.0,Kolkata,West Bengal,2025-08-12,False
6212,Aditya Singh,aditya.singh159@yahoo.com,+91-9683144917,Other,64.0,Indore,Madhya Pradesh,2020-03-28,False
5039, Simran Reddy,simran.reddy333@yahoo.com,+91-7515573652,Other,65.0,Lucknow,Uttar Pradesh,2021-03-12,True
5336,Sneha Mehta ,sneha.mehta30@yahoo.com,+91-7532547752,Other,58.0,Nashik,Maharashtra,2022-03-10,False
6156,Nisha Shah,nisha.shah@outlook.com,+91-7653454457,Other,55.0,Lucknow,Uttar Pradesh,2023-09-15,False
5541,Manish Chopra,manish.chopra138@yahoo.com,+91-9910358934,Male,19.0,Mumbai,Maharashtra,2023-08-08,False
5943,Gaurav Joshi,gaurav.joshi@outlook.com,+91-8299953478,,24.0,Pune,Maharashtra,2021-01-07,False
5383,Ritu Nair,ritu.nair959@yahoo.com,,,57.0,Delhi,Delhi,2023-02-19,False
7414, Tarun Malhotra,tarun.malhotragmail.com,+91-9948925256,Female,31.0,Jaipur,Rajasthan,2019-11-26,False
5885,RAJESH KULKARNI,rajesh.kulkarni@gmail.com,+91-8839096479,Male,41.0,Hyderabad,Telangana,2022-01-08,False
5240,Swati Malhotra,swati.malhotra@yahoo.com,+91-9286601865,Male,30.0,Indore,Madhya Pradesh,2022-11-23,True
7478,RADHA CHOPRA,radha.chopra@outlook.com,+91-8141783511,,30.0,Ranchi,Jharkhand,2021-09-13,False
6719,Nikhil Reddy,nikhil.reddygmail.com,+91-7821573163,Male,56.0,Ahmedabad,Gujarat,2023-07-10,False
6530,Arjun Kumar,arjun.kumar601@gmail.com,+91-8535322611,Female,52.0,Patna,Bihar,2021-01-14,False
6175, divya chopra,divya.chopra@gmail.com,+91-9963886055,Other,49.0,Indore,Madhya Pradesh,2026-07-07,False
6979,Mohit Reddy,mohit.reddy@yahoo.com,+91-7668525919,Male,33.0,Bangalore,Karnataka,2025-03-29,False
7759,Priya Pillai,priya.pillai@gmail.com,+91-9977426644,Female,49.0,Mumbai,Maharashtra,2023-03-10,True
7235,Mohit Shah,mohit.shahgmail.com,+91-8905963048,Female,23.0,Kolkata,West Bengal,2022-11-16,False
7040, Simran Chopra ,simran.chopra@yahoo.com,+91-9313552582,Male,19.0,Chandigarh,Chandigarh,2025-01-11,False
6800,Shreya Patil,shreya.patil@gmail.com,+91-9566132902,Female,25.0,Mumbai,Maharashtra,2025-05-15,False
6323, Deepak Rao,deepak.rao800@gmail.com,+91-7021566579,,48.0,Surat,Gujarat,2023-03-14,False
7005,Ritu Chopra,ritu.chopra@outlook.com,+91-8242313823,Female,18.0,Ranchi,Jharkhand,2021-03-16,False
5243,pallavi das,pallavi.das@outlook.com,+91-9706665756,Male,46.0,Ahmedabad,Gujarat,2020-05-11,False
7391,Yash Kumar,yash.kumar@outlook.com,+91-8312220676,Female,29.0,Kolkata,West Bengal,2023-02-05,True
5569, ritu gupta,ritu.gupta291@yahoo.com,+91-7622068438,Female,59.0,Pune,Maharashtra,2025-12-07,False
7216,Divya Bose,divya.bose@yahoo.com,+91-7874672899,Male,50.0,Delhi,Delhi,2025-11-17,False
5218,Ritu Rao,ritu.rao@gmail.com,+91-7216083174,,60.0,Chennai,Tamil Nadu,2023-08-26,False
5649,Aditya Singh,aditya.singh276@outlook.com,+91-9060319910,Female,61.0,Delhi,Delhi,2023-10-18,False
6987,Gaurav Shah ,gaurav.shahgmail.com,+91-8383055977,Male,47.0,Ranchi,Jharkhand,2019-05-16,False
6522,Aditya Gupta ,aditya.gupta28@gmail.com,+91-8611010811,,28.0,Surat,Gujarat,2022-03-27,False
6188, karan nair ,karan.nair210@gmail.com,+91-8578365197,Other,62.0,Bangalore,Karnataka,2022-01-06,True
6724, Aditya Bose,aditya.bose@yahoo.com,+91-8121230744,Other,55.0,Delhi,Delhi,2019-11-03,True
5757, rajesh khan ,rajesh.khan730@gmail.com,+91-7164726403,Other,57.0,Mumbai,Maharashtra,2021-01-01,True
5146,priya joshi ,priya.joshi916@yahoo.com,+91-9185624476,Female,28.0,Kochi,Kerala,2023-09-20,False
5289,Nisha Mehta,nisha.mehta@outlook.com,+91-8482209776,Male,29.0,Patna,Bihar,2023-11-26,False
7896,tarun das,tarun.das@outlook.com,+91-9919369367,Male,43.0,Ranchi,Jharkhand,2019-01-25,False
5560,RAJESH KHAN,rajesh.khan@yahoo.com,+91-7564155197,Other,61.0,Patna,Bihar,2025-01-12,False
5059, Sneha Nair,sneha.nair252@gmail.com,+91-9483696951,Female,22.0,Indore,Madhya Pradesh,2021-02-10,False
7036,Radha Sharma,radha.sharma@gmail.com,+91-8406170963,Male,48.0,Kolkata,West Bengal,2024-09-28,False
7361,Kunal Khan ,kunal.khan225@outlook.com,+91-7010083164,Female,45.0,Patna,Bihar,2023-02-08,False
5221,Anjali Singh,anjali.singh357@gmail.com,+91-9132667857,Other,49.0,Kolkata,West Bengal,2020-01-16,False
5232, Divya Kulkarni ,divya.kulkarni@outlook.com,+91-9850197487,Other,61.0,Patna,Bihar,2023-06-06,False
5926, Gaurav Iyer,gaurav.iyer@gmail.com,+91-9952184251,Male,52.0,Chandigarh,Chandigarh,2025-11-28,True
7607,Divya Malhotra,divya.malhotra448@gmail.com,+91-9455578752,Male,33.0,Pune,Maharashtra,2026-05-18,False
5147, Pooja Iyer ,pooja.iyer@outlook.com,,Male,18.0,Bhopal,Madhya Pradesh,2023-08-13,False
6162,Arjun Singh,arjun.singh@yahoo.com,+91-7483702611,,39.0,Patna,Bihar,2024-12-21,False
7077,Ankita Patil ,ankita.patil270@yahoo.com,+91-8828156179,Other,60.0,Coimbatore,Tamil Nadu,2021-08-04,False
5084, Vikram Rao,vikram.rao733@yahoo.com,+91-9585606262,Male,36.0,Bhopal,Madhya Pradesh,2024-08-25,False
6348,Meera Gupta,meera.gupta603@gmail.com,+91-9820782595,Female,20.0,Pune,Maharashtra,2024-01-21,True
6715,Aditya Das,aditya.das@outlook.com,+91-8335483213,Female,26.0,Bhopal,Madhya Pradesh,2024-12-05,False
5244,Radha Nair ,radha.nair@gmail.com,+91-9912275176,Female,37.0,Nagpur,Maharashtra,2023-08-18,False
5771,Sneha Mehta,sneha.mehta@gmail.com,+91-9293951664,Female,29.0,Chennai,Tamil Nadu,2021-05-17,False
6077, Nisha Joshi,nisha.joshi906@yahoo.com,+91-7902254948,Other,23.0,Nagpur,Maharashtra,2023-03-17,True
6755, Yash Malhotra ,yash.malhotra@outlook.com,+91-8520240905,Male,43.0,Nagpur,Maharashtra,2025-12-27,False
7346,shreya sharma ,shreya.sharma@outlook.com,+91-8371006698,Female,39.0,Nashik,Maharashtra,2025-05-11,False
6273,Neha Malhotra ,neha.malhotra@yahoo.com,+91-8319697004,Male,61.0,Surat,Gujarat,2020-09-10,False
5182, Rahul Rao ,rahul.rao@yahoo.com,,Female,39.0,Nashik,Maharashtra,2025-06-30,False
5795,Manish Kulkarni,manish.kulkarni694@outlook.com,+91-9402174911,Male,,Mumbai,Maharashtra,2020-11-15,True
6216,Anjali Khan,anjali.khan633@yahoo.com,+91-9939860443,Female,49.0,Pune,Maharashtra,2022-04-09,False
6798,Vikram Malhotra ,vikram.malhotra177@gmail.com,+91-7017917426,,54.0,Mumbai,Maharashtra,2020-11-02,False
5576,Priya Gupta,priya.gupta@yahoo.com,+91-7383411550,Other,18.0,Indore,Madhya Pradesh,2022-05-07,False
6497,Priya Chopra,priya.chopra@outlook.com,+91-8624830213,Female,25.0,Chandigarh,Chandigarh,2026-04-10,False
6294,Mohit Shah,mohit.shah@yahoo.com,+91-9280927875,Other,56.0,Ranchi,Jharkhand,2023-02-12,False
6132,Kavya Rao,kavya.rao544@gmail.com,+91-8211720818,Male,65.0,Nashik,Maharashtra,2024-10-27,False
7659, Sneha Nair ,sneha.nair@gmail.com,+91-8517551212,Female,21.0,Patna,Bihar,2026-05-04,False
6370,Yash Rao,yash.rao276@gmail.com,+91-9269594357,Female,27.0,Patna,Bihar,2025-11-04,False
6203,Shreya Rao,shreya.rao@outlook.com,+91-8487324935,Female,42.0,Delhi,Delhi,2019-02-22,False
7788, Neha Rao ,neha.rao@gmail.com,+91-7452717382,Female,39.0,Surat,Gujarat,2021-08-29,False
5304, Rahul Kumar,rahul.kumar@yahoo.com,+91-7473485647,Female,61.0,Bhopal,Madhya Pradesh,2021-07-19,False
6610,Rajesh Iyer ,rajesh.iyer300@gmail.com,+91-8725222671,Male,59.0,Ranchi,Jharkhand,2022-04-16,False
7205, Meera Mehta ,meera.mehta@yahoo.com,+91-7246267600,Other,35.0,Mumbai,Maharashtra,2021-01-29,True
6828,Manish Das,manish.das@outlook.com,+91-7520887843,,51.0,Ranchi,Jharkhand,2025-09-26,False
6707, Amit Shah ,amit.shah111@gmail.com,+91-7538346718,Other,23.0,Jaipur,Rajasthan,2019-08-29,False
5786, Pooja Mehta ,pooja.mehta@gmail.com,+91-7864648556,Female,23.0,Coimbatore,Tamil Nadu,2021-01-01,False
6865, Harsh Rao ,harsh.rao285@outlook.com,+91-9249084090,,57.0,Kochi,Kerala,2020-03-03,False
5212,ROHAN BOSE,rohan.bose@gmail.com,+91-8262639904,Male,42.0,Nagpur,Maharashtra,2025-03-18,True
7418,Nikhil Reddy ,nikhil.reddy227@yahoo.com,+91-7091401001,Female,18.0,Ahmedabad,Gujarat,2024-08-18,False
7024,Divya Khan,divya.khan368@outlook.com,+91-7890970937,Female,30.0,Jaipur,Rajasthan,2021-09-26,True
7058,Swati Malhotra,swati.malhotra981@gmail.com,+91-9331555880,Female,21.0,Delhi,Delhi,2025-11-07,False
6781,Radha Verma,radha.verma@outlook.com,+91-8682681301,Male,26.0,Pune,Maharashtra,2024-09-26,False
7487, Sneha Verma ,,+91-7917319021,Female,36.0,Bhopal,Madhya Pradesh,2021-11-30,False
6355, mohit joshi,mohit.joshi@gmail.com,+91-9193164244,Female,60.0,Mumbai,Maharashtra,2025-07-01,False
6496,Kavya Patil ,kavya.patil87@gmail.com,+91-8915501560,Male,29.0,Coimbatore,Tamil Nadu,2022-12-08,False
5571,Priya Reddy,priya.reddy@yahoo.com,+91-7162344045,Female,64.0,Pune,Maharashtra,2020-02-10,False
5465,Preeti Iyer,preeti.iyer24@yahoo.com,+91-7242650831,,44.0,Nagpur,Maharashtra,2019-03-04,False
7299,Aisha Chopra,aisha.chopra@gmail.com,+91-9548483810,Other,27.0,Delhi,Delhi,2022-02-21,True
6399,Preeti Reddy,preeti.reddy@yahoo.com,+91-9211824670,,52.0,Pune,Maharashtra,2024-05-05,True
7648,Aditya Kumar,aditya.kumar844@outlook.com,+91-8175188512,,59.0,Lucknow,Uttar Pradesh,2025-10-27,False
7210, mohit sharma,mohit.sharma@gmail.com,+91-7610126085,,42.0,Bhopal,Madhya Pradesh,2020-08-23,False
7554,Aisha Singh ,aisha.singh17@gmail.com,+91-8285677624,,58.0,Chennai,Tamil Nadu,2022-06-21,False
5117, Mohit Mehta,mohit.mehta@gmail.com,+91-9565007700,Male,35.0,Jaipur,Rajasthan,2019-05-05,True
5461, Ankita Kulkarni ,ankita.kulkarni@gmail.com,+91-9265513183,Male,48.0,Hyderabad,Telangana,2025-06-17,False
6438, Aisha Patil,aisha.patil931@outlook.com,+91-8946512589,Female,32.0,Pune,Maharashtra,2026-07-27,False
5621, Harsh Rao,harsh.rao337@yahoo.com,+91-8963749159,Male,58.0,Patna,Bihar,2021-04-04,False
6615,Sneha Shah ,sneha.shah645@yahoo.com,+91-7119849047,Male,30.0,Ranchi,Jharkhand,2021-05-13,False
7426,Swati Patil ,swati.patil@outlook.com,+91-9076282179,Other,25.0,Delhi,Delhi,2022-09-28,True
6305,deepak kumar,deepak.kumar@yahoo.com,+91-9247280520,Female,61.0,Kochi,Kerala,2023-11-09,True
5978, Nikhil Bose ,nikhil.bose558@gmail.com,+91-7783734295,Other,44.0,Chandigarh,Chandigarh,2024-08-11,False
6380, Suresh Kumar,suresh.kumar@yahoo.com,+91-8279592515,Male,31.0,Bhopal,Madhya Pradesh,2025-08-05,True
6738,Sneha Kumar,sneha.kumar@gmail.com,+91-8941034692,Other,59.0,Coimbatore,Tamil Nadu,2019-02-10,True
5712, Radha Nair ,radha.nair@outlook.com,+91-9787739063,Other,65.0,Delhi,Delhi,2021-07-31,False
6668,Karan Bose,karan.bose997@outlook.com,,Female,46.0,Bangalore,Karnataka,2020-06-01,False
6882, Rajesh Joshi,rajesh.joshi@outlook.com,+91-7716014065,,56.0,Surat,Gujarat,2026-03-28,True
5405,Radha Reddy,radha.reddy@outlook.com,+91-7628164371,Male,37.0,Pune,Maharashtra,2025-12-28,False
5430, Kavya Das ,kavya.das@gmail.com,+91-8063968875,Female,30.0,Nagpur,Maharashtra,2021-10-08,True
6401,neha gupta,neha.gupta309@gmail.com,+91-8303632412,Male,55.0,Pune,Maharashtra,2024-03-06,False
5682,Isha Verma ,isha.verma698@outlook.com,+91-7186641792,,44.0,Surat,Gujarat,2020-05-01,False
5518, Aditya Pillai,aditya.pillai373@outlook.com,+91-8166015502,Other,35.0,Nagpur,Maharashtra,2024-05-13,True
7248,Nisha Shah,nisha.shah@outlook.com,+91-9482285500,Female,47.0,Nashik,Maharashtra,2024-03-17,True
5769, Simran Das,simran.das@outlook.com,+91-8380181434,Male,35.0,Bangalore,Karnataka,2023-08-30,False
7765,Preeti Bose,preeti.bose@yahoo.com,+91-7486368565,Female,62.0,Hyderabad,Telangana,2022-02-12,False
5046, Harsh Sharma ,harsh.sharma@gmail.com,+91-7961215465,Male,51.0,Kolkata,West Bengal,2020-09-24,False
7194,Radha Iyer,radha.iyer@outlook.com,+91-9084930097,Other,50.0,Bhopal,Madhya Pradesh,2026-05-07,False
5467, Harsh Joshi,harsh.joshi362@yahoo.com,+91-7482422019,Other,63.0,Ranchi,Jharkhand,2022-10-16,True
7645,Meera Kulkarni,meera.kulkarni@yahoo.com,+91-8709269989,Male,39.0,Delhi,Delhi,2022-07-22,True
7377, ANJALI BOSE,anjali.bose387@outlook.com,+91-8870579640,,34.0,Mumbai,Maharashtra,2020-01-04,False
7771, DEEPAK PILLAI ,deepak.pillai7@gmail.com,+91-8333520419,Female,45.0,Nagpur,Maharashtra,2026-07-30,False
7250,radha malhotra,radha.malhotra@outlook.com,+91-7783770820,,33.0,Nashik,Maharashtra,2020-02-02,False
5810,Rajesh Malhotra,rajesh.malhotra@gmail.com,+91-7697807641,Female,38.0,Chandigarh,Chandigarh,2019-11-22,False
5690,Simran Nair,simran.nair@yahoo.com,+91-9914443723,Female,63.0,Surat,Gujarat,2022-05-01,True
7368, Yash Reddy ,yash.reddy672@gmail.com,+91-7122434911,,32.0,Chandigarh,Chandigarh,2025-04-08,True
5758,Shreya Bose ,shreya.bose551@outlook.com,+91-9450229900,Other,36.0,Bangalore,Karnataka,2022-11-21,False
7033, Preeti Khan ,preeti.khan@outlook.com,+91-9477921971,Other,56.0,Patna,Bihar,2020-11-20,False
6487,Meera Iyer,meera.iyer@gmail.com,+91-7655232641,Male,61.0,Indore,Madhya Pradesh,2020-02-11,True
5753,Gaurav Shah,gaurav.shah@outlook.com,+91-7395337588,Other,,Bangalore,Karnataka,2021-08-15,False
6322,Arjun Bose ,arjun.bose@yahoo.com,+91-9905274678,Male,62.0,Nagpur,Maharashtra,2020-11-20,False
5307, NEHA SHARMA,neha.sharma881@yahoo.com,+91-8336341566,,37.0,Delhi,Delhi,2024-05-06,False
5482,Preeti Bose,preeti.bose@outlook.com,+91-9439266296,Male,51.0,Lucknow,Uttar Pradesh,2025-07-07,True
5162, TARUN KULKARNI,tarun.kulkarni516@outlook.com,+91-9697673923,Female,50.0,Chandigarh,Chandigarh,2026-01-07,False
6289,KAVYA MEHTA,kavya.mehta574@gmail.com,+91-9315616185,Male,57.0,Chennai,Tamil Nadu,2020-08-31,True
5923, Isha Iyer ,isha.iyer@yahoo.com,+91-8270003185,,46.0,Surat,Gujarat,2026-02-12,True
7015,Gaurav Reddy,gaurav.reddy@outlook.com,+91-9370246030,,63.0,Kochi,Kerala,2019-12-19,False
5852,Yash Gupta,,+91-9483952581,Male,30.0,Chandigarh,Chandigarh,2024-03-18,False
5449,Kavya Joshi,kavya.joshi@gmail.com,+91-8544346178,Female,51.0,Ahmedabad,Gujarat,2024-03-02,True
6977,Meera Bose,meera.bose@outlook.com,+91-7355425824,Male,61.0,Surat,Gujarat,2023-09-01,False
5652,Amit Khan,amit.khan@yahoo.com,+91-7288800658,,65.0,Jaipur,Rajasthan,2023-12-28,False
6186,Mohit Singh,mohit.singh@yahoo.com,+91-9056610580,,47.0,Ahmedabad,Gujarat,2023-04-13,False
7275, Meera Kumar ,,+91-9666751280,Male,,Chennai,Tamil Nadu,2020-06-03,False
7345,Priya Chopra,priya.chopra322@gmail.com,+91-8728690346,Other,,Surat,Gujarat,2023-07-25,False
7041,Kavya Iyer,kavya.iyer@gmail.com,+91-7441431384,Female,57.0,Chennai,Tamil Nadu,2025-10-16,False
6075,Kavya Verma,kavya.verma756@outlook.com,+91-9903738485,Female,64.0,Patna,Bihar,2020-09-09,False
7157, Pooja Pillai,pooja.pillai967@gmail.com,+91-7440683654,,20.0,Patna,Bihar,2023-05-24,False
6201, Meera Kumar,meera.kumar678@gmail.com,+91-8810326023,Female,47.0,Delhi,Delhi,2025-03-26,False
5609, Pallavi Das ,pallavi.das@outlook.com,+91-9510202844,,61.0,Nashik,Maharashtra,2021-05-11,True
7625,Anjali Pillai,anjali.pillai114@outlook.com,+91-7071120893,Female,48.0,Hyderabad,Telangana,2023-12-05,False
6309,Rahul Iyer,rahul.iyer@yahoo.com,+91-7339159390,Female,40.0,Kolkata,West Bengal,2021-05-09,False
5912, Nisha Pillai ,nisha.pillai@gmail.com,+91-9654593661,Male,25.0,Indore,Madhya Pradesh,2024-10-09,False
7354,tarun iyer ,tarun.iyer@yahoo.com,+91-8398939981,Other,36.0,Ranchi,Jharkhand,2020-09-20,False
6278,Isha Kumar,isha.kumar734@outlook.com,+91-8056069225,Other,57.0,Lucknow,Uttar Pradesh,2021-05-21,False
6055, Kunal Reddy ,kunal.reddy508@outlook.com,+91-9210091467,Female,18.0,Indore,Madhya Pradesh,2025-04-08,False
7573, kunal rao ,kunal.rao@yahoo.com,+91-8341580716,Female,29.0,Mumbai,Maharashtra,2021-05-16,False
5040, Swati Pillai ,swati.pillai678@yahoo.com,+91-7639582431,Female,45.0,Mumbai,Maharashtra,2021-10-18,False
5031, nisha rao,nisha.rao@yahoo.com,,Female,32.0,Delhi,Delhi,2022-05-31,False
7621,Priya Singh,,+91-7145918477,Other,61.0,Nagpur,Maharashtra,2021-01-27,True
7812,Amit Rao ,amit.rao@gmail.com,+91-7399137866,Female,50.0,Bhopal,Madhya Pradesh,2026-05-19,False
5732, Neha Mehta ,neha.mehta@gmail.com,+91-9954180666,Female,27.0,Kochi,Kerala,2023-08-27,True
7514,Pooja Joshi,pooja.joshi@outlook.com,+91-8513333820,,30.0,Mumbai,Maharashtra,2024-12-06,False
7533, Pooja Bose,pooja.bose@yahoo.com,,Other,36.0,Nashik,Maharashtra,2022-06-28,False
7148,HARSH NAIR,harsh.nair@outlook.com,+91-8060430283,,22.0,Chandigarh,Chandigarh,2021-08-24,False
6295,Aditya Kumar ,aditya.kumar@outlook.com,+91-9928467344,Male,26.0,Patna,Bihar,2022-05-24,False
7417,Anjali Bose,anjali.bose723@gmail.com,+91-7368555384,Female,30.0,Jaipur,Rajasthan,2026-07-16,False
5388, Yash Kulkarni,yash.kulkarni@yahoo.com,+91-7480468753,Female,22.0,Jaipur,Rajasthan,2020-02-16,False
6544,Aisha Pillai,aisha.pillai@outlook.com,+91-7859901506,,60.0,Pune,Maharashtra,2023-12-19,False
6067, Shreya Reddy,shreya.reddygmail.com,+91-7116744868,,62.0,Pune,Maharashtra,2019-09-03,False
6443, Mohit Shah ,mohit.shah@outlook.com,+91-9235924377,Female,25.0,Bangalore,Karnataka,2021-07-21,False
5377, Nikhil Shah,nikhil.shah@outlook.com,+91-8318593950,Male,53.0,Bhopal,Madhya Pradesh,2020-09-20,True
6904,Arjun Iyer,arjun.iyer614@yahoo.com,+91-7056347688,Female,49.0,Hyderabad,Telangana,2022-07-10,False
5249,Nisha Patil,nisha.patilgmail.com,+91-7474790318,Other,36.0,Mumbai,Maharashtra,2024-06-04,False
6797, nisha khan ,nisha.khan10@outlook.com,+91-7723017214,Other,27.0,Coimbatore,Tamil Nadu,2023-10-01,False
7652,Simran Sharma,simran.sharma499@outlook.com,+91-8753548677,Female,59.0,Nashik,Maharashtra,2026-03-29,False
6264, Rahul Verma ,rahul.verma@gmail.com,+91-9259450769,Male,42.0,Lucknow,Uttar Pradesh,2020-02-01,False
7865,Simran Joshi ,simran.joshi@gmail.com,+91-8388974025,Female,46.0,Bangalore,Karnataka,2019-05-03,False
5044,rajesh gupta,rajesh.gupta@gmail.com,+91-8452571258,Other,35.0,Chandigarh,Chandigarh,2019-09-12,True
6746, Deepak Malhotra ,deepak.malhotra992@outlook.com,+91-9330267629,Other,43.0,Delhi,Delhi,2025-05-11,True
5456, Rohan Chopra ,rohan.chopra246@yahoo.com,+91-7377272958,Male,56.0,Ahmedabad,Gujarat,2024-12-07,False
6463, priya reddy ,priya.reddy@outlook.com,+91-8608690908,Male,47.0,Bhopal,Madhya Pradesh,2022-06-08,False
7753,Ankita Chopra,ankita.chopra@outlook.com,,,44.0,Ranchi,Jharkhand,2019-04-24,False
6860,Pallavi Nair,pallavi.nair369@gmail.com,+91-9293029797,Other,58.0,Ranchi,Jharkhand,2025-11-12,False
7081,Vikram Patil,vikram.patil@gmail.com,+91-9133778155,Female,28.0,Mumbai,Maharashtra,2023-04-11,False
5415,Pooja Sharma ,pooja.sharma652@outlook.com,+91-8685317879,Female,37.0,Lucknow,Uttar Pradesh,2026-05-27,False
7099,Karan Kulkarni ,karan.kulkarnigmail.com,+91-9420290814,Other,30.0,Coimbatore,Tamil Nadu,2020-09-15,False
7278, Priya Pillai,priya.pillai750@yahoo.com,+91-9697909948,Female,49.0,Hyderabad,Telangana,2026-05-19,False
7088, Priya Khan ,priya.khan@gmail.com,+91-7594221270,Other,62.0,Chennai,Tamil Nadu,2024-04-10,False
5115,Priya Das,priya.das405@yahoo.com,+91-8094076850,Male,42.0,Nagpur,Maharashtra,2025-07-29,False
6080,Shreya Kumar,shreya.kumar@outlook.com,+91-7931918628,Female,64.0,Bhopal,Madhya Pradesh,2020-09-25,True
6848, deepak sharma ,deepak.sharma456@outlook.com,+91-7244474935,Female,18.0,Kochi,Kerala,2022-03-28,False
6354, divya khan ,divya.khan@outlook.com,+91-9837998876,Male,63.0,Delhi,Delhi,2023-03-24,True
7091,Nisha Malhotra,nisha.malhotra@yahoo.com,+91-7136375783,Female,23.0,Chandigarh,Chandigarh,2021-02-19,False
6895, Pallavi Sharma ,pallavi.sharma@yahoo.com,+91-9840489442,Other,24.0,Indore,Madhya Pradesh,2021-01-10,False
6673,Amit Pillai,amit.pillai@yahoo.com,+91-9638014784,Female,26.0,Chennai,Tamil Nadu,2024-09-04,False
7734,Kunal Nair,kunal.nair@outlook.com,+91-7240776446,Other,52.0,Nagpur,Maharashtra,2022-07-20,False
7160,Amit Chopra,amit.chopra431@outlook.com,+91-7443461524,,42.0,Kolkata,West Bengal,2024-02-23,False
7785,Sneha Joshi,sneha.joshi544@outlook.com,+91-9963589385,,36.0,Surat,Gujarat,2021-09-21,False
5170,Bhavna Pillai,bhavna.pillai@gmail.com,+91-8887649418,Male,31.0,Hyderabad,Telangana,2024-05-17,True
5749, Kunal Gupta ,kunal.gupta@gmail.com,+91-9287698389,Male,56.0,Bangalore,Karnataka,2025-05-18,False
7832,Kavya Rao,kavya.rao487@gmail.com,,,34.0,Nashik,Maharashtra,2022-07-16,True
7326, Shreya Iyer ,shreya.iyer@outlook.com,+91-9700274220,Other,36.0,Bangalore,Karnataka,2024-11-11,False
5523, nisha rao ,nisha.rao@gmail.com,+91-8186260912,Female,33.0,Kolkata,West Bengal,2019-08-04,False
6468, Deepak Shah,deepak.shah376@gmail.com,+91-8925110875,Female,55.0,Lucknow,Uttar Pradesh,2019-01-25,False
7954,Meera Malhotra,meera.malhotra167@gmail.com,+91-7451580923,Male,55.0,Ahmedabad,Gujarat,2020-09-22,False
5713, Deepak Iyer ,deepak.iyer@outlook.com,+91-7693755402,,61.0,Pune,Maharashtra,2021-10-18,False
6221,PREETI PILLAI ,preeti.pillai@gmail.com,+91-9276881985,Male,60.0,Pune,Maharashtra,2024-07-02,False
5917,Swati Verma,swati.verma677@outlook.com,+91-9420656949,,23.0,Indore,Madhya Pradesh,2023-01-30,False
5804,Bhavna Verma,bhavna.verma353@gmail.com,+91-8704492112,,44.0,Lucknow,Uttar Pradesh,2023-06-30,False
6068,yash pillai,yash.pillai@gmail.com,+91-9854940688,Female,64.0,Jaipur,Rajasthan,2024-07-14,True
5525,Amit Rao,amit.rao779@yahoo.com,+91-7580730072,Female,53.0,Kolkata,West Bengal,2022-12-19,False
7016,Shreya Shah,shreya.shah@gmail.com,+91-8386060271,Male,39.0,Jaipur,Rajasthan,2020-05-27,False
5722,Mohit Shah,,+91-7619548626,Other,22.0,Pune,Maharashtra,2025-02-07,False
6916,Swati Nair,swati.nairgmail.com,+91-8598015808,Male,26.0,Ahmedabad,Gujarat,2024-06-27,True
5977,Ankita Patil,ankita.patil@outlook.com,+91-9722644159,Other,50.0,Surat,Gujarat,2025-03-29,False
5746,Shreya Singh,shreya.singh@yahoo.com,+91-8516362974,Female,37.0,Coimbatore,Tamil Nadu,2019-06-22,False
7039,Aisha Chopra,aisha.chopra139@outlook.com,+91-7694627712,Female,21.0,Lucknow,Uttar Pradesh,2023-09-20,False
5471,Manish Joshi,manish.joshi@yahoo.com,+91-8077437939,Female,53.0,Kolkata,West Bengal,2023-08-02,True
5338,Nisha Singh,nisha.singh@outlook.com,+91-9867234716,Male,21.0,Kochi,Kerala,2019-01-08,False
5567,Ritu Reddy,ritu.reddy@yahoo.com,+91-8992008361,Female,50.0,Hyderabad,Telangana,2023-08-24,False
6903, Deepak Chopra ,deepak.chopra449@yahoo.com,+91-9884184367,,31.0,Ranchi,Jharkhand,2025-04-16,False
6805,Meera Reddy,meera.reddy959@yahoo.com,+91-9888612100,Female,32.0,Bangalore,Karnataka,2023-05-13,False
7552,Yash Joshi ,yash.joshi93@outlook.com,+91-8962146051,,63.0,Nashik,Maharashtra,2020-05-22,False
7308,Bhavna Patil,bhavna.patil358@gmail.com,+91-8476390306,Male,53.0,Kolkata,West Bengal,2023-05-27,False
7327,Karan Singh,karan.singh@yahoo.com,+91-9636330291,Female,42.0,Mumbai,Maharashtra,2024-03-23,False
6024, Aisha Malhotra ,aisha.malhotra@yahoo.com,+91-7516339125,Other,19.0,Chennai,Tamil Nadu,2026-08-06,True
7153, Suresh Rao ,suresh.rao@yahoo.com,+91-9709930160,Other,21.0,Indore,Madhya Pradesh,2023-03-31,False
6554,Varun Joshi,varun.joshi51@outlook.com,+91-7876130073,Female,37.0,Nashik,Maharashtra,2022-10-11,True
5626, Aisha Das,aisha.das842@gmail.com,,Male,47.0,Kolkata,West Bengal,2023-06-30,False
7757, Tarun Singh,tarun.singh@yahoo.com,+91-7322590011,Male,37.0,Pune,Maharashtra,2025-03-19,False
5053,Swati Khan,swati.khan979@gmail.com,+91-7890786678,,37.0,Delhi,Delhi,2023-04-07,True
7547, Yash Shah ,yash.shah@outlook.com,+91-9090004198,,35.0,Kochi,Kerala,2021-06-12,True
6591,Harsh Malhotra ,harsh.malhotra505@yahoo.com,+91-8792268754,,58.0,Jaipur,Rajasthan,2020-02-07,False
5196, Kavya Iyer,kavya.iyer511@gmail.com,+91-7673122683,Other,26.0,Chandigarh,Chandigarh,2024-05-09,True
6919,Suresh Malhotra,suresh.malhotra125@yahoo.com,+91-7843449386,Female,48.0,Lucknow,Uttar Pradesh,2020-11-09,False
5645, Deepak Nair ,deepak.nair221@outlook.com,+91-7646784151,Other,36.0,Nagpur,Maharashtra,2019-02-16,False
5066, Bhavna Reddy ,bhavna.reddy@outlook.com,+91-7842298667,,54.0,Bangalore,Karnataka,2024-04-21,False
6417,Vikram Sharma,vikram.sharma987@outlook.com,+91-9097659415,,45.0,Lucknow,Uttar Pradesh,2022-01-29,False
7782,sneha mehta,sneha.mehta325@yahoo.com,+91-8614378441,,47.0,Kochi,Kerala,2023-07-02,True
5424,Anjali Das,anjali.das@outlook.com,+91-7127921332,Other,62.0,Ahmedabad,Gujarat,2025-08-10,False
5399,Shreya Singh,shreya.singh684@yahoo.com,+91-8431549276,Female,20.0,Hyderabad,Telangana,2023-12-31,False
5784,Kavya Kulkarni,kavya.kulkarni25@yahoo.com,+91-7763282431,Male,40.0,Lucknow,Uttar Pradesh,2020-02-10,False
6937,Karan Verma,karan.verma@gmail.com,+91-8108629950,Female,62.0,Patna,Bihar,2023-07-31,False
5284,Meera Mehta,meera.mehta@gmail.com,+91-8943123258,Female,54.0,Mumbai,Maharashtra,2023-08-02,False
6965,varun chopra,varun.chopra@yahoo.com,+91-8191214125,Other,40.0,Indore,Madhya Pradesh,2025-07-02,False
7481,GAURAV RAO ,gaurav.rao163@outlook.com,+91-8291872213,Male,54.0,Mumbai,Maharashtra,2022-03-09,False
6253, MANISH VERMA ,manish.vermagmail.com,+91-8989239512,Other,54.0,Hyderabad,Telangana,2026-02-23,False
6956, Sneha Verma,sneha.verma@yahoo.com,+91-9400971582,Female,24.0,Kochi,Kerala,2020-04-03,False
6877, Isha Chopra ,isha.chopragmail.com,+91-9831761916,Male,19.0,Pune,Maharashtra,2022-03-27,False
6063,Kavya Nair,kavya.nair@gmail.com,,Female,31.0,Chandigarh,Chandigarh,2022-05-29,False
6730,Sanjay Bose,sanjay.bose562@gmail.com,+91-7320942183,Other,64.0,Indore,Madhya Pradesh,2019-09-02,False
6816,Neha Singh,neha.singh337@yahoo.com,+91-8884036883,,29.0,Nagpur,Maharashtra,2019-02-23,True
6331, Kavya Malhotra ,kavya.malhotra@gmail.com,+91-9074168203,Male,25.0,Patna,Bihar,2021-07-14,False
7280,Tarun Joshi ,tarun.joshi@outlook.com,+91-9313115077,Male,20.0,Chandigarh,Chandigarh,2025-12-11,False
7725,Bhavna Verma,bhavna.verma@outlook.com,+91-8988267187,Male,18.0,Nagpur,Maharashtra,2023-08-04,False
5904,nikhil mehta ,nikhil.mehta@outlook.com,+91-9061758261,Male,46.0,Ranchi,Jharkhand,2022-10-22,False
7847, Sanjay Reddy ,sanjay.reddy920@gmail.com,+91-8246234301,Female,40.0,Bangalore,Karnataka,2022-03-17,False
6142,Harsh Kumar,harsh.kumar24@gmail.com,+91-8036203639,Other,26.0,Mumbai,Maharashtra,2021-01-03,True
7861,Arjun Bose,arjun.bose@yahoo.com,+91-8971821358,Female,44.0,Lucknow,Uttar Pradesh,2024-06-12,False
7848, Meera Bose ,meera.bose@gmail.com,+91-9274188391,Male,21.0,Mumbai,Maharashtra,2022-09-24,False
6493, pallavi chopra ,pallavi.chopra31@gmail.com,+91-7949657734,,21.0,Indore,Madhya Pradesh,2025-05-05,False
6819,Kunal Kulkarni,kunal.kulkarni787@gmail.com,+91-7536669467,Other,56.0,Kochi,Kerala,2023-06-12,False
6251,Nisha Rao,nisha.rao@gmail.com,+91-7231706959,Female,42.0,Coimbatore,Tamil Nadu,2024-01-01,False
7399, Suresh Mehta ,suresh.mehta@gmail.com,+91-8984567145,Female,35.0,Bangalore,Karnataka,2022-12-29,False
5553,Kunal Shah ,kunal.shah@yahoo.com,+91-7302156069,Female,20.0,Hyderabad,Telangana,2021-11-12,False
5829,Radha Patil,radha.patil764@outlook.com,+91-7754819115,Other,32.0,Coimbatore,Tamil Nadu,2019-01-13,False
5198,Nikhil Sharma,nikhil.sharma754@yahoo.com,+91-7724741614,,23.0,Hyderabad,Telangana,2024-03-17,False
6506,Deepak Sharma,deepak.sharma@yahoo.com,+91-7194913902,Female,29.0,Hyderabad,Telangana,2021-07-25,True
6395,Kunal Khan,kunal.khan@yahoo.com,+91-9283804637,,24.0,Coimbatore,Tamil Nadu,2023-04-15,True
6437,Rohan Kumar,rohan.kumar674@yahoo.com,,Female,32.0,Delhi,Delhi,2026-04-16,False
7070,Radha Verma,radha.verma@outlook.com,+91-8550810392,Female,49.0,Nashik,Maharashtra,2024-10-31,False
6144,Preeti Malhotra ,preeti.malhotra910@outlook.com,,Other,47.0,Surat,Gujarat,2021-01-17,False
6793,Karan Kumar,karan.kumar@outlook.com,+91-9839053832,,58.0,Patna,Bihar,2022-07-29,False
7508, Radha Chopra ,radha.chopra606@yahoo.com,+91-9525787386,Other,19.0,Nashik,Maharashtra,2025-05-17,True
6166,Kavya Sharma,kavya.sharma662@outlook.com,+91-8339367666,Male,58.0,Surat,Gujarat,2025-01-31,False
6027,Swati Verma,swati.verma@outlook.com,+91-7564498534,Female,29.0,Kochi,Kerala,2019-02-12,False
7363,NISHA KULKARNI,nisha.kulkarni@outlook.com,+91-7730834927,Male,30.0,Ahmedabad,Gujarat,2023-10-25,True
7678,Gaurav Gupta ,gaurav.gupta@outlook.com,+91-9731969876,Female,52.0,Nashik,Maharashtra,2020-04-17,False
5603,Sanjay Reddy,sanjay.reddygmail.com,+91-7676735399,Female,41.0,Nashik,Maharashtra,2023-06-07,False
5387,RAJESH MEHTA,rajesh.mehta84@gmail.com,+91-9595745077,,26.0,Pune,Maharashtra,2024-10-21,False
7162, Vikram Verma ,vikram.verma@gmail.com,+91-7094991279,Other,45.0,Chennai,Tamil Nadu,2023-02-02,False
7897, Arjun Sharma ,arjun.sharma954@outlook.com,+91-8061223638,Male,41.0,Mumbai,Maharashtra,2026-05-16,False
6336,Rohan Patil,rohan.patil@outlook.com,+91-9700482876,Other,45.0,Nagpur,Maharashtra,2019-01-29,False
7687,Kavya Shah,kavya.shah@gmail.com,+91-7434845127,Other,43.0,Chandigarh,Chandigarh,2023-02-04,False
5805,Amit Patil,amit.patil721@gmail.com,+91-8386943179,Other,56.0,Indore,Madhya Pradesh,2023-04-21,False
5953,NISHA CHOPRA,nisha.chopra346@yahoo.com,+91-8122276619,Female,62.0,Nashik,Maharashtra,2022-02-12,True
5493, Bhavna Verma ,bhavna.verma970@outlook.com,+91-8817567900,Male,62.0,Chandigarh,Chandigarh,2025-04-14,False
5697,Sneha Das,sneha.das@yahoo.com,+91-8079778459,Other,21.0,Nagpur,Maharashtra,2026-06-20,False
5341,Ankita Iyer,ankita.iyer922@yahoo.com,+91-7608440551,Male,27.0,Bhopal,Madhya Pradesh,2020-10-27,True
7806, Simran Rao,simran.rao@outlook.com,+91-8003876307,Other,46.0,Kolkata,West Bengal,2020-08-13,False
7868,Isha Chopra,isha.chopra@gmail.com,+91-8403455471,Male,39.0,Hyderabad,Telangana,2022-05-03,False
5166, Sanjay Nair ,sanjay.nair@outlook.com,+91-7721963993,,,Jaipur,Rajasthan,2025-04-02,True
7680, arjun singh,arjun.singh@gmail.com,+91-7321104164,,63.0,Kolkata,West Bengal,2024-03-25,False
6639, Manish Kulkarni,manish.kulkarni@yahoo.com,+91-9433400930,Other,28.0,Indore,Madhya Pradesh,2022-04-03,True
6619,Aisha Malhotra,aisha.malhotra@outlook.com,+91-8595694357,Female,41.0,Kochi,Kerala,2026-03-31,True
5485, vikram singh,vikram.singh@gmail.com,,,51.0,Delhi,Delhi,2020-05-27,False
7873,Varun Verma,varun.verma@outlook.com,+91-9842292582,Other,18.0,Mumbai,Maharashtra,2019-08-19,False
7568,Ritu Sharma,ritu.sharma340@yahoo.com,+91-9466839738,,39.0,Delhi,Delhi,2021-05-25,False
6464,Arjun Gupta ,arjun.gupta96@gmail.com,+91-7230606414,Female,30.0,Chennai,Tamil Nadu,2022-06-23,False
5155,Anjali Rao,anjali.rao@gmail.com,+91-8944298011,,63.0,Chennai,Tamil Nadu,2026-07-29,False
7585,Kavya Reddy ,kavya.reddy@yahoo.com,+91-9199156117,Male,48.0,Chandigarh,Chandigarh,2024-11-28,True
5592,Mohit Rao,mohit.raogmail.com,+91-7599419649,Male,45.0,Pune,Maharashtra,2025-12-05,False
7168,neha verma,neha.verma555@outlook.com,+91-7620862128,,43.0,Kochi,Kerala,2020-09-23,False
6471, Harsh Pillai,harsh.pillai@outlook.com,+91-7894926413,,38.0,Kolkata,West Bengal,2023-05-08,False
5379,Sneha Kumar,sneha.kumar38@yahoo.com,+91-8768453642,,43.0,Pune,Maharashtra,2026-04-22,True
6028, SWATI KHAN,swati.khan@outlook.com,+91-9518466997,Female,38.0,Hyderabad,Telangana,2024-10-22,False
7824,AISHA RAO,aisha.rao@outlook.com,+91-9693412021,Other,18.0,Kochi,Kerala,2023-09-24,False
7714, Kunal Malhotra ,kunal.malhotra740@gmail.com,+91-8395742290,Female,60.0,Jaipur,Rajasthan,2019-06-03,False
7600, Aisha Rao ,aisha.raogmail.com,+91-9880003230,Male,36.0,Coimbatore,Tamil Nadu,2023-06-18,False
5067,Suresh Reddy ,suresh.reddygmail.com,+91-9887306574,,25.0,Chennai,Tamil Nadu,2019-06-06,False
5119, Neha Patil ,neha.patil@gmail.com,+91-9748100772,Other,63.0,Patna,Bihar,2023-06-16,False
5003,Aisha Singh,aisha.singh@outlook.com,+91-9922295636,,38.0,Coimbatore,Tamil Nadu,2024-12-17,False
6560,Ritu Joshi,ritu.joshi@yahoo.com,+91-8159372605,Male,56.0,Indore,Madhya Pradesh,2023-04-29,True
7602,Anjali Das,anjali.das@yahoo.com,+91-7462307154,Male,22.0,Mumbai,Maharashtra,2024-01-30,False
7139,Bhavna Joshi,bhavna.joshi@gmail.com,+91-8187034429,Male,48.0,Kochi,Kerala,2020-05-11,False
7850,Rahul Patil,rahul.patil625@yahoo.com,+91-7982786610,Female,36.0,Surat,Gujarat,2021-11-04,False
5412, suresh rao ,suresh.rao680@gmail.com,+91-8757473157,Other,25.0,Ahmedabad,Gujarat,2026-01-07,True
6226,MEERA DAS ,meera.das@gmail.com,+91-9602135525,Other,21.0,Ahmedabad,Gujarat,2019-02-26,False
7279,Anjali Gupta,anjali.gupta295@outlook.com,+91-7027288450,Male,22.0,Nashik,Maharashtra,2021-01-06,False
6394,Divya Verma,divya.verma860@gmail.com,+91-7528426193,Male,27.0,Mumbai,Maharashtra,2019-04-20,False
5838,Meera Nair ,meera.nair@gmail.com,+91-8083992486,Male,52.0,Hyderabad,Telangana,2022-05-21,False
5250, Mohit Pillai,mohit.pillai@outlook.com,+91-7957721495,Other,50.0,Kochi,Kerala,2020-12-09,True
6410,Arjun Chopra,arjun.chopra872@gmail.com,+91-8401812413,Other,31.0,Jaipur,Rajasthan,2024-07-08,False
6851,Rohan Patil,rohan.patil@gmail.com,+91-9581360768,Male,35.0,Kochi,Kerala,2022-02-27,False
7027, Bhavna Mehta,bhavna.mehta695@gmail.com,+91-9403648617,Female,57.0,Mumbai,Maharashtra,2021-02-27,False
5533,Nisha Kulkarni,nisha.kulkarni133@gmail.com,+91-8231222629,Female,57.0,Bangalore,Karnataka,2025-11-27,False
7416,Isha Iyer,isha.iyer@gmail.com,,Other,42.0,Surat,Gujarat,2021-02-12,False
5272,isha joshi ,isha.joshi@gmail.com,+91-7971761472,Other,40.0,Surat,Gujarat,2020-03-12,False
5344,Deepak Verma ,deepak.verma313@yahoo.com,+91-7455968994,,28.0,Surat,Gujarat,2024-10-04,True
5278, NISHA KUMAR,nisha.kumar@outlook.com,+91-8945682227,Other,24.0,Indore,Madhya Pradesh,2026-01-28,True
5466,Nikhil Pillai,nikhil.pillai@gmail.com,+91-9646630239,Male,58.0,Surat,Gujarat,2022-08-14,False
6330,VIKRAM PATIL ,vikram.patil865@gmail.com,+91-8343631095,Female,62.0,Mumbai,Maharashtra,2022-06-03,True
5574, Varun Sharma,varun.sharma@gmail.com,+91-7422977501,,28.0,Surat,Gujarat,2023-05-06,False
5280,Meera Reddy,meera.reddy@outlook.com,+91-9568206683,Male,46.0,Bhopal,Madhya Pradesh,2024-02-21,False
5368,Rahul Pillai,rahul.pillai928@outlook.com,,,46.0,Indore,Madhya Pradesh,2025-12-08,False
5023,Gaurav Bose ,gaurav.bose568@yahoo.com,+91-7077661511,Male,51.0,Delhi,Delhi,2023-04-24,True
5760,Swati Chopra,swati.chopra@outlook.com,+91-7124889161,,54.0,Jaipur,Rajasthan,2024-05-25,False
6786, Suresh Gupta ,suresh.gupta739@gmail.com,,Other,37.0,Pune,Maharashtra,2020-04-18,True
5836,Priya Singh ,priya.singh961@gmail.com,+91-7762377401,Other,56.0,Bhopal,Madhya Pradesh,2023-12-12,False
5086, ANKITA SHARMA,ankita.sharma@outlook.com,+91-7682450377,Female,62.0,Bangalore,Karnataka,2022-03-08,True
5845,Tarun Verma ,tarun.verma@gmail.com,+91-7417936925,Other,63.0,Nagpur,Maharashtra,2024-10-30,False
7627,gaurav sharma,gaurav.sharma278@yahoo.com,+91-7807830835,Female,36.0,Bangalore,Karnataka,2022-11-02,False
7026,Aisha Malhotra ,aisha.malhotra357@outlook.com,+91-7487678780,,23.0,Kochi,Kerala,2025-09-26,True
7686,Radha Singh,radha.singh@yahoo.com,+91-7356711162,,26.0,Hyderabad,Telangana,2019-07-03,False
6577, Rajesh Chopra ,rajesh.chopra628@yahoo.com,+91-9630044787,Male,34.0,Jaipur,Rajasthan,2021-09-27,False
6016,Deepak Patil,deepak.patil@gmail.com,+91-9867169269,Other,53.0,Mumbai,Maharashtra,2023-12-12,False
7892,Nikhil Reddy,nikhil.reddy988@outlook.com,+91-7108627478,Other,18.0,Mumbai,Maharashtra,2019-05-16,False
6141,Pooja Kumar,pooja.kumar770@yahoo.com,+91-9295367166,Other,63.0,Ranchi,Jharkhand,2021-09-15,False
7603, Arjun Sharma ,arjun.sharma689@gmail.com,+91-9975702148,Other,57.0,Ranchi,Jharkhand,2022-12-16,False
7002, Vikram Gupta ,vikram.gupta@outlook.com,+91-7232573226,Other,53.0,Bhopal,Madhya Pradesh,2023-03-05,True
5353,Nisha Das ,nisha.das@outlook.com,+91-8941455426,Other,47.0,Mumbai,Maharashtra,2023-01-06,False
7419, SWATI REDDY ,swati.reddygmail.com,+91-8504755554,Other,60.0,Coimbatore,Tamil Nadu,2020-01-26,False
6520,Kavya Mehta,kavya.mehta11@outlook.com,+91-9516325714,,54.0,Nashik,Maharashtra,2025-08-18,True
5008, Swati Kulkarni ,,+91-7783156687,Other,18.0,Nagpur,Maharashtra,2021-12-12,False
6564,DIVYA MALHOTRA,divya.malhotra@gmail.com,+91-9517520569,Other,59.0,Mumbai,Maharashtra,2026-04-27,True
7094,Ankita Mehta,ankita.mehta768@outlook.com,+91-7183701015,Male,50.0,Ahmedabad,Gujarat,2022-08-23,False
7839,Pooja Das,pooja.das818@gmail.com,+91-9475596694,,50.0,Pune,Maharashtra,2025-08-12,False
6449,Tarun Das,tarun.das@yahoo.com,+91-9973362946,Female,58.0,Ahmedabad,Gujarat,2022-11-01,False
6994, Mohit Rao ,mohit.rao384@gmail.com,+91-8504048854,,54.0,Delhi,Delhi,2020-06-03,False
7609,Rahul Singh,rahul.singh@outlook.com,+91-9202976043,Female,23.0,Patna,Bihar,2023-04-18,False
7660, Amit Mehta ,amit.mehta525@yahoo.com,+91-9667583678,Male,31.0,Bhopal,Madhya Pradesh,2026-07-21,True
7751,NIKHIL DAS,nikhil.das430@outlook.com,+91-9835309589,,37.0,Pune,Maharashtra,2020-02-28,True
5236,SURESH REDDY,suresh.reddy579@outlook.com,+91-8513133831,,53.0,Bangalore,Karnataka,2026-08-01,True
6887, Harsh Sharma,harsh.sharma@gmail.com,+91-8968782100,Male,58.0,Kolkata,West Bengal,2022-08-17,False
6145, Preeti Reddy,preeti.reddy468@gmail.com,+91-8589708604,,60.0,Indore,Madhya Pradesh,2026-02-08,False
6545, Pallavi Gupta,pallavi.gupta@gmail.com,+91-8447295110,Female,,Indore,Madhya Pradesh,2020-03-01,False
5950, Rajesh Kulkarni ,rajesh.kulkarni@yahoo.com,+91-7268148454,Female,52.0,Bhopal,Madhya Pradesh,2023-09-16,True
6831,Nisha Kumar ,nisha.kumar@gmail.com,+91-9242176824,Other,51.0,Ranchi,Jharkhand,2024-03-07,False
7082, Gaurav Shah ,gaurav.shah776@outlook.com,+91-7029974149,Other,28.0,Ahmedabad,Gujarat,2021-07-26,False
5539,Aisha Reddy,aisha.reddy@yahoo.com,+91-9149420264,,56.0,Nashik,Maharashtra,2025-07-30,False
6069,Aisha Verma,aisha.verma@yahoo.com,+91-7303710236,,34.0,Kolkata,West Bengal,2024-07-16,False
7203, Kavya Mehta,kavya.mehta349@outlook.com,+91-7400330204,Other,18.0,Indore,Madhya Pradesh,2020-09-22,False
6729,Aditya Kulkarni ,aditya.kulkarni@gmail.com,+91-7891755905,,25.0,Ranchi,Jharkhand,2024-12-19,False
7906, Mohit Singh ,mohit.singh856@outlook.com,+91-9923750213,,36.0,Lucknow,Uttar Pradesh,2022-05-13,False
6339, Rohan Reddy ,rohan.reddy90@gmail.com,+91-7800835423,,51.0,Chennai,Tamil Nadu,2019-03-03,False
7056, Karan Nair ,karan.nair267@outlook.com,+91-9106395697,,50.0,Bangalore,Karnataka,2022-07-29,True
7009,Pooja Patil,pooja.patil@yahoo.com,+91-9583188949,Other,34.0,Lucknow,Uttar Pradesh,2021-06-15,True
7739,Neha Joshi,neha.joshi543@outlook.com,+91-7400384935,Female,42.0,Kolkata,West Bengal,2021-12-29,False
7644,BHAVNA IYER,bhavna.iyer@yahoo.com,+91-9284003364,Female,52.0,Ranchi,Jharkhand,2026-03-18,True
5764,Radha Gupta,radha.gupta@yahoo.com,+91-9350626141,Male,58.0,Kolkata,West Bengal,2020-05-17,True
6109,Aisha Sharma,aisha.sharma@yahoo.com,+91-8391535622,Male,34.0,Mumbai,Maharashtra,2021-08-09,True
6247, Sneha Reddy,sneha.reddy734@outlook.com,+91-8268120914,Other,27.0,Kolkata,West Bengal,2023-06-04,False
6767,Vikram Kumar,vikram.kumar@yahoo.com,+91-8051069160,Other,44.0,Surat,Gujarat,2019-01-26,False
5202,Preeti Nair,preeti.nair430@yahoo.com,+91-8662485751,Male,27.0,Indore,Madhya Pradesh,2023-04-28,False
5872, Arjun Nair ,arjun.nair@outlook.com,+91-8480116563,Male,54.0,Bangalore,Karnataka,2021-08-16,False
7394, MOHIT BOSE ,mohit.bose@outlook.com,+91-8692021107,Male,50.0,Bhopal,Madhya Pradesh,2022-01-23,True
7526,pallavi patil ,pallavi.patil@gmail.com,+91-9591821904,,56.0,Jaipur,Rajasthan,2024-04-18,False
6596,priya joshi,priya.joshi136@yahoo.com,+91-8371091098,Male,58.0,Lucknow,Uttar Pradesh,2020-01-30,False
6222, pooja verma ,pooja.verma@yahoo.com,+91-8145404116,Other,24.0,Pune,Maharashtra,2020-05-23,True
5976,Aisha Reddy ,aisha.reddy915@gmail.com,+91-7555220249,Male,27.0,Hyderabad,Telangana,2020-01-25,False
5889,RAHUL SHARMA,rahul.sharma@yahoo.com,+91-9324025794,Female,45.0,Kolkata,West Bengal,2020-09-09,False
5952,AMIT PATIL,amit.patil@yahoo.com,+91-9678453195,,32.0,Ahmedabad,Gujarat,2024-03-19,False
7178, Simran Khan ,simran.khan471@outlook.com,+91-8659267506,Female,61.0,Chennai,Tamil Nadu,2023-02-22,False
6153, SURESH RAO,suresh.rao227@outlook.com,+91-9307619970,,25.0,Mumbai,Maharashtra,2019-03-01,False
7936, Radha Rao ,radha.rao@outlook.com,+91-7307756484,Female,57.0,Patna,Bihar,2019-06-14,True
6999, Rohan Rao ,rohan.rao30@gmail.com,+91-7247632710,,,Nashik,Maharashtra,2021-01-31,False
5633,Nikhil Malhotra,nikhil.malhotra226@gmail.com,+91-7502073460,Male,40.0,Coimbatore,Tamil Nadu,2020-09-08,False
7679,Ankita Singh ,ankita.singh886@gmail.com,+91-9132032998,,50.0,Indore,Madhya Pradesh,2021-06-25,True
7262, simran patil ,simran.patil841@yahoo.com,+91-7137962295,Female,29.0,Kolkata,West Bengal,2022-12-10,True
6752,Neha Patil,neha.patil@outlook.com,+91-9408968864,Male,64.0,Nagpur,Maharashtra,2020-07-11,True
5886,Rajesh Sharma,,+91-7393741008,Other,62.0,Delhi,Delhi,2022-06-18,False
6099,Neha Singh,neha.singh@outlook.com,+91-8790194205,,65.0,Hyderabad,Telangana,2021-04-26,True
7075, Pallavi Patil ,pallavi.patil366@yahoo.com,+91-8308700459,,61.0,Mumbai,Maharashtra,2022-05-04,False
5142,Radha Mehta ,radha.mehta@outlook.com,+91-8514485862,,43.0,Ranchi,Jharkhand,2022-04-14,False
6776, Tarun Singh,tarun.singh514@outlook.com,+91-9824984179,Other,30.0,Pune,Maharashtra,2023-01-19,False
5816, Harsh Patil,harsh.patil@yahoo.com,+91-7814492123,,45.0,Nashik,Maharashtra,2024-01-19,False
6091,Ritu Gupta,ritu.gupta79@yahoo.com,+91-8491234490,Male,51.0,Chandigarh,Chandigarh,2023-10-28,True
5082, Neha Singh ,neha.singh142@outlook.com,+91-7183164571,Other,22.0,Hyderabad,Telangana,2019-10-05,True
5156, Rajesh Das,rajesh.das873@yahoo.com,+91-8652779195,Other,63.0,Jaipur,Rajasthan,2019-04-28,True
6041, Preeti Pillai ,preeti.pillai@yahoo.com,+91-8256799131,,27.0,Patna,Bihar,2024-07-31,True
7013,Radha Bose,radha.bose837@outlook.com,+91-7526092225,Male,50.0,Coimbatore,Tamil Nadu,2021-12-11,False
7055, Bhavna Malhotra,bhavna.malhotra@gmail.com,+91-8322122280,Other,47.0,Bangalore,Karnataka,2026-04-26,True
7480, Kavya Joshi ,kavya.joshi417@yahoo.com,+91-9918765452,Male,26.0,Chandigarh,Chandigarh,2023-09-25,True
7176, Meera Patil ,meera.patil@gmail.com,+91-8032896391,Female,49.0,Jaipur,Rajasthan,2023-06-25,True
6651, Varun Joshi,varun.joshi855@gmail.com,+91-7229528375,Male,31.0,Jaipur,Rajasthan,2020-05-24,False
5184,Vikram Rao,vikram.rao@gmail.com,+91-7606207372,Female,39.0,Bhopal,Madhya Pradesh,2019-10-23,False
5611,Simran Iyer,simran.iyer512@yahoo.com,+91-8563517192,Female,45.0,Hyderabad,Telangana,2024-06-27,False
5618,Karan Kumar ,karan.kumar@gmail.com,+91-7206400977,Female,22.0,Mumbai,Maharashtra,2022-08-04,False
5881, Tarun Kumar ,tarun.kumar@yahoo.com,+91-8338864988,Male,49.0,Chennai,Tamil Nadu,2024-11-15,False
7245, Mohit Shah ,mohit.shah474@yahoo.com,+91-8526320760,,50.0,Surat,Gujarat,2019-06-03,False
6229, Kunal Sharma ,kunal.sharma@yahoo.com,+91-9701254214,Female,39.0,Bangalore,Karnataka,2019-08-01,False
7582,neha iyer,neha.iyer@gmail.com,+91-8186377938,,62.0,Jaipur,Rajasthan,2020-03-31,True
5319,Yash Pillai,yash.pillai@yahoo.com,+91-7114887412,Other,48.0,Coimbatore,Tamil Nadu,2025-11-29,False
6727, Karan Gupta ,karan.gupta@gmail.com,+91-9523564109,Other,41.0,Coimbatore,Tamil Nadu,2023-06-26,False
5161,Sneha Nair,sneha.nair@gmail.com,+91-7902540831,,44.0,Mumbai,Maharashtra,2022-11-16,False
7842,Pooja Bose,pooja.bose@gmail.com,,Male,55.0,Delhi,Delhi,2020-05-07,False
5362,Gaurav Iyer,gaurav.iyer@gmail.com,+91-9120485761,Female,36.0,Kolkata,West Bengal,2020-04-11,False
6076,Gaurav Mehta ,gaurav.mehta@gmail.com,+91-9377567455,Other,52.0,Nashik,Maharashtra,2019-09-14,False
6939,Suresh Gupta,suresh.gupta472@yahoo.com,+91-9281310590,Female,65.0,Ranchi,Jharkhand,2024-02-17,False
5095, Pallavi Bose ,pallavi.bose@gmail.com,+91-7789426312,Other,25.0,Lucknow,Uttar Pradesh,2023-05-27,False
7717,Gaurav Pillai,gaurav.pillai@yahoo.com,+91-8503021082,Male,62.0,Ranchi,Jharkhand,2021-05-25,False
7959,MOHIT KHAN ,mohit.khan@outlook.com,+91-9556642251,Female,31.0,Kochi,Kerala,2022-09-25,True
6280, Priya Shah,priya.shah@gmail.com,+91-8704293446,Female,26.0,Pune,Maharashtra,2024-09-28,False
5334,preeti shah,preeti.shah@outlook.com,+91-9802820575,Other,51.0,Patna,Bihar,2024-03-12,True
7612,MANISH CHOPRA,manish.chopra@gmail.com,+91-8991440879,Male,47.0,Chandigarh,Chandigarh,2021-10-11,False
5459,Ankita Khan,ankita.khan@yahoo.com,+91-7592585582,Female,58.0,Bhopal,Madhya Pradesh,2019-10-16,False
7855, Sneha Pillai ,sneha.pillai@gmail.com,+91-8044772292,Other,52.0,Nagpur,Maharashtra,2022-08-22,False
7529, Kunal Reddy,kunal.reddy@gmail.com,+91-9374680148,,49.0,Coimbatore,Tamil Nadu,2023-04-24,False
7195,Neha Reddy,neha.reddy@outlook.com,+91-8041741356,,56.0,Chandigarh,Chandigarh,2022-04-07,True
6321,Yash Kumar,yash.kumar@yahoo.com,+91-9099509308,Male,37.0,Bangalore,Karnataka,2019-08-25,False
5509, yash kulkarni ,yash.kulkarni617@outlook.com,+91-7225096375,Female,55.0,Chandigarh,Chandigarh,2025-07-12,True
7354,tarun iyer ,tarun.iyer@yahoo.com,+91-8398939981,Other,36.0,Ranchi,Jharkhand,2020-09-20,False
5448, Arjun Shah ,arjun.shah839@yahoo.com,+91-9040491806,,41.0,Chennai,Tamil Nadu,2023-06-12,False
5447,Deepak Patil ,deepak.patil528@yahoo.com,+91-9516386167,Other,64.0,Kochi,Kerala,2022-02-03,False
5975,Kunal Shah,kunal.shah@yahoo.com,+91-8655137092,Female,20.0,Kolkata,West Bengal,2021-07-19,True
5779,Rajesh Das,rajesh.das@outlook.com,+91-8118675369,Other,55.0,Ahmedabad,Gujarat,2020-03-20,True
6045,Neha Rao,neha.rao@yahoo.com,+91-9531103505,Male,47.0,Lucknow,Uttar Pradesh,2021-06-21,False
7574, Rajesh Kumar ,rajesh.kumar@gmail.com,+91-7269875469,,44.0,Coimbatore,Tamil Nadu,2021-01-12,True
5654, Mohit Khan,mohit.khan@yahoo.com,+91-9003844702,Other,51.0,Bhopal,Madhya Pradesh,2024-08-24,False
5347,Varun Iyer,varun.iyergmail.com,+91-8130166058,,42.0,Delhi,Delhi,2026-01-18,False
5127, Mohit Nair ,mohit.nair864@gmail.com,+91-7989647534,Male,56.0,Chennai,Tamil Nadu,2020-12-20,False
7117,Radha Sharma,radha.sharma@outlook.com,,Male,57.0,Kochi,Kerala,2021-11-19,False
5340,SWATI REDDY,swati.reddy@gmail.com,+91-8161376110,Male,45.0,Ranchi,Jharkhand,2024-10-07,False
7317, Priya Chopra,priya.chopra@outlook.com,+91-8053113875,,51.0,Hyderabad,Telangana,2023-03-14,False
6089, Rahul Das,rahul.das@gmail.com,+91-7758086988,Male,28.0,Chandigarh,Chandigarh,2024-06-14,False
6465,Ankita Bose,ankita.bose@gmail.com,+91-9300535534,Male,62.0,Ahmedabad,Gujarat,2019-12-04,True
6019, Divya Reddy ,divya.reddy@gmail.com,+91-7872938631,Male,49.0,Bangalore,Karnataka,2023-01-01,True
6470,Divya Pillai ,divya.pillai655@gmail.com,+91-8200092853,Male,23.0,Chandigarh,Chandigarh,2023-12-18,False
5974,ANKITA PATIL,ankita.patil@yahoo.com,+91-8517742680,Male,42.0,Chandigarh,Chandigarh,2020-08-30,False
6039,Bhavna Mehta,bhavna.mehta829@outlook.com,+91-9139804064,Female,44.0,Chennai,Tamil Nadu,2021-05-02,False
7763,Meera Reddy,meera.reddy@yahoo.com,+91-8436085300,Other,57.0,Coimbatore,Tamil Nadu,2021-08-23,True
7496,Anjali Das,anjali.das438@yahoo.com,+91-9750405779,Other,38.0,Ranchi,Jharkhand,2022-11-22,False
6989, Radha Rao ,radha.rao504@gmail.com,+91-9661214331,,27.0,Chennai,Tamil Nadu,2023-06-23,False
5551, Nikhil Sharma ,nikhil.sharma@yahoo.com,+91-7313320669,Other,34.0,Delhi,Delhi,2024-09-20,False
6052,Nisha Patil,nisha.patil@gmail.com,+91-8591245761,,31.0,Kolkata,West Bengal,2019-12-05,False
5375,Gaurav Rao,gaurav.rao@yahoo.com,+91-7639575231,Female,64.0,Hyderabad,Telangana,2020-02-13,True
6783, Ritu Reddy ,ritu.reddy@gmail.com,+91-8460801220,Other,32.0,Ahmedabad,Gujarat,2024-01-16,False
5484,Isha Rao,isha.raogmail.com,+91-8665587577,,44.0,Kochi,Kerala,2025-06-06,True
5888,PALLAVI SHAH,pallavi.shah378@gmail.com,+91-7882524811,Male,35.0,Nashik,Maharashtra,2021-06-12,False
5401, Yash Iyer,yash.iyergmail.com,+91-7040090318,,56.0,Ahmedabad,Gujarat,2022-08-16,True
5263, Kunal Rao ,kunal.rao@outlook.com,+91-8842746464,Other,23.0,Surat,Gujarat,2020-03-28,False
7080,Vikram Iyer,vikram.iyer@outlook.com,+91-8746283939,Other,26.0,Bhopal,Madhya Pradesh,2023-05-16,False
7650,Karan Malhotra,karan.malhotra@yahoo.com,+91-9983694046,Female,24.0,Bhopal,Madhya Pradesh,2022-05-19,False
5992,rajesh chopra,rajesh.chopra@gmail.com,+91-8172869297,Other,61.0,Ranchi,Jharkhand,2021-09-26,True
6820, Tarun Rao ,tarun.rao542@gmail.com,+91-7848090261,Female,62.0,Delhi,Delhi,2019-12-05,False
5821,Simran Iyer ,simran.iyer905@yahoo.com,+91-9620133431,Female,41.0,Coimbatore,Tamil Nadu,2025-06-13,False
5472,Neha Das,neha.das@outlook.com,+91-7826953039,Female,63.0,Surat,Gujarat,2019-01-12,False
7415,Sneha Shah,sneha.shah530@outlook.com,+91-9758526232,Male,38.0,Coimbatore,Tamil Nadu,2020-08-28,True
5944,DEEPAK KHAN,deepak.khan@yahoo.com,+91-8428812245,,51.0,Pune,Maharashtra,2022-06-13,False
5451,Anjali Patil,anjali.patil580@yahoo.com,+91-7335582199,,45.0,Jaipur,Rajasthan,2026-01-20,False
6687,sanjay iyer,sanjay.iyergmail.com,+91-9189451101,,30.0,Lucknow,Uttar Pradesh,2024-07-29,False
7475, preeti verma ,preeti.verma202@outlook.com,+91-7680125476,,62.0,Bangalore,Karnataka,2020-11-05,False
7224,Kunal Rao,kunal.rao@gmail.com,+91-7859133822,Male,43.0,Bangalore,Karnataka,2022-09-08,False
7385,Pooja Singh,pooja.singh733@gmail.com,+91-8830743581,Female,56.0,Coimbatore,Tamil Nadu,2022-05-04,False
6947, deepak bose,deepak.bose@outlook.com,+91-9471230295,Female,51.0,Hyderabad,Telangana,2022-09-17,False
6312, Rohan Mehta ,rohan.mehta574@gmail.com,+91-8306420702,Other,34.0,Pune,Maharashtra,2025-09-16,False
6531,Suresh Bose ,suresh.bose@yahoo.com,+91-8416292613,,51.0,Chennai,Tamil Nadu,2025-04-30,False
6439,Arjun Gupta ,arjun.gupta892@yahoo.com,+91-9839779962,Other,44.0,Kochi,Kerala,2020-03-27,False
5394,Aisha Das,aisha.das@gmail.com,+91-7616422292,Other,39.0,Nashik,Maharashtra,2025-03-06,False
7898,Swati Sharma,swati.sharma@outlook.com,+91-9844791233,Male,18.0,Kolkata,West Bengal,2024-06-07,True
7918,vikram shah,vikram.shah@yahoo.com,+91-8461780275,Female,38.0,Chennai,Tamil Nadu,2021-04-16,False
7003, Vikram Rao ,vikram.rao@outlook.com,+91-8351150784,Male,22.0,Mumbai,Maharashtra,2019-01-12,False
5676, PALLAVI MALHOTRA,pallavi.malhotra957@yahoo.com,+91-9323885995,Other,22.0,Lucknow,Uttar Pradesh,2021-06-25,False
5824,Nisha Joshi,nisha.joshi@gmail.com,+91-8333073270,Male,61.0,Patna,Bihar,2022-10-21,True
5127, Mohit Nair ,mohit.nair864@gmail.com,+91-7989647534,Male,56.0,Chennai,Tamil Nadu,2020-12-20,False
6513,Vikram Gupta,vikram.gupta449@gmail.com,+91-8238718324,Female,54.0,Lucknow,Uttar Pradesh,2021-08-28,False
7065, Ritu Bose ,,+91-8024361311,Male,58.0,Ahmedabad,Gujarat,2022-07-10,False
6508,vikram singh,vikram.singh@yahoo.com,+91-7548086193,Female,43.0,Kochi,Kerala,2026-07-24,True
6747, Divya Kumar ,divya.kumar@gmail.com,+91-9493002227,Male,20.0,Ranchi,Jharkhand,2019-09-08,False
5302, Swati Malhotra,swati.malhotra807@gmail.com,+91-9109025475,Male,39.0,Surat,Gujarat,2020-03-14,False
6151,PREETI SHARMA,preeti.sharma735@gmail.com,+91-7927623275,Male,23.0,Patna,Bihar,2024-12-30,True
7497,Pallavi Kumar,pallavi.kumar16@yahoo.com,+91-9541793610,Male,32.0,Bhopal,Madhya Pradesh,2023-06-17,False
7971, Divya Singh ,divya.singh@yahoo.com,+91-8743622123,,34.0,Patna,Bihar,2021-11-22,True
7310,Bhavna Iyer ,bhavna.iyer@yahoo.com,+91-7422450234,Female,24.0,Lucknow,Uttar Pradesh,2020-08-24,False
6844,Ankita Verma,ankita.verma738@outlook.com,+91-7549717754,Female,30.0,Jaipur,Rajasthan,2024-09-09,False
5480,Anjali Sharma,anjali.sharma854@outlook.com,+91-8994616629,,35.0,Hyderabad,Telangana,2022-07-04,True
7052, Aditya Das,aditya.das@yahoo.com,+91-9220614076,Male,18.0,Chandigarh,Chandigarh,2026-07-11,False
5561,AISHA SINGH,aisha.singh926@outlook.com,+91-8236609144,Female,22.0,Nagpur,Maharashtra,2022-05-28,False
7272, mohit bose,mohit.bose@gmail.com,+91-8466762804,Male,44.0,Nagpur,Maharashtra,2022-02-19,False
6807, Ankita Mehta,ankita.mehta@yahoo.com,+91-8068240739,Other,51.0,Bhopal,Madhya Pradesh,2023-10-01,True
7297,Ritu Reddy,ritu.reddy263@outlook.com,+91-7143907254,Other,59.0,Patna,Bihar,2020-06-03,False
5773,AMIT RAO,amit.rao@outlook.com,+91-8727080713,Male,55.0,Patna,Bihar,2025-02-02,False
6785, karan joshi ,karan.joshi@yahoo.com,+91-7900702203,Female,64.0,Kolkata,West Bengal,2021-08-07,True
6925, Shreya Malhotra,shreya.malhotra@yahoo.com,+91-7362428991,Male,64.0,Indore,Madhya Pradesh,2026-02-04,False
6343,Neha Patil,neha.patil@outlook.com,+91-8436233933,Other,38.0,Ahmedabad,Gujarat,2023-12-30,False
7134,Manish Mehta,manish.mehta31@yahoo.com,+91-7734418203,,65.0,Chandigarh,Chandigarh,2026-03-29,False
7993,Nikhil Malhotra,nikhil.malhotra@yahoo.com,+91-7456150993,,25.0,Bangalore,Karnataka,2021-09-30,True
5842,Suresh Reddy,suresh.reddy@gmail.com,+91-8624914475,Other,63.0,Mumbai,Maharashtra,2025-12-14,False
7939,Aisha Nair,aisha.nair@gmail.com,+91-7173617257,Female,50.0,Ranchi,Jharkhand,2019-03-31,False
7719, Manish Mehta ,manish.mehta965@yahoo.com,+91-7172272559,Female,37.0,Delhi,Delhi,2022-04-09,False
6297, POOJA SHAH ,pooja.shah10@outlook.com,+91-9145204750,Male,55.0,Patna,Bihar,2021-05-29,False
6210,SIMRAN DAS,simran.das@outlook.com,+91-9883215892,Male,18.0,Ranchi,Jharkhand,2020-09-05,False
7296,Pallavi Shah,pallavi.shah667@yahoo.com,+91-9018790205,,58.0,Kolkata,West Bengal,2020-10-03,False
7766, Aisha Patil ,aisha.patil993@yahoo.com,+91-9917531888,Male,,Lucknow,Uttar Pradesh,2019-08-08,False
7523, Anjali Singh ,anjali.singh314@yahoo.com,+91-9001682844,,31.0,Bhopal,Madhya Pradesh,2024-06-05,False
7445,Simran Khan,simran.khan@outlook.com,+91-7722161102,Male,37.0,Delhi,Delhi,2021-11-05,False
5718,Gaurav Reddy,gaurav.reddy685@outlook.com,+91-9143048139,Female,44.0,Kochi,Kerala,2024-05-07,False
5041,Gaurav Sharma,gaurav.sharma@gmail.com,+91-8764741984,Other,26.0,Coimbatore,Tamil Nadu,2024-01-21,False
7914,Aisha Pillai,aisha.pillai925@outlook.com,+91-9133570749,Other,48.0,Indore,Madhya Pradesh,2021-03-14,False
7186,Rajesh Pillai ,rajesh.pillai263@outlook.com,+91-8588655019,,47.0,Surat,Gujarat,2025-12-24,False
5012, Suresh Bose ,suresh.bose@outlook.com,+91-9761307810,Female,51.0,Hyderabad,Telangana,2020-01-08,False
5663,Simran Singh ,simran.singh@gmail.com,+91-9536289152,Female,30.0,Bhopal,Madhya Pradesh,2023-12-02,False
7670,Nisha Gupta ,nisha.gupta@yahoo.com,+91-8364321965,Female,30.0,Bangalore,Karnataka,2019-09-16,True
6015, AISHA SHARMA ,aisha.sharma123@gmail.com,+91-7479943846,,61.0,Hyderabad,Telangana,2024-04-25,False
7010,Manish Patil ,manish.patil34@gmail.com,+91-9723757494,Male,37.0,Ahmedabad,Gujarat,2021-07-20,False
5584,Radha Gupta,radha.gupta@outlook.com,+91-9115741000,Female,54.0,Coimbatore,Tamil Nadu,2021-09-25,False
6702, Pallavi Iyer,pallavi.iyer@outlook.com,+91-8467263580,Other,18.0,Jaipur,Rajasthan,2023-01-03,False
7011,VARUN KUMAR ,varun.kumar125@gmail.com,+91-7979876826,,31.0,Pune,Maharashtra,2023-10-22,False
7285,Rajesh Kumar,rajesh.kumar@yahoo.com,,Other,56.0,Nagpur,Maharashtra,2023-10-09,True
7225,Ankita Joshi,ankita.joshi@yahoo.com,+91-8934379245,,,Bangalore,Karnataka,2024-05-06,True
7720,Pooja Reddy,pooja.reddy@yahoo.com,+91-8794448209,,30.0,Ahmedabad,Gujarat,2025-03-16,False
5359,Bhavna Verma,bhavna.verma@gmail.com,+91-7498230418,,33.0,Kochi,Kerala,2022-09-21,False
7694,Simran Shah ,simran.shah831@outlook.com,+91-7641393486,,21.0,Kochi,Kerala,2022-03-09,True
6920,Ritu Nair ,ritu.nair111@yahoo.com,+91-8864639355,Other,31.0,Chennai,Tamil Nadu,2022-12-20,True
5853,Varun Malhotra,varun.malhotra@gmail.com,+91-7809872027,Female,46.0,Mumbai,Maharashtra,2026-02-24,False
5105,Anjali Rao,anjali.rao997@outlook.com,+91-7172018152,Male,43.0,Lucknow,Uttar Pradesh,2023-06-22,False
5235, Manish Singh,manish.singh155@yahoo.com,+91-8509894802,Female,37.0,Bangalore,Karnataka,2025-11-04,False
5695, Sanjay Nair ,sanjay.nair@yahoo.com,,Other,59.0,Patna,Bihar,2024-05-25,True
5194,Aisha Joshi,aisha.joshi@outlook.com,+91-8670861913,Male,38.0,Surat,Gujarat,2024-02-28,True
6561,Gaurav Reddy,gaurav.reddy4@yahoo.com,+91-7150504789,Female,32.0,Mumbai,Maharashtra,2025-10-19,False
5617,Radha Mehta ,radha.mehtagmail.com,+91-8150168857,Other,61.0,Jaipur,Rajasthan,2022-07-22,True
6929,Tarun Joshi,tarun.joshi@gmail.com,+91-8065924545,Female,32.0,Nashik,Maharashtra,2025-03-25,False
6049,Anjali Gupta,anjali.gupta107@outlook.com,,Male,44.0,Surat,Gujarat,2022-03-14,False
6056,Varun Mehta ,varun.mehta@outlook.com,,Female,47.0,Mumbai,Maharashtra,2021-09-04,False
6966,DIVYA SINGH,divya.singh@outlook.com,+91-7107382463,Female,56.0,Kolkata,West Bengal,2019-10-25,False
6157,Swati Verma,swati.verma@yahoo.com,+91-8452832528,Other,52.0,Surat,Gujarat,2026-01-04,False
5514, Priya Reddy ,priya.reddy463@outlook.com,+91-9585141066,Male,40.0,Ranchi,Jharkhand,2020-08-24,False
6595,Divya Khan,divya.khan@outlook.com,+91-8892782501,,24.0,Nashik,Maharashtra,2019-08-11,False
5634,Karan Chopra,karan.chopra@gmail.com,+91-9830161657,Female,47.0,Ranchi,Jharkhand,2023-01-19,True
5385,Yash Patil,yash.patil@yahoo.com,+91-9591127137,Other,45.0,Hyderabad,Telangana,2024-10-27,False
6543,RAHUL KHAN,rahul.khan@outlook.com,+91-8914198077,Male,31.0,Coimbatore,Tamil Nadu,2021-11-17,False
7396,Simran Mehta,simran.mehta@gmail.com,+91-7853194726,Male,20.0,Ranchi,Jharkhand,2020-10-29,False
5850,Preeti Kumar,preeti.kumar@gmail.com,+91-8966176295,Male,26.0,Ahmedabad,Gujarat,2024-02-05,False
7350, Rohan Singh ,rohan.singh@outlook.com,+91-7702337934,Other,32.0,Nashik,Maharashtra,2025-05-07,False
5714, Sneha Shah ,sneha.shah@yahoo.com,+91-7922293008,,33.0,Jaipur,Rajasthan,2026-02-09,False
6542,Sanjay Reddy,sanjay.reddy@yahoo.com,+91-8382415351,,43.0,Chandigarh,Chandigarh,2019-02-27,True
7752, Arjun Singh,arjun.singh155@gmail.com,+91-9702584123,Other,55.0,Chandigarh,Chandigarh,2021-11-18,True
7339,Priya Das,priya.das661@outlook.com,+91-8550769063,Male,63.0,Mumbai,Maharashtra,2022-05-25,False
6583, Manish Nair,manish.nair160@gmail.com,+91-9873148284,Female,27.0,Bhopal,Madhya Pradesh,2024-09-08,True
5090,Manish Kumar,manish.kumar@gmail.com,+91-9825658319,Female,42.0,Chennai,Tamil Nadu,2020-02-21,False
7366,Rahul Joshi,rahul.joshi757@gmail.com,+91-9260406588,Male,56.0,Kochi,Kerala,2025-06-06,False
6183, Manish Malhotra ,manish.malhotra@yahoo.com,+91-8859202726,,61.0,Jaipur,Rajasthan,2022-08-23,True
7973, Rahul Malhotra ,rahul.malhotra@outlook.com,+91-7776901266,Other,51.0,Hyderabad,Telangana,2019-01-05,False
5308,Anjali Nair,anjali.nair@outlook.com,+91-8916140269,Female,60.0,Ranchi,Jharkhand,2023-09-02,False
6311, Varun Mehta,varun.mehta326@gmail.com,+91-8657239370,Female,20.0,Delhi,Delhi,2022-04-19,False
6372,Vikram Sharma,vikram.sharma@yahoo.com,+91-9376218145,Female,,Kolkata,West Bengal,2025-01-02,True
6757,Aditya Singh ,aditya.singh245@gmail.com,+91-9605444803,,38.0,Chandigarh,Chandigarh,2025-05-22,True
6171, VARUN PILLAI,varun.pillai@gmail.com,+91-9965838767,,37.0,Bangalore,Karnataka,2024-06-25,False
6363,Anjali Iyer,anjali.iyer@gmail.com,+91-7582586263,,20.0,Nashik,Maharashtra,2019-05-04,True
5743, Swati Patil,swati.patil213@yahoo.com,+91-8077353552,,40.0,Indore,Madhya Pradesh,2020-05-09,False
6590,meera rao,meera.rao946@outlook.com,+91-7280046366,Other,21.0,Hyderabad,Telangana,2024-10-29,False
5922,Amit Kulkarni,amit.kulkarni@gmail.com,+91-8553746417,Female,24.0,Ahmedabad,Gujarat,2025-09-14,True
5211,Priya Chopra ,priya.chopra@yahoo.com,+91-8873122515,,29.0,Pune,Maharashtra,2023-08-27,False
7674,Ritu Patil ,ritu.patil@outlook.com,+91-9904795827,Other,22.0,Bangalore,Karnataka,2025-04-20,True
5384,Sneha Bose ,sneha.bose993@gmail.com,+91-9775636597,Other,51.0,Jaipur,Rajasthan,2023-04-01,False
5691,Pooja Pillai ,pooja.pillai@outlook.com,+91-7127491588,,44.0,Bhopal,Madhya Pradesh,2021-01-18,False
5709,Divya Malhotra,divya.malhotra@yahoo.com,+91-7793913402,,32.0,Ahmedabad,Gujarat,2024-12-01,False
5403,Karan Malhotra,karan.malhotra@yahoo.com,+91-9569150235,Other,64.0,Ahmedabad,Gujarat,2019-04-12,True
5702, pooja kulkarni ,pooja.kulkarni@outlook.com,+91-7591207661,,54.0,Kolkata,West Bengal,2019-08-08,False
6710, Kavya Joshi,kavya.joshi@outlook.com,+91-9240705609,,45.0,Mumbai,Maharashtra,2019-09-08,True
5999,Isha Iyer,isha.iyer146@outlook.com,+91-9219992445,Other,24.0,Patna,Bihar,2023-03-29,False
7111, Ankita Joshi,ankita.joshi@yahoo.com,,Other,51.0,Nashik,Maharashtra,2021-10-13,False
5544,Gaurav Malhotra ,gaurav.malhotra806@outlook.com,+91-7712938537,Female,23.0,Pune,Maharashtra,2021-04-26,False
6208,Mohit Bose,mohit.bose@yahoo.com,+91-7312745244,Male,29.0,Patna,Bihar,2024-04-20,False
5404, Isha Shah,isha.shah@gmail.com,+91-9591327130,Female,39.0,Nagpur,Maharashtra,2025-11-30,False
7701, Simran Patil,simran.patil107@gmail.com,+91-8724967740,Male,64.0,Kochi,Kerala,2022-04-19,False
6083, Shreya Rao,shreya.rao@outlook.com,+91-8107879877,Male,35.0,Nashik,Maharashtra,2020-10-10,False
7251,Radha Rao ,radha.rao786@yahoo.com,+91-8912923893,Female,37.0,Mumbai,Maharashtra,2022-06-12,False
7624, Amit Singh,amit.singh115@yahoo.com,+91-9843337624,,45.0,Surat,Gujarat,2025-04-10,False
5442,Mohit Khan,mohit.khan18@yahoo.com,+91-8697430339,Other,29.0,Kochi,Kerala,2024-07-23,True
6524,Aisha Iyer,aisha.iyer@gmail.com,+91-8680148276,Female,59.0,Ranchi,Jharkhand,2024-02-29,False
7690,Pooja Gupta,pooja.gupta@yahoo.com,+91-9694740052,Male,31.0,Ahmedabad,Gujarat,2026-07-19,False
7222, Gaurav Kumar ,gaurav.kumargmail.com,+91-7779183386,Male,28.0,Pune,Maharashtra,2020-04-30,False
7336,Shreya Sharma ,shreya.sharma184@gmail.com,+91-9716350248,Male,62.0,Nagpur,Maharashtra,2024-04-29,False
6984,Aisha Nair,aisha.nair@outlook.com,+91-7561429562,,21.0,Hyderabad,Telangana,2025-10-23,False
6533, Rohan Singh ,rohan.singhgmail.com,+91-7879000027,Other,50.0,Patna,Bihar,2021-04-15,False
5559,Radha Patil,radha.patil@outlook.com,+91-8355730381,Male,29.0,Indore,Madhya Pradesh,2026-04-24,False
5861,Bhavna Sharma ,bhavna.sharma@gmail.com,+91-7440840967,Female,37.0,Ahmedabad,Gujarat,2019-07-07,True
6134,Mohit Khan,mohit.khan@outlook.com,+91-9933953384,Male,55.0,Lucknow,Uttar Pradesh,2022-02-26,False
6502,Yash Kulkarni,yash.kulkarni947@outlook.com,+91-9905474332,,23.0,Lucknow,Uttar Pradesh,2025-06-16,False
7860,Amit Kulkarni,amit.kulkarni950@gmail.com,+91-7298358351,,38.0,Surat,Gujarat,2025-07-21,True
7810,Aditya Kulkarni,aditya.kulkarni256@outlook.com,+91-7946690011,Other,48.0,Kochi,Kerala,2020-11-01,True
5087,Priya Malhotra,priya.malhotra@yahoo.com,+91-7370109806,Other,19.0,Lucknow,Uttar Pradesh,2023-09-26,False
5546,Simran Nair,simran.nair@gmail.com,+91-7647170344,,44.0,Ranchi,Jharkhand,2019-09-14,False
6597,Varun Iyer,varun.iyer@outlook.com,+91-8149852473,Other,45.0,Nashik,Maharashtra,2020-03-16,False
5463,Harsh Das,harsh.das@outlook.com,+91-7528917294,Other,23.0,Ahmedabad,Gujarat,2024-04-05,False
6949,Varun Bose,varun.bose@yahoo.com,+91-7976358400,Other,23.0,Kolkata,West Bengal,2020-10-30,True
5815,radha sharma ,radha.sharma@outlook.com,+91-7498045331,Male,56.0,Lucknow,Uttar Pradesh,2022-05-08,False
5854,Nikhil Verma,nikhil.verma@outlook.com,+91-7186870091,Male,55.0,Jaipur,Rajasthan,2024-01-17,False
7023,Divya Mehta ,divya.mehta@outlook.com,+91-7533302235,Male,37.0,Jaipur,Rajasthan,2020-06-27,False
7184,DIVYA JOSHI,divya.joshi@yahoo.com,+91-9452097283,Other,54.0,Mumbai,Maharashtra,2021-06-13,False
6665,rahul gupta,rahul.gupta@gmail.com,+91-8882580223,Female,61.0,Bangalore,Karnataka,2019-07-29,False
6006,Yash Bose,yash.bose@outlook.com,+91-8687269001,Male,33.0,Ranchi,Jharkhand,2021-10-02,False
5234,Bhavna Nair ,bhavna.nair@gmail.com,+91-7377855087,,62.0,Bhopal,Madhya Pradesh,2022-01-15,False
5395,SANJAY RAO ,sanjay.rao@yahoo.com,+91-8611310306,Female,32.0,Chandigarh,Chandigarh,2019-01-02,True
6603, Neha Mehta ,neha.mehta@outlook.com,+91-9601763232,Other,63.0,Ahmedabad,Gujarat,2025-03-02,True
5189,Preeti Sharma,preeti.sharma498@yahoo.com,+91-8450731784,Male,44.0,Lucknow,Uttar Pradesh,2020-12-15,False
7096, Rajesh Sharma ,rajesh.sharma@outlook.com,+91-8027513769,Male,,Mumbai,Maharashtra,2025-07-16,True
5614, ARJUN PATIL ,arjun.patil@gmail.com,+91-8640310508,,34.0,Coimbatore,Tamil Nadu,2024-08-06,False
5437,ISHA KHAN,isha.khan@gmail.com,+91-9510371550,,62.0,Chandigarh,Chandigarh,2019-06-23,True
5164, Nikhil Mehta ,nikhil.mehta709@yahoo.com,+91-9752685644,Female,26.0,Nagpur,Maharashtra,2022-12-10,False
6829,Rahul Sharma ,rahul.sharma521@gmail.com,+91-8336825415,Other,51.0,Mumbai,Maharashtra,2022-03-31,False
6219, Neha Sharma ,neha.sharma@gmail.com,+91-7166952795,Male,54.0,Ranchi,Jharkhand,2025-08-01,False
6200,Vikram Kulkarni,vikram.kulkarni@yahoo.com,+91-8856516005,Male,37.0,Chandigarh,Chandigarh,2024-12-02,False
5820,Ritu Malhotra ,ritu.malhotra782@yahoo.com,+91-9189715841,Female,24.0,Hyderabad,Telangana,2019-02-22,False
6547,Anjali Malhotra,anjali.malhotra389@yahoo.com,+91-7752038619,Female,46.0,Surat,Gujarat,2019-08-20,True
5515,Suresh Rao,suresh.rao@yahoo.com,+91-7617938716,Male,63.0,Delhi,Delhi,2021-01-17,True
5776,Aditya Gupta ,aditya.gupta23@gmail.com,+91-9331403204,,33.0,Indore,Madhya Pradesh,2025-11-15,False
6469,Ritu Sharma,ritu.sharma@outlook.com,+91-7845370680,Female,50.0,Nagpur,Maharashtra,2025-04-24,False
7133,Kunal Pillai,kunal.pillai811@yahoo.com,+91-8350872714,Other,18.0,Nashik,Maharashtra,2025-05-06,False
7014,Vikram Reddy ,vikram.reddy575@gmail.com,+91-8385023212,,60.0,Bangalore,Karnataka,2024-03-09,False
5487, Preeti Mehta ,preeti.mehta165@gmail.com,+91-8570326574,Other,,Hyderabad,Telangana,2023-04-15,False
7658, ankita verma,ankita.verma136@gmail.com,+91-9754215323,Female,34.0,Delhi,Delhi,2019-09-13,False
5793,Varun Nair,varun.nair@outlook.com,+91-8975479464,,27.0,Hyderabad,Telangana,2019-02-28,False
7905,RAHUL KULKARNI,rahul.kulkarni115@gmail.com,+91-9295479977,Male,57.0,Lucknow,Uttar Pradesh,2022-04-19,False
5583, Meera Sharma ,meera.sharma@gmail.com,+91-8433336594,Male,44.0,Chandigarh,Chandigarh,2026-07-18,False
5578,Isha Mehta,isha.mehta@gmail.com,+91-7261589781,Female,26.0,Ahmedabad,Gujarat,2019-04-04,True
6412, Neha Nair,neha.nair390@yahoo.com,+91-9407998450,Female,38.0,Delhi,Delhi,2021-04-13,False
5748,Sanjay Patil,sanjay.patil@yahoo.com,+91-9788104622,Female,33.0,Pune,Maharashtra,2023-08-31,True
7038, ritu iyer ,ritu.iyer782@gmail.com,+91-8173055817,Female,60.0,Nashik,Maharashtra,2026-01-17,False
7232,rohan sharma,rohan.sharma@outlook.com,+91-7536559169,Female,38.0,Pune,Maharashtra,2024-01-30,False
7047,ARJUN JOSHI,arjun.joshi215@outlook.com,+91-7766644916,Male,34.0,Jaipur,Rajasthan,2022-09-25,False
5566, Rahul Iyer ,rahul.iyer@yahoo.com,+91-8335192527,Other,62.0,Bhopal,Madhya Pradesh,2023-03-01,True
7509,Swati Gupta,swati.gupta@gmail.com,+91-8396343156,Male,43.0,Patna,Bihar,2023-08-22,False
6885,Gaurav Khan,gaurav.khan344@outlook.com,+91-9061566841,Other,28.0,Bangalore,Karnataka,2020-05-27,True
6850,Aditya Gupta ,aditya.gupta105@gmail.com,+91-7075098536,Male,47.0,Nashik,Maharashtra,2024-02-17,True
5580,Sneha Kulkarni,sneha.kulkarni448@yahoo.com,+91-8626152367,,43.0,Pune,Maharashtra,2019-08-17,True
7941,Suresh Gupta ,suresh.gupta@outlook.com,+91-9980074286,Female,53.0,Coimbatore,Tamil Nadu,2025-11-25,False
6290, Manish Das ,manish.das557@gmail.com,+91-7331734210,,65.0,Jaipur,Rajasthan,2021-05-25,True
6593,rohan shah,rohan.shah232@outlook.com,+91-9479158321,Female,36.0,Nashik,Maharashtra,2024-07-18,False
5803, Pooja Mehta,pooja.mehta@outlook.com,+91-7487589712,Other,48.0,Patna,Bihar,2020-04-19,False
5259,Manish Malhotra,manish.malhotra245@gmail.com,,Male,58.0,Patna,Bihar,2025-05-07,False
5458, Kavya Kumar ,kavya.kumar158@yahoo.com,+91-7187727080,Male,38.0,Jaipur,Rajasthan,2022-10-23,False
5725,Isha Mehta,isha.mehtagmail.com,+91-7339538897,Other,55.0,Kochi,Kerala,2022-03-17,False
5116, Anjali Verma,anjali.verma@gmail.com,+91-7825982505,Other,62.0,Kolkata,West Bengal,2020-01-13,False
6971, Vikram Reddy ,vikram.reddy@outlook.com,+91-8076473547,Female,30.0,Chennai,Tamil Nadu,2020-01-08,True
6104,Varun Khan ,varun.khan377@outlook.com,+91-7903202599,Female,38.0,Nagpur,Maharashtra,2022-04-29,False
7970, Ritu Das,ritu.das648@yahoo.com,+91-9416004371,Female,47.0,Nagpur,Maharashtra,2021-05-19,False
6889, NIKHIL MEHTA,nikhil.mehta380@gmail.com,+91-7436587981,Other,49.0,Bhopal,Madhya Pradesh,2019-06-16,False
6298, Bhavna Singh,bhavna.singh@outlook.com,+91-8926924317,,61.0,Kolkata,West Bengal,2019-03-10,False
7375,Karan Singh ,karan.singh631@gmail.com,+91-8101761011,,18.0,Nashik,Maharashtra,2023-12-19,False
5547,NISHA DAS,nisha.das@yahoo.com,+91-7322857510,Female,28.0,Kolkata,West Bengal,2024-12-12,True
6801, Sneha Singh,sneha.singh@gmail.com,+91-7577365816,Male,36.0,Surat,Gujarat,2024-01-10,False
7252,Varun Nair,varun.nair86@yahoo.com,+91-8520024191,Female,47.0,Chandigarh,Chandigarh,2023-09-16,False
5418,Pooja Iyer ,pooja.iyer111@gmail.com,+91-9228441780,,65.0,Surat,Gujarat,2020-04-15,False
5047,ADITYA VERMA,aditya.verma@outlook.com,+91-7549613425,Male,51.0,Hyderabad,Telangana,2026-01-10,True
5310, Bhavna Patil,bhavna.patil@gmail.com,+91-7866397544,Female,39.0,Chandigarh,Chandigarh,2022-09-02,False
5878,Nikhil Kumar ,nikhil.kumar506@outlook.com,+91-8398946811,Other,47.0,Kochi,Kerala,2022-07-21,False
5721, Sneha Reddy ,sneha.reddy194@yahoo.com,+91-8627684742,Female,20.0,Bhopal,Madhya Pradesh,2026-02-04,False
7362,RADHA PATIL,radha.patil713@outlook.com,+91-9407127167,,29.0,Bhopal,Madhya Pradesh,2025-05-05,False
6525,Manish Kumar,manish.kumar177@yahoo.com,,Other,62.0,Surat,Gujarat,2022-09-21,False
7477,Karan Patil ,karan.patil509@gmail.com,+91-7060171422,Male,23.0,Ahmedabad,Gujarat,2020-02-29,True
6728,Sneha Khan,sneha.khan@yahoo.com,+91-7909907864,Female,38.0,Nagpur,Maharashtra,2019-11-22,False
5947, pooja joshi,pooja.joshi@outlook.com,+91-7887626646,Male,30.0,Chandigarh,Chandigarh,2025-05-26,False
6855,Ritu Singh,ritu.singh@gmail.com,+91-9422166257,Male,43.0,Chandigarh,Chandigarh,2019-11-30,False
7946, Sneha Patil,sneha.patil436@yahoo.com,+91-8497530928,Male,48.0,Mumbai,Maharashtra,2025-11-12,False
6879, Simran Gupta ,simran.gupta694@outlook.com,+91-9184928693,Female,51.0,Chennai,Tamil Nadu,2025-11-17,True
5150, MANISH KHAN,manish.khan@gmail.com,+91-8932041266,,19.0,Jaipur,Rajasthan,2025-12-30,False
6213,Sneha Joshi,sneha.joshi351@yahoo.com,+91-7164744449,Female,33.0,Hyderabad,Telangana,2025-10-16,False
5408,SNEHA JOSHI,sneha.joshi@yahoo.com,+91-7669125181,Male,37.0,Coimbatore,Tamil Nadu,2023-04-05,False
7901,Rahul Mehta,rahul.mehta@gmail.com,+91-9887981536,Female,53.0,Delhi,Delhi,2022-11-28,False
6748, karan bose ,karan.bose@gmail.com,+91-9775229639,Other,55.0,Mumbai,Maharashtra,2022-04-18,False
6340,Manish Malhotra,manish.malhotra@gmail.com,+91-7937412007,Female,,Bangalore,Karnataka,2023-01-09,False
7748,Sneha Mehta,sneha.mehta@outlook.com,+91-8368048838,,32.0,Bangalore,Karnataka,2022-02-08,True
7639,Divya Bose,divya.bose@yahoo.com,+91-8476334527,Other,41.0,Jaipur,Rajasthan,2020-12-11,False
5806, Meera Singh,meera.singh@yahoo.com,+91-8740816778,Female,46.0,Chandigarh,Chandigarh,2019-02-20,False
6454, Harsh Sharma ,harsh.sharma@yahoo.com,+91-7268382989,Female,25.0,Lucknow,Uttar Pradesh,2024-08-06,False
5846,mohit kumar,mohit.kumar@yahoo.com,+91-8854281916,Other,41.0,Kolkata,West Bengal,2022-11-22,True
5625,Sneha Das,sneha.dasgmail.com,+91-7703339876,Male,32.0,Nashik,Maharashtra,2026-02-18,True
7957,Radha Sharma,radha.sharma803@yahoo.com,+91-9559254407,Male,64.0,Bhopal,Madhya Pradesh,2022-06-20,False
6930,Harsh Rao,harsh.rao444@yahoo.com,+91-7387839691,Female,41.0,Patna,Bihar,2025-03-17,False
7169,Nikhil Bose,nikhil.bose@outlook.com,+91-7107836834,,65.0,Kolkata,West Bengal,2019-02-05,False
5193,Rajesh Mehta,rajesh.mehta@gmail.com,+91-9155433381,Other,29.0,Delhi,Delhi,2021-04-19,False
5331, Pallavi Singh ,pallavi.singhgmail.com,+91-9323350941,Female,58.0,Kochi,Kerala,2020-06-21,False
5122,Rajesh Gupta ,rajesh.gupta694@gmail.com,+91-7837964226,Other,32.0,Surat,Gujarat,2019-05-28,False
7900, sneha singh ,sneha.singh409@outlook.com,+91-9078669815,Other,25.0,Ranchi,Jharkhand,2021-09-21,False
6384,Gaurav Rao,gaurav.rao@yahoo.com,+91-9461587538,,32.0,Indore,Madhya Pradesh,2019-04-16,False
5312,Nisha Rao,nisha.rao@gmail.com,+91-9586052355,Female,35.0,Hyderabad,Telangana,2021-11-27,False
6082, Ankita Bose ,ankita.bose770@outlook.com,+91-7793704256,,34.0,Nagpur,Maharashtra,2026-04-01,False
6942,Divya Reddy,divya.reddy255@yahoo.com,+91-9821286952,Male,25.0,Patna,Bihar,2026-03-11,False
6043,Ankita Shah ,ankita.shah619@yahoo.com,+91-8224227033,,32.0,Ranchi,Jharkhand,2023-05-07,False
5741, Harsh Mehta ,harsh.mehta@yahoo.com,+91-7002393396,Other,25.0,Kolkata,West Bengal,2026-05-17,False
6763,Swati Singh,swati.singh783@outlook.com,+91-7181131892,,24.0,Lucknow,Uttar Pradesh,2025-05-12,True
5883,Aisha Khan ,aisha.khan815@outlook.com,+91-8391398094,,62.0,Indore,Madhya Pradesh,2025-12-13,True
7420,pooja shah,pooja.shah@yahoo.com,+91-8455974371,Other,44.0,Indore,Madhya Pradesh,2023-03-19,False
7681,VIKRAM IYER,vikram.iyer@outlook.com,+91-7791393510,Female,61.0,Nashik,Maharashtra,2021-05-01,False
6404,Arjun Singh,arjun.singh@yahoo.com,+91-9734261814,,23.0,Kolkata,West Bengal,2023-12-20,False
7637, Isha Malhotra ,isha.malhotra568@outlook.com,+91-9114731914,Male,47.0,Indore,Madhya Pradesh,2021-07-12,False
6992,VARUN DAS,varun.das@outlook.com,+91-7434237302,,18.0,Mumbai,Maharashtra,2020-12-27,True
7122, Pooja Singh ,pooja.singh@yahoo.com,+91-7635407436,,31.0,Chennai,Tamil Nadu,2020-07-19,False
5018,shreya gupta,shreya.gupta@outlook.com,+91-9154565813,Male,27.0,Bhopal,Madhya Pradesh,2020-06-19,False
5354,Arjun Kulkarni,arjun.kulkarni@yahoo.com,+91-8467870778,Other,20.0,Indore,Madhya Pradesh,2023-01-17,False
5258,Vikram Singh,vikram.singh@outlook.com,+91-8888193863,,64.0,Surat,Gujarat,2019-10-04,True
6263,SNEHA BOSE,sneha.bose788@gmail.com,+91-7525050881,,60.0,Indore,Madhya Pradesh,2020-07-15,False
5863, VIKRAM VERMA,vikram.verma@yahoo.com,+91-7813697090,Female,22.0,Nagpur,Maharashtra,2025-09-27,False
7498,Divya Das,divya.das@gmail.com,+91-7921142628,Female,26.0,Mumbai,Maharashtra,2025-01-22,True
6934,Yash Joshi,yash.joshi@gmail.com,+91-8376301794,,18.0,Bangalore,Karnataka,2024-04-22,False
6529, Aditya Malhotra ,aditya.malhotra@gmail.com,+91-8780819708,Male,35.0,Chennai,Tamil Nadu,2019-09-17,False
5060,Divya Singh,divya.singh460@yahoo.com,,Female,25.0,Patna,Bihar,2022-04-17,False
6612,Meera Mehta,meera.mehta419@gmail.com,+91-7418107352,Female,18.0,Hyderabad,Telangana,2022-04-05,False
7046,Rohan Chopra ,rohan.chopra@gmail.com,+91-9237271723,Other,60.0,Indore,Madhya Pradesh,2023-07-16,False
7241,Harsh Sharma ,harsh.sharma@yahoo.com,+91-8866978800,,24.0,Chennai,Tamil Nadu,2023-08-31,True
6095,Priya Sharma,priya.sharma@gmail.com,+91-9908635015,,38.0,Indore,Madhya Pradesh,2026-05-11,False
5519, Vikram Malhotra ,vikram.malhotra@gmail.com,+91-7786014614,Other,26.0,Ranchi,Jharkhand,2019-10-28,False
5422,Sanjay Joshi ,sanjay.joshi732@outlook.com,+91-9412904744,Other,37.0,Bhopal,Madhya Pradesh,2019-09-24,False
6570, Sanjay Pillai ,sanjay.pillai875@yahoo.com,+91-9736147691,,37.0,Lucknow,Uttar Pradesh,2020-04-27,True
5860,Rahul Shah,rahul.shah@gmail.com,+91-9219293771,,19.0,Nashik,Maharashtra,2021-04-09,False
5013,Divya Das,divya.das@gmail.com,+91-8720926262,Male,51.0,Ranchi,Jharkhand,2021-07-17,False
7353,VARUN DAS,varun.das@yahoo.com,+91-9517647381,Male,49.0,Nagpur,Maharashtra,2024-03-06,True
5372,rajesh chopra,rajesh.chopra509@outlook.com,+91-8743975540,Female,27.0,Bhopal,Madhya Pradesh,2020-10-02,False
5389, sanjay malhotra,sanjay.malhotra282@outlook.com,+91-7367452588,Other,49.0,Surat,Gujarat,2020-01-21,True
7500,Gaurav Khan,,+91-8859463465,Male,38.0,Coimbatore,Tamil Nadu,2023-02-03,False
5420, Suresh Patil,suresh.patil922@outlook.com,+91-7329715532,Male,29.0,Nagpur,Maharashtra,2019-06-24,False
6494,sneha khan ,sneha.khan86@yahoo.com,+91-7573332242,Other,33.0,Nashik,Maharashtra,2021-05-17,False
6712, Simran Singh,simran.singh@yahoo.com,,Female,64.0,Nagpur,Maharashtra,2021-10-07,False
6847,suresh verma,suresh.verma@gmail.com,+91-9216017936,Other,29.0,Bangalore,Karnataka,2025-10-06,False
6099,Neha Singh,neha.singh@outlook.com,+91-8790194205,,65.0,Hyderabad,Telangana,2021-04-26,True
6567, Sanjay Sharma,sanjay.sharma@outlook.com,+91-9753147098,,62.0,Chandigarh,Chandigarh,2025-06-08,False
7149,Meera Chopra,meera.chopra@yahoo.com,+91-9948207880,Male,39.0,Hyderabad,Telangana,2019-12-18,False
6732,Shreya Rao ,shreya.rao@outlook.com,+91-7949310719,Male,63.0,Ranchi,Jharkhand,2020-01-23,False
5938, Nisha Gupta,,+91-8791169146,Other,37.0,Jaipur,Rajasthan,2024-01-08,False
5494, Arjun Rao ,arjun.rao727@gmail.com,+91-8833503439,,64.0,Chandigarh,Chandigarh,2023-08-19,False
7864, Simran Reddy,simran.reddy@gmail.com,+91-9030539164,,,Pune,Maharashtra,2023-07-13,False
7875,VIKRAM CHOPRA ,vikram.chopra@outlook.com,+91-7675065175,,40.0,Chennai,Tamil Nadu,2025-12-05,False
5638, Pooja Kumar ,pooja.kumar@outlook.com,+91-7186274032,Female,62.0,Kolkata,West Bengal,2025-08-13,False
5428,Divya Kumar,,+91-8326966303,Other,50.0,Lucknow,Uttar Pradesh,2022-02-28,True
7506,Arjun Iyer ,arjun.iyer272@yahoo.com,+91-7297146673,Male,23.0,Bangalore,Karnataka,2022-08-27,False
6308, Isha Mehta ,isha.mehta@yahoo.com,+91-8770881564,,30.0,Patna,Bihar,2019-01-26,False
7856,Rahul Chopra,rahul.chopra@outlook.com,+91-7836514047,,42.0,Chennai,Tamil Nadu,2026-03-23,False
5305,Ankita Joshi,ankita.joshi@gmail.com,+91-8444865131,Female,40.0,Lucknow,Uttar Pradesh,2026-07-10,False
7458,Sneha Patil ,sneha.patil@outlook.com,+91-7966331004,Female,44.0,Patna,Bihar,2023-01-17,True
5909, MEERA REDDY ,meera.reddy316@gmail.com,+91-7368847402,,52.0,Bangalore,Karnataka,2019-06-19,False
5409,Sneha Chopra,sneha.chopra@yahoo.com,+91-7004299974,Female,24.0,Jaipur,Rajasthan,2019-08-11,False
5716, Aditya Reddy,aditya.reddy488@gmail.com,+91-9584479754,,34.0,Nagpur,Maharashtra,2024-08-23,False
5981, Swati Chopra ,swati.chopra@outlook.com,+91-8616485131,Male,51.0,Hyderabad,Telangana,2026-06-12,False
6442,Shreya Sharma,shreya.sharma993@outlook.com,+91-7921095883,Other,38.0,Chandigarh,Chandigarh,2021-09-30,False
5920,Bhavna Bose,bhavna.bose353@outlook.com,+91-8653884866,Other,25.0,Coimbatore,Tamil Nadu,2021-05-23,False
6307,Aisha Bose,aisha.bose@yahoo.com,+91-7090661066,Male,46.0,Kochi,Kerala,2024-09-10,False
5088, Preeti Bose ,preeti.bose@outlook.com,+91-9775836874,Female,55.0,Surat,Gujarat,2019-05-19,False
7563,Kavya Malhotra ,kavya.malhotragmail.com,+91-7210151518,Other,33.0,Jaipur,Rajasthan,2019-01-16,False
6649, Yash Reddy,yash.reddy@gmail.com,+91-9117703141,Male,50.0,Nashik,Maharashtra,2021-04-19,False
5513, Mohit Khan,mohit.khan984@gmail.com,+91-7083578343,Female,48.0,Patna,Bihar,2024-09-16,False
5110,Neha Gupta,neha.gupta766@outlook.com,+91-7621909374,,58.0,Bangalore,Karnataka,2019-12-12,False
5680, Kavya Rao,kavya.rao777@yahoo.com,+91-9148467138,Male,52.0,Hyderabad,Telangana,2019-03-26,True
6873,Vikram Kulkarni,vikram.kulkarni490@yahoo.com,+91-9539830154,Other,26.0,Kolkata,West Bengal,2023-10-01,False
6725,Manish Nair ,manish.nair@yahoo.com,+91-8628448104,,49.0,Pune,Maharashtra,2023-08-26,False
7613,Vikram Patil,vikram.patil407@yahoo.com,+91-8690149615,,25.0,Mumbai,Maharashtra,2022-12-21,False
7146, Divya Gupta ,divya.gupta@gmail.com,+91-7607402620,Other,32.0,Nashik,Maharashtra,2021-09-08,False
6827,yash patil ,yash.patil@outlook.com,+91-7863541036,Other,27.0,Bhopal,Madhya Pradesh,2025-12-23,False
5398, Radha Kumar ,radha.kumar@outlook.com,+91-8177219770,,46.0,Mumbai,Maharashtra,2023-10-28,False
6274,Rahul Nair,rahul.nair@yahoo.com,+91-8990640019,,27.0,Patna,Bihar,2023-11-08,False
5029, KAVYA IYER ,kavya.iyer@yahoo.com,+91-9975061660,Other,47.0,Ahmedabad,Gujarat,2022-04-15,False
7611,Aisha Nair,aisha.nair@gmail.com,+91-9559301902,Male,51.0,Lucknow,Uttar Pradesh,2026-03-03,False
6993, Priya Reddy,priya.reddy@gmail.com,+91-7711235654,Male,46.0,Mumbai,Maharashtra,2025-11-11,True
5662, Neha Joshi ,neha.joshi340@gmail.com,+91-9332989939,Female,62.0,Jaipur,Rajasthan,2023-03-31,False
6185,Amit Gupta,amit.gupta456@yahoo.com,+91-9572931651,Other,34.0,Bangalore,Karnataka,2022-11-14,True
7220,Karan Chopra,karan.chopra@gmail.com,,Female,50.0,Mumbai,Maharashtra,2021-02-15,False
5797,Arjun Chopra,arjun.chopra@outlook.com,+91-9502072344,,44.0,Nashik,Maharashtra,2024-07-30,True
7166,Shreya Iyer,shreya.iyer@yahoo.com,+91-7519698993,Other,42.0,Chandigarh,Chandigarh,2024-10-31,False
7915, Suresh Kumar,suresh.kumar8@yahoo.com,+91-9605854574,Female,42.0,Kochi,Kerala,2024-08-02,False
6695, Kunal Chopra ,kunal.chopra58@gmail.com,+91-7293849700,Male,61.0,Ranchi,Jharkhand,2019-07-29,False
5738,vikram kumar ,vikram.kumar707@gmail.com,+91-9133484302,Other,27.0,Kolkata,West Bengal,2019-12-06,False
7673, PALLAVI KULKARNI,pallavi.kulkarni729@outlook.com,+91-9697655086,,27.0,Patna,Bihar,2025-07-12,False
7872,Karan Mehta,karan.mehta361@yahoo.com,+91-9626561608,Other,65.0,Coimbatore,Tamil Nadu,2022-02-06,False
6782, Bhavna Pillai ,bhavna.pillai@yahoo.com,+91-8845179916,Male,41.0,Bhopal,Madhya Pradesh,2023-03-14,False
6462, Priya Malhotra ,priya.malhotra815@yahoo.com,+91-7526384428,,33.0,Bangalore,Karnataka,2023-03-28,True
7138, Divya Shah ,divya.shah@outlook.com,+91-9636268665,Other,,Lucknow,Uttar Pradesh,2021-05-26,True
6453,Harsh Nair,harsh.nair508@gmail.com,+91-7651364880,Other,29.0,Chandigarh,Chandigarh,2025-05-16,False
7784,Rajesh Joshi,rajesh.joshi@outlook.com,+91-9398658367,Other,41.0,Jaipur,Rajasthan,2026-07-25,True
6976,Yash Rao,yash.rao@yahoo.com,+91-9413697894,Female,53.0,Chennai,Tamil Nadu,2024-04-23,False
6857, Aisha Das ,aisha.das56@outlook.com,,Male,38.0,Lucknow,Uttar Pradesh,2021-11-23,False
5679,Meera Sharma,meera.sharma@gmail.com,,Other,44.0,Bangalore,Karnataka,2025-02-24,True
6960, Neha Das,neha.das@yahoo.com,+91-8952592962,Other,55.0,Jaipur,Rajasthan,2025-05-04,False
6558, ANJALI MEHTA,anjali.mehtagmail.com,+91-7411415255,Male,31.0,Chandigarh,Chandigarh,2020-09-27,False
5822, Neha Nair ,neha.nair@gmail.com,+91-9857574047,Female,65.0,Nagpur,Maharashtra,2021-04-29,False
7325,Isha Pillai ,isha.pillai@yahoo.com,+91-7999464789,Female,39.0,Pune,Maharashtra,2021-03-14,False
5042, Kunal Mehta ,kunal.mehta@yahoo.com,+91-8025058476,Male,53.0,Indore,Madhya Pradesh,2022-05-17,True
7684,Vikram Pillai,vikram.pillai@outlook.com,+91-7882366152,Other,43.0,Kolkata,West Bengal,2022-03-11,False
5213,karan pillai,karan.pillai698@gmail.com,+91-9073573526,Female,62.0,Chennai,Tamil Nadu,2019-08-13,False
5772,Preeti Mehta,preeti.mehta@gmail.com,+91-8850117405,Other,28.0,Mumbai,Maharashtra,2023-09-12,True
5323, nikhil patil ,nikhil.patil@gmail.com,+91-7460046423,Female,56.0,Lucknow,Uttar Pradesh,2021-01-11,False
7595, radha mehta,radha.mehta@outlook.com,+91-8330514150,Other,61.0,Chennai,Tamil Nadu,2024-10-18,False
7974, Swati Sharma,swati.sharma@gmail.com,+91-7720163528,,26.0,Surat,Gujarat,2020-10-06,False
5931, Sanjay Chopra,sanjay.chopra751@gmail.com,+91-7216475553,,36.0,Kochi,Kerala,2020-08-29,False
5979, Rohan Joshi ,rohan.joshi204@yahoo.com,+91-8120656571,Other,35.0,Nagpur,Maharashtra,2025-11-11,True
5303,Pallavi Mehta,pallavi.mehta@gmail.com,+91-7995208060,Other,18.0,Lucknow,Uttar Pradesh,2025-06-12,False
7820, SANJAY PILLAI,sanjay.pillai@gmail.com,+91-9972806133,Female,39.0,Kochi,Kerala,2024-12-21,False
7748,Sneha Mehta,sneha.mehta@outlook.com,+91-8368048838,,32.0,Bangalore,Karnataka,2022-02-08,True
6870,gaurav reddy,gaurav.reddy@yahoo.com,+91-8150672719,,22.0,Bhopal,Madhya Pradesh,2019-02-17,False
6260, SNEHA MALHOTRA ,sneha.malhotra331@gmail.com,+91-9128135643,Other,62.0,Hyderabad,Telangana,2021-01-26,True
5092, Bhavna Reddy ,bhavna.reddy@gmail.com,+91-9802402632,Male,32.0,Nashik,Maharashtra,2026-03-13,False
6044,Arjun Patil,arjun.patil@yahoo.com,+91-7587831483,Other,59.0,Delhi,Delhi,2022-01-30,True
6365, Karan Mehta,karan.mehta126@gmail.com,+91-9730435327,Other,41.0,Ranchi,Jharkhand,2019-05-23,False
6207, TARUN SHAH ,tarun.shah@outlook.com,+91-7969158261,Female,25.0,Bhopal,Madhya Pradesh,2020-06-02,True
6622,RAJESH KHAN ,rajesh.khan@yahoo.com,+91-9847168772,Male,55.0,Delhi,Delhi,2025-08-31,True
5022,Nikhil Singh,nikhil.singh@yahoo.com,+91-7404265716,Female,28.0,Bhopal,Madhya Pradesh,2023-06-20,True
7926,AISHA KHAN ,aisha.khan@outlook.com,+91-8015821000,Other,44.0,Patna,Bihar,2024-12-22,False
5949, Aditya Sharma ,aditya.sharma105@gmail.com,+91-7289599563,,61.0,Surat,Gujarat,2025-10-10,False
6106, ISHA PATIL,isha.patil@outlook.com,+91-8720533777,Other,26.0,Lucknow,Uttar Pradesh,2024-02-25,False
7150,Manish Patil ,manish.patil244@gmail.com,+91-8791837188,Male,59.0,Nashik,Maharashtra,2024-11-25,False
7456,Kunal Khan ,kunal.khan@outlook.com,+91-8376953777,Male,60.0,Coimbatore,Tamil Nadu,2025-09-26,False
5423, Vikram Das,,+91-8851059801,Female,37.0,Pune,Maharashtra,2026-02-03,False
7575,pooja reddy,pooja.reddy@gmail.com,+91-7242744001,,52.0,Mumbai,Maharashtra,2022-10-08,False
5175,Pooja Bose,pooja.bose@gmail.com,+91-9527398783,,44.0,Surat,Gujarat,2025-05-10,True
6287,Shreya Khan,shreya.khan249@gmail.com,+91-8987574571,Female,48.0,Chennai,Tamil Nadu,2020-08-01,False
5208,Meera Sharma,meera.sharma@yahoo.com,+91-9388862650,Female,54.0,Nagpur,Maharashtra,2021-04-02,False
5499, Rajesh Rao,rajesh.rao@outlook.com,+91-7903595494,Other,44.0,Indore,Madhya Pradesh,2024-04-05,False
6936,Simran Chopra,simran.chopra@gmail.com,+91-7510647338,Male,18.0,Kolkata,West Bengal,2024-05-14,False
5071, Suresh Kulkarni ,suresh.kulkarni@yahoo.com,+91-9157009583,Female,55.0,Bangalore,Karnataka,2024-05-20,False
7886, Karan Reddy ,karan.reddy638@outlook.com,+91-8788854343,Other,30.0,Pune,Maharashtra,2021-07-07,False
5635,Ritu Malhotra,ritu.malhotra@gmail.com,+91-7715394712,Male,27.0,Delhi,Delhi,2026-05-13,False
7301,Kavya Rao,kavya.rao@gmail.com,+91-9018038996,Other,63.0,Coimbatore,Tamil Nadu,2019-06-10,False
7889,pallavi nair ,pallavi.nair191@gmail.com,+91-8874817119,Male,42.0,Jaipur,Rajasthan,2022-01-21,False
7817, Amit Patil ,amit.patil194@outlook.com,+91-7614772855,Female,34.0,Pune,Maharashtra,2019-09-28,False
5021,Manish Bose,manish.bose459@gmail.com,+91-8685192164,,22.0,Coimbatore,Tamil Nadu,2023-12-16,True
6685, Harsh Malhotra,harsh.malhotra771@outlook.com,+91-7366209188,Other,32.0,Kochi,Kerala,2026-04-07,False
5925, RAJESH SHARMA ,rajesh.sharma@yahoo.com,+91-8248936926,,65.0,Lucknow,Uttar Pradesh,2020-08-20,False
6038, Preeti Verma ,preeti.verma962@outlook.com,+91-7536164084,Male,41.0,Indore,Madhya Pradesh,2022-08-01,False
5613,Nikhil Sharma,nikhil.sharma458@outlook.com,+91-8051364985,Other,36.0,Ahmedabad,Gujarat,2023-01-25,True
6310,Bhavna Singh,bhavna.singh@gmail.com,+91-7409257626,,22.0,Pune,Maharashtra,2024-09-12,False
6356,Vikram Das,vikram.das@outlook.com,+91-7741431897,Other,25.0,Surat,Gujarat,2023-01-08,True
5045,Nisha Bose,nisha.bose662@yahoo.com,+91-8340098562,,20.0,Indore,Madhya Pradesh,2019-03-31,False
6973,bhavna chopra,bhavna.chopra@gmail.com,+91-8107926410,,35.0,Delhi,Delhi,2024-05-28,False
7935, Arjun Joshi ,arjun.joshi@gmail.com,+91-9740857325,Female,20.0,Surat,Gujarat,2022-02-01,False
7284, Manish Sharma ,manish.sharma728@yahoo.com,+91-9578369797,Male,25.0,Hyderabad,Telangana,2023-08-28,False
7132,Isha Kumar,isha.kumar@gmail.com,+91-9835185491,Other,57.0,Bangalore,Karnataka,2019-10-19,False
7969,Mohit Verma,mohit.verma@outlook.com,+91-9606045365,Male,31.0,Hyderabad,Telangana,2019-04-15,False
5129, Isha Malhotra ,isha.malhotra168@outlook.com,+91-9555054761,Male,51.0,Nashik,Maharashtra,2019-01-20,True
7560,Rahul Iyer,rahul.iyer@yahoo.com,+91-8841044159,,45.0,Jaipur,Rajasthan,2022-01-18,True
6427,Arjun Iyer,arjun.iyer@yahoo.com,+91-9641802398,Male,59.0,Hyderabad,Telangana,2021-09-07,True
6621,bhavna pillai,bhavna.pillai701@gmail.com,+91-9471703296,Male,59.0,Bhopal,Madhya Pradesh,2023-09-02,False
5239,Yash Pillai,yash.pillai781@gmail.com,+91-9337697518,Male,53.0,Nashik,Maharashtra,2019-04-16,False
7231, Bhavna Shah,bhavna.shah566@gmail.com,+91-9450198525,,61.0,Kolkata,West Bengal,2021-12-06,False
7641,Sanjay Malhotra,sanjay.malhotra@yahoo.com,+91-9037416515,Male,48.0,Jaipur,Rajasthan,2026-01-22,False
6604, Swati Rao ,swati.rao260@yahoo.com,+91-8668506654,,18.0,Chennai,Tamil Nadu,2019-07-16,False
6967,Shreya Reddy,shreya.reddy@yahoo.com,+91-8037824559,Other,49.0,Chandigarh,Chandigarh,2021-04-13,True
6743, Priya Verma ,,+91-7634147117,,59.0,Patna,Bihar,2021-12-21,False
6097, Rohan Kumar ,,+91-9214844859,Male,55.0,Bhopal,Madhya Pradesh,2024-04-10,True
5665,Nisha Singh ,nisha.singh@outlook.com,+91-9342431256,Female,27.0,Hyderabad,Telangana,2023-11-24,False
5454, Sneha Das ,sneha.das@yahoo.com,+91-9011420057,Male,41.0,Patna,Bihar,2020-11-08,False
7006,Divya Joshi,divya.joshi@outlook.com,+91-8173528184,Male,44.0,Nagpur,Maharashtra,2025-01-09,True
7360, Arjun Gupta,arjun.gupta@gmail.com,+91-9319169612,Female,29.0,Lucknow,Uttar Pradesh,2021-11-09,False
5687,Sneha Verma,sneha.verma284@outlook.com,+91-7957988420,Other,48.0,Pune,Maharashtra,2026-02-11,False
6020, Sneha Joshi ,sneha.joshi@gmail.com,+91-8858202332,,34.0,Nashik,Maharashtra,2026-03-23,True
6003,Priya Verma ,priya.verma@yahoo.com,+91-8060111212,Female,24.0,Nagpur,Maharashtra,2024-12-30,False
6846,Kavya Khan,kavya.khan191@yahoo.com,+91-7684826913,Other,32.0,Mumbai,Maharashtra,2020-02-10,True
6516, YASH NAIR ,yash.nair714@yahoo.com,+91-9600414769,Other,42.0,Bangalore,Karnataka,2023-06-27,False
5520,Radha Bose,radha.bose@yahoo.com,,,59.0,Coimbatore,Tamil Nadu,2024-09-15,False
7830, Aisha Rao,,,,19.0,Hyderabad,Telangana,2021-12-29,False
5178,Deepak Sharma,deepak.sharma@gmail.com,+91-8518024042,Male,53.0,Kolkata,West Bengal,2020-02-13,True
6918,Preeti Patil,preeti.patil@gmail.com,+91-8794238350,Female,45.0,Surat,Gujarat,2024-12-28,True
6250, gaurav sharma,gaurav.sharma940@outlook.com,+91-8613002470,Male,22.0,Nagpur,Maharashtra,2023-04-27,True
5204,SHREYA CHOPRA,shreya.chopra@yahoo.com,+91-9703740072,Other,63.0,Patna,Bihar,2023-04-01,False
7042, PALLAVI JOSHI ,pallavi.joshi545@outlook.com,+91-9225023876,Female,59.0,Jaipur,Rajasthan,2023-10-06,True
6337,Amit Patil,amit.patil@outlook.com,+91-7521954208,Male,18.0,Bangalore,Karnataka,2023-08-20,False
6366, Vikram Iyer,vikram.iyer774@outlook.com,+91-8577392126,Female,50.0,Kolkata,West Bengal,2023-08-18,False
7028,Yash Gupta,yash.gupta495@yahoo.com,+91-7117030516,Male,19.0,Mumbai,Maharashtra,2019-11-07,False
6130, Karan Rao,karan.rao@gmail.com,+91-8336488298,,34.0,Chennai,Tamil Nadu,2021-11-12,False
6713,Ritu Kumar ,ritu.kumar@gmail.com,+91-9781793849,Other,48.0,Pune,Maharashtra,2019-02-28,False
5290,Suresh Reddy ,suresh.reddy@outlook.com,+91-7843114895,Male,59.0,Coimbatore,Tamil Nadu,2023-02-21,False
5048,Nikhil Bose,,+91-8978651187,Female,59.0,Ranchi,Jharkhand,2022-02-15,False
5160,NIKHIL MEHTA ,nikhil.mehta@outlook.com,+91-9448841142,Other,34.0,Kochi,Kerala,2024-08-01,False
6521,Manish Reddy,manish.reddy@outlook.com,+91-7662860980,,58.0,Nashik,Maharashtra,2020-02-10,False
7768, Harsh Khan ,harsh.khan@yahoo.com,+91-9969430237,Female,62.0,Delhi,Delhi,2019-01-19,False
7685,Nikhil Rao ,nikhil.rao526@yahoo.com,+91-7285184540,,59.0,Nashik,Maharashtra,2020-05-03,False
7819,NISHA DAS,nisha.das972@gmail.com,+91-8809044493,Other,41.0,Bangalore,Karnataka,2023-10-25,False
5933, Priya Rao ,priya.rao659@gmail.com,+91-8918689406,Male,37.0,Pune,Maharashtra,2025-01-25,False
6196,Yash Bose,yash.bose@outlook.com,+91-8009958057,Male,41.0,Chennai,Tamil Nadu,2020-05-11,False
6018,bhavna reddy,bhavna.reddy@gmail.com,+91-8453897893,Female,43.0,Bangalore,Karnataka,2021-04-14,False
6924,Simran Sharma,simran.sharma@yahoo.com,+91-8320857705,,43.0,Ahmedabad,Gujarat,2024-09-27,False
5068, Nikhil Iyer,nikhil.iyer@gmail.com,,,33.0,Bhopal,Madhya Pradesh,2024-06-27,False
6387, Tarun Joshi ,tarun.joshi546@gmail.com,+91-7004436974,Female,20.0,Patna,Bihar,2025-11-25,False
6133,rohan kulkarni,rohan.kulkarni@outlook.com,+91-8093818670,,34.0,Indore,Madhya Pradesh,2021-12-31,False
7727, Ritu Joshi ,ritu.joshi855@yahoo.com,+91-8977542205,Male,61.0,Pune,Maharashtra,2020-07-12,False
6998, ANJALI SHAH,anjali.shah@outlook.com,+91-8981807312,Male,20.0,Chennai,Tamil Nadu,2024-11-17,False
6059, manish kumar ,manish.kumar@outlook.com,+91-9301460893,Female,63.0,Coimbatore,Tamil Nadu,2020-09-09,True
7106,Kavya Mehta,kavya.mehta578@yahoo.com,+91-8126741662,Female,28.0,Hyderabad,Telangana,2019-01-06,False
6598,Neha Singh,neha.singh@outlook.com,+91-8401395251,,28.0,Bangalore,Karnataka,2021-11-30,False
6415,Kunal Kulkarni ,kunal.kulkarni@outlook.com,+91-7215920427,Other,40.0,Lucknow,Uttar Pradesh,2024-03-21,False
7390, Aditya Kumar ,aditya.kumar@gmail.com,+91-7020978141,Other,29.0,Bangalore,Karnataka,2023-11-28,False
7903,Meera Joshi ,meera.joshi@gmail.com,+91-8284146361,Other,30.0,Kolkata,West Bengal,2020-09-07,False
7494,Manish Verma,manish.verma394@outlook.com,+91-9446485316,Female,52.0,Jaipur,Rajasthan,2025-02-03,False
5406, amit mehta,amit.mehtagmail.com,+91-8127544847,Other,32.0,Nagpur,Maharashtra,2021-09-02,False
6304,ADITYA IYER,aditya.iyer866@gmail.com,+91-9610193568,Male,20.0,Patna,Bihar,2023-08-30,False
5286,Harsh Bose,harsh.bose920@yahoo.com,+91-7779645904,Other,33.0,Coimbatore,Tamil Nadu,2021-11-13,False
5707, Suresh Rao,suresh.rao@outlook.com,+91-9736707159,Other,51.0,Kochi,Kerala,2023-12-13,False
5946,Pooja Verma,pooja.verma60@gmail.com,+91-9242928721,Other,33.0,Coimbatore,Tamil Nadu,2021-12-10,False
7947, Neha Reddy,neha.reddy921@outlook.com,+91-7448637356,Male,53.0,Coimbatore,Tamil Nadu,2021-11-28,False
6697,Manish Patil,manish.patil@outlook.com,+91-8762537349,Male,41.0,Lucknow,Uttar Pradesh,2025-01-16,False
6040,Ankita Singh,,+91-8302404161,Male,30.0,Indore,Madhya Pradesh,2020-11-15,False
6184,Tarun Nair,tarun.nair@yahoo.com,+91-9523852230,Other,46.0,Kochi,Kerala,2021-01-18,False
7349, SWATI VERMA ,swati.verma@outlook.com,+91-9886845726,Female,58.0,Lucknow,Uttar Pradesh,2025-02-12,False
7775,Neha Pillai ,neha.pillai@yahoo.com,+91-7172342809,Other,53.0,Chennai,Tamil Nadu,2020-12-22,False
6154,Sneha Das ,sneha.das111@gmail.com,+91-7095743423,Female,48.0,Delhi,Delhi,2019-12-07,False
7449,Rohan Kulkarni ,rohan.kulkarni256@yahoo.com,+91-7452088965,Male,,Bangalore,Karnataka,2024-05-21,False
7288,Nikhil Singh,nikhil.singhgmail.com,+91-7455604215,Male,50.0,Ahmedabad,Gujarat,2021-07-03,False
7801,Arjun Singh,arjun.singh223@outlook.com,,Female,30.0,Ahmedabad,Gujarat,2023-03-13,False
5667, RAJESH NAIR ,rajesh.nair@outlook.com,+91-9932443343,,43.0,Surat,Gujarat,2021-12-06,False
5252,Gaurav Chopra,gaurav.chopra413@gmail.com,+91-7834116712,Female,19.0,Chennai,Tamil Nadu,2019-11-10,False
7181, Varun Iyer ,varun.iyer171@gmail.com,+91-9246242785,Other,33.0,Nashik,Maharashtra,2021-07-09,False
6546, Priya Shah ,priya.shah@outlook.com,+91-7386023039,Male,46.0,Bhopal,Madhya Pradesh,2024-07-16,False
7907,Arjun Iyer,arjun.iyer798@yahoo.com,+91-8102803018,Male,48.0,Hyderabad,Telangana,2021-10-29,False
5700, HARSH IYER,harsh.iyer@outlook.com,+91-9058761008,Female,48.0,Indore,Madhya Pradesh,2026-06-20,False
6285, Pallavi Kulkarni,pallavi.kulkarni29@gmail.com,+91-9002208072,Male,24.0,Kolkata,West Bengal,2025-06-15,False
6693,Sneha Bose,sneha.bose@gmail.com,+91-8563467707,,53.0,Ahmedabad,Gujarat,2024-10-30,False
5604,ritu pillai,,+91-9077210147,,45.0,Pune,Maharashtra,2020-07-02,False
5986, Priya Joshi ,priya.joshi154@yahoo.com,+91-8840059356,Other,20.0,Patna,Bihar,2022-05-18,False
7790, neha reddy,neha.reddy@gmail.com,+91-8956479661,Female,,Hyderabad,Telangana,2021-08-25,True
5906,Amit Mehta,amit.mehta@gmail.com,+91-9415937810,Male,64.0,Ahmedabad,Gujarat,2022-12-23,False
6669,Kunal Malhotra,kunal.malhotra@outlook.com,+91-9548575444,Female,,Bangalore,Karnataka,2021-02-14,True
6986, Divya Sharma ,divya.sharma794@gmail.com,+91-9278159586,,34.0,Kochi,Kerala,2020-04-04,False
7986,Mohit Verma ,mohit.verma@yahoo.com,+91-8486593594,,44.0,Patna,Bihar,2024-09-14,False
5526,Karan Kumar ,karan.kumar64@yahoo.com,+91-7331712610,Other,40.0,Patna,Bihar,2025-06-27,False
6194,Arjun Sharma,arjun.sharma399@outlook.com,+91-9290418855,Male,63.0,Chennai,Tamil Nadu,2022-10-14,False
7258, Harsh Khan ,harsh.khan126@gmail.com,+91-7195747654,Female,45.0,Mumbai,Maharashtra,2023-01-26,True
7712,Kavya Rao ,kavya.rao@gmail.com,+91-9947387206,Female,60.0,Mumbai,Maharashtra,2020-06-07,False
5545, Priya Bose ,priya.bose927@yahoo.com,+91-9566587964,Male,60.0,Lucknow,Uttar Pradesh,2020-03-28,False
6914,Neha Reddy,neha.reddy391@yahoo.com,+91-7775375007,Male,47.0,Bangalore,Karnataka,2026-06-18,False
7996, Radha Shah,radha.shah@outlook.com,+91-8880842383,Male,50.0,Delhi,Delhi,2021-02-03,False
7924, Pooja Shah ,pooja.shah341@yahoo.com,+91-8242418398,,58.0,Kochi,Kerala,2025-09-21,True
6834, Neha Rao,neha.rao140@outlook.com,+91-9135259672,Other,40.0,Kolkata,West Bengal,2022-09-09,False
7307,Suresh Iyer,suresh.iyer@yahoo.com,+91-9345769332,Female,58.0,Mumbai,Maharashtra,2021-10-12,False
6908,Bhavna Verma,bhavna.verma744@outlook.com,+91-8209524140,Female,52.0,Pune,Maharashtra,2019-08-09,False
7677,Preeti Kulkarni ,preeti.kulkarni@gmail.com,+91-7769212695,Female,42.0,Chandigarh,Chandigarh,2019-08-20,False
7217,RADHA IYER,radha.iyer@outlook.com,,Male,40.0,Surat,Gujarat,2022-03-24,False
6653,Sanjay Sharma,sanjay.sharma@gmail.com,+91-7536554566,,63.0,Patna,Bihar,2019-11-11,True
5706, Swati Bose ,swati.bose@outlook.com,+91-9836614387,Other,25.0,Chandigarh,Chandigarh,2024-08-13,False
6225,Ritu Malhotra ,ritu.malhotra281@yahoo.com,+91-8282400881,,61.0,Bangalore,Karnataka,2020-08-15,False
5673, Aisha Iyer ,aisha.iyer770@yahoo.com,+91-7791098415,Other,56.0,Ahmedabad,Gujarat,2020-08-20,False
6683,Isha Mehta,isha.mehta@gmail.com,+91-7404710113,,30.0,Indore,Madhya Pradesh,2023-10-31,False
7532,Tarun Kulkarni ,,+91-8792728977,Male,38.0,Kolkata,West Bengal,2026-04-16,True
6861,Ritu Patil ,ritu.patil106@yahoo.com,+91-7557092760,Female,21.0,Coimbatore,Tamil Nadu,2021-02-02,False
6826, Priya Iyer ,priya.iyer@outlook.com,+91-7149432550,Male,48.0,Delhi,Delhi,2024-05-09,False
5868,SURESH KULKARNI ,suresh.kulkarni79@outlook.com,+91-9563623052,Female,28.0,Kolkata,West Bengal,2021-06-10,False
7344,Sneha Joshi,sneha.joshi@gmail.com,+91-9414664949,,64.0,Hyderabad,Telangana,2022-10-06,False
5848, yash sharma ,yash.sharmagmail.com,+91-7749329568,Female,20.0,Chandigarh,Chandigarh,2025-10-24,False
6092, VARUN REDDY ,varun.reddy@outlook.com,+91-7179952444,Other,65.0,Patna,Bihar,2026-05-01,False
6353,Tarun Rao,tarun.rao465@yahoo.com,+91-7621729813,Male,55.0,Lucknow,Uttar Pradesh,2022-12-08,False
6444,Pooja Gupta,pooja.gupta@gmail.com,+91-7051940011,,46.0,Indore,Madhya Pradesh,2025-08-24,False
7200, Karan Reddy ,karan.reddygmail.com,+91-7216160977,,38.0,Surat,Gujarat,2022-07-24,False
5139,Preeti Reddy,preeti.reddy571@yahoo.com,+91-8223292505,Female,21.0,Bangalore,Karnataka,2021-06-04,False
5326,SWATI JOSHI,swati.joshi@yahoo.com,+91-9874694190,,42.0,Kolkata,West Bengal,2021-02-13,False
5554, Shreya Pillai ,shreya.pillai@gmail.com,+91-9128159439,Male,62.0,Ranchi,Jharkhand,2020-10-10,False
7467,VIKRAM VERMA,vikram.verma888@gmail.com,+91-9858297835,,49.0,Chennai,Tamil Nadu,2026-07-30,False
7213,Preeti Iyer,preeti.iyer@outlook.com,+91-9018311571,Other,,Chandigarh,Chandigarh,2024-09-07,False
7558,Shreya Nair,shreya.nair@yahoo.com,+91-7811681612,Female,20.0,Kolkata,West Bengal,2020-06-06,False
6279, Radha Shah ,radha.shah@outlook.com,+91-7827051691,Female,45.0,Indore,Madhya Pradesh,2019-10-15,False
5253, Pooja Gupta,pooja.gupta@outlook.com,+91-7067757717,Other,31.0,Kochi,Kerala,2019-09-14,False
6434,Kavya Khan,kavya.khan@gmail.com,+91-7060047721,Female,42.0,Bhopal,Madhya Pradesh,2026-04-02,False
6972,Varun Shah,varun.shah303@gmail.com,+91-8977502008,Male,44.0,Lucknow,Uttar Pradesh,2024-10-20,True
6539,arjun patil,arjun.patil972@outlook.com,+91-7603751754,Female,45.0,Nashik,Maharashtra,2026-06-13,False
6000,Bhavna Khan ,bhavna.khan@outlook.com,,,23.0,Ahmedabad,Gujarat,2026-03-20,False
6418,isha joshi,isha.joshi173@outlook.com,+91-9712433222,Other,32.0,Kolkata,West Bengal,2026-03-04,True
7663, sanjay patil,sanjay.patil@outlook.com,+91-8805293155,,28.0,Bangalore,Karnataka,2024-10-01,False
6164,Pooja Joshi,pooja.joshi@gmail.com,+91-9281920603,Female,41.0,Kochi,Kerala,2024-06-08,False
5728,NIKHIL KULKARNI ,nikhil.kulkarni900@yahoo.com,+91-7232712092,,64.0,Jaipur,Rajasthan,2019-05-29,False
7629,Yash Bose,yash.bose@gmail.com,+91-8028175912,Male,61.0,Bhopal,Madhya Pradesh,2023-06-28,True
6574,Aditya Joshi ,aditya.joshi148@yahoo.com,+91-9671831985,Male,40.0,Indore,Madhya Pradesh,2022-11-07,False
7980,POOJA NAIR ,pooja.nair778@outlook.com,+91-8283917714,Other,60.0,Mumbai,Maharashtra,2022-05-08,False
7572, Simran Verma,simran.verma@yahoo.com,+91-7229623051,Female,32.0,Patna,Bihar,2020-02-04,False
6928,Pooja Rao ,,+91-7525175668,Female,42.0,Lucknow,Uttar Pradesh,2019-01-21,True
5183,Bhavna Patil,bhavna.patil@yahoo.com,+91-9463278652,Male,26.0,Ahmedabad,Gujarat,2024-12-03,False
7852, Kunal Nair ,,+91-8900431323,Male,59.0,Nashik,Maharashtra,2021-10-30,False
6035,rajesh sharma,rajesh.sharma544@yahoo.com,+91-7152166914,Other,53.0,Ahmedabad,Gujarat,2020-12-14,True
5790,Pallavi Kumar,pallavi.kumar@outlook.com,+91-7630173360,Male,25.0,Lucknow,Uttar Pradesh,2024-09-04,True
5358, Pooja Rao ,pooja.rao@gmail.com,+91-9516830076,Other,25.0,Kochi,Kerala,2025-06-11,False
5942,preeti gupta,preeti.gupta801@outlook.com,+91-8395815621,Male,49.0,Kolkata,West Bengal,2023-07-05,False
5173,Deepak Shah,deepak.shah@yahoo.com,+91-9278068046,,30.0,Bhopal,Madhya Pradesh,2026-02-08,False
7754,Simran Kumar,simran.kumar96@yahoo.com,+91-9211786603,,34.0,Surat,Gujarat,2025-10-02,False
5594, Divya Mehta ,,+91-8935218830,,40.0,Jaipur,Rajasthan,2021-12-10,False
5470,Rajesh Patil,rajesh.patil@gmail.com,+91-8094239300,,27.0,Surat,Gujarat,2022-11-27,False
7841,YASH VERMA ,yash.verma526@yahoo.com,+91-8402531368,Female,34.0,Ahmedabad,Gujarat,2021-02-08,False
7392,Arjun Joshi,arjun.joshi@yahoo.com,+91-7361664709,Male,43.0,Lucknow,Uttar Pradesh,2020-12-03,False
7876,Yash Pillai,yash.pillai164@gmail.com,+91-8392158826,Female,45.0,Nashik,Maharashtra,2021-09-01,True
7465,Sanjay Rao ,sanjay.rao459@gmail.com,+91-9404754846,Other,22.0,Bhopal,Madhya Pradesh,2024-05-31,True
6648,Aditya Nair,aditya.nair@gmail.com,+91-9524671714,,57.0,Patna,Bihar,2022-01-01,False
5100,Arjun Verma,arjun.verma463@yahoo.com,+91-7895676393,Male,28.0,Hyderabad,Telangana,2023-07-07,False
5165,Manish Kumar,manish.kumar473@yahoo.com,+91-7491680330,Male,41.0,Bangalore,Karnataka,2022-03-31,True
6485,Manish Singh,manish.singhgmail.com,+91-8780132613,,59.0,Nashik,Maharashtra,2022-03-25,False
7711,Ankita Shah ,ankita.shah@outlook.com,+91-8395531232,,35.0,Bhopal,Madhya Pradesh,2019-07-22,False
5251,Sanjay Verma,sanjay.verma@gmail.com,+91-9282940370,,34.0,Nashik,Maharashtra,2022-09-11,False
6085, Rohan Kulkarni,rohan.kulkarni229@outlook.com,+91-9662665223,,,Indore,Madhya Pradesh,2019-06-24,False
7691,Anjali Pillai,anjali.pillai@yahoo.com,+91-7385506822,Male,37.0,Kolkata,West Bengal,2020-04-25,True
5400,ANKITA JOSHI ,,+91-8769781044,Female,44.0,Pune,Maharashtra,2024-08-27,False
5802,Suresh Pillai,suresh.pillai@gmail.com,+91-7308010234,,55.0,Chandigarh,Chandigarh,2024-01-08,True
6969,Aisha Verma,aisha.verma981@gmail.com,+91-8931826611,Male,57.0,Ranchi,Jharkhand,2023-04-24,False
5637,Swati Patil,swati.patil@yahoo.com,+91-8729976047,,21.0,Pune,Maharashtra,2024-01-24,False
7583, Simran Kumar ,simran.kumar@gmail.com,+91-7064018556,Male,29.0,Surat,Gujarat,2024-03-14,False
5029, KAVYA IYER ,kavya.iyer@yahoo.com,+91-9975061660,Other,47.0,Ahmedabad,Gujarat,2022-04-15,False
5642, Kavya Iyer ,kavya.iyer14@gmail.com,+91-9663664986,Male,59.0,Hyderabad,Telangana,2024-06-12,False
5927, Aisha Bose ,aisha.bose@outlook.com,+91-8305194660,,64.0,Chennai,Tamil Nadu,2020-07-11,False
5111,KAVYA PATIL,kavya.patil@outlook.com,+91-8336003695,,28.0,Pune,Maharashtra,2022-07-03,False
6061, Pooja Joshi ,pooja.joshi@yahoo.com,+91-7792398769,Other,36.0,Lucknow,Uttar Pradesh,2019-06-07,False
5452, Deepak Chopra ,deepak.chopra@outlook.com,+91-7432826370,Other,59.0,Jaipur,Rajasthan,2021-03-25,False
6957, rohan bose,rohan.bose725@gmail.com,+91-8845747458,Other,61.0,Kochi,Kerala,2023-12-08,False
7364,Simran Joshi ,simran.joshi126@yahoo.com,+91-7387342531,Female,32.0,Ranchi,Jharkhand,2022-10-10,False
6932,Rajesh Patil,rajesh.patil@yahoo.com,+91-8507479678,,35.0,Nagpur,Maharashtra,2025-10-25,False
6825,Aditya Verma,aditya.verma858@outlook.com,+91-7797892143,,53.0,Hyderabad,Telangana,2019-07-10,True
7614,Aditya Joshi ,aditya.joshi@outlook.com,+91-9745369008,,43.0,Mumbai,Maharashtra,2024-04-24,False
5380,Nisha Chopra,nisha.chopra@yahoo.com,+91-7210895057,Female,47.0,Patna,Bihar,2025-04-11,False
5536,Preeti Malhotra ,preeti.malhotra709@outlook.com,+91-8659226567,Female,20.0,Ahmedabad,Gujarat,2025-07-02,False
6762,Varun Kumar ,varun.kumar@gmail.com,+91-7238930695,Other,46.0,Ahmedabad,Gujarat,2023-12-05,False
6575, Aditya Kulkarni,aditya.kulkarni846@outlook.com,+91-7959164076,,43.0,Chandigarh,Chandigarh,2023-03-29,True
6841,Sanjay Kumar,sanjay.kumar@yahoo.com,+91-8987098848,Other,25.0,Kolkata,West Bengal,2023-01-20,False
5352,Nisha Mehta,nisha.mehtagmail.com,+91-7510678516,Female,41.0,Bangalore,Karnataka,2026-01-17,False
5294, GAURAV REDDY,gaurav.reddy@gmail.com,+91-7653908146,Female,47.0,Kochi,Kerala,2021-02-22,False
7421,SURESH SHARMA ,suresh.sharma929@outlook.com,+91-9585252709,Male,25.0,Lucknow,Uttar Pradesh,2020-12-31,True
6169,SURESH SINGH ,suresh.singh@yahoo.com,+91-8453896182,Female,22.0,Nashik,Maharashtra,2020-04-21,False
6116,Karan Rao,karan.rao728@outlook.com,+91-8356520987,Other,47.0,Pune,Maharashtra,2023-07-06,False
7376,Amit Reddy,amit.reddy@gmail.com,+91-7760289963,,59.0,Bhopal,Madhya Pradesh,2025-08-12,False
7072,Bhavna Joshi ,bhavna.joshi@yahoo.com,+91-8598524596,Male,40.0,Patna,Bihar,2024-05-31,False
7322,Rohan Iyer,rohan.iyer@gmail.com,+91-7857227403,Male,60.0,Jaipur,Rajasthan,2022-11-17,False
7488,GAURAV PATIL,gaurav.patil640@yahoo.com,+91-9929287064,Female,47.0,Jaipur,Rajasthan,2025-01-17,False
5091, Nikhil Iyer,nikhil.iyer35@gmail.com,+91-8874873721,Male,58.0,Indore,Madhya Pradesh,2021-06-30,True
5960,Preeti Bose,preeti.bose744@gmail.com,+91-9121133221,,19.0,Chandigarh,Chandigarh,2019-03-03,True
5001,SHREYA MEHTA ,shreya.mehta@outlook.com,+91-7369140570,,22.0,Coimbatore,Tamil Nadu,2023-11-12,True
6646, Amit Shah ,amit.shah@yahoo.com,+91-8301317937,,55.0,Chennai,Tamil Nadu,2026-03-16,True
5683,Ritu Kumar,ritu.kumar@yahoo.com,+91-8866281608,,48.0,Nashik,Maharashtra,2020-10-18,False
5382,Arjun Mehta,arjun.mehta@outlook.com,+91-8446210478,Other,21.0,Pune,Maharashtra,2019-10-06,True
7546,ANJALI KULKARNI,anjali.kulkarnigmail.com,+91-7574498267,,22.0,Patna,Bihar,2023-11-23,True
7553,Gaurav Iyer,gaurav.iyer@outlook.com,+91-7230196566,Male,50.0,Pune,Maharashtra,2025-07-05,False
6492,Priya Kumar ,priya.kumar334@gmail.com,+91-9815401878,Female,53.0,Pune,Maharashtra,2026-05-23,False
7204,Rohan Gupta,rohan.gupta@yahoo.com,+91-7359028199,Other,25.0,Indore,Madhya Pradesh,2022-10-10,False
6252,Yash Das,yash.das@gmail.com,+91-8206045023,Male,44.0,Coimbatore,Tamil Nadu,2022-03-05,False
5627, shreya shah ,shreya.shah@outlook.com,+91-7498334487,Female,20.0,Patna,Bihar,2022-09-16,False
5916, Amit Reddy,amit.reddy131@gmail.com,+91-8631672430,Other,47.0,Ahmedabad,Gujarat,2025-09-01,False
5705,Manish Pillai,manish.pillai@yahoo.com,+91-9971850862,Male,58.0,Bangalore,Karnataka,2020-08-13,False
7343,Tarun Khan,tarun.khan@gmail.com,,,38.0,Jaipur,Rajasthan,2025-11-05,False
5619,SURESH REDDY ,suresh.reddy@gmail.com,+91-9737782168,,38.0,Delhi,Delhi,2024-01-31,False
6645,Preeti Sharma,preeti.sharma90@outlook.com,+91-8686993500,Male,52.0,Delhi,Delhi,2019-12-14,False
6510, Simran Patil ,simran.patil450@outlook.com,+91-9442487568,,59.0,Chandigarh,Chandigarh,2023-10-22,False
6422, Pallavi Sharma ,pallavi.sharma611@yahoo.com,+91-9784978729,Female,54.0,Ahmedabad,Gujarat,2023-03-04,False
5320,Neha Khan,neha.khan625@outlook.com,+91-8119277466,Male,42.0,Patna,Bihar,2019-03-10,False
5224,Rahul Bose,rahul.bose384@outlook.com,+91-7703877998,Other,60.0,Chandigarh,Chandigarh,2023-01-12,True
5214, Ankita Mehta,ankita.mehta269@gmail.com,+91-8095319323,,53.0,Bangalore,Karnataka,2026-06-12,False
5573,Amit Joshi,amit.joshi@outlook.com,+91-8965943714,,30.0,Kolkata,West Bengal,2024-06-29,True
5078,Pooja Bose,pooja.bose308@outlook.com,,,18.0,Ranchi,Jharkhand,2024-05-11,False
7929,Kavya Rao,kavya.rao190@yahoo.com,+91-8953002439,Female,61.0,Patna,Bihar,2021-04-14,False
6413, Gaurav Sharma ,gaurav.sharma893@outlook.com,+91-9327138396,Other,24.0,Kolkata,West Bengal,2024-05-19,False
5440, Nikhil Rao ,nikhil.rao845@gmail.com,+91-7508159550,Other,24.0,Patna,Bihar,2021-05-10,False
7243, Pallavi Khan ,,+91-9486645027,Female,50.0,Coimbatore,Tamil Nadu,2021-09-12,False
5343,yash reddy ,yash.reddy@gmail.com,+91-7777023151,Other,34.0,Mumbai,Maharashtra,2021-03-22,False
6033,Karan Khan,karan.khan@outlook.com,+91-8845334926,Other,56.0,Ranchi,Jharkhand,2024-04-30,False
7983,sanjay kulkarni ,sanjay.kulkarni@gmail.com,+91-9699440595,Other,63.0,Bhopal,Madhya Pradesh,2024-02-21,False
7949, Aditya Shah,aditya.shah290@yahoo.com,+91-8328387836,Female,37.0,Bhopal,Madhya Pradesh,2024-02-17,False
6859,Rohan Reddy,rohan.reddy@gmail.com,+91-7857430507,Other,47.0,Chandigarh,Chandigarh,2025-09-10,False
5491,Divya Gupta ,divya.gupta@gmail.com,+91-9736552388,Female,62.0,Bangalore,Karnataka,2020-08-04,False
7502,Pooja Chopra ,pooja.chopra@outlook.com,+91-7529177998,,25.0,Lucknow,Uttar Pradesh,2022-07-26,False
7661,Rohan Patil ,rohan.patil@outlook.com,+91-8043636662,Male,29.0,Chennai,Tamil Nadu,2023-03-18,True
5932,Nisha Shah,nisha.shah@outlook.com,+91-9114435231,,51.0,Indore,Madhya Pradesh,2026-07-16,False
6921,Rahul Malhotra,rahul.malhotra@outlook.com,+91-9616128846,,29.0,Lucknow,Uttar Pradesh,2025-11-12,True
5686,Yash Reddy,yash.reddy934@yahoo.com,+91-8291019729,Male,46.0,Nashik,Maharashtra,2019-05-05,False
7761, Rajesh Patil,rajesh.patil@yahoo.com,+91-7192046028,Female,39.0,Mumbai,Maharashtra,2020-12-12,False
5255,Pallavi Malhotra,pallavi.malhotra@gmail.com,+91-8079059275,Male,31.0,Patna,Bihar,2024-09-11,False
7311, Amit Rao ,amit.rao@yahoo.com,+91-8742454536,Male,45.0,Nagpur,Maharashtra,2024-03-01,False
7688, Simran Rao ,simran.rao@gmail.com,+91-7818183648,Other,54.0,Surat,Gujarat,2025-03-02,False
6875,Suresh Chopra ,suresh.chopra@outlook.com,+91-8074494429,Male,20.0,Chennai,Tamil Nadu,2024-07-29,True
7525, Pallavi Kumar,pallavi.kumar@outlook.com,+91-8772043891,Other,37.0,Chandigarh,Chandigarh,2022-08-20,False
6223,Divya Rao,divya.rao386@gmail.com,+91-9392854179,Other,38.0,Nagpur,Maharashtra,2026-05-30,True
5296,Neha Kulkarni,neha.kulkarni@gmail.com,+91-9845486350,,28.0,Surat,Gujarat,2021-12-04,False
5710,Gaurav Bose,gaurav.bose965@yahoo.com,+91-9456275118,Other,23.0,Nagpur,Maharashtra,2020-02-08,False
7060,Divya Iyer,divya.iyer@yahoo.com,+91-8256010678,,46.0,Lucknow,Uttar Pradesh,2021-04-14,True
5641, meera pillai ,meera.pillai925@yahoo.com,+91-9501157338,,60.0,Hyderabad,Telangana,2019-12-20,False
6868, swati malhotra ,swati.malhotragmail.com,+91-8983657792,,54.0,Nagpur,Maharashtra,2020-08-12,False
6334,Karan Kulkarni,karan.kulkarni906@outlook.com,+91-8912295075,Female,65.0,Ranchi,Jharkhand,2021-04-28,True
7242,Aditya Chopra ,aditya.chopra@gmail.com,+91-7189638367,Male,57.0,Chennai,Tamil Nadu,2024-09-18,False
6737,Divya Sharma,divya.sharma@yahoo.com,+91-7879672815,,65.0,Patna,Bihar,2021-04-02,False
6839,Suresh Reddy,suresh.reddy@yahoo.com,+91-9335201381,Female,42.0,Patna,Bihar,2022-09-16,False
7008,MOHIT KULKARNI,mohit.kulkarni246@gmail.com,+91-7139098312,Other,39.0,Kolkata,West Bengal,2024-11-04,False
7798,Meera Das,meera.das883@yahoo.com,+91-9739094959,Female,50.0,Nashik,Maharashtra,2025-01-23,False
7227, Varun Pillai,varun.pillai708@outlook.com,+91-9821981689,Female,35.0,Nagpur,Maharashtra,2021-03-03,False
7932, Ankita Shah,ankita.shah@outlook.com,+91-9635427904,Other,33.0,Hyderabad,Telangana,2022-07-19,False
6352,Swati Iyer,swati.iyer@outlook.com,+91-7096795705,,61.0,Coimbatore,Tamil Nadu,2023-09-17,False
6511,deepak pillai,deepak.pillai605@gmail.com,+91-9971060142,Female,42.0,Bhopal,Madhya Pradesh,2020-08-05,False
6602, Pallavi Kumar ,pallavi.kumar@gmail.com,+91-7904854378,Male,45.0,Nagpur,Maharashtra,2026-05-14,False
5190,Deepak Malhotra,,+91-9809305760,Other,44.0,Pune,Maharashtra,2022-07-07,True
7454, Ritu Rao ,ritu.rao@gmail.com,+91-8236271116,,51.0,Hyderabad,Telangana,2026-05-15,True
6373,Amit Kulkarni,amit.kulkarni@outlook.com,+91-8664866104,Female,33.0,Ahmedabad,Gujarat,2023-09-14,False
6296, Rohan Pillai ,rohan.pillai347@gmail.com,+91-7043762206,Other,52.0,Ahmedabad,Gujarat,2022-04-03,False
5556,Bhavna Iyer,bhavna.iyer@outlook.com,+91-7046111420,,18.0,Bhopal,Madhya Pradesh,2020-03-28,True
7747,Radha Iyer,radha.iyer@outlook.com,+91-9799619593,Female,37.0,Ranchi,Jharkhand,2022-12-18,False
6111,Aisha Mehta ,aisha.mehtagmail.com,+91-7352631825,Male,59.0,Coimbatore,Tamil Nadu,2026-06-16,False
6189, POOJA REDDY ,pooja.reddy@outlook.com,+91-8308683066,,54.0,Kochi,Kerala,2022-04-25,False
6892,Nikhil Pillai,nikhil.pillai423@outlook.com,+91-8422514292,,38.0,Lucknow,Uttar Pradesh,2021-04-22,False
6121,Varun Nair,varun.nair@gmail.com,+91-9726994528,Male,39.0,Nagpur,Maharashtra,2020-03-22,False
5698, MANISH MALHOTRA,manish.malhotra@outlook.com,+91-7683115888,,35.0,Chennai,Tamil Nadu,2020-02-11,False
6218, Mohit Patil ,mohit.patil@gmail.com,+91-8831704180,Other,58.0,Bangalore,Karnataka,2022-10-05,True
6886,Rahul Bose ,rahul.bose@gmail.com,+91-8532964361,Male,25.0,Bhopal,Madhya Pradesh,2025-08-17,False
5988,Aisha Kulkarni ,aisha.kulkarni@yahoo.com,+91-8344238147,Male,62.0,Chandigarh,Chandigarh,2024-10-01,False
5327,Pallavi Pillai,pallavi.pillai@gmail.com,+91-9639716487,Other,62.0,Ahmedabad,Gujarat,2019-01-18,False
8000,Divya Rao,divya.raogmail.com,+91-7329741063,Other,30.0,Surat,Gujarat,2019-07-11,False
6180,SURESH JOSHI,suresh.joshi@gmail.com,+91-7542199224,Female,63.0,Chandigarh,Chandigarh,2020-04-25,False
6708,Vikram Kumar,vikram.kumar246@outlook.com,+91-7542661958,Female,18.0,Coimbatore,Tamil Nadu,2022-09-08,True
6555,Anjali Gupta ,anjali.gupta858@outlook.com,+91-9518496818,Other,30.0,Chandigarh,Chandigarh,2019-01-05,False
7155,Tarun Chopra,tarun.chopra@outlook.com,+91-7008627430,Male,42.0,Chennai,Tamil Nadu,2020-05-26,False
5668,Anjali Kumar,anjali.kumar159@outlook.com,+91-8905096387,Male,46.0,Jaipur,Rajasthan,2020-06-20,False
5874,nisha reddy,nisha.reddygmail.com,+91-9293393429,,19.0,Delhi,Delhi,2021-06-01,False
5057,Shreya Kumar ,shreya.kumar@gmail.com,+91-9789778828,Female,53.0,Kolkata,West Bengal,2019-05-19,False
6054, Pooja Pillai ,pooja.pillai179@outlook.com,+91-7459294759,Male,38.0,Lucknow,Uttar Pradesh,2025-11-10,False
6503, Pooja Bose ,pooja.bose620@outlook.com,,Female,53.0,Bhopal,Madhya Pradesh,2021-02-05,False
7894,Aditya Mehta,aditya.mehta@outlook.com,+91-8300271725,Other,33.0,Ahmedabad,Gujarat,2021-11-20,False
5017, Kunal Mehta ,kunal.mehta@yahoo.com,+91-7836682996,Female,34.0,Jaipur,Rajasthan,2021-05-14,False
6435, Pooja Sharma,pooja.sharma@outlook.com,+91-8365605562,Male,37.0,Ahmedabad,Gujarat,2020-01-29,False
7281,Kunal Nair,kunal.nair@outlook.com,,Female,18.0,Mumbai,Maharashtra,2025-05-18,False
7124, Pooja Das,pooja.das@gmail.com,+91-9583713804,Male,51.0,Ranchi,Jharkhand,2024-08-31,False
5135,gaurav sharma ,gaurav.sharma@gmail.com,+91-8705323792,Male,20.0,Chandigarh,Chandigarh,2024-02-02,True
5002,Radha Singh,radha.singh227@gmail.com,+91-7571981485,Other,27.0,Mumbai,Maharashtra,2022-04-01,False
5438,Nisha Reddy,nisha.reddy119@yahoo.com,+91-8563160128,Female,50.0,Chandigarh,Chandigarh,2025-05-23,False
7863, Karan Verma,karan.verma@yahoo.com,+91-7682578589,Male,37.0,Hyderabad,Telangana,2024-12-21,False
7489, Simran Kulkarni ,simran.kulkarni841@outlook.com,+91-8161719929,,29.0,Pune,Maharashtra,2026-07-17,False
7845,Ritu Iyer ,ritu.iyer@outlook.com,+91-7730379543,Male,61.0,Jaipur,Rajasthan,2026-04-03,False
7721,Rajesh Das ,rajesh.das@yahoo.com,+91-9614727695,Other,30.0,Bangalore,Karnataka,2023-09-23,False
6346,Isha Nair ,isha.nair@yahoo.com,,Male,25.0,Ranchi,Jharkhand,2021-04-27,True
5568, Rohan Sharma ,rohan.sharma@outlook.com,+91-8060676056,Female,38.0,Patna,Bihar,2022-07-27,False
6192,Deepak Pillai,deepak.pillai@gmail.com,+91-8644566035,,26.0,Kochi,Kerala,2022-10-14,True
7793,Karan Joshi,karan.joshi979@outlook.com,+91-8938882907,Female,63.0,Nagpur,Maharashtra,2022-05-29,False
6087, Deepak Reddy,deepak.reddy@gmail.com,+91-7087732535,Male,47.0,Kolkata,West Bengal,2024-09-16,False
5426, Harsh Shah ,harsh.shah357@outlook.com,+91-7630294278,Other,64.0,Ahmedabad,Gujarat,2020-12-09,False
6114,Preeti Sharma,preeti.sharma@outlook.com,+91-8949005018,,40.0,Surat,Gujarat,2026-07-10,False
7840,Vikram Patil ,vikram.patil616@gmail.com,+91-7120092474,Female,49.0,Delhi,Delhi,2020-11-20,False
7337,Divya Joshi,divya.joshi@gmail.com,+91-8392779867,Other,53.0,Hyderabad,Telangana,2019-08-28,False
6181,Tarun Mehta ,tarun.mehta755@gmail.com,+91-7569170228,Other,18.0,Ranchi,Jharkhand,2022-03-27,False
6466,Aditya Shah,aditya.shah@yahoo.com,+91-9051827372,Other,64.0,Pune,Maharashtra,2020-01-26,False
6699,Mohit Gupta,mohit.gupta@outlook.com,+91-9828698340,Female,43.0,Surat,Gujarat,2020-06-12,False
6536,Gaurav Gupta,gaurav.gupta71@yahoo.com,+91-9452548806,,51.0,Bhopal,Madhya Pradesh,2022-10-23,True
6008,DEEPAK KULKARNI,deepak.kulkarni@gmail.com,+91-8956477146,Female,25.0,Patna,Bihar,2019-12-10,True
7933, Meera Gupta ,meera.gupta@outlook.com,+91-9425125752,,18.0,Ahmedabad,Gujarat,2020-02-27,False
6155,Aisha Chopra,aisha.chopra@outlook.com,+91-8697219204,Other,41.0,Patna,Bihar,2020-03-28,False
7758, Neha Verma ,neha.verma@yahoo.com,+91-7861329246,Other,46.0,Kolkata,West Bengal,2020-01-10,False
7916, Sneha Nair,sneha.nair@outlook.com,+91-8464590131,Female,49.0,Mumbai,Maharashtra,2020-12-31,False
7293,Isha Mehta ,,+91-8099522605,,19.0,Mumbai,Maharashtra,2026-05-06,False
5871, Ritu Reddy,ritu.reddy@yahoo.com,,,24.0,Pune,Maharashtra,2020-08-06,False
6498,Neha Rao,neha.rao293@gmail.com,+91-7077903839,Other,,Bangalore,Karnataka,2019-11-21,False
6138,sanjay patil ,sanjay.patil353@yahoo.com,+91-8133815630,Other,37.0,Surat,Gujarat,2025-05-29,False
5866,Yash Rao,yash.rao@yahoo.com,+91-9490130540,Male,30.0,Lucknow,Uttar Pradesh,2025-01-28,False
5768, Rahul Kumar,rahul.kumar@yahoo.com,+91-7090754651,Other,41.0,Surat,Gujarat,2019-09-01,False
6954,Deepak Pillai,deepak.pillai@yahoo.com,+91-9113807555,Other,52.0,Lucknow,Uttar Pradesh,2020-06-25,False
7777,Ritu Gupta,ritu.gupta@outlook.com,+91-8897137753,Male,33.0,Bangalore,Karnataka,2023-08-13,False
6205,neha sharma,neha.sharma@yahoo.com,+91-9045751881,Female,23.0,Patna,Bihar,2026-04-04,True
5180,Yash Gupta,,+91-7648253911,Male,48.0,Surat,Gujarat,2024-06-18,True
7871, KUNAL NAIR,kunal.nair341@yahoo.com,+91-9259789798,,65.0,Indore,Madhya Pradesh,2023-02-09,False
6122, Rajesh Bose ,rajesh.bose680@outlook.com,+91-8484545296,,29.0,Jaipur,Rajasthan,2022-01-26,True
6779,Divya Das,divya.das@yahoo.com,+91-9644717500,,34.0,Mumbai,Maharashtra,2019-10-12,False
6962, ritu khan ,ritu.khan784@yahoo.com,+91-7377078328,Other,40.0,Mumbai,Maharashtra,2021-01-20,False
7805, Priya Gupta ,priya.gupta140@outlook.com,+91-9249790330,Female,37.0,Nashik,Maharashtra,2026-07-22,True
5864, VARUN KULKARNI,varun.kulkarni756@outlook.com,+91-8812472884,Female,18.0,Chennai,Tamil Nadu,2023-04-05,False
7804,simran bose,simran.bose@gmail.com,+91-7479905788,Male,34.0,Chandigarh,Chandigarh,2026-07-22,True
6617, Sneha Verma,sneha.verma@yahoo.com,+91-8393943165,Other,42.0,Nashik,Maharashtra,2019-10-29,False
5346,PRIYA KULKARNI,priya.kulkarni418@gmail.com,+91-8235599470,Other,33.0,Nagpur,Maharashtra,2023-02-01,False
7398, Bhavna Chopra ,bhavna.chopra@yahoo.com,+91-7904544433,Female,24.0,Kolkata,West Bengal,2026-02-27,True
6275, Preeti Nair ,,+91-7158122871,Male,44.0,Bhopal,Madhya Pradesh,2021-02-08,False
6320,Priya Kulkarni,priya.kulkarni698@outlook.com,+91-7980032615,Other,26.0,Coimbatore,Tamil Nadu,2019-12-25,False
5051,Divya Gupta,divya.gupta@yahoo.com,+91-9857417071,Male,27.0,Patna,Bihar,2019-08-20,True
5969,Rajesh Bose,rajesh.bose654@gmail.com,,Male,45.0,Bangalore,Karnataka,2025-05-30,False
5121,Ankita Gupta,ankita.guptagmail.com,+91-7024814209,Male,55.0,Patna,Bihar,2021-03-25,False
6317,Rahul Khan ,rahul.khan@yahoo.com,+91-7961251132,Male,54.0,Lucknow,Uttar Pradesh,2022-10-09,True
7295,Shreya Malhotra,shreya.malhotra@gmail.com,+91-8968609503,Female,63.0,Lucknow,Uttar Pradesh,2024-03-19,False
6968,Manish Kumar,manish.kumar673@yahoo.com,+91-9953525613,Other,,Chennai,Tamil Nadu,2023-08-13,False
7268,Gaurav Verma ,gaurav.verma@yahoo.com,+91-8153593400,,59.0,Surat,Gujarat,2026-01-04,False
6393,Karan Reddy ,karan.reddy@outlook.com,+91-7361376397,Other,51.0,Delhi,Delhi,2024-12-10,True
6217,Varun Nair,,+91-9544005952,Male,35.0,Ahmedabad,Gujarat,2019-10-16,False
5844,Preeti Rao,preeti.rao304@yahoo.com,+91-9522415867,Male,19.0,Jaipur,Rajasthan,2025-02-27,True
7312,Kunal Shah ,kunal.shah@gmail.com,+91-8122432298,Male,20.0,Mumbai,Maharashtra,2024-04-17,False
6286, Aditya Pillai,aditya.pillai223@outlook.com,+91-7370697390,,51.0,Mumbai,Maharashtra,2024-07-07,False
6995, PREETI MEHTA ,preeti.mehta906@yahoo.com,+91-8001971727,Male,64.0,Lucknow,Uttar Pradesh,2025-03-08,False
5479,Amit Kulkarni,amit.kulkarnigmail.com,+91-9618032658,,42.0,Mumbai,Maharashtra,2020-03-22,False
7692, Pooja Iyer ,pooja.iyer@gmail.com,+91-9662563689,Female,59.0,Surat,Gujarat,2025-11-27,False
6571,Isha Shah,isha.shahgmail.com,+91-8169881249,Male,45.0,Kochi,Kerala,2021-03-08,False
5075,DIVYA SHAH,divya.shah536@yahoo.com,+91-8774845680,Other,55.0,Pune,Maharashtra,2025-07-18,False
6211,Manish Verma,manish.verma825@gmail.com,+91-8857619533,Other,55.0,Ranchi,Jharkhand,2019-12-15,False
5575, Anjali Singh ,anjali.singh@outlook.com,+91-9563477638,Female,55.0,Kochi,Kerala,2020-07-02,True
6457,Divya Nair,divya.nair@outlook.com,+91-8968437541,Male,58.0,Kochi,Kerala,2025-11-18,True
6804, Vikram Joshi ,vikram.joshi603@gmail.com,+91-9421382084,Other,29.0,Kochi,Kerala,2023-09-11,False
6036,Simran Nair,simran.nair@yahoo.com,+91-9996604071,,47.0,Kolkata,West Bengal,2020-03-07,False
6790,Varun Sharma,varun.sharma@yahoo.com,+91-8820951709,Other,62.0,Bhopal,Madhya Pradesh,2026-04-28,False
6876,Isha Sharma,isha.sharma996@outlook.com,+91-9580163419,Other,19.0,Lucknow,Uttar Pradesh,2019-07-01,True
5964, Meera Malhotra,meera.malhotra@yahoo.com,+91-7853844148,,53.0,Chennai,Tamil Nadu,2026-01-22,False
5655,Aisha Iyer,aisha.iyer387@yahoo.com,+91-7377414921,Female,54.0,Bhopal,Madhya Pradesh,2021-07-01,True
6021,Pallavi Kulkarni,pallavi.kulkarni501@outlook.com,+91-8741373852,,53.0,Chennai,Tamil Nadu,2021-12-19,True
7321, Mohit Sharma,mohit.sharma210@gmail.com,+91-7317156671,,36.0,Chandigarh,Chandigarh,2019-03-29,True
6234, Varun Kulkarni ,varun.kulkarnigmail.com,+91-7881169292,Female,30.0,Nashik,Maharashtra,2024-02-04,False
6204,Sneha Pillai,sneha.pillai@gmail.com,+91-8243417839,Female,27.0,Indore,Madhya Pradesh,2019-09-18,False
5902, Preeti Chopra ,preeti.chopra319@yahoo.com,+91-9478085681,Female,50.0,Patna,Bihar,2023-07-29,False
5441,Mohit Pillai,mohit.pillai@yahoo.com,+91-7553970287,,58.0,Indore,Madhya Pradesh,2022-09-12,False
5984,Suresh Khan,suresh.khan155@outlook.com,+91-7979537048,Female,51.0,Ranchi,Jharkhand,2022-09-13,False
6881,Yash Mehta,yash.mehta@yahoo.com,+91-7923992761,,27.0,Patna,Bihar,2023-02-05,False
5206,Mohit Khan,mohit.khan678@yahoo.com,+91-9800710081,,42.0,Nagpur,Maharashtra,2019-06-27,True
7105,POOJA KHAN,pooja.khangmail.com,+91-8760039041,Male,29.0,Bangalore,Karnataka,2023-12-08,False
6409, Neha Chopra,neha.chopra@gmail.com,+91-7179554582,Female,48.0,Ahmedabad,Gujarat,2025-07-23,False
5501, Sanjay Chopra ,sanjay.chopra@gmail.com,+91-9553822333,Female,58.0,Nagpur,Maharashtra,2019-07-26,False
7062,Rohan Kumar,rohan.kumar@gmail.com,+91-7852856372,Male,37.0,Bhopal,Madhya Pradesh,2019-03-03,False
5532,Rajesh Malhotra,rajesh.malhotra926@yahoo.com,+91-9202902878,Male,31.0,Delhi,Delhi,2021-10-30,False
5742, rohan shah ,rohan.shah@outlook.com,+91-7149189961,Male,20.0,Pune,Maharashtra,2026-02-12,False
7501,Manish Sharma ,manish.sharma@outlook.com,+91-7795674653,Other,44.0,Chennai,Tamil Nadu,2025-08-04,True
7707,Simran Pillai,simran.pillai@gmail.com,+91-9083674155,,18.0,Lucknow,Uttar Pradesh,2019-09-12,False
6335, Amit Shah,amit.shah242@outlook.com,+91-9555347006,Other,64.0,Bhopal,Madhya Pradesh,2020-07-20,False
5590, Manish Verma,manish.verma@gmail.com,+91-8809488451,,25.0,Nashik,Maharashtra,2021-06-12,False
7286, Aditya Sharma ,aditya.sharma@outlook.com,+91-9420337301,Other,51.0,Chandigarh,Chandigarh,2024-04-30,True
6905, Anjali Chopra,anjali.chopra@yahoo.com,+91-7164436162,Other,42.0,Kolkata,West Bengal,2020-09-04,False
6451,Neha Shah,neha.shahgmail.com,+91-7463364612,Female,50.0,Ahmedabad,Gujarat,2022-05-02,False
6174,ADITYA PILLAI,aditya.pillai364@gmail.com,+91-9570197978,Other,40.0,Chandigarh,Chandigarh,2025-11-06,False
5606, nikhil kumar,nikhil.kumar@gmail.com,+91-8687896074,,30.0,Ranchi,Jharkhand,2023-02-04,False
7919, Sneha Malhotra ,sneha.malhotra@yahoo.com,+91-9253073587,Male,,Pune,Maharashtra,2026-07-06,False
5176,Nisha Das,nisha.das@yahoo.com,+91-7823110672,Male,23.0,Kolkata,West Bengal,2025-04-25,False
6214,Swati Sharma,swati.sharma@yahoo.com,+91-9777316238,Female,20.0,Surat,Gujarat,2025-01-29,True
6784,Ritu Nair,ritu.nair@yahoo.com,+91-7751357297,Female,46.0,Kolkata,West Bengal,2024-08-24,True
6481,gaurav sharma,gaurav.sharma585@gmail.com,+91-7202166843,,36.0,Hyderabad,Telangana,2019-09-09,False
7370,ARJUN NAIR,arjun.nair@yahoo.com,+91-9410506529,Male,62.0,Hyderabad,Telangana,2019-02-22,False
5413,Yash Iyer,yash.iyer429@yahoo.com,+91-7503613927,Female,38.0,Hyderabad,Telangana,2021-05-27,False
6391,Priya Pillai,priya.pillai719@yahoo.com,+91-7189247928,Other,58.0,Pune,Maharashtra,2021-10-27,False
6342, Yash Khan,yash.khan@yahoo.com,+91-8331638887,Female,41.0,Ranchi,Jharkhand,2019-09-26,False
7078,Meera Mehta ,meera.mehta720@outlook.com,+91-9448884173,Male,35.0,Bhopal,Madhya Pradesh,2020-09-14,False
7967,Swati Chopra,swati.chopragmail.com,+91-9655804075,Male,22.0,Bangalore,Karnataka,2021-12-07,False
7201,Nikhil Chopra ,nikhil.chopra322@yahoo.com,+91-7209283076,,18.0,Chandigarh,Chandigarh,2020-10-13,False
7893,pallavi shah,pallavi.shah@yahoo.com,+91-9530474933,,62.0,Pune,Maharashtra,2026-02-26,False
7476,Manish Nair,manish.nair@outlook.com,+91-7536665165,,63.0,Kochi,Kerala,2023-12-13,False
7799,Kavya Gupta,kavya.gupta869@yahoo.com,+91-8263328111,Male,53.0,Bangalore,Karnataka,2026-04-06,False
5349,Karan Singh,karan.singh@yahoo.com,+91-8189389914,Female,46.0,Indore,Madhya Pradesh,2020-10-24,True
7544,Rahul Patil,rahul.patil987@yahoo.com,+91-9899666397,Other,24.0,Mumbai,Maharashtra,2023-04-13,False
7851,Arjun Sharma,arjun.sharma229@outlook.com,,Male,62.0,Ahmedabad,Gujarat,2020-11-26,False
5884,Shreya Patil,shreya.patil@outlook.com,+91-7981480358,,24.0,Ranchi,Jharkhand,2023-06-18,True
7879, nisha das ,nisha.das@yahoo.com,+91-8682451214,Male,64.0,Surat,Gujarat,2024-05-24,False
7928,Arjun Bose ,arjun.bose94@yahoo.com,+91-7249280706,Male,,Coimbatore,Tamil Nadu,2022-05-21,False
7323, simran iyer,simran.iyer@yahoo.com,+91-7675163954,Male,64.0,Hyderabad,Telangana,2022-05-23,False
5265,Bhavna Rao,bhavna.rao777@outlook.com,+91-7342779944,Female,63.0,Ranchi,Jharkhand,2019-03-30,False
7340,Tarun Nair,tarun.nair@yahoo.com,,,51.0,Nagpur,Maharashtra,2023-05-05,False
7822,Pooja Patil ,pooja.patil229@gmail.com,+91-7706554375,Female,35.0,Hyderabad,Telangana,2025-08-26,False
6624,Kavya Rao ,kavya.rao873@yahoo.com,+91-9215402040,,55.0,Bhopal,Madhya Pradesh,2019-10-03,False
7618, Nisha Singh,nisha.singh@outlook.com,+91-8986087612,Male,28.0,Patna,Bihar,2022-08-07,False
6179,Kunal Chopra ,kunal.chopra943@gmail.com,+91-7769595741,,61.0,Kolkata,West Bengal,2024-10-27,False
7098,Swati Gupta,swati.gupta@outlook.com,+91-7329945620,Female,28.0,Delhi,Delhi,2022-01-24,False
7071,KAVYA KULKARNI,kavya.kulkarni@outlook.com,+91-8029834664,Male,63.0,Lucknow,Uttar Pradesh,2024-04-30,False
6563, Arjun Sharma ,arjun.sharma862@yahoo.com,+91-8898353763,Other,,Lucknow,Uttar Pradesh,2023-11-13,False
5882, Radha Nair,radha.nair192@gmail.com,+91-9195778163,Female,44.0,Bangalore,Karnataka,2024-10-22,False
6431,Karan Das,karan.das@yahoo.com,+91-7715529845,Other,47.0,Nashik,Maharashtra,2019-10-17,False
6283,Mohit Khan,mohit.khan@yahoo.com,+91-7826461438,Female,28.0,Coimbatore,Tamil Nadu,2022-01-05,False
7276, Sneha Joshi ,sneha.joshi900@yahoo.com,+91-8645685724,Other,27.0,Pune,Maharashtra,2025-12-07,True
7034,anjali reddy,anjali.reddy@gmail.com,+91-9314945400,Male,,Hyderabad,Telangana,2021-01-17,False
7972,Radha Iyer,radha.iyer365@outlook.com,+91-8905474686,Other,24.0,Surat,Gujarat,2019-10-25,False
7156,Simran Malhotra,simran.malhotra@outlook.com,+91-9045510760,Male,23.0,Chennai,Tamil Nadu,2022-02-10,False
6389,kavya kumar,kavya.kumar@yahoo.com,,Other,22.0,Kolkata,West Bengal,2026-04-09,True
6681, Harsh Rao,harsh.rao@gmail.com,+91-9071142966,,27.0,Hyderabad,Telangana,2022-07-05,False
6437,Rohan Kumar,rohan.kumar674@yahoo.com,,Female,32.0,Delhi,Delhi,2026-04-16,False
6549,Harsh Joshi,harsh.joshi@yahoo.com,+91-7784266393,Female,47.0,Chandigarh,Chandigarh,2026-04-02,False
7079, Divya Mehta,divya.mehta@gmail.com,+91-7850320214,,,Hyderabad,Telangana,2023-12-21,False
5011,Meera Gupta,meera.gupta@yahoo.com,+91-8339395518,Other,24.0,Jaipur,Rajasthan,2019-12-18,False
6629, SHREYA GUPTA,shreya.gupta@gmail.com,+91-9867124057,Female,29.0,Bhopal,Madhya Pradesh,2020-08-09,False
5439, Arjun Mehta ,arjun.mehtagmail.com,+91-7397634743,Female,60.0,Jaipur,Rajasthan,2024-05-10,False
6367,Amit Kumar,,+91-8292241155,Male,59.0,Surat,Gujarat,2019-12-26,True
5972,Manish Rao,manish.rao672@yahoo.com,+91-9111178680,Female,32.0,Bhopal,Madhya Pradesh,2023-12-11,False
5711, Swati Iyer,swati.iyer@outlook.com,+91-8285552569,,47.0,Kochi,Kerala,2025-11-29,False
6483,RAHUL KHAN ,rahul.khan@outlook.com,+91-9615417142,Other,49.0,Surat,Gujarat,2024-08-02,False
7401,sanjay iyer ,sanjay.iyer635@gmail.com,+91-9180847102,Female,51.0,Ahmedabad,Gujarat,2021-11-17,False
5670,Amit Chopra,amit.chopra735@outlook.com,,Female,45.0,Pune,Maharashtra,2024-01-07,False
6193,Pooja Mehta,pooja.mehta@yahoo.com,+91-7227904024,Male,62.0,Ahmedabad,Gujarat,2023-07-22,False
5126, Manish Kulkarni ,manish.kulkarni@gmail.com,+91-7068842002,,39.0,Mumbai,Maharashtra,2023-12-16,True
7306,Bhavna Rao,bhavna.rao860@gmail.com,+91-8772262882,Other,27.0,Patna,Bihar,2025-02-12,False
7942,Radha Kumar ,radha.kumar@gmail.com,+91-7926898014,,46.0,Delhi,Delhi,2019-06-24,False
6927, Neha Das ,neha.das@outlook.com,+91-9946144439,Other,29.0,Bhopal,Madhya Pradesh,2019-07-12,False
6338,pooja chopra,pooja.chopra@gmail.com,+91-9813849233,Male,64.0,Hyderabad,Telangana,2023-02-20,False
7012,Divya Malhotra,divya.malhotra680@outlook.com,+91-8293714203,Female,56.0,Lucknow,Uttar Pradesh,2019-04-12,False
6060,Yash Nair,yash.nair663@outlook.com,+91-9035514672,Male,49.0,Bhopal,Madhya Pradesh,2020-12-26,False
5199, Rahul Pillai,rahul.pillai@outlook.com,+91-7450406116,Male,38.0,Mumbai,Maharashtra,2019-03-23,True
5629,Meera Iyer,meera.iyer@outlook.com,+91-8562895082,Male,38.0,Kochi,Kerala,2023-10-24,False
5410,Mohit Kumar,mohit.kumar@outlook.com,+91-8080818003,Other,29.0,Ahmedabad,Gujarat,2025-10-13,False
7776,Isha Kumar,isha.kumar302@yahoo.com,+91-8082792762,Female,41.0,Nagpur,Maharashtra,2019-10-01,False
6741, Mohit Sharma ,mohit.sharma184@yahoo.com,+91-8850856513,,26.0,Kolkata,West Bengal,2023-12-26,False
7927,Gaurav Singh,gaurav.singh998@outlook.com,+91-8227078677,,41.0,Jaipur,Rajasthan,2021-03-20,False
6199,TARUN KUMAR,tarun.kumar@outlook.com,+91-7004046997,Other,60.0,Lucknow,Uttar Pradesh,2024-08-12,False
7796,Sneha Rao,sneha.rao@outlook.com,+91-9558225472,Male,18.0,Chennai,Tamil Nadu,2022-05-02,False
6202,Simran Kumar ,simran.kumar@gmail.com,+91-9910001393,Female,38.0,Patna,Bihar,2024-09-27,False
6300,Nisha Gupta,nisha.gupta@yahoo.com,+91-8700267643,Female,48.0,Bangalore,Karnataka,2022-09-12,False
7938,Swati Das,swati.das@outlook.com,+91-9505448013,,18.0,Chandigarh,Chandigarh,2023-05-08,True
5014, Sanjay Malhotra,sanjay.malhotra@yahoo.com,+91-8566099205,Female,24.0,Surat,Gujarat,2019-11-26,False
7990, nikhil bose ,nikhil.bose@gmail.com,+91-9103758410,,29.0,Bangalore,Karnataka,2021-07-18,False
7653,Gaurav Bose,gaurav.bose@outlook.com,+91-9265217231,,56.0,Nagpur,Maharashtra,2020-04-22,False
5657,GAURAV SHAH,gaurav.shah@yahoo.com,+91-7572812293,,43.0,Chennai,Tamil Nadu,2019-03-29,False
5537, Swati Shah ,swati.shah579@outlook.com,,Male,32.0,Hyderabad,Telangana,2019-03-31,False
5968,Pooja Iyer,,+91-7091391498,,29.0,Chennai,Tamil Nadu,2023-11-07,False
7620,Harsh Patil,harsh.patil@outlook.com,+91-7583506135,,38.0,Chennai,Tamil Nadu,2021-07-18,False
6666,Suresh Shah ,suresh.shah119@outlook.com,+91-9452049154,,24.0,Ranchi,Jharkhand,2021-11-14,False
6663, Varun Verma ,varun.verma@gmail.com,+91-9054368062,,57.0,Coimbatore,Tamil Nadu,2026-07-17,True
7705,Bhavna Pillai ,bhavna.pillai@gmail.com,+91-7961716445,Male,18.0,Nagpur,Maharashtra,2023-12-08,False
7212, Pooja Pillai ,pooja.pillai@yahoo.com,+91-8672030136,,27.0,Chandigarh,Chandigarh,2023-07-03,False
6136,Sanjay Nair ,sanjay.nair@gmail.com,+91-7449133726,Female,,Jaipur,Rajasthan,2021-12-16,False
6594, priya pillai ,priya.pillai542@yahoo.com,+91-7390076982,Other,54.0,Coimbatore,Tamil Nadu,2020-12-10,False
6459,SANJAY JOSHI,sanjay.joshi@outlook.com,,Male,18.0,Indore,Madhya Pradesh,2020-04-30,False
5483, Divya Kulkarni ,divya.kulkarni@outlook.com,+91-9130842738,Female,,Mumbai,Maharashtra,2021-03-26,False
6245,Radha Sharma,radha.sharma814@yahoo.com,+91-8264436078,Female,23.0,Hyderabad,Telangana,2022-12-08,False
7474,Kunal Singh,kunal.singh@outlook.com,+91-9819217019,Male,60.0,Lucknow,Uttar Pradesh,2019-02-18,False
7179, Pallavi Nair ,pallavi.nair819@yahoo.com,+91-9008054086,Other,39.0,Kochi,Kerala,2023-09-13,False
7815, NEHA KULKARNI,neha.kulkarni@yahoo.com,+91-7902638149,Male,57.0,Chennai,Tamil Nadu,2020-06-24,False
5694, Radha Iyer,radha.iyer734@yahoo.com,+91-7998910704,Female,22.0,Chandigarh,Chandigarh,2024-10-17,False
7633, Pallavi Gupta,pallavi.gupta924@outlook.com,+91-8723707558,Female,54.0,Surat,Gujarat,2020-05-28,False
7074, Deepak Khan ,deepak.khan@gmail.com,+91-9199901484,Female,61.0,Coimbatore,Tamil Nadu,2020-12-10,False
7121,Aisha Nair,aisha.nair286@outlook.com,+91-9891354340,Other,47.0,Jaipur,Rajasthan,2021-09-28,False
7472, Meera Rao,meera.rao765@outlook.com,+91-7767651767,Female,35.0,Indore,Madhya Pradesh,2022-02-07,True
6540, Divya Joshi ,divya.joshi@outlook.com,+91-8994828926,,47.0,Bangalore,Karnataka,2019-10-10,False
6579, Priya Singh ,priya.singh636@yahoo.com,+91-7218262368,Other,31.0,Chennai,Tamil Nadu,2024-03-05,False
7061,Aditya Joshi,aditya.joshi82@yahoo.com,+91-7116999141,Other,60.0,Coimbatore,Tamil Nadu,2020-10-17,True
6472,Suresh Nair ,suresh.nair@outlook.com,+91-7048264410,,44.0,Kochi,Kerala,2025-02-12,False
7882, Meera Chopra ,meera.chopra145@gmail.com,+91-8463289610,Male,28.0,Lucknow,Uttar Pradesh,2020-08-16,True
7485,Meera Singh,meera.singh97@outlook.com,+91-7211790967,Female,30.0,Surat,Gujarat,2019-07-31,False
7257, Pallavi Bose ,pallavi.bose11@gmail.com,+91-8272462028,,62.0,Nagpur,Maharashtra,2025-11-13,False
7352, Deepak Kulkarni,deepak.kulkarni853@gmail.com,+91-7803683689,,51.0,Coimbatore,Tamil Nadu,2020-11-11,False
6601,MOHIT PILLAI,mohit.pillai996@gmail.com,+91-9816681313,Male,65.0,Bangalore,Karnataka,2025-10-10,False
6534, Anjali Singh,anjali.singh@gmail.com,+91-9940808604,Other,59.0,Mumbai,Maharashtra,2023-10-29,False
6907,Kavya Iyer,kavya.iyer@yahoo.com,+91-8576237328,,31.0,Indore,Madhya Pradesh,2026-05-04,True
7389, Preeti Rao,preeti.rao@outlook.com,+91-7083623493,,40.0,Ahmedabad,Gujarat,2025-12-06,False
5812,Varun Singh,varun.singh@gmail.com,+91-8672123860,,20.0,Surat,Gujarat,2024-10-20,True
6371,Preeti Shah,preeti.shah@yahoo.com,+91-9551488871,,47.0,Nashik,Maharashtra,2024-07-27,False
5154, GAURAV PATIL,gaurav.patil202@yahoo.com,+91-7548872856,Female,47.0,Hyderabad,Telangana,2025-03-23,True
6329, Pooja Das,pooja.das@outlook.com,+91-9748705843,Other,65.0,Kochi,Kerala,2024-09-02,False
5043, Suresh Verma,suresh.verma778@yahoo.com,+91-9352719961,Male,23.0,Nagpur,Maharashtra,2021-02-27,False
6241,Aditya Rao ,aditya.rao@yahoo.com,+91-9428215648,Female,49.0,Kochi,Kerala,2023-05-28,False
6419,Priya Singh ,priya.singh@yahoo.com,+91-9488633996,,63.0,Lucknow,Uttar Pradesh,2026-03-21,False
5879,VIKRAM DAS,vikram.das722@yahoo.com,+91-9083680801,Male,33.0,Chandigarh,Chandigarh,2020-11-21,False
6950, Nikhil Pillai ,nikhil.pillaigmail.com,+91-8402293396,,34.0,Ahmedabad,Gujarat,2024-11-13,False
7589,Suresh Mehta,suresh.mehta@yahoo.com,+91-7629220107,Female,25.0,Bangalore,Karnataka,2025-06-07,False
6484,Yash Sharma,yash.sharmagmail.com,+91-9674268053,,33.0,Nagpur,Maharashtra,2019-01-10,False
5360,YASH KULKARNI ,yash.kulkarni795@outlook.com,+91-7058481387,Female,47.0,Coimbatore,Tamil Nadu,2019-08-11,False
5056,Divya Singh ,divya.singh@yahoo.com,+91-9132625678,Female,65.0,Ahmedabad,Gujarat,2021-01-19,False
5880, Simran Kumar,simran.kumar@outlook.com,+91-7110358077,Female,52.0,Nagpur,Maharashtra,2019-11-24,False
6319,Swati Verma,swati.verma@gmail.com,+91-9365383596,Male,34.0,Kolkata,West Bengal,2023-08-16,True
5027, Nisha Joshi,,+91-9366737975,,48.0,Mumbai,Maharashtra,2021-02-15,True
5681, Kavya Gupta ,kavya.gupta@outlook.com,+91-7450980529,Female,43.0,Chandigarh,Chandigarh,2019-12-08,False
6239, Ritu Kulkarni ,ritu.kulkarni628@outlook.com,+91-7098961557,Female,39.0,Coimbatore,Tamil Nadu,2025-11-05,True
6514,Shreya Das,shreya.das829@gmail.com,,,53.0,Delhi,Delhi,2019-10-09,True
5136,Tarun Gupta,tarun.gupta533@gmail.com,+91-7169302798,Female,37.0,Mumbai,Maharashtra,2022-03-23,True
6535,Swati Pillai ,swati.pillai@yahoo.com,+91-7546021884,Female,49.0,Nashik,Maharashtra,2019-02-06,False
7259,manish malhotra ,manish.malhotra531@gmail.com,+91-9281014733,Female,63.0,Mumbai,Maharashtra,2026-06-26,False
6378,priya chopra ,priya.chopra@outlook.com,+91-8832014521,,22.0,Bhopal,Madhya Pradesh,2024-01-22,False
7809, Suresh Chopra,suresh.chopra@yahoo.com,+91-8788434435,,18.0,Ranchi,Jharkhand,2020-01-05,False
7104,Sanjay Das,sanjay.das204@outlook.com,+91-7620698427,Female,33.0,Kolkata,West Bengal,2023-09-28,False
6001,Priya Malhotra,priya.malhotra856@outlook.com,+91-9928989216,Male,18.0,Nagpur,Maharashtra,2026-01-02,False
6863, neha chopra ,neha.chopra@outlook.com,+91-9665280468,,62.0,Delhi,Delhi,2021-10-28,False
7265,Anjali Shah ,anjali.shah699@yahoo.com,+91-9149322694,Male,48.0,Chandigarh,Chandigarh,2024-08-30,False
6065, Priya Malhotra ,priya.malhotra@yahoo.com,+91-7999627737,Male,61.0,Chandigarh,Chandigarh,2023-12-04,False
5397,Varun Mehta,varun.mehta@outlook.com,+91-9850307031,Female,56.0,Bangalore,Karnataka,2026-01-17,False
7958,Pooja Nair ,pooja.nair@gmail.com,+91-7292940900,Female,21.0,Chandigarh,Chandigarh,2019-08-16,False
5054,Pallavi Rao ,pallavi.rao@outlook.com,+91-9686108218,Male,42.0,Bhopal,Madhya Pradesh,2023-07-16,False
7294,Aisha Joshi,aisha.joshi195@gmail.com,+91-9412821136,,45.0,Ranchi,Jharkhand,2023-12-03,True
5179,manish gupta ,manish.gupta@yahoo.com,+91-8109913442,,53.0,Nashik,Maharashtra,2021-01-28,False
5508,pooja shah ,pooja.shah@gmail.com,+91-8240106483,,52.0,Jaipur,Rajasthan,2021-10-24,False
5301,Shreya Joshi,shreya.joshi@yahoo.com,+91-8556622866,Male,47.0,Nagpur,Maharashtra,2020-05-19,True
6553, Amit Gupta,amit.gupta@outlook.com,+91-8860442914,Other,18.0,Chandigarh,Chandigarh,2024-03-30,False
6664,Mohit Kumar,mohit.kumar308@gmail.com,+91-7020947939,Other,26.0,Kochi,Kerala,2019-02-21,False
7668,ritu khan,ritu.khan176@gmail.com,+91-9848748675,Male,23.0,Patna,Bihar,2022-06-04,False
6002,Anjali Pillai,anjali.pillai@yahoo.com,+91-8471966054,Female,32.0,Indore,Madhya Pradesh,2019-03-05,False
5079,Aditya Verma,aditya.verma@gmail.com,+91-9985471371,,35.0,Jaipur,Rajasthan,2021-12-14,False
5996,Sanjay Rao ,sanjay.rao630@gmail.com,+91-7082632232,Female,37.0,Kochi,Kerala,2020-06-03,False
5727,Radha Singh ,radha.singh@gmail.com,+91-8663413902,Male,56.0,Kochi,Kerala,2022-08-15,False
5229,Rahul Verma,rahul.verma144@gmail.com,+91-7943359742,,18.0,Bangalore,Karnataka,2022-09-18,True
5819,mohit mehta,mohit.mehta@gmail.com,+91-8773519238,,32.0,Patna,Bihar,2025-09-02,False
6398, Priya Kumar ,priya.kumar81@outlook.com,+91-7738675525,Other,65.0,Bangalore,Karnataka,2024-10-04,False
5989,Mohit Shah,mohit.shah@yahoo.com,+91-9204662311,Other,55.0,Kochi,Kerala,2026-07-03,False
5030,Kavya Khan,kavya.khangmail.com,+91-7935726744,Male,18.0,Nagpur,Maharashtra,2022-12-31,False
6658, mohit sharma ,mohit.sharma49@yahoo.com,+91-9469961455,Male,47.0,Bhopal,Madhya Pradesh,2025-09-24,False
5562, Amit Shah,amit.shah@gmail.com,+91-7443039617,Female,56.0,Hyderabad,Telangana,2025-09-05,False
5226, Rajesh Rao,rajesh.rao@gmail.com,+91-7064902940,Female,49.0,Nagpur,Maharashtra,2020-03-09,False
5006, Pallavi Verma ,pallavi.verma685@yahoo.com,,,28.0,Surat,Gujarat,2024-03-06,True
6228,Yash Patil ,yash.patil@gmail.com,+91-8316988972,Female,62.0,Chennai,Tamil Nadu,2024-04-24,False
5445,Simran Pillai ,simran.pillai@gmail.com,+91-8071935036,Other,55.0,Ranchi,Jharkhand,2024-08-23,True
5033,Nisha Pillai,nisha.pillai@outlook.com,+91-7365466111,Male,26.0,Nashik,Maharashtra,2019-05-08,False
5966,Pooja Kumar,pooja.kumar@outlook.com,+91-8363197078,Other,26.0,Coimbatore,Tamil Nadu,2021-03-11,False
6682, Arjun Das ,arjun.das@yahoo.com,+91-7983712817,Female,40.0,Jaipur,Rajasthan,2025-04-05,True
5894, Preeti Verma ,preeti.verma@yahoo.com,+91-9105676979,Other,53.0,Chandigarh,Chandigarh,2024-12-09,False
5669,Preeti Patil,preeti.patil@yahoo.com,+91-9461653157,Other,30.0,Chandigarh,Chandigarh,2025-06-20,False
7211,Yash Bose ,yash.bose@gmail.com,+91-9677587173,Female,51.0,Mumbai,Maharashtra,2023-01-13,False
6359,Rahul Verma ,rahul.verma178@yahoo.com,+91-9787311788,Female,32.0,Mumbai,Maharashtra,2020-03-03,False
6407,preeti gupta ,preeti.gupta@gmail.com,+91-7394048031,Other,19.0,Bhopal,Madhya Pradesh,2021-12-14,True
7584, kunal bose ,kunal.bose@gmail.com,+91-8757747074,Other,50.0,Delhi,Delhi,2023-03-26,False
6397,Deepak Shah,deepak.shah@gmail.com,+91-8575603217,Male,58.0,Delhi,Delhi,2023-02-28,False
5152,Karan Kulkarni,karan.kulkarni@yahoo.com,,,29.0,Chandigarh,Chandigarh,2021-09-23,True
7703,Kavya Reddy,kavya.reddy416@yahoo.com,+91-8876302008,Female,31.0,Chandigarh,Chandigarh,2019-11-28,False
5223,Anjali Chopra ,anjali.chopra72@outlook.com,+91-7410893730,,28.0,Jaipur,Rajasthan,2025-03-09,True
7520,Karan Rao ,karan.rao@yahoo.com,+91-8185118453,Other,42.0,Ranchi,Jharkhand,2023-04-10,False
5703,Deepak Mehta,deepak.mehta725@yahoo.com,+91-8719293762,Male,42.0,Lucknow,Uttar Pradesh,2021-09-07,True
6667,AISHA MALHOTRA ,aisha.malhotra@yahoo.com,+91-7700009478,,46.0,Kochi,Kerala,2020-05-03,True
7700, Anjali Bose ,anjali.bose@gmail.com,+91-9123801165,Other,60.0,Chennai,Tamil Nadu,2020-03-16,False
6445, Sanjay Bose ,sanjay.bose@gmail.com,+91-8521199400,Other,45.0,Ahmedabad,Gujarat,2020-06-06,False
5855,Arjun Shah,arjun.shah752@yahoo.com,+91-8639888453,Female,39.0,Chandigarh,Chandigarh,2025-06-13,False
6833,Priya Bose,priya.bose@gmail.com,+91-7782557955,Other,32.0,Kolkata,West Bengal,2023-01-14,True
6587, Sanjay Reddy,sanjay.reddy@outlook.com,+91-7072187170,,45.0,Lucknow,Uttar Pradesh,2025-02-06,False
6526,Yash Mehta,yash.mehta580@outlook.com,+91-8252697607,Other,61.0,Indore,Madhya Pradesh,2019-07-14,True
5114,Swati Shah,swati.shah162@outlook.com,+91-7181662422,,54.0,Pune,Maharashtra,2022-03-27,False
7097,Gaurav Joshi,gaurav.joshi878@yahoo.com,+91-8077103811,Female,24.0,Lucknow,Uttar Pradesh,2023-04-01,False
7338, Ritu Sharma,ritu.sharmagmail.com,+91-7301820199,Female,40.0,Pune,Maharashtra,2020-05-07,False
6101,Rohan Rao,rohan.rao131@yahoo.com,+91-7672019765,Female,50.0,Coimbatore,Tamil Nadu,2019-10-13,False
5207,Meera Gupta ,meera.gupta@gmail.com,+91-8247688311,Female,46.0,Kolkata,West Bengal,2024-01-02,False
7564,Preeti Das,preeti.das@yahoo.com,+91-9671795508,Female,47.0,Mumbai,Maharashtra,2022-07-12,False
6148,Harsh Joshi,harsh.joshigmail.com,+91-7004581818,Male,53.0,Nashik,Maharashtra,2023-07-28,False
6822,Sneha Reddy,sneha.reddy@gmail.com,,Male,59.0,Kolkata,West Bengal,2022-09-23,True
6411, Harsh Khan,harsh.khan@outlook.com,,Female,56.0,Ahmedabad,Gujarat,2024-02-11,False
5890,nisha kulkarni,nisha.kulkarni@gmail.com,+91-7770717022,Other,22.0,Delhi,Delhi,2026-04-18,False
6145, Preeti Reddy,preeti.reddy468@gmail.com,+91-8589708604,,60.0,Indore,Madhya Pradesh,2026-02-08,False
5900, Neha Das,neha.das@yahoo.com,+91-7264634674,,43.0,Lucknow,Uttar Pradesh,2023-07-18,False
5833,Ankita Iyer,ankita.iyer81@gmail.com,+91-8069892585,Other,65.0,Pune,Maharashtra,2026-01-26,True
6246, Simran Gupta,simran.gupta@yahoo.com,+91-9858365644,Female,22.0,Jaipur,Rajasthan,2024-03-15,False
7908,Nikhil Chopra ,nikhil.chopra195@gmail.com,+91-8385194834,Other,23.0,Delhi,Delhi,2019-01-16,False
6242,Nisha Shah,nisha.shah850@yahoo.com,+91-7727780681,Female,48.0,Pune,Maharashtra,2020-02-04,True
6983,Mohit Singh,mohit.singh446@outlook.com,+91-8570391379,Other,18.0,Pune,Maharashtra,2019-08-29,False
5870,Pallavi Nair ,pallavi.nair@gmail.com,+91-7603681507,Other,47.0,Delhi,Delhi,2019-07-29,False
6660,Aditya Rao,aditya.rao272@yahoo.com,+91-7746399281,Other,51.0,Chandigarh,Chandigarh,2026-01-13,False
5674, Manish Mehta ,manish.mehta750@gmail.com,+91-8625547765,Other,61.0,Kolkata,West Bengal,2020-03-01,False
7457, Meera Nair,meera.nair@yahoo.com,+91-8306984082,Female,31.0,Kochi,Kerala,2019-10-22,False
6375, PRIYA KUMAR,priya.kumar963@gmail.com,+91-8758633795,,58.0,Surat,Gujarat,2025-06-24,False
6677,Rajesh Mehta ,rajesh.mehta229@outlook.com,+91-8460966939,Male,32.0,Jaipur,Rajasthan,2020-08-03,True
7631, Amit Nair ,amit.nair@yahoo.com,+91-9661066865,,23.0,Bangalore,Karnataka,2020-04-30,True
5140,BHAVNA KHAN ,bhavna.khan782@gmail.com,+91-9910524373,Female,39.0,Ahmedabad,Gujarat,2020-09-24,False
5490,Neha Rao,neha.rao455@yahoo.com,+91-9420549544,Male,30.0,Delhi,Delhi,2023-04-12,False
5914,PREETI KHAN,preeti.khan@yahoo.com,+91-9500137544,Male,56.0,Indore,Madhya Pradesh,2023-04-09,False
6616,Arjun Iyer,arjun.iyer@gmail.com,+91-8507046193,Male,63.0,Surat,Gujarat,2021-04-25,True
6672,Rohan Bose,rohan.bose179@yahoo.com,+91-8335714457,,54.0,Indore,Madhya Pradesh,2020-06-14,False
7214, SURESH SHAH ,suresh.shah@outlook.com,+91-9031613080,Other,30.0,Kolkata,West Bengal,2025-09-23,False
6899, Simran Kulkarni,simran.kulkarni@yahoo.com,+91-7255330875,,45.0,Pune,Maharashtra,2022-04-23,False
7592,Pallavi Singh,pallavi.singh@yahoo.com,+91-7692024605,Male,51.0,Patna,Bihar,2019-12-06,True
5813,Pallavi Kulkarni,pallavi.kulkarni@yahoo.com,+91-7392068310,Female,22.0,Bhopal,Madhya Pradesh,2019-08-10,True
5215, Nikhil Nair,nikhil.nair54@gmail.com,+91-8605489378,Female,49.0,Coimbatore,Tamil Nadu,2024-03-16,False
6944,Gaurav Khan,gaurav.khan@outlook.com,+91-7582278151,Male,64.0,Ranchi,Jharkhand,2021-04-02,False
7180, Aditya Joshi,aditya.joshi@outlook.com,+91-7972802564,Other,34.0,Jaipur,Rajasthan,2022-08-10,False
5315, Arjun Das,arjun.das@yahoo.com,+91-8302182704,Male,58.0,Chennai,Tamil Nadu,2022-06-23,True
7187,ADITYA IYER,aditya.iyer505@yahoo.com,+91-8407359300,,65.0,Surat,Gujarat,2021-04-22,False
5417,Preeti Malhotra ,preeti.malhotra@gmail.com,+91-9930754920,Female,58.0,Pune,Maharashtra,2020-01-15,False
6030, Varun Bose,varun.bose61@gmail.com,+91-8450773304,,45.0,Delhi,Delhi,2026-02-11,False
7087,Aditya Mehta,aditya.mehta966@outlook.com,+91-7119511856,Male,31.0,Ranchi,Jharkhand,2024-02-10,False
7102,Preeti Bose,preeti.bosegmail.com,+91-7375182349,Female,42.0,Patna,Bihar,2022-01-06,True
5137,BHAVNA BOSE,bhavna.bose127@outlook.com,+91-8261000079,Male,36.0,Nashik,Maharashtra,2023-07-24,False
5747,Varun Rao,varun.rao441@gmail.com,+91-8105995056,Female,60.0,Nashik,Maharashtra,2022-09-09,False
6475,Rohan Malhotra,rohan.malhotra78@outlook.com,+91-9117376011,Male,54.0,Kolkata,West Bengal,2023-02-09,False
6123,Radha Bose,radha.bose@yahoo.com,+91-7947468055,Other,36.0,Bangalore,Karnataka,2021-06-27,False
5794,RAHUL PATIL,rahul.patil199@outlook.com,+91-7337972419,,41.0,Jaipur,Rajasthan,2019-02-28,False
5036,Pooja Verma,pooja.verma494@gmail.com,+91-9886224805,Other,61.0,Kochi,Kerala,2020-02-12,False
5026,ISHA GUPTA,isha.gupta@yahoo.com,+91-7866588008,Female,37.0,Nagpur,Maharashtra,2022-07-01,False
5658,Anjali Nair,anjali.nair@yahoo.com,+91-8895979871,,24.0,Jaipur,Rajasthan,2022-04-12,False
6403,Tarun Iyer,tarun.iyer@gmail.com,+91-8160246176,,38.0,Mumbai,Maharashtra,2019-07-04,True
5450, Deepak Das,deepak.das217@gmail.com,+91-9362314347,Other,56.0,Bangalore,Karnataka,2024-08-07,False
6402, HARSH BOSE,harsh.bose@outlook.com,+91-9571344305,Male,32.0,Ahmedabad,Gujarat,2025-08-17,False
6259,Yash Kulkarni,yash.kulkarni@gmail.com,+91-9722878800,Male,25.0,Coimbatore,Tamil Nadu,2021-04-13,False
7351,Sneha Kumar,sneha.kumar916@yahoo.com,+91-9653689991,Male,65.0,Indore,Madhya Pradesh,2025-08-02,False
5752,Simran Patil,simran.patil@gmail.com,+91-7308288964,Female,29.0,Chennai,Tamil Nadu,2022-10-09,False
6271,varun shah ,varun.shah@gmail.com,+91-8214515163,Male,24.0,Nashik,Maharashtra,2024-04-10,False
7997,Pallavi Malhotra,pallavi.malhotra@outlook.com,,Other,27.0,Hyderabad,Telangana,2021-10-28,False
6450,Radha Kulkarni,radha.kulkarni285@yahoo.com,+91-8500333570,,22.0,Indore,Madhya Pradesh,2024-05-13,True
7422,Suresh Singh,suresh.singh956@yahoo.com,+91-7344371209,Other,47.0,Nagpur,Maharashtra,2019-08-01,False
6053,Sneha Rao,sneha.rao@gmail.com,+91-7202071997,Male,51.0,Lucknow,Uttar Pradesh,2019-10-11,False
7438,Gaurav Nair,gaurav.nair@yahoo.com,+91-8903929265,Male,62.0,Nashik,Maharashtra,2023-02-10,True
5245,Sneha Reddy ,sneha.reddy@yahoo.com,+91-7797728653,Other,65.0,Lucknow,Uttar Pradesh,2020-08-10,True
7152,Gaurav Verma,gaurav.verma942@outlook.com,+91-9456798902,Female,61.0,Indore,Madhya Pradesh,2023-04-10,False
5277,Sanjay Khan ,sanjay.khan763@gmail.com,+91-8615852408,Female,45.0,Mumbai,Maharashtra,2020-03-26,False
7442,Gaurav Das,gaurav.das@outlook.com,+91-8733767102,Female,,Patna,Bihar,2020-10-23,True
7159,Arjun Reddy,arjun.reddy155@yahoo.com,+91-9629617097,Female,48.0,Chandigarh,Chandigarh,2025-06-03,True
5589,Karan Singh,karan.singh198@yahoo.com,+91-7758232039,Other,38.0,Ranchi,Jharkhand,2020-07-21,True
7208,sneha sharma,sneha.sharma@gmail.com,+91-7902782371,Other,61.0,Ahmedabad,Gujarat,2020-08-10,True
5971,Nisha Sharma,,+91-7977283422,Male,32.0,Hyderabad,Telangana,2023-09-03,True
6948, Ankita Pillai ,ankita.pillai@gmail.com,+91-9012644404,,56.0,Surat,Gujarat,2019-12-07,False
7601,Isha Joshi ,isha.joshi608@gmail.com,+91-7647349218,Male,60.0,Surat,Gujarat,2025-09-13,True
7657,radha bose,radha.bose@yahoo.com,+91-9400876826,Other,46.0,Hyderabad,Telangana,2022-03-04,False
7388,Bhavna Sharma,bhavna.sharma235@yahoo.com,+91-9754999013,Female,45.0,Delhi,Delhi,2023-11-20,False
7378,Priya Mehta ,priya.mehta761@outlook.com,+91-9749322340,Other,64.0,Indore,Madhya Pradesh,2019-01-29,False
6760, Yash Malhotra ,yash.malhotra210@gmail.com,+91-7462793226,,20.0,Bhopal,Madhya Pradesh,2019-02-28,False
7182,Karan Joshi,karan.joshi@yahoo.com,+91-9739916218,Female,27.0,Lucknow,Uttar Pradesh,2023-11-12,False
6324,Divya Reddy,divya.reddy@outlook.com,,Female,59.0,Bangalore,Karnataka,2024-02-09,True
5168,PRIYA MEHTA,priya.mehta191@outlook.com,+91-9929512927,Other,64.0,Ahmedabad,Gujarat,2020-11-21,False
7273, RADHA JOSHI ,radha.joshi@gmail.com,+91-7956444800,Other,49.0,Kochi,Kerala,2019-08-12,True
5928,Pooja Gupta ,pooja.gupta@outlook.com,+91-8486848749,Female,36.0,Ranchi,Jharkhand,2025-10-03,False
5025, Priya Gupta ,priya.gupta91@yahoo.com,+91-7955235051,Other,25.0,Delhi,Delhi,2019-09-30,False
5807,Preeti Kulkarni,preeti.kulkarni@outlook.com,+91-7950366226,Other,37.0,Jaipur,Rajasthan,2023-11-29,False
7930, VIKRAM KUMAR,vikram.kumar@outlook.com,+91-7387170999,Male,41.0,Pune,Maharashtra,2024-09-01,False
5444, Sneha Kulkarni ,sneha.kulkarni@outlook.com,+91-8972381752,Male,45.0,Bhopal,Madhya Pradesh,2020-08-17,False
6780,Varun Singh,varun.singh524@yahoo.com,+91-9640701696,,34.0,Bangalore,Karnataka,2022-03-21,True
5151, Rahul Chopra ,rahul.chopra@yahoo.com,,,44.0,Bangalore,Karnataka,2024-02-09,False
7827, Shreya Patil ,shreya.patil396@outlook.com,+91-9963835777,,38.0,Kolkata,West Bengal,2023-05-16,False
7143,DEEPAK KHAN ,deepak.khan@outlook.com,+91-9528294361,,56.0,Kochi,Kerala,2020-07-02,False
5755,Ritu Pillai,ritu.pillai@outlook.com,+91-8255381159,Other,37.0,Nagpur,Maharashtra,2025-04-24,True
7266,Bhavna Khan ,bhavna.khan792@gmail.com,+91-7519100085,,21.0,Kochi,Kerala,2022-02-07,False
7430, Ankita Rao,ankita.rao232@outlook.com,+91-9939820563,,25.0,Lucknow,Uttar Pradesh,2021-05-07,False
6048,Aditya Nair ,aditya.nair@outlook.com,+91-8786879314,Other,48.0,Chandigarh,Chandigarh,2024-12-11,True
5781,Amit Chopra,amit.chopra973@outlook.com,+91-9098702720,Female,27.0,Jaipur,Rajasthan,2025-08-17,False
5901, gaurav kumar ,,+91-9682686130,Other,44.0,Kolkata,West Bengal,2021-10-01,True
5865,BHAVNA CHOPRA,bhavna.chopra@outlook.com,+91-8693844795,Male,58.0,Ranchi,Jharkhand,2026-01-18,False
6953,Rohan Reddy,rohan.reddy@gmail.com,,Female,42.0,Chennai,Tamil Nadu,2023-08-30,False
7341,Yash Gupta,yash.gupta853@outlook.com,+91-7360356246,Other,53.0,Surat,Gujarat,2026-06-25,False
6198, Radha Pillai ,radha.pillai545@yahoo.com,+91-9584929071,Other,45.0,Nashik,Maharashtra,2020-12-30,False
5101, Kunal Nair ,kunal.nair122@yahoo.com,+91-7598453294,,53.0,Surat,Gujarat,2024-04-22,False
6050,Varun Shah,varun.shah@yahoo.com,+91-9569316257,,56.0,Chennai,Tamil Nadu,2019-06-14,False
6628,Rajesh Singh,rajesh.singh666@gmail.com,+91-9102982520,Male,24.0,Kolkata,West Bengal,2020-10-28,False
7444,Deepak Iyer,deepak.iyer@outlook.com,+91-7490892541,Other,25.0,Jaipur,Rajasthan,2025-01-27,False
7538,Tarun Mehta,tarun.mehta@outlook.com,+91-7796574731,Female,37.0,Chennai,Tamil Nadu,2021-09-02,False
6272, Pallavi Verma ,pallavi.vermagmail.com,+91-7693985842,Male,48.0,Delhi,Delhi,2023-02-27,False
6759,PREETI JOSHI,preeti.joshi@outlook.com,+91-8640177056,,18.0,Nagpur,Maharashtra,2021-11-26,False
7718, meera mehta ,meera.mehta406@gmail.com,+91-7285512030,Male,64.0,Bhopal,Madhya Pradesh,2020-10-12,True
6379,Deepak Nair,deepak.nair713@yahoo.com,+91-8582951527,Other,24.0,Ranchi,Jharkhand,2020-01-06,True
5767,Rahul Khan,rahul.khan@gmail.com,+91-8072409093,,37.0,Delhi,Delhi,2020-12-05,False
5751, Kunal Joshi,,+91-9121467164,Female,59.0,Mumbai,Maharashtra,2019-02-26,False
5963,Kavya Singh,kavya.singh@outlook.com,+91-7859410123,Male,38.0,Indore,Madhya Pradesh,2022-08-05,False
7750,Shreya Nair,shreya.nair@yahoo.com,+91-9135395707,,45.0,Indore,Madhya Pradesh,2023-07-23,False
7291,Vikram Patil,vikram.patil66@gmail.com,+91-8799974868,Other,42.0,Indore,Madhya Pradesh,2020-03-22,False
5169, Anjali Kumar,anjali.kumar581@outlook.com,+91-8731826717,Female,49.0,Indore,Madhya Pradesh,2019-07-27,False
5074, Mohit Gupta,mohit.gupta@gmail.com,+91-9645923416,Male,44.0,Lucknow,Uttar Pradesh,2026-01-06,True
7608,mohit gupta,mohit.gupta@outlook.com,+91-7542888068,Other,18.0,Kolkata,West Bengal,2025-01-22,False
7856,Rahul Chopra,rahul.chopra@outlook.com,+91-7836514047,,42.0,Chennai,Tamil Nadu,2026-03-23,False
6884, Preeti Khan ,preeti.khan@gmail.com,+91-8441829381,Male,24.0,Ahmedabad,Gujarat,2020-08-22,False
7167,Harsh Bose ,harsh.bose820@yahoo.com,+91-8163800916,Male,18.0,Nashik,Maharashtra,2019-04-12,True
6139,Nikhil Mehta,nikhil.mehta@gmail.com,+91-9648419415,Female,43.0,Pune,Maharashtra,2023-05-16,True
7569,Arjun Patil,arjun.patil986@gmail.com,+91-7927896146,Other,55.0,Chennai,Tamil Nadu,2025-03-01,True
5993,Shreya Nair ,shreya.nair@outlook.com,+91-8391183909,Male,59.0,Kochi,Kerala,2022-11-28,False
7054,Amit Gupta ,amit.gupta629@yahoo.com,+91-8797846369,Female,30.0,Chennai,Tamil Nadu,2023-02-14,False
6500,Varun Khan,varun.khan847@outlook.com,+91-7167913316,,31.0,Chandigarh,Chandigarh,2026-01-04,False
7303,Neha Rao ,neha.rao781@yahoo.com,+91-9827424899,,53.0,Delhi,Delhi,2021-11-12,False
6906,Nikhil Mehta ,nikhil.mehta976@yahoo.com,+91-8777980812,Other,23.0,Kochi,Kerala,2019-11-23,True
6094,Amit Kumar,amit.kumar@gmail.com,,Other,23.0,Chandigarh,Chandigarh,2024-01-22,False
6385,manish mehta,manish.mehta@outlook.com,+91-7203115216,Other,23.0,Surat,Gujarat,2021-03-06,False
7432,Varun Bose,varun.bose244@gmail.com,+91-8651417786,Female,19.0,Chandigarh,Chandigarh,2022-07-27,True
6739,Meera Sharma ,meera.sharma60@outlook.com,+91-7978676491,Male,31.0,Coimbatore,Tamil Nadu,2022-09-17,False
7682,Harsh Kulkarni ,harsh.kulkarni734@yahoo.com,+91-7790376778,,26.0,Hyderabad,Telangana,2022-10-02,False
6504,Kavya Kulkarni,kavya.kulkarni@gmail.com,+91-7253910117,Female,37.0,Nashik,Maharashtra,2021-11-06,False
7565,Swati Khan,swati.khan537@outlook.com,+91-8096646095,Male,49.0,Jaipur,Rajasthan,2025-07-14,False
6632,SURESH PATIL,suresh.patil66@yahoo.com,+91-9292681449,Other,31.0,Pune,Maharashtra,2022-01-20,False
7103, Harsh Verma ,harsh.verma@outlook.com,+91-8498666588,,,Chandigarh,Chandigarh,2024-03-31,False
7516, divya chopra ,divya.chopra106@outlook.com,+91-9840358060,Other,33.0,Ranchi,Jharkhand,2021-11-08,False
5267,SHREYA GUPTA,,+91-8532398648,Male,33.0,Coimbatore,Tamil Nadu,2022-09-08,False
6034,Kunal Singh ,kunal.singh@outlook.com,+91-9939440135,Other,57.0,Pune,Maharashtra,2023-11-14,False
6830, Yash Khan ,yash.khan449@yahoo.com,+91-7957445556,Male,58.0,Nashik,Maharashtra,2022-03-09,False
7632,Simran Mehta ,simran.mehta@gmail.com,+91-7125600830,Female,61.0,Nashik,Maharashtra,2019-03-10,True
7586, Arjun Singh,arjun.singh884@outlook.com,+91-9696057224,Male,65.0,Patna,Bihar,2021-07-24,True
6845, bhavna shah,bhavna.shah@outlook.com,+91-8326535670,Male,50.0,Bhopal,Madhya Pradesh,2023-07-19,False
7108, Pallavi Malhotra,pallavi.malhotra@gmail.com,+91-9141249819,Other,58.0,Kolkata,West Bengal,2026-05-17,False
7675, KUNAL RAO ,kunal.rao@gmail.com,+91-8893196783,,53.0,Delhi,Delhi,2023-04-26,False
7215,Varun Joshi,varun.joshi@yahoo.com,+91-8563288259,Other,57.0,Ahmedabad,Gujarat,2019-06-25,False
5145,AMIT VERMA,amit.verma@outlook.com,+91-7808373823,Other,43.0,Bhopal,Madhya Pradesh,2023-09-22,False
5332,NISHA PATIL ,nisha.patil@gmail.com,+91-9580131193,Female,64.0,Delhi,Delhi,2024-04-05,False
6974,Aisha Reddy,aisha.reddy@gmail.com,+91-8877469566,,56.0,Kolkata,West Bengal,2019-04-03,False
5248, Divya Nair ,divya.nair@gmail.com,+91-8396474440,Female,47.0,Delhi,Delhi,2021-06-13,False
5374, Amit Nair,amit.nair@outlook.com,+91-8254382898,,61.0,Ranchi,Jharkhand,2026-07-16,False
5381, Nisha Singh ,,+91-9714601996,Other,48.0,Pune,Maharashtra,2020-10-08,False
7548, Divya Patil,divya.patil467@outlook.com,+91-8586525071,Male,30.0,Chennai,Tamil Nadu,2024-06-14,False
5321,Deepak Nair,deepak.nair755@gmail.com,+91-7979197377,Male,45.0,Pune,Maharashtra,2021-06-17,False
7240,PREETI PATIL,preeti.patil411@yahoo.com,+91-7839621956,Female,18.0,Chandigarh,Chandigarh,2019-06-16,False
5637,Swati Patil,swati.patil@yahoo.com,+91-8729976047,,21.0,Pune,Maharashtra,2024-01-24,False
7665,isha rao,isha.rao@gmail.com,+91-8082439089,,44.0,Lucknow,Uttar Pradesh,2023-08-24,True
6588, Suresh Rao,suresh.rao@yahoo.com,+91-8517663415,Female,28.0,Coimbatore,Tamil Nadu,2019-02-21,False
6332,Swati Gupta,swati.gupta@yahoo.com,+91-7558780931,,64.0,Nagpur,Maharashtra,2023-01-07,False
7878, Meera Chopra ,meera.chopra185@outlook.com,+91-8591088226,,,Kolkata,West Bengal,2022-07-26,False
7672, Bhavna Verma ,bhavna.verma468@gmail.com,+91-8629158558,Other,49.0,Ranchi,Jharkhand,2024-10-20,False
7615,simran shah,simran.shah@gmail.com,+91-9548744151,,32.0,Bangalore,Karnataka,2022-04-17,False
7283,kavya das,kavya.das269@gmail.com,+91-9967227343,,26.0,Bhopal,Madhya Pradesh,2020-03-24,False
6215,Pooja Verma,pooja.verma@outlook.com,+91-7236308152,Other,26.0,Ranchi,Jharkhand,2021-12-22,False
5431,harsh khan,harsh.khan@gmail.com,,Male,23.0,Nagpur,Maharashtra,2022-11-08,False
6011, Rohan Kumar ,rohan.kumar@yahoo.com,+91-8370466493,Other,50.0,Nagpur,Maharashtra,2024-04-09,True
5192,Kavya Malhotra,kavya.malhotra@yahoo.com,+91-9274761467,,,Coimbatore,Tamil Nadu,2022-01-27,True
7689, Harsh Kulkarni ,harsh.kulkarni@gmail.com,+91-7046509993,Male,34.0,Delhi,Delhi,2019-08-13,False
6176,Varun Reddy,varun.reddy@gmail.com,+91-8515592890,,33.0,Kochi,Kerala,2019-05-05,False
5436, BHAVNA GUPTA,bhavna.gupta140@yahoo.com,+91-7901508818,Other,19.0,Nashik,Maharashtra,2021-09-22,True
7770, Divya Iyer ,divya.iyer@outlook.com,+91-8953477317,,61.0,Ahmedabad,Gujarat,2024-12-11,True
6691, Varun Das ,varun.das@gmail.com,+91-7170882128,Female,22.0,Jaipur,Rajasthan,2025-04-26,False
6943,Neha Bose ,neha.bose@outlook.com,+91-7201053691,Female,58.0,Coimbatore,Tamil Nadu,2019-04-28,True
6281,Simran Patil,simran.patil@gmail.com,+91-9146936073,,42.0,Chennai,Tamil Nadu,2024-01-27,False
6900,Ankita Shah ,ankita.shah737@yahoo.com,+91-9416493658,Other,39.0,Ranchi,Jharkhand,2026-07-17,False
6187,Ritu Joshi,ritu.joshi@yahoo.com,,Female,64.0,Kochi,Kerala,2024-02-25,True
6017,Sanjay Chopra ,sanjay.chopra@gmail.com,+91-9346714194,,40.0,Kolkata,West Bengal,2021-01-21,False
7233, Sanjay Verma ,sanjay.verma553@outlook.com,+91-7285239168,,46.0,Jaipur,Rajasthan,2023-11-04,False
5688,ADITYA VERMA,aditya.verma@outlook.com,+91-8509189594,Female,25.0,Ranchi,Jharkhand,2021-10-20,False
6566,Neha Bose ,neha.bose@outlook.com,+91-9444657979,,52.0,Surat,Gujarat,2019-11-21,True
5639, Ankita Shah ,ankita.shah14@yahoo.com,+91-8794347691,,62.0,Coimbatore,Tamil Nadu,2022-10-18,False
5570, SURESH JOSHI,suresh.joshi873@gmail.com,,Female,27.0,Coimbatore,Tamil Nadu,2019-12-25,False
5934,Anjali Sharma,anjali.sharma686@yahoo.com,+91-8311072939,Female,35.0,Nagpur,Maharashtra,2024-05-10,False
6408, Harsh Gupta ,harsh.gupta@yahoo.com,+91-7085592292,Male,39.0,Pune,Maharashtra,2023-06-14,False
6170, Kunal Kulkarni,kunal.kulkarni770@yahoo.com,+91-7286262400,,57.0,Surat,Gujarat,2020-05-09,False
6361, MOHIT CHOPRA ,mohit.chopra172@outlook.com,+91-7070582554,,21.0,Nagpur,Maharashtra,2026-08-07,False
5534,Meera Das ,meera.das@yahoo.com,+91-9799261256,Female,22.0,Chandigarh,Chandigarh,2022-02-07,False
5706, Swati Bose ,swati.bose@outlook.com,+91-9836614387,Other,25.0,Chandigarh,Chandigarh,2024-08-13,False
6823,Ritu Joshi,ritu.joshi@yahoo.com,+91-9099349946,Male,18.0,Indore,Madhya Pradesh,2021-07-12,False
7749,Ankita Rao,ankita.rao390@yahoo.com,+91-9952415268,Other,46.0,Bhopal,Madhya Pradesh,2025-08-23,False
5197,Amit Malhotra,amit.malhotra@outlook.com,+91-7901162282,Female,46.0,Ranchi,Jharkhand,2023-01-16,False
7482, Amit Bose,amit.bose@yahoo.com,+91-9205331890,,57.0,Lucknow,Uttar Pradesh,2023-04-23,True
6803, Suresh Bose ,suresh.bose@gmail.com,+91-7922273433,,29.0,Indore,Madhya Pradesh,2024-09-27,False
5496,Simran Chopra,simran.chopra19@outlook.com,+91-8574870045,Other,40.0,Lucknow,Uttar Pradesh,2022-02-26,False
7640, Vikram Mehta ,vikram.mehta@outlook.com,+91-9696202086,Female,32.0,Ahmedabad,Gujarat,2025-07-30,False
5937,Isha Malhotra ,isha.malhotra@gmail.com,+91-7240102064,Other,62.0,Patna,Bihar,2026-04-09,False
5980,Simran Nair,simran.nair@gmail.com,+91-8876860150,Female,55.0,Pune,Maharashtra,2025-02-02,True
7429,MOHIT MALHOTRA,mohit.malhotra@yahoo.com,+91-9351595646,Male,31.0,Chennai,Tamil Nadu,2019-05-26,False
7076,Yash Sharma ,yash.sharma420@gmail.com,+91-8437096723,,55.0,Ahmedabad,Gujarat,2022-03-01,False
6302, Shreya Malhotra ,shreya.malhotra@gmail.com,+91-8250967328,Female,42.0,Bhopal,Madhya Pradesh,2023-02-28,False
6814, Rohan Singh,rohan.singh540@outlook.com,+91-8271059301,Other,42.0,Coimbatore,Tamil Nadu,2025-04-05,False
6656,Mohit Khan,mohit.khan@yahoo.com,+91-7791131195,,19.0,Chandigarh,Chandigarh,2020-07-09,True
5396,Vikram Chopra,vikram.chopra60@yahoo.com,+91-7136820830,,19.0,Nagpur,Maharashtra,2020-05-25,False
7369, SHREYA KHAN ,shreya.khan@outlook.com,,Other,33.0,Ahmedabad,Gujarat,2024-11-09,False
6706,rohan shah,,+91-8921552532,Male,48.0,Hyderabad,Telangana,2023-10-22,False
5148,Varun Singh,varun.singh@outlook.com,+91-9209055971,Male,30.0,Patna,Bihar,2020-08-11,True
5798,Nikhil Reddy,nikhil.reddy22@gmail.com,+91-7539432154,Male,34.0,Pune,Maharashtra,2025-02-02,False
6751, Rahul Sharma,rahul.sharma816@outlook.com,+91-7722626301,,22.0,Jaipur,Rajasthan,2024-11-30,False
5624,Shreya Rao,shreya.rao517@gmail.com,+91-9506187010,Female,30.0,Jaipur,Rajasthan,2019-03-07,True
7287,Ankita Pillai,ankita.pillai@gmail.com,+91-7504153796,Female,30.0,Kochi,Kerala,2019-09-08,False
7029,Priya Singh ,priya.singh164@gmail.com,+91-9714085473,,53.0,Nashik,Maharashtra,2020-11-14,True
6010,Manish Gupta,manish.gupta@gmail.com,+91-8342067845,Male,21.0,Surat,Gujarat,2023-08-07,True
6519,Vikram Khan ,vikram.khan@gmail.com,+91-9474898675,,37.0,Surat,Gujarat,2020-12-21,False
5911,Pallavi Reddy,pallavi.reddy@yahoo.com,,,30.0,Chandigarh,Chandigarh,2021-04-22,True
6623,Radha Singh,radha.singh17@outlook.com,,Male,31.0,Coimbatore,Tamil Nadu,2025-01-01,False
5896, Rajesh Nair ,rajesh.nair@gmail.com,+91-8861178044,,53.0,Nagpur,Maharashtra,2020-08-21,False
6474,Suresh Rao,suresh.rao389@gmail.com,+91-8631763632,Other,18.0,Bangalore,Karnataka,2019-09-11,False
7858,Amit Chopra ,amit.chopra@yahoo.com,+91-9116822050,,65.0,Hyderabad,Telangana,2023-01-20,False
6362,Bhavna Malhotra,bhavna.malhotra@outlook.com,+91-7248284060,,52.0,Hyderabad,Telangana,2019-02-14,False
5107, aditya joshi ,aditya.joshi@yahoo.com,+91-7595694057,Other,63.0,Jaipur,Rajasthan,2022-06-21,True
5351,Kunal Pillai ,kunal.pillai210@yahoo.com,+91-7542764051,Female,50.0,Nashik,Maharashtra,2023-03-11,False
6548, Ankita Rao,ankita.rao@gmail.com,+91-7803723826,Female,35.0,Bhopal,Madhya Pradesh,2024-01-19,False
5651, Meera Mehta ,meera.mehta@yahoo.com,+91-9689677967,Female,45.0,Surat,Gujarat,2019-11-27,True
5390, Nisha Bose,nisha.bose@gmail.com,+91-8997712168,Female,31.0,Kolkata,West Bengal,2021-11-19,False
6473,Priya Sharma,priya.sharma@gmail.com,+91-8012067505,Male,24.0,Indore,Madhya Pradesh,2024-03-26,False
6118,DIVYA IYER,divya.iyer@gmail.com,+91-8868592610,,55.0,Ranchi,Jharkhand,2026-03-02,False
5555,RADHA JOSHI,radha.joshi@yahoo.com,+91-7332951705,Male,47.0,Surat,Gujarat,2022-03-15,False
5300,Rahul Nair,rahul.nair404@outlook.com,+91-7220014700,Male,60.0,Lucknow,Uttar Pradesh,2019-05-11,False
5171,Tarun Bose ,tarun.bose@gmail.com,+91-9860895585,,42.0,Kolkata,West Bengal,2020-12-23,False
6277, Anjali Kulkarni,anjali.kulkarni208@gmail.com,+91-8253438150,,48.0,Bangalore,Karnataka,2025-03-03,False
7355,Harsh Malhotra,harsh.malhotra@outlook.com,+91-9965939205,Female,63.0,Coimbatore,Tamil Nadu,2023-05-26,False
5416, Simran Chopra,simran.chopra@gmail.com,+91-8090777550,Male,19.0,Nashik,Maharashtra,2026-03-07,False
5394,Aisha Das,aisha.das@gmail.com,+91-7616422292,Other,39.0,Nashik,Maharashtra,2025-03-06,False
5765,Preeti Chopra ,preeti.chopra@gmail.com,+91-7016342479,Male,32.0,Coimbatore,Tamil Nadu,2022-01-18,False
5429,Rajesh Singh,rajesh.singh@yahoo.com,+91-8572368367,,64.0,Chandigarh,Chandigarh,2024-11-24,False
5187,Anjali Chopra ,anjali.chopra180@yahoo.com,+91-9347134700,Male,58.0,Delhi,Delhi,2019-04-05,True
6840, Kavya Reddy ,kavya.reddy@gmail.com,+91-8951284734,,60.0,Mumbai,Maharashtra,2021-05-11,True
6915, Suresh Malhotra ,suresh.malhotra763@gmail.com,+91-9718348797,Male,29.0,Indore,Madhya Pradesh,2021-12-16,False
7318, Deepak Das,deepak.das@gmail.com,+91-9719684198,,26.0,Lucknow,Uttar Pradesh,2019-01-16,False
6890, Tarun Reddy ,tarun.reddy@yahoo.com,,Male,,Indore,Madhya Pradesh,2021-06-21,False
5631,Isha Rao,isha.rao@outlook.com,+91-9591465008,Other,19.0,Bangalore,Karnataka,2022-08-22,False
5951, Swati Singh,swati.singh@outlook.com,+91-7624503067,Female,48.0,Pune,Maharashtra,2025-07-15,False
5163,Nisha Mehta ,nisha.mehta@outlook.com,+91-8117880575,,28.0,Coimbatore,Tamil Nadu,2021-10-19,True
5414,Pallavi Nair ,pallavi.nair@yahoo.com,+91-8110822092,Female,32.0,Surat,Gujarat,2023-06-07,False
6074, Gaurav Pillai,gaurav.pillai195@outlook.com,+91-7114943810,Other,26.0,Patna,Bihar,2022-05-16,False
7144,Bhavna Patil,bhavna.patil524@outlook.com,+91-8804714565,Male,60.0,Indore,Madhya Pradesh,2025-08-21,False
7147, pallavi reddy,pallavi.reddy@yahoo.com,+91-7397413203,Male,19.0,Chennai,Tamil Nadu,2026-05-17,True
7018, NISHA KULKARNI ,nisha.kulkarni@outlook.com,+91-9194714011,Other,45.0,Chennai,Tamil Nadu,2025-06-30,False
6031,Suresh Patil,suresh.patil@yahoo.com,+91-9021706659,Male,30.0,Bangalore,Karnataka,2021-10-25,False
5877,Preeti Kumar ,preeti.kumar@gmail.com,+91-7824477254,Male,53.0,Pune,Maharashtra,2024-12-02,False
5818, Arjun Rao ,arjun.rao373@outlook.com,+91-9703932149,Other,32.0,Kolkata,West Bengal,2021-03-27,True
5823, Vikram Joshi ,vikram.joshi@outlook.com,+91-7505829765,Other,23.0,Lucknow,Uttar Pradesh,2019-10-30,False
7256,Kavya Pillai,kavya.pillai@yahoo.com,+91-7647064849,,56.0,Nashik,Maharashtra,2021-12-17,False
7735, ROHAN MEHTA ,rohan.mehta@outlook.com,+91-8842059716,Female,60.0,Coimbatore,Tamil Nadu,2022-07-27,False
5873, Pallavi Joshi ,pallavi.joshi@outlook.com,,Male,33.0,Chandigarh,Chandigarh,2023-07-02,False
5246,DEEPAK VERMA,deepak.verma@outlook.com,+91-7918852362,Female,61.0,Pune,Maharashtra,2025-06-07,True
5230,Mohit Kumar,mohit.kumar375@yahoo.com,+91-8499800359,,49.0,Chennai,Tamil Nadu,2025-07-15,True
5907, nisha rao ,nisha.rao232@yahoo.com,+91-9122694323,Other,37.0,Coimbatore,Tamil Nadu,2021-12-10,False
7057,Amit Pillai,amit.pillai@outlook.com,+91-7548899700,,20.0,Kolkata,West Bengal,2025-06-29,True
5897,Swati Verma,swati.verma507@yahoo.com,+91-9663169150,,34.0,Mumbai,Maharashtra,2021-10-01,False
7236,Ankita Chopra ,ankita.chopra@outlook.com,+91-9680721161,,57.0,Chennai,Tamil Nadu,2021-04-05,True
7921,ADITYA DAS,,+91-9089537861,Female,20.0,Ranchi,Jharkhand,2020-10-17,True
6754, TARUN RAO ,tarun.rao@outlook.com,+91-8743056874,Male,57.0,Delhi,Delhi,2025-01-04,False
7963, Deepak Nair ,deepak.nair@gmail.com,+91-7776359915,,54.0,Ranchi,Jharkhand,2022-02-11,False
7154,Kavya Singh,kavya.singh83@outlook.com,+91-9475768307,,51.0,Delhi,Delhi,2021-08-18,True
5792, Priya Chopra ,priya.chopra@yahoo.com,+91-7798991513,Male,36.0,Coimbatore,Tamil Nadu,2024-07-10,False
7238, Rahul Khan ,rahul.khan131@outlook.com,+91-8166536822,Male,39.0,Nashik,Maharashtra,2023-10-25,False
6911, Preeti Pillai,preeti.pillai821@gmail.com,+91-8868075654,,55.0,Kolkata,West Bengal,2025-12-15,True
6328, sanjay gupta ,sanjay.gupta@outlook.com,+91-8259337685,Male,53.0,Indore,Madhya Pradesh,2021-05-05,False
7309, Pallavi Reddy,pallavi.reddy695@yahoo.com,+91-8626675242,Female,40.0,Kochi,Kerala,2024-04-20,False
7193,sanjay chopra,sanjay.chopra@gmail.com,+91-7475840802,Male,42.0,Ranchi,Jharkhand,2021-03-21,False
6652, DIVYA RAO ,divya.rao@outlook.com,+91-7358194859,Other,58.0,Ahmedabad,Gujarat,2019-10-05,False
5699, Karan Joshi ,karan.joshi@outlook.com,,Other,44.0,Mumbai,Maharashtra,2022-03-23,False
7491, Vikram Rao ,vikram.rao@gmail.com,+91-7735537335,Other,58.0,Patna,Bihar,2026-04-18,False
5891, Rohan Shah ,rohan.shah@yahoo.com,+91-7188446084,,38.0,Lucknow,Uttar Pradesh,2020-07-05,True
7643,Pallavi Malhotra,pallavi.malhotra@yahoo.com,+91-8435202889,Female,58.0,Ahmedabad,Gujarat,2019-01-26,False
6718,Radha Verma,radha.verma886@outlook.com,+91-7033073315,Other,35.0,Pune,Maharashtra,2021-01-19,True
7580,ARJUN KHAN,arjun.khan@outlook.com,+91-9540384261,Male,54.0,Delhi,Delhi,2024-05-27,False
5895,Aisha Nair,aisha.nair@outlook.com,+91-8995814649,Female,64.0,Delhi,Delhi,2022-12-25,False
6152,Pallavi Reddy,pallavi.reddy556@outlook.com,+91-7789394902,Other,37.0,Jaipur,Rajasthan,2021-06-27,False
6447,ARJUN JOSHI,arjun.joshi@yahoo.com,+91-9854025318,Female,34.0,Bhopal,Madhya Pradesh,2020-01-19,False
5058, VIKRAM VERMA,vikram.verma@yahoo.com,+91-7570934976,Female,57.0,Jaipur,Rajasthan,2023-09-04,False
6980,Aditya Malhotra ,,+91-8959732440,,32.0,Hyderabad,Telangana,2025-03-05,False
6923,Kunal Gupta ,kunal.gupta@yahoo.com,+91-8828116554,,20.0,Bangalore,Karnataka,2020-04-06,False
6058, Shreya Patil ,shreya.patil@yahoo.com,+91-8514874563,Female,,Pune,Maharashtra,2025-02-16,False
7331,Swati Joshi,swati.joshi@yahoo.com,+91-8045276666,Other,36.0,Coimbatore,Tamil Nadu,2026-07-31,False
7411,Harsh Reddy,harsh.reddy@outlook.com,,Female,21.0,Pune,Maharashtra,2019-06-04,False
7292, Karan Pillai,karan.pillai@gmail.com,+91-9747046888,Other,35.0,Ranchi,Jharkhand,2022-06-15,False
5093,SHREYA GUPTA,shreya.gupta@outlook.com,+91-8074003763,,,Chandigarh,Chandigarh,2023-10-01,False
6235, Nikhil Verma ,nikhil.verma@gmail.com,+91-7432385856,Male,22.0,Patna,Bihar,2022-10-23,False
7386,Aditya Kumar,aditya.kumar346@yahoo.com,+91-7680672887,Female,50.0,Hyderabad,Telangana,2023-04-19,False
6014,Divya Khan,divya.khan@yahoo.com,+91-7700816691,,32.0,Nashik,Maharashtra,2026-01-28,False
6701, Kunal Pillai,kunal.pillai@outlook.com,+91-7337525262,Male,33.0,Kochi,Kerala,2025-01-19,False
5948,POOJA RAO,pooja.rao555@yahoo.com,,Other,25.0,Pune,Maharashtra,2024-07-24,False
6794,Kunal Kumar ,kunal.kumar@gmail.com,+91-8053163443,Female,61.0,Kolkata,West Bengal,2026-06-21,False
6110,Swati Das,swati.das110@yahoo.com,+91-9611108362,Other,52.0,Surat,Gujarat,2023-10-24,False
5191, Neha Mehta,neha.mehta@outlook.com,+91-9383684405,Female,56.0,Bhopal,Madhya Pradesh,2020-09-20,False
7088, Priya Khan ,priya.khan@gmail.com,+91-7594221270,Other,62.0,Chennai,Tamil Nadu,2024-04-10,False
6532, Meera Das ,meera.das@yahoo.com,,Male,55.0,Chennai,Tamil Nadu,2019-06-18,False
6997,NIKHIL GUPTA,nikhil.gupta565@outlook.com,+91-7751574641,Male,29.0,Jaipur,Rajasthan,2020-10-05,False
7683, Nisha Sharma ,nisha.sharma@gmail.com,+91-7984852223,Female,37.0,Nagpur,Maharashtra,2026-07-14,False
6955, Simran Singh,simran.singh186@gmail.com,+91-9711480508,Male,30.0,Bangalore,Karnataka,2022-02-17,False
5724,Nikhil Kulkarni,nikhil.kulkarni@yahoo.com,+91-9860813370,Other,60.0,Surat,Gujarat,2025-01-01,False
7112,Shreya Shah,shreya.shah677@outlook.com,+91-7321302974,Other,56.0,Kochi,Kerala,2019-01-25,True
7282,Harsh Pillai ,harsh.pillai@yahoo.com,+91-8532367136,,18.0,Indore,Madhya Pradesh,2019-02-20,False
5677, Divya Rao ,divya.rao28@gmail.com,+91-8934014997,Female,26.0,Coimbatore,Tamil Nadu,2023-09-06,True
5106, Vikram Sharma ,vikram.sharma@outlook.com,+91-7631582009,Male,61.0,Mumbai,Maharashtra,2026-01-11,False
7802,Rajesh Verma ,rajesh.verma700@gmail.com,,Male,22.0,Surat,Gujarat,2026-03-20,False
7987, Vikram Bose,vikram.bose@yahoo.com,+91-7772839947,,20.0,Hyderabad,Telangana,2022-06-07,False
6964, sneha gupta ,sneha.gupta@gmail.com,+91-9062785896,,40.0,Jaipur,Rajasthan,2022-11-24,False
5903, GAURAV KUMAR ,gaurav.kumar589@outlook.com,+91-7864904688,,48.0,Lucknow,Uttar Pradesh,2020-01-02,False
7302,Vikram Pillai,vikram.pillai@outlook.com,+91-7030769246,,63.0,Kolkata,West Bengal,2021-04-24,True
6433,Varun Rao,varun.rao@yahoo.com,+91-9962798594,Other,53.0,Nagpur,Maharashtra,2026-03-07,False
7471,Kunal Bose,kunal.bose47@outlook.com,+91-9430792106,,26.0,Indore,Madhya Pradesh,2021-05-03,True
5775,Rajesh Khan,rajesh.khan@gmail.com,+91-8065745585,Female,28.0,Ranchi,Jharkhand,2020-12-28,True
6233, suresh iyer,suresh.iyer@yahoo.com,+91-9049563279,Other,36.0,Pune,Maharashtra,2019-05-07,False
5859, Pallavi Mehta,pallavi.mehta@gmail.com,+91-8247360327,,28.0,Delhi,Delhi,2025-10-18,False
6429, Kavya Reddy ,kavya.reddy@outlook.com,+91-9332612922,,,Chennai,Tamil Nadu,2026-02-08,False
7030, SHREYA BOSE ,shreya.bose665@yahoo.com,,Male,49.0,Chandigarh,Chandigarh,2021-12-18,False
7128,aisha joshi,aisha.joshi377@outlook.com,+91-8926459000,,47.0,Delhi,Delhi,2024-04-27,False
5990,Yash Verma ,yash.verma@yahoo.com,+91-8650438854,,52.0,Kolkata,West Bengal,2022-06-12,False
5498, BHAVNA KULKARNI,bhavna.kulkarni@gmail.com,+91-8324336853,,59.0,Hyderabad,Telangana,2023-03-11,False
7981, Preeti Shah ,preeti.shah@yahoo.com,+91-8799917863,Other,33.0,Coimbatore,Tamil Nadu,2019-03-01,False
6608,Varun Gupta,varun.gupta134@gmail.com,+91-7192927904,,,Delhi,Delhi,2022-06-30,False
7136,Arjun Verma,arjun.verma@gmail.com,+91-7777828104,,37.0,Patna,Bihar,2019-01-19,False
6990,Pooja Mehta ,pooja.mehta@yahoo.com,+91-9814236159,Female,40.0,Mumbai,Maharashtra,2023-11-23,False
5065,Tarun Khan,tarun.khan@gmail.com,+91-7847576175,,20.0,Bangalore,Karnataka,2022-05-20,False
7654, nikhil singh,nikhil.singh@yahoo.com,+91-9953696953,Female,36.0,Ahmedabad,Gujarat,2025-06-26,False
6815, mohit pillai,mohit.pillai171@gmail.com,+91-7608566918,Other,19.0,Delhi,Delhi,2023-07-22,False
5275,suresh nair,suresh.nair@yahoo.com,+91-9026323284,,21.0,Chennai,Tamil Nadu,2021-12-12,False
5726, Nisha Kumar,nisha.kumar@gmail.com,+91-8120977960,Female,,Ranchi,Jharkhand,2021-02-11,False
6680, Pooja Chopra ,pooja.chopra468@yahoo.com,+91-9234258855,Male,55.0,Bangalore,Karnataka,2019-01-03,False
7597,ARJUN MEHTA ,arjun.mehta@yahoo.com,+91-7684726565,,,Lucknow,Uttar Pradesh,2022-05-01,True
6150, yash kulkarni,yash.kulkarni@outlook.com,+91-7452225661,Other,43.0,Jaipur,Rajasthan,2026-04-06,True
7202,Aisha Sharma,aisha.sharma@yahoo.com,+91-9074663209,Male,62.0,Indore,Madhya Pradesh,2019-09-02,True
7662,Gaurav Iyer,gaurav.iyer@outlook.com,+91-9858739799,,18.0,Pune,Maharashtra,2024-01-08,False
6364,Ritu Chopra ,ritu.chopra@gmail.com,+91-7083426657,,51.0,Pune,Maharashtra,2024-03-31,True
5411,Manish Sharma,manish.sharma289@outlook.com,+91-9320931713,,24.0,Pune,Maharashtra,2020-10-15,False
5831,Nisha Rao,nisha.rao@gmail.com,+91-8497154497,Other,63.0,Nagpur,Maharashtra,2019-09-17,False
5913, Yash Sharma ,yash.sharmagmail.com,+91-8613681952,,59.0,Chandigarh,Chandigarh,2021-10-24,False
7566,Nisha Gupta,nisha.gupta586@yahoo.com,+91-8206125731,Male,25.0,Lucknow,Uttar Pradesh,2022-06-14,False
7093,sanjay patil,sanjay.patil@yahoo.com,+91-9215008651,Female,57.0,Surat,Gujarat,2021-10-13,True
5391, Kunal Sharma ,kunal.sharma@yahoo.com,+91-9794588722,Female,60.0,Indore,Madhya Pradesh,2020-01-29,False
7269,Nikhil Chopra,nikhil.chopra@yahoo.com,+91-7255410724,,61.0,Patna,Bihar,2019-06-04,False
7189,Suresh Malhotra,suresh.malhotra@yahoo.com,+91-8357215724,Male,21.0,Ranchi,Jharkhand,2021-01-14,False
6374,SANJAY SHARMA,sanjay.sharma@yahoo.com,+91-9130202312,Male,,Coimbatore,Tamil Nadu,2021-08-17,True
7406,Sanjay Malhotra ,sanjay.malhotra960@yahoo.com,+91-9067158272,,35.0,Coimbatore,Tamil Nadu,2025-09-29,False
5723,Yash Sharma,yash.sharma@yahoo.com,+91-7960008237,,54.0,Surat,Gujarat,2019-07-26,True
5262,NEHA DAS,neha.das@outlook.com,+91-7232948590,,57.0,Coimbatore,Tamil Nadu,2026-06-02,False
5899, Ankita Kumar ,ankita.kumar877@gmail.com,+91-8328242827,Other,55.0,Ahmedabad,Gujarat,2021-08-12,False
7244,BHAVNA PATIL,bhavna.patil128@yahoo.com,+91-8947520473,Other,48.0,Nashik,Maharashtra,2023-02-19,True
7164,Meera Das,meera.das@outlook.com,+91-7932781893,Male,27.0,Indore,Madhya Pradesh,2023-03-13,False
5719,Radha Das ,radha.das42@yahoo.com,+91-8870817073,Other,26.0,Nagpur,Maharashtra,2024-02-26,False
7441,Aisha Khan ,aisha.khan@yahoo.com,+91-7180414320,Male,63.0,Pune,Maharashtra,2024-08-28,False
7068,Swati Verma,swati.verma@yahoo.com,+91-9149148961,,,Indore,Madhya Pradesh,2022-06-21,False
7407, Pooja Nair ,,+91-7742572049,Other,37.0,Kochi,Kerala,2021-04-29,False
7913, Gaurav Bose ,gaurav.bose@outlook.com,+91-8876902124,Other,32.0,Bhopal,Madhya Pradesh,2021-12-24,False
5936,Sanjay Sharma ,sanjay.sharma@gmail.com,+91-8423073167,Male,47.0,Kochi,Kerala,2022-02-16,False
7803, Pooja Gupta ,pooja.gupta843@gmail.com,+91-7288810662,Female,28.0,Surat,Gujarat,2022-05-10,True
5421,Mohit Nair ,mohit.nair499@yahoo.com,,,64.0,Chandigarh,Chandigarh,2023-07-09,False
7198, Tarun Bose ,tarun.bose428@yahoo.com,+91-7677309415,Other,55.0,Chandigarh,Chandigarh,2022-11-12,False
5010,Karan Rao ,,+91-7435786140,Female,19.0,Jaipur,Rajasthan,2023-01-29,False
6938,Karan Patil ,karan.patil650@yahoo.com,+91-7088795129,Male,35.0,Lucknow,Uttar Pradesh,2025-12-03,False
6120, Preeti Mehta ,preeti.mehta199@yahoo.com,+91-7458297264,Other,41.0,Indore,Madhya Pradesh,2021-08-15,False
7966,Anjali Reddy,anjali.reddy@gmail.com,+91-9643395052,,62.0,Indore,Madhya Pradesh,2019-02-20,False
5535, Shreya Patil ,shreya.patil@gmail.com,+91-7997117252,Male,26.0,Chennai,Tamil Nadu,2021-06-07,False
5549,Simran Singh ,simran.singh241@outlook.com,+91-7674762647,Female,38.0,Bangalore,Karnataka,2020-11-27,False
6585,Karan Sharma,karan.sharma@yahoo.com,+91-7964869278,Female,31.0,Pune,Maharashtra,2024-01-01,False
5299,Pallavi Iyer,pallavi.iyer467@gmail.com,+91-8196538437,,53.0,Lucknow,Uttar Pradesh,2020-06-28,False
7171,Amit Rao,amit.rao@gmail.com,,Other,27.0,Hyderabad,Telangana,2023-01-03,False
6386, Shreya Verma,shreya.verma463@yahoo.com,+91-7391430196,Female,20.0,Delhi,Delhi,2019-03-18,True
7758, Neha Verma ,neha.verma@yahoo.com,+91-7861329246,Other,46.0,Kolkata,West Bengal,2020-01-10,False
7899,Aisha Malhotra,aisha.malhotra951@outlook.com,+91-7127026516,Male,60.0,Delhi,Delhi,2019-09-15,True
7818, Aisha Pillai ,aisha.pillai@outlook.com,+91-9828770430,Female,34.0,Kochi,Kerala,2025-09-01,True
6676, Divya Singh ,,+91-8699762750,Female,53.0,Coimbatore,Tamil Nadu,2022-06-17,False
6392, Gaurav Mehta,gaurav.mehta@gmail.com,+91-9303037413,Female,48.0,Kolkata,West Bengal,2021-04-22,False
5089,Simran Das,simran.das474@outlook.com,+91-8021946287,Female,35.0,Indore,Madhya Pradesh,2024-09-10,False
6644, Gaurav Joshi ,gaurav.joshi@yahoo.com,+91-8091336299,,47.0,Kolkata,West Bengal,2020-02-16,False
5098,Ritu Das,ritu.das260@yahoo.com,+91-9068323042,Other,40.0,Nagpur,Maharashtra,2019-01-12,False
7100,varun bose,varun.bose858@yahoo.com,+91-7731695242,,30.0,Delhi,Delhi,2021-12-21,True
7397, Amit Malhotra,amit.malhotra523@yahoo.com,+91-7033817666,,51.0,Ahmedabad,Gujarat,2019-04-22,False
5510, Nisha Gupta,nisha.gupta118@yahoo.com,+91-7125022588,,42.0,Surat,Gujarat,2024-12-21,False
7260, arjun pillai,arjun.pillai868@yahoo.com,+91-8296815580,Female,47.0,Chennai,Tamil Nadu,2024-09-28,False
5704, Preeti Kulkarni ,preeti.kulkarni169@outlook.com,+91-7790208380,Male,54.0,Patna,Bihar,2019-05-10,True
6970,Anjali Kulkarni,anjali.kulkarni@yahoo.com,+91-7576970857,Male,22.0,Hyderabad,Telangana,2022-05-10,True
7795, Kunal Bose ,kunal.bose@outlook.com,+91-9931468360,Male,26.0,Ranchi,Jharkhand,2021-05-09,True
6046,Harsh Nair,harsh.nair497@yahoo.com,+91-8874399833,Female,41.0,Mumbai,Maharashtra,2022-06-30,False
6507, Swati Joshi ,,+91-8962126265,Male,32.0,Lucknow,Uttar Pradesh,2020-04-11,False
5940,Aisha Malhotra ,aisha.malhotra@gmail.com,+91-8831751106,Male,53.0,Kolkata,West Bengal,2020-05-17,False
6430,Harsh Malhotra ,harsh.malhotra643@gmail.com,+91-8880287306,Female,30.0,Nashik,Maharashtra,2024-12-22,True
6809, Nikhil Mehta ,nikhil.mehta@yahoo.com,+91-8917852397,Other,40.0,Bangalore,Karnataka,2024-05-12,False
6912,RAHUL PILLAI,rahul.pillaigmail.com,+91-8621171125,,29.0,Chennai,Tamil Nadu,2019-07-22,False
7979, Harsh Rao ,harsh.rao@outlook.com,+91-9145470332,,42.0,Nashik,Maharashtra,2019-11-27,False
5608, Deepak Bose,deepak.bose@gmail.com,+91-7037545288,Female,49.0,Mumbai,Maharashtra,2026-07-20,False
7923,Shreya Malhotra,shreya.malhotra@gmail.com,+91-9914719594,Other,53.0,Bhopal,Madhya Pradesh,2021-03-20,False
7527,Aditya Patil ,aditya.patil927@yahoo.com,+91-9342383576,Other,23.0,Patna,Bihar,2023-08-27,False
7540,Priya Singh,priya.singh@outlook.com,+91-9519882630,Other,57.0,Delhi,Delhi,2023-07-24,False
7890,Divya Shah,divya.shah@outlook.com,+91-9987397597,Male,28.0,Ranchi,Jharkhand,2025-01-31,False
6071,Rahul Reddy,rahul.reddy742@gmail.com,+91-7141662197,Other,55.0,Coimbatore,Tamil Nadu,2023-09-10,False
7413, deepak verma ,deepak.verma@outlook.com,+91-8140446676,,25.0,Surat,Gujarat,2025-11-03,False
5297, nikhil reddy,nikhil.reddy333@outlook.com,+91-7752836196,Other,47.0,Ranchi,Jharkhand,2026-01-22,True
5050, Divya Malhotra ,divya.malhotra@outlook.com,+91-7289620223,Female,30.0,Ahmedabad,Gujarat,2021-04-20,False
6512,MANISH KUMAR ,manish.kumar665@outlook.com,+91-7536832818,Other,50.0,Coimbatore,Tamil Nadu,2020-11-25,True
5225, PALLAVI NAIR ,pallavi.nair@outlook.com,+91-8392735201,Male,28.0,Nagpur,Maharashtra,2024-03-31,False
6775,Varun Nair,varun.nair@gmail.com,+91-8996949857,Other,50.0,Ranchi,Jharkhand,2022-06-09,True
6244,Shreya Chopra,shreya.chopra@gmail.com,+91-7359302927,Female,60.0,Mumbai,Maharashtra,2022-01-31,False
6922,BHAVNA SHARMA,bhavna.sharma177@outlook.com,+91-8578409572,,36.0,Nashik,Maharashtra,2022-11-10,True
5851, ANKITA MEHTA ,ankita.mehta@yahoo.com,+91-7262908881,Female,32.0,Kochi,Kerala,2021-04-27,False
6786, Suresh Gupta ,suresh.gupta739@gmail.com,,Other,37.0,Pune,Maharashtra,2020-04-18,True
7696, Meera Rao,meera.rao571@outlook.com,+91-9998218171,Female,59.0,Kochi,Kerala,2023-03-06,False
6226,MEERA DAS ,meera.das@gmail.com,+91-9602135525,Other,21.0,Ahmedabad,Gujarat,2019-02-26,False
5563,NIKHIL SINGH,nikhil.singh130@outlook.com,,Other,59.0,Mumbai,Maharashtra,2020-01-22,False
7671, Bhavna Malhotra ,bhavna.malhotra@gmail.com,+91-8482939693,,62.0,Mumbai,Maharashtra,2023-02-12,False
7853,Sanjay Patil ,sanjay.patil@gmail.com,+91-9318422966,Other,54.0,Jaipur,Rajasthan,2019-05-17,False
5605,Karan Iyer,karan.iyer@gmail.com,+91-7651155388,Male,65.0,Hyderabad,Telangana,2019-06-20,True
5443, RADHA SHARMA ,radha.sharma@gmail.com,+91-8010153456,,46.0,Kochi,Kerala,2026-07-04,False
7473,Deepak Patil,deepak.patil@gmail.com,+91-7480795351,,65.0,Surat,Gujarat,2019-07-28,False
6599,Aisha Pillai,aisha.pillai692@yahoo.com,+91-9509387106,Male,52.0,Delhi,Delhi,2024-12-22,False
6025, Nisha Khan ,nisha.khan@gmail.com,+91-9147556265,Female,19.0,Lucknow,Uttar Pradesh,2024-08-20,True
7588, simran kulkarni ,simran.kulkarni@outlook.com,,,62.0,Bangalore,Karnataka,2022-12-14,False
7816,Sneha Rao,sneha.rao803@yahoo.com,+91-7889080443,Female,28.0,Pune,Maharashtra,2023-04-23,False
7811,Manish Das,manish.das304@yahoo.com,+91-7321425729,Female,35.0,Ahmedabad,Gujarat,2022-08-05,False
7917, Gaurav Sharma ,gaurav.sharma@gmail.com,,Other,61.0,Hyderabad,Telangana,2025-05-07,True
7738,Shreya Bose,shreya.bose@outlook.com,+91-7200637291,Male,38.0,Surat,Gujarat,2025-06-18,False
5188, Varun Chopra,varun.chopra@gmail.com,+91-7340626988,Male,39.0,Jaipur,Rajasthan,2019-10-28,True
5407, Meera Singh,meera.singh@outlook.com,+91-8240798902,,51.0,Bhopal,Madhya Pradesh,2023-02-27,True
6173,Rohan Gupta ,rohan.guptagmail.com,+91-8213433392,Other,42.0,Delhi,Delhi,2024-10-23,True
7800,Karan Nair,karan.nair@yahoo.com,+91-8629010976,,22.0,Chennai,Tamil Nadu,2020-12-29,False
6958, Deepak Pillai ,deepak.pillai154@yahoo.com,+91-8119802503,,22.0,Indore,Madhya Pradesh,2023-11-01,True
5462, Divya Kumar,divya.kumar@outlook.com,+91-7554985516,Male,60.0,Mumbai,Maharashtra,2025-04-23,False
5671,Deepak Bose ,deepak.bose@outlook.com,+91-9307750690,Male,32.0,Kolkata,West Bengal,2024-07-16,False
7704,Gaurav Kumar ,gaurav.kumar@outlook.com,+91-7398584028,,44.0,Lucknow,Uttar Pradesh,2025-04-16,False
7834, Rohan Chopra ,rohan.chopra@gmail.com,+91-7883379886,Other,39.0,Pune,Maharashtra,2020-07-11,True
6958, Deepak Pillai ,deepak.pillai154@yahoo.com,+91-8119802503,,22.0,Indore,Madhya Pradesh,2023-11-01,True
5715,Varun Reddy,varun.reddy396@outlook.com,+91-8712123131,,43.0,Bangalore,Karnataka,2023-04-28,False
6351,Manish Malhotra ,manish.malhotra529@yahoo.com,+91-7320464788,Other,34.0,Pune,Maharashtra,2026-06-25,False
5425,Gaurav Das,gaurav.das484@gmail.com,+91-8254686444,Female,58.0,Patna,Bihar,2026-06-19,False
7092, Yash Verma,yash.verma@gmail.com,+91-7780018191,Other,31.0,Coimbatore,Tamil Nadu,2022-11-25,True
7710,rajesh mehta,rajesh.mehta@yahoo.com,+91-8955717858,Male,27.0,Ahmedabad,Gujarat,2020-11-22,False
5636,Rahul Rao ,rahul.rao643@outlook.com,+91-9644507182,Female,48.0,Kolkata,West Bengal,2021-01-28,False
5529,Sanjay Patil,sanjay.patil356@gmail.com,+91-8564855211,Male,45.0,Coimbatore,Tamil Nadu,2021-01-13,False
7267, Arjun Das ,arjun.das@gmail.com,+91-7527850688,Female,52.0,Chennai,Tamil Nadu,2022-06-06,False
6766,ADITYA NAIR,aditya.nair@gmail.com,+91-7940859522,Female,27.0,Ranchi,Jharkhand,2019-06-26,False
7869,Meera Kulkarni ,meera.kulkarnigmail.com,+91-8021964375,Female,31.0,Delhi,Delhi,2024-12-26,False
6509,Aisha Patil,aisha.patil@gmail.com,+91-8839452597,,,Kochi,Kerala,2023-02-17,False
7999, Amit Rao,amit.rao797@outlook.com,+91-7402680862,,48.0,Ranchi,Jharkhand,2023-06-10,False
7904,Nisha Verma,nisha.verma411@outlook.com,+91-8878173954,Female,20.0,Kolkata,West Bengal,2025-12-12,False
6499,SWATI JOSHI,swati.joshi544@gmail.com,+91-7041126108,Male,18.0,Nagpur,Maharashtra,2019-01-14,False
5610,Vikram Reddy,vikram.reddygmail.com,+91-9224496033,,31.0,Nashik,Maharashtra,2019-09-20,False
5486, Sanjay Khan ,sanjay.khan@yahoo.com,+91-8298149810,Other,32.0,Bangalore,Karnataka,2021-06-11,False
6479,Kunal Rao,kunal.rao@outlook.com,+91-8454815125,,22.0,Chandigarh,Chandigarh,2020-04-02,False
6086,Preeti Kulkarni,preeti.kulkarni484@yahoo.com,+91-7580128517,Male,37.0,Chennai,Tamil Nadu,2025-02-10,False
7130,Ankita Nair,ankita.nair@outlook.com,+91-9108582004,Female,59.0,Nashik,Maharashtra,2022-01-16,False
6705, Nisha Shah ,nisha.shah@yahoo.com,+91-9804930390,Male,39.0,Bangalore,Karnataka,2025-04-27,True
5325,rahul chopra,rahul.chopra@yahoo.com,+91-9196252717,,53.0,Surat,Gujarat,2020-08-27,True
5020,Sanjay Patil,sanjay.patil@outlook.com,+91-7856430243,,50.0,Delhi,Delhi,2022-02-09,False
7503,ANKITA DAS,ankita.dasgmail.com,+91-8742536477,Female,64.0,Nagpur,Maharashtra,2023-11-25,False
5839,Rahul Das ,rahul.das408@gmail.com,+91-7984827066,Male,34.0,Kochi,Kerala,2022-09-10,False
7022,POOJA PATIL,,+91-7275504593,,43.0,Ranchi,Jharkhand,2019-06-28,False
7807,Gaurav Das,gaurav.das@yahoo.com,+91-9355917923,Female,38.0,Indore,Madhya Pradesh,2022-07-29,False
6674,Suresh Kumar ,suresh.kumargmail.com,+91-9875180039,Female,30.0,Delhi,Delhi,2026-05-10,False
6341, YASH KHAN ,yash.khan@outlook.com,+91-7501707150,Other,46.0,Nashik,Maharashtra,2024-05-19,False
7083, Divya Chopra ,divya.chopra@gmail.com,+91-7168207958,Female,29.0,Kochi,Kerala,2025-05-04,False
7857,Nisha Shah,nisha.shah287@yahoo.com,+91-9361512157,Other,41.0,Hyderabad,Telangana,2020-12-25,False
6791,anjali patil,anjali.patil@outlook.com,+91-7502244698,Female,38.0,Coimbatore,Tamil Nadu,2022-12-10,False
6613,suresh singh,suresh.singh@outlook.com,+91-8012429099,Male,65.0,Chandigarh,Chandigarh,2026-05-26,False
7953,Harsh Gupta,harsh.gupta830@yahoo.com,+91-8938459096,,26.0,Patna,Bihar,2026-03-28,False
6523,Deepak Kulkarni,deepak.kulkarni@gmail.com,+91-7714175506,,64.0,Patna,Bihar,2024-07-17,False
5801,Varun Kulkarni,varun.kulkarni@yahoo.com,+91-8259164092,Male,50.0,Bangalore,Karnataka,2019-09-18,False
6580, Karan Khan ,karan.khan@gmail.com,+91-9479225508,Other,43.0,Ahmedabad,Gujarat,2025-10-14,False
5097,Mohit Kulkarni,mohit.kulkarni@outlook.com,+91-9758224908,,27.0,Bangalore,Karnataka,2025-04-21,False
7495,Pallavi Iyer,pallavi.iyer@yahoo.com,+91-9303164640,Male,45.0,Surat,Gujarat,2020-06-12,False
5475,vikram chopra,vikram.chopra132@gmail.com,+91-8770618855,,42.0,Nagpur,Maharashtra,2024-04-19,False
6789,Vikram Das,vikram.das171@gmail.com,+91-9885593767,Other,56.0,Bangalore,Karnataka,2025-07-11,False
5367,Tarun Pillai,tarun.pillai@yahoo.com,+91-9361510494,Male,59.0,Lucknow,Uttar Pradesh,2020-11-03,False
6898,ANKITA MALHOTRA,ankita.malhotra@gmail.com,+91-9205720822,Female,55.0,Patna,Bihar,2022-08-09,False
6722,Isha Das,isha.das@gmail.com,+91-8238690521,Other,64.0,Chandigarh,Chandigarh,2020-07-31,False
6910,Rajesh Kumar,rajesh.kumar151@yahoo.com,+91-9900287235,,50.0,Delhi,Delhi,2025-12-25,False
7555, Rahul Sharma ,rahul.sharma150@outlook.com,+91-8457469851,,27.0,Chandigarh,Chandigarh,2023-10-24,True
5761, Nikhil Malhotra ,nikhil.malhotra@yahoo.com,+91-7728182681,Female,57.0,Ranchi,Jharkhand,2020-01-15,False
5919,Nikhil Joshi ,nikhil.joshi@gmail.com,+91-7682484173,Female,37.0,Nagpur,Maharashtra,2019-08-27,True
6426,Harsh Khan,harsh.khan@gmail.com,+91-7363272392,Other,28.0,Lucknow,Uttar Pradesh,2023-10-14,False
7808,Nikhil Sharma,nikhil.sharma@gmail.com,+91-9795151434,Female,61.0,Kolkata,West Bengal,2020-05-23,False
5393,Meera Bose,meera.bose@outlook.com,+91-7740698228,Other,47.0,Delhi,Delhi,2023-01-12,False
6770, Kavya Bose ,kavya.bose@yahoo.com,+91-7870146405,Male,59.0,Nagpur,Maharashtra,2020-05-21,True
5507,Rohan Shah,rohan.shah271@gmail.com,+91-7478278283,Male,33.0,Delhi,Delhi,2020-01-20,True
5435, Aisha Verma,aisha.verma@outlook.com,+91-7188282864,,19.0,Chennai,Tamil Nadu,2025-10-17,False
7697,Kunal Das,kunal.das@gmail.com,+91-9979222069,Male,57.0,Coimbatore,Tamil Nadu,2020-10-06,True
7991,Varun Chopra ,varun.chopra174@gmail.com,+91-9821215747,Female,35.0,Nashik,Maharashtra,2023-06-30,True
7048, Isha Das,isha.das@yahoo.com,+91-8932733359,,32.0,Bhopal,Madhya Pradesh,2024-12-09,False
6832,rohan singh ,rohan.singh892@gmail.com,+91-8092952972,,60.0,Nagpur,Maharashtra,2024-12-20,False
6586,Varun Gupta,varun.gupta297@outlook.com,+91-7769346053,,57.0,Hyderabad,Telangana,2025-06-07,False
5302, Swati Malhotra,swati.malhotra807@gmail.com,+91-9109025475,Male,39.0,Surat,Gujarat,2020-03-14,False
5133,Rohan Das,rohan.das971@gmail.com,+91-8669645976,,56.0,Nashik,Maharashtra,2023-09-19,False
6589,Bhavna Das,bhavna.das204@gmail.com,+91-8664013712,,50.0,Jaipur,Rajasthan,2022-11-18,False
7499,Kavya Sharma,kavya.sharma131@outlook.com,+91-9566327917,Other,64.0,Nashik,Maharashtra,2026-05-12,False
5032,Bhavna Reddy,bhavna.reddy@gmail.com,+91-9203237509,Female,64.0,Kochi,Kerala,2026-01-13,False
7170,Karan Sharma,karan.sharma@gmail.com,+91-7992761620,Other,24.0,Jaipur,Rajasthan,2026-07-24,True
6376,gaurav reddy,gaurav.reddy533@yahoo.com,+91-7520868256,,62.0,Lucknow,Uttar Pradesh,2024-06-25,False
6327,PRIYA MALHOTRA,priya.malhotra@outlook.com,+91-9052181906,Male,24.0,Pune,Maharashtra,2023-02-21,False
6113,Suresh Mehta,suresh.mehta@gmail.com,+91-8181313087,Other,31.0,Bangalore,Karnataka,2020-04-29,False
6350,RITU CHOPRA ,ritu.chopra@yahoo.com,+91-7242512447,Other,27.0,Lucknow,Uttar Pradesh,2025-08-07,False
5256,Pooja Gupta,pooja.gupta@yahoo.com,+91-7055300538,,64.0,Ahmedabad,Gujarat,2020-03-31,True
5893,Anjali Kulkarni,anjali.kulkarni@outlook.com,+91-9645334722,Female,39.0,Mumbai,Maharashtra,2021-03-19,False
7408,SWATI VERMA,swati.verma326@yahoo.com,+91-9060040510,Other,58.0,Nagpur,Maharashtra,2024-06-22,False
5052,Bhavna Mehta ,bhavna.mehta@outlook.com,+91-7340853703,,30.0,Surat,Gujarat,2020-11-09,True
5876,Bhavna Reddy,bhavna.reddy@outlook.com,+91-9764708987,,,Chandigarh,Chandigarh,2024-04-23,False
5939,Sneha Das ,sneha.das360@gmail.com,+91-7006676947,Female,54.0,Ahmedabad,Gujarat,2020-11-02,False
7821,Aditya Verma,aditya.verma485@outlook.com,+91-8409253087,Other,19.0,Nagpur,Maharashtra,2019-09-13,True
6127,Sneha Nair,sneha.nair@gmail.com,+91-9637776577,Female,22.0,Nashik,Maharashtra,2023-05-14,True
6220, pallavi bose ,pallavi.bose@yahoo.com,+91-9652323807,Other,46.0,Patna,Bihar,2020-02-07,False
7728,Pallavi Das,pallavi.das395@gmail.com,+91-9032843779,Other,47.0,Nagpur,Maharashtra,2026-02-03,False
7854,Amit Pillai ,amit.pillai@gmail.com,,Other,21.0,Coimbatore,Tamil Nadu,2021-08-20,False
5125,Shreya Chopra,shreya.chopra@gmail.com,+91-8229362024,,30.0,Mumbai,Maharashtra,2020-05-03,False
7453,Neha Gupta,neha.gupta@outlook.com,+91-8349474983,Male,19.0,Chennai,Tamil Nadu,2026-02-14,False
7779,Suresh Reddy,suresh.reddy672@gmail.com,+91-8732992677,Female,49.0,Ranchi,Jharkhand,2025-03-03,False
7880,Radha Khan,radha.khan@outlook.com,+91-8550493039,Other,37.0,Jaipur,Rajasthan,2020-11-15,False
6072,Nisha Mehta,nisha.mehta@gmail.com,+91-8702502872,Other,18.0,Kolkata,West Bengal,2023-08-28,False
7774,Kunal Sharma,kunal.sharma@yahoo.com,+91-9958677973,Male,44.0,Chandigarh,Chandigarh,2023-12-24,False
7636, Harsh Khan,harsh.khan995@outlook.com,+91-7654405319,,27.0,Pune,Maharashtra,2025-10-01,False
7656,Varun Reddy,varun.reddy@outlook.com,+91-8907281745,Other,21.0,Bangalore,Karnataka,2020-07-30,False
5434,KUNAL KUMAR ,kunal.kumar956@outlook.com,+91-8988070700,Male,39.0,Jaipur,Rajasthan,2024-04-15,True
5675, Divya Bose,divya.bose30@outlook.com,+91-8851227226,,44.0,Patna,Bihar,2025-11-11,False
7409,Manish Singh,manish.singh884@gmail.com,+91-7033211174,,48.0,Ranchi,Jharkhand,2025-09-25,False
6100,Ritu Shah,ritu.shah842@gmail.com,+91-7938288786,Female,65.0,Jaipur,Rajasthan,2023-05-29,False
7515, Kavya Malhotra ,kavya.malhotra809@outlook.com,+91-8814813984,,63.0,Bangalore,Karnataka,2022-05-05,False
7348,Neha Rao,neha.rao@yahoo.com,+91-7784606841,Female,53.0,Chennai,Tamil Nadu,2024-07-18,False
6609,Tarun Kulkarni,tarun.kulkarni@outlook.com,+91-9610539119,Female,56.0,Hyderabad,Telangana,2020-08-13,True
7542,SIMRAN CHOPRA,simran.chopra@yahoo.com,+91-9507168404,Other,62.0,Pune,Maharashtra,2026-04-03,False
7576, Aditya Joshi,aditya.joshi@yahoo.com,+91-8402760502,Male,35.0,Kolkata,West Bengal,2020-11-22,False
