order_id,customer_id,order_date,order_status,payment_mode,shipping_city,shipping_state,order_total,discount_amount,delivery_days
705129,7265,2026-04-30 15:34:55,Delivered,Debit Card,Lucknow,Uttar Pradesh,4772.52,0.0,5.0
704172,5054,2026-03-18 08:32:16,Delivered,Debit Card,Lucknow,Uttar Pradesh,59690.88,0.0,3.0
702766,5699,2026-01-16 02:54:04,Pending,Net Banking,Mumbai,Maharashtra,58953.63,5895.36,
703633,7765,2024-09-27 11:54:20,Delivered,Debit Card,Kolkata,West Bengal,3791.66,379.17,9.0
706211,5053,2022-01-30 10:02:03,Shipped,EMI,Kochi,Kerala,51517.3,0.0,
705815,6412,2026-03-26 03:26:52,Delivered,Debit Card,Hyderabad,Telangana,233149.52,11657.48,4.0
704655,6711,2022-09-11 10:38:58,Delivered,UPI,Lucknow,Uttar Pradesh,6256.05,1251.21,8.0
705754,5202,2022-10-21 21:22:13,Delivered,EMI,Mumbai,Maharashtra,34822.79,3482.28,10.0
705443,6191,2022-02-27 23:47:38,Delivered,Cash on Delivery,Chandigarh,Chandigarh,4775.43,477.54,7.0
705961,7998,2024-05-02 23:43:50,Returned,EMI,Chennai,Tamil Nadu,62175.32,6217.53,
708605,6669,2024-03-18 00:27:04,Delivered,Net Banking,Nagpur,Maharashtra,53983.3,10796.66,10.0
707847,6225,2024-07-16 03:43:21,Pending,Debit Card,Kolkata,West Bengal,128077.31,25615.46,
708796,6936,2025-12-11 02:58:01,Pending,Net Banking,Coimbatore,Tamil Nadu,686.4,0.0,
700386,5257,2022-02-10 18:14:57,Delivered,Net Banking,Chandigarh,Chandigarh,3072.8,0.0,12.0
704848,5455,2022-12-24 10:20:30,Delivered,UPI,Bangalore,Karnataka,41537.32,6230.6,8.0
705646,6792,2024-02-23 09:36:38,Returned,Net Banking,Kolkata,West Bengal,81086.19,4054.31,
704391,7982,2025-03-02 21:52:09,Cancelled,EMI,Ranchi,Jharkhand,63090.19,9463.53,
702270,6789,2026-02-16 07:41:23,Delivered,Cash on Delivery,Chennai,Tamil Nadu,14559.06,0.0,4.0
706357,5619,2023-10-07 04:26:31,Shipped,UPI,Bhopal,Madhya Pradesh,70319.58,10547.94,
703964,5938,2025-10-29 02:40:11,Returned,Credit Card,Mumbai,Maharashtra,15539.44,0.0,
701173,6909,2025-11-19 03:50:44,Pending,UPI,Chennai,Tamil Nadu,147365.13,0.0,
708505,5711,2026-07-24 05:35:21,Delivered,UPI,Surat,Gujarat,79794.04,0.0,9.0
707936,7884,2026-03-05 19:59:18,Delivered,Debit Card,Pune,Maharashtra,414857.96,0.0,6.0
701450,6000,2024-07-02 16:50:57,Delivered,Credit Card,Coimbatore,Tamil Nadu,170618.99,25592.85,1.0
701926,6782,2025-09-13 10:08:33,Delivered,EMI,Nagpur,Maharashtra,125922.03,12592.2,8.0
707727,6353,2022-12-16 07:24:16,Delivered,UPI,Kolkata,West Bengal,138095.3,0.0,4.0
703047,6319,2026-01-31 00:23:52,Delivered,Net Banking,Ahmedabad,Gujarat,31439.52,0.0,1.0
701530,6604,2023-09-03 05:34:03,Delivered,EMI,Pune,Maharashtra,12370.36,1855.55,10.0
703956,7295,2022-11-13 13:15:23,Returned,EMI,Patna,Bihar,179154.12,35830.82,
702186,6492,2022-05-09 04:42:25,Returned,Net Banking,Jaipur,Rajasthan,12544.75,0.0,
703600,5280,2022-06-04 14:25:59,Delivered,Cash on Delivery,Delhi,Delhi,30749.91,0.0,8.0
704039,6451,2022-01-21 22:22:58,Delivered,EMI,Ahmedabad,Gujarat,88803.45,17760.69,4.0
701135,5006,2024-05-27 23:03:21,Delivered,Cash on Delivery,Kolkata,West Bengal,302248.58,0.0,10.0
704200,6541,2024-05-20 00:48:19,Delivered,Net Banking,Jaipur,Rajasthan,71323.72,14264.74,3.0
705818,5130,2026-07-14 07:13:50,Delivered,Credit Card,Ranchi,Jharkhand,4898.68,244.93,1.0
703789,7129,2024-11-28 02:41:47,Delivered,UPI,Surat,Gujarat,18694.13,934.71,8.0
705080,7237,2023-07-15 10:23:21,Delivered,Cash on Delivery,Ranchi,Jharkhand,13581.84,2716.37,1.0
704278,5013,2023-03-16 08:58:20,Cancelled,EMI,Surat,Gujarat,16581.96,2487.29,
708461,6392,2024-10-29 09:09:06,Delivered,Net Banking,Coimbatore,Tamil Nadu,778.98,155.8,10.0
704103,6172,2024-12-14 17:01:11,Cancelled,EMI,Coimbatore,Tamil Nadu,142111.52,14211.15,
704307,5098,2026-07-03 02:40:29,Delivered,UPI,Kochi,Kerala,78887.58,15777.52,11.0
707517,6816,2026-07-23 00:33:41,Delivered,Cash on Delivery,Mumbai,Maharashtra,98277.91,4913.9,4.0
700374,7337,2026-03-12 23:23:07,Delivered,Credit Card,Patna,Bihar,64019.08,9602.86,4.0
703637,6670,2025-01-03 11:06:57,Cancelled,EMI,Hyderabad,Telangana,17368.61,868.43,
707865,5723,2025-03-01 11:25:49,Shipped,UPI,Kolkata,West Bengal,4549.23,682.38,
701069,7208,2024-01-07 08:11:27,Shipped,UPI,Lucknow,Uttar Pradesh,193013.8,28952.07,
701886,7468,2025-12-26 01:47:57,Delivered,Debit Card,Pune,Maharashtra,14474.49,2171.17,4.0
705769,6122,2025-01-25 22:07:59,Delivered,Debit Card,Patna,Bihar,38780.02,1939.0,2.0
708656,7339,2025-08-05 14:19:38,Delivered,Debit Card,Chennai,Tamil Nadu,192554.46,0.0,8.0
702566,7221,2024-03-28 20:27:57,Delivered,EMI,Ahmedabad,Gujarat,7083.04,0.0,9.0
701034,5886,2022-04-25 12:18:28,Delivered,Net Banking,Patna,Bihar,93473.1,14020.97,4.0
706375,7350,2022-12-12 13:53:36,Delivered,Credit Card,Bhopal,Madhya Pradesh,190290.93,0.0,2.0
704597,5645,2022-05-25 18:27:53,Delivered,Net Banking,Nagpur,Maharashtra,88333.64,0.0,10.0
703335,6531,2024-08-26 16:57:59,Delivered,EMI,Delhi,Delhi,19419.24,2912.89,6.0
703404,6209,2022-02-06 08:38:07,Returned,Cash on Delivery,Chennai,Tamil Nadu,207808.18,41561.64,
702295,6993,2023-03-23 23:56:23,Shipped,Net Banking,Kolkata,West Bengal,3648.26,364.83,
702467,6247,2024-01-08 19:36:27,Delivered,Credit Card,Coimbatore,Tamil Nadu,7193.2,0.0,8.0
702421,6453,2026-07-10 01:21:06,Delivered,EMI,Bangalore,Karnataka,204740.41,0.0,1.0
701426,7225,2025-03-16 15:33:09,Shipped,EMI,Delhi,Delhi,5952.48,0.0,
701418,7419,2023-10-10 18:56:55,Cancelled,EMI,Pune,Maharashtra,30027.14,4504.07,
703556,6766,2023-10-01 22:06:31,Delivered,EMI,Coimbatore,Tamil Nadu,36007.93,1800.4,5.0
706929,6820,2022-01-18 23:15:58,Delivered,Debit Card,Coimbatore,Tamil Nadu,60054.83,3002.74,5.0
704117,5991,2026-03-17 21:35:10,Delivered,EMI,Indore,Madhya Pradesh,1207.38,0.0,9.0
708164,5640,2022-03-16 13:08:04,Pending,Debit Card,Delhi,Delhi,52107.47,0.0,
704844,5336,2023-08-09 05:40:13,Delivered,EMI,Coimbatore,Tamil Nadu,4817.82,963.56,11.0
701416,5643,2025-12-11 13:44:28,Returned,Credit Card,Chennai,Tamil Nadu,30680.52,0.0,
701665,7334,2025-05-18 09:07:47,Delivered,EMI,Surat,Gujarat,156925.72,0.0,4.0
705677,7593,2024-07-31 07:22:25,Delivered,Cash on Delivery,Indore,Madhya Pradesh,3860.42,0.0,2.0
702704,6467,2024-04-23 10:20:47,Cancelled,Cash on Delivery,Indore,Madhya Pradesh,142539.0,21380.85,
701400,5637,2023-11-23 14:13:35,Delivered,EMI,Delhi,Delhi,30198.55,1509.93,1.0
706966,6370,2022-10-14 13:13:12,Delivered,Net Banking,Nagpur,Maharashtra,160105.63,8005.28,2.0
700083,5886,2026-03-08 18:42:43,Delivered,Credit Card,Nagpur,Maharashtra,190081.75,19008.17,7.0
708160,7601,2025-09-20 10:41:12,Cancelled,UPI,Surat,Gujarat,20427.37,0.0,
701459,7652,2023-08-02 00:51:34,Delivered,Net Banking,Surat,Gujarat,10825.64,2165.13,9.0
702609,7211,2023-02-23 19:13:18,Delivered,UPI,Indore,Madhya Pradesh,56134.28,8420.14,2.0
702432,6057,2026-03-26 06:52:02,Pending,UPI,Surat,Gujarat,4251.27,850.25,
708612,6809,2026-08-03 01:12:34,Shipped,Net Banking,Lucknow,Uttar Pradesh,241576.9,48315.38,
707890,6260,2022-06-12 22:42:29,Delivered,EMI,Jaipur,Rajasthan,14842.87,2968.57,2.0
704516,6342,2022-09-20 04:03:18,Delivered,Credit Card,Nashik,Maharashtra,6566.64,0.0,11.0
707833,7028,2026-06-22 05:13:06,Delivered,Debit Card,Coimbatore,Tamil Nadu,9749.76,1949.95,8.0
706320,6224,2023-12-11 10:13:05,Cancelled,Credit Card,Ranchi,Jharkhand,2571.2,385.68,
707658,5095,2024-12-30 23:41:57,Delivered,UPI,Ranchi,Jharkhand,24128.19,1206.41,10.0
708999,7999,2024-04-13 08:55:40,Returned,Net Banking,Hyderabad,Telangana,16290.97,2443.65,
703940,7022,2023-11-14 20:32:48,Delivered,EMI,Surat,Gujarat,10885.07,1088.51,2.0
706467,6062,2022-12-16 14:49:59,Delivered,Net Banking,Indore,Madhya Pradesh,88431.1,13264.66,1.0
705321,6975,2024-03-31 11:46:59,Shipped,Debit Card,Jaipur,Rajasthan,9830.88,983.09,
702252,6478,2023-06-28 11:40:50,Delivered,Net Banking,Nagpur,Maharashtra,504590.48,50459.05,12.0
700964,5365,2022-04-02 04:26:49,Pending,UPI,Coimbatore,Tamil Nadu,61494.04,3074.7,
702440,7258,2025-06-05 14:16:44,Delivered,UPI,Nagpur,Maharashtra,66134.82,3306.74,10.0
700784,6863,2025-07-07 10:02:42,Shipped,Debit Card,Kochi,Kerala,147240.62,0.0,
703945,6966,2026-07-19 16:52:03,Pending,Debit Card,Bhopal,Madhya Pradesh,171703.12,34340.62,
701730,7564,2023-04-10 15:52:09,Delivered,Net Banking,Chennai,Tamil Nadu,3038.04,303.8,7.0
701913,7898,2022-06-15 01:15:33,Delivered,UPI,Nashik,Maharashtra,1441.17,0.0,4.0
707185,7208,2022-11-19 05:32:11,Delivered,UPI,Chennai,Tamil Nadu,24402.38,0.0,4.0
701407,7714,2022-08-10 14:41:26,Pending,UPI,Lucknow,Uttar Pradesh,11881.7,0.0,
703885,6889,2024-08-17 12:18:04,Pending,Credit Card,Delhi,Delhi,317834.32,47675.15,
703968,7705,2026-03-31 02:12:23,Delivered,Debit Card,Bangalore,Karnataka,417902.53,62685.38,4.0
702324,5267,2025-02-21 21:03:48,Delivered,Debit Card,Hyderabad,Telangana,34160.49,3416.05,12.0
701919,5359,2024-12-22 12:00:49,Delivered,Credit Card,Pune,Maharashtra,48966.63,2448.33,9.0
701983,6864,2026-01-27 18:14:07,Delivered,Cash on Delivery,Mumbai,Maharashtra,15047.67,2257.15,8.0
704199,6445,2024-12-11 14:36:00,Returned,Credit Card,Jaipur,Rajasthan,67976.92,10196.54,
701154,7845,2022-02-24 21:10:08,Shipped,Cash on Delivery,Ahmedabad,Gujarat,107010.06,21402.01,
703980,6149,2024-03-07 17:58:56,Delivered,EMI,Patna,Bihar,2672.74,133.64,8.0
703822,5389,2026-03-10 20:00:09,Returned,Debit Card,Pune,Maharashtra,73271.16,0.0,
707883,5187,2026-02-08 07:54:25,Returned,Cash on Delivery,Jaipur,Rajasthan,63089.44,0.0,
707161,6685,2024-11-19 15:21:37,Delivered,UPI,Delhi,Delhi,11430.5,2286.1,10.0
703629,5143,2022-05-24 17:04:23,Shipped,EMI,Surat,Gujarat,11384.66,1138.47,
707534,7660,2023-07-12 15:08:25,Delivered,Cash on Delivery,Kolkata,West Bengal,57392.92,0.0,4.0
708152,5781,2022-08-02 19:20:17,Delivered,Net Banking,Indore,Madhya Pradesh,10554.88,1583.23,6.0
707277,6526,2025-01-30 23:38:00,Delivered,Cash on Delivery,Coimbatore,Tamil Nadu,308342.57,61668.51,7.0
707140,6016,2025-09-18 23:20:19,Delivered,Cash on Delivery,Mumbai,Maharashtra,1526.94,0.0,8.0
706690,5670,2022-08-09 16:15:14,Delivered,Credit Card,Delhi,Delhi,83464.44,8346.44,3.0
702316,6201,2024-04-05 21:55:27,Delivered,EMI,Jaipur,Rajasthan,34072.58,5110.89,11.0
708998,5823,2025-03-01 10:17:56,Delivered,UPI,Lucknow,Uttar Pradesh,19797.84,0.0,12.0
707301,5983,2025-03-29 06:08:12,Returned,Credit Card,Bhopal,Madhya Pradesh,5297.11,0.0,
706271,5100,2022-02-24 20:59:51,Cancelled,Debit Card,Nashik,Maharashtra,84438.94,12665.84,
708294,7566,2024-02-13 10:17:04,Shipped,Cash on Delivery,Jaipur,Rajasthan,71414.15,0.0,
703865,5758,2023-05-18 17:56:49,Shipped,UPI,Nagpur,Maharashtra,40068.23,6010.23,
708203,7583,2025-06-19 21:52:40,Returned,Credit Card,Lucknow,Uttar Pradesh,35872.65,1793.63,
700310,7561,2026-05-02 05:34:19,Delivered,EMI,Bhopal,Madhya Pradesh,158816.28,31763.26,12.0
705641,5956,2024-11-16 19:37:05,Shipped,UPI,Bhopal,Madhya Pradesh,814.6,0.0,
706960,5007,2026-08-04 02:43:40,Delivered,Credit Card,Nashik,Maharashtra,94192.35,9419.23,9.0
701555,6776,2024-05-02 12:42:00,Delivered,Net Banking,Surat,Gujarat,293083.24,58616.65,9.0
700536,5823,2023-11-17 15:54:45,Pending,Credit Card,Lucknow,Uttar Pradesh,261447.53,13072.38,
708854,6824,2023-01-16 21:53:21,Delivered,Debit Card,Delhi,Delhi,32423.67,3242.37,2.0
700508,7055,2025-05-19 05:34:34,Delivered,EMI,Kochi,Kerala,46088.44,0.0,4.0
707664,5823,2024-11-03 02:53:14,Pending,EMI,Delhi,Delhi,15241.87,0.0,
701658,5920,2024-07-05 07:08:41,Shipped,Cash on Delivery,Hyderabad,Telangana,176216.84,26432.53,
705578,7036,2025-02-02 06:07:12,Delivered,Debit Card,Ahmedabad,Gujarat,135152.48,6757.62,8.0
707204,5769,2026-07-18 17:54:37,Shipped,Credit Card,Nashik,Maharashtra,9513.23,1426.98,
706551,6183,2024-05-24 03:10:17,Delivered,UPI,Delhi,Delhi,98467.34,4923.37,3.0
703550,5450,2024-09-06 03:56:54,Delivered,Cash on Delivery,Chandigarh,Chandigarh,1206.68,241.34,9.0
707959,6212,2026-06-28 16:13:03,Delivered,UPI,Kolkata,West Bengal,73787.36,0.0,9.0
707177,5450,2023-12-02 06:29:44,Delivered,Credit Card,Nashik,Maharashtra,48041.57,0.0,10.0
703963,5204,2024-03-06 22:23:36,Delivered,UPI,Nashik,Maharashtra,48835.94,0.0,7.0
705299,5711,2023-11-21 08:55:46,Shipped,UPI,Bangalore,Karnataka,192306.32,9615.32,
701767,5030,2025-04-06 14:42:55,Shipped,UPI,Ahmedabad,Gujarat,40143.42,2007.17,
705845,5953,2023-05-09 08:21:00,Delivered,Debit Card,Nagpur,Maharashtra,9656.76,0.0,11.0
701446,6459,2024-10-29 01:47:08,Delivered,Credit Card,Kolkata,West Bengal,52306.02,10461.2,4.0
700759,5968,2024-11-17 02:48:15,Pending,EMI,Jaipur,Rajasthan,36821.99,0.0,
707226,7179,2025-10-12 07:01:20,Cancelled,EMI,Indore,Madhya Pradesh,4367.97,0.0,
704711,6139,2023-08-14 07:59:26,Shipped,Net Banking,Mumbai,Maharashtra,292232.29,43834.84,
704040,6832,2026-06-12 14:52:35,Delivered,Credit Card,Mumbai,Maharashtra,28579.15,0.0,8.0
701066,5451,2025-11-30 21:40:18,Delivered,EMI,Delhi,Delhi,124870.75,0.0,1.0
707640,5283,2025-01-05 15:18:42,Pending,UPI,Kochi,Kerala,61859.22,3092.96,
705897,6852,2023-12-11 00:06:01,Shipped,UPI,Chennai,Tamil Nadu,8271.55,0.0,
708699,7863,2022-04-29 14:46:44,Shipped,EMI,Kochi,Kerala,384368.66,57655.3,
707893,7951,2022-08-10 16:47:55,Cancelled,UPI,Chandigarh,Chandigarh,40928.01,6139.2,
701570,5098,2025-12-19 18:45:36,Delivered,Net Banking,Lucknow,Uttar Pradesh,85117.6,0.0,8.0
706901,6632,2022-09-01 14:56:15,Delivered,Debit Card,Patna,Bihar,30756.36,6151.27,5.0
700187,6149,2022-01-18 14:34:23,Delivered,Cash on Delivery,Chennai,Tamil Nadu,463745.14,69561.77,5.0
708957,7369,2024-01-01 23:55:00,Shipped,Debit Card,Pune,Maharashtra,3731.24,186.56,
702058,6984,2025-12-03 00:52:42,Delivered,UPI,Jaipur,Rajasthan,24611.01,0.0,12.0
704719,5967,2024-11-08 03:10:21,Returned,Cash on Delivery,Patna,Bihar,11654.79,582.74,
707823,5874,2024-07-12 15:10:41,Delivered,Net Banking,Lucknow,Uttar Pradesh,21647.12,0.0,3.0
707772,5437,2024-06-29 10:07:21,Delivered,Cash on Delivery,Hyderabad,Telangana,12051.83,2410.37,8.0
702998,6032,2022-09-15 15:19:04,Returned,EMI,Kolkata,West Bengal,26930.38,5386.08,
705215,6447,2023-07-16 18:10:49,Cancelled,Debit Card,Ranchi,Jharkhand,273288.03,0.0,
705899,7331,2024-05-31 04:54:21,Delivered,EMI,Indore,Madhya Pradesh,16875.64,843.78,6.0
705070,5558,2022-07-01 03:29:27,Delivered,Cash on Delivery,Kolkata,West Bengal,8156.84,1223.53,4.0
702516,5141,2022-06-14 05:20:30,Delivered,UPI,Coimbatore,Tamil Nadu,195342.48,29301.37,6.0
702910,7007,2025-02-04 05:29:35,Delivered,EMI,Ahmedabad,Gujarat,17104.23,3420.85,12.0
708617,6531,2022-07-27 17:43:15,Cancelled,Debit Card,Bangalore,Karnataka,21760.09,3264.01,
708341,5591,2024-11-18 10:08:54,Delivered,EMI,Nashik,Maharashtra,5043.72,0.0,12.0
704471,6237,2025-04-10 09:00:16,Delivered,Credit Card,Ranchi,Jharkhand,17847.45,892.37,11.0
705894,6921,2022-06-01 07:44:40,Delivered,Debit Card,Indore,Madhya Pradesh,44898.66,2244.93,7.0
700043,7643,2023-02-24 15:40:52,Delivered,UPI,Surat,Gujarat,18650.06,0.0,7.0
707217,5133,2024-10-09 20:43:01,Delivered,UPI,Bhopal,Madhya Pradesh,53291.03,2664.55,11.0
702302,5063,2023-08-16 12:47:06,Delivered,Net Banking,Chennai,Tamil Nadu,8402.42,420.12,2.0
702147,6836,2022-05-15 15:06:02,Returned,Debit Card,Hyderabad,Telangana,42890.18,4289.02,
703692,5723,2026-05-11 19:22:05,Delivered,UPI,Coimbatore,Tamil Nadu,6179.49,308.97,3.0
701692,5300,2025-01-03 18:59:54,Delivered,UPI,Lucknow,Uttar Pradesh,166963.66,8348.18,7.0
708173,5908,2023-05-22 09:34:33,Cancelled,EMI,Coimbatore,Tamil Nadu,46993.62,9398.72,
706415,5584,2023-08-25 19:09:28,Cancelled,Net Banking,Ahmedabad,Gujarat,1860.28,186.03,
700105,5303,2022-06-02 15:29:20,Delivered,Net Banking,Delhi,Delhi,2170.72,0.0,3.0
704427,7521,2026-05-25 21:56:25,Delivered,UPI,Indore,Madhya Pradesh,7274.46,1454.89,10.0
703589,6820,2024-07-23 15:24:51,Delivered,Credit Card,Delhi,Delhi,16062.41,0.0,8.0
707627,6806,2023-10-12 08:30:50,Returned,EMI,Chennai,Tamil Nadu,1231.78,61.59,
700950,5085,2024-04-24 14:43:37,Returned,Cash on Delivery,Ahmedabad,Gujarat,40635.97,8127.19,
701801,7862,2024-07-27 08:20:19,Shipped,Cash on Delivery,Patna,Bihar,23499.27,0.0,
704342,6407,2022-12-09 21:39:35,Pending,EMI,Nashik,Maharashtra,39794.62,0.0,
708488,7479,2024-02-22 08:26:32,Delivered,Cash on Delivery,Lucknow,Uttar Pradesh,204109.8,0.0,10.0
700188,6806,2024-07-19 09:47:53,Pending,Credit Card,Jaipur,Rajasthan,4549.23,454.92,
700411,5751,2023-02-20 19:43:20,Delivered,UPI,Kolkata,West Bengal,22683.82,0.0,3.0
704862,6618,2023-09-24 06:38:57,Delivered,UPI,Indore,Madhya Pradesh,8573.83,857.38,3.0
705648,7317,2025-08-06 20:43:58,Delivered,UPI,Nashik,Maharashtra,28582.73,0.0,10.0
704008,5733,2026-06-30 19:07:55,Returned,EMI,Nagpur,Maharashtra,8263.83,826.38,
704603,7849,2024-06-01 16:15:35,Pending,Cash on Delivery,Lucknow,Uttar Pradesh,23954.43,0.0,
701468,6405,2022-08-11 08:14:20,Returned,EMI,Kolkata,West Bengal,213681.24,10684.06,
704319,7608,2022-10-13 20:46:23,Pending,UPI,Kochi,Kerala,203113.05,30466.96,
704566,5859,2022-10-17 11:14:59,Delivered,Debit Card,Mumbai,Maharashtra,58184.5,8727.67,11.0
708891,5896,2023-03-28 21:59:00,Delivered,EMI,Kochi,Kerala,36375.9,7275.18,10.0
700519,5572,2024-01-10 13:21:08,Delivered,Debit Card,Mumbai,Maharashtra,20472.4,2047.24,1.0
703496,7396,2026-01-17 02:34:25,Delivered,EMI,Delhi,Delhi,3394.8,169.74,10.0
700010,6395,2023-06-17 14:13:15,Delivered,Credit Card,Hyderabad,Telangana,242629.7,0.0,5.0
703346,7264,2025-06-14 10:43:13,Cancelled,Cash on Delivery,Nagpur,Maharashtra,44622.6,8924.52,
700992,5076,2026-07-10 03:08:39,Cancelled,UPI,Bangalore,Karnataka,109043.38,0.0,
706143,5089,2023-10-02 14:28:22,Returned,Credit Card,Kolkata,West Bengal,88516.8,0.0,
700754,6068,2024-06-24 18:46:03,Delivered,Net Banking,Chandigarh,Chandigarh,87499.94,4375.0,4.0
704255,7539,2024-10-30 15:39:31,Pending,EMI,Bangalore,Karnataka,122482.16,0.0,
701522,7646,2025-09-06 06:14:38,Returned,Cash on Delivery,Lucknow,Uttar Pradesh,100193.01,10019.3,
704406,7430,2025-12-04 21:52:18,Delivered,Credit Card,Ahmedabad,Gujarat,311599.42,0.0,6.0
702757,5466,2024-03-17 11:50:25,Delivered,Debit Card,Nashik,Maharashtra,51613.84,5161.38,9.0
700882,7421,2022-08-04 00:36:22,Delivered,EMI,Chandigarh,Chandigarh,9961.39,0.0,10.0
706734,5254,2026-04-04 07:30:28,Returned,Cash on Delivery,Delhi,Delhi,131897.73,0.0,
703831,5733,2023-11-05 02:17:00,Cancelled,EMI,Delhi,Delhi,6228.58,622.86,
706995,5636,2025-12-23 04:18:12,Returned,Credit Card,Ahmedabad,Gujarat,161128.19,32225.64,
708465,6589,2025-09-20 05:03:18,Delivered,Debit Card,Pune,Maharashtra,88006.44,13200.97,2.0
704727,5042,2022-03-26 18:13:07,Delivered,EMI,Chennai,Tamil Nadu,40916.68,0.0,5.0
700189,7326,2023-05-29 06:52:40,Delivered,EMI,Nagpur,Maharashtra,25249.62,0.0,3.0
700288,6985,2026-07-07 19:40:55,Cancelled,EMI,Chandigarh,Chandigarh,78054.37,15610.87,
702353,5352,2022-07-23 13:26:50,Cancelled,UPI,Hyderabad,Telangana,69698.62,6969.86,
702550,7527,2025-02-01 16:03:17,Delivered,EMI,Chennai,Tamil Nadu,58095.5,5809.55,5.0
704076,6646,2023-05-19 02:03:56,Delivered,Debit Card,Bangalore,Karnataka,160.3,8.02,10.0
705874,6509,2022-05-13 02:20:29,Shipped,EMI,Delhi,Delhi,32586.04,3258.6,
704285,6145,2025-01-28 06:32:12,Returned,UPI,Chandigarh,Chandigarh,218581.68,0.0,
705018,6254,2026-04-29 23:23:44,Returned,Debit Card,Bangalore,Karnataka,42492.88,6373.93,
703578,5679,2024-01-06 16:37:24,Delivered,UPI,Coimbatore,Tamil Nadu,5327.17,532.72,2.0
708833,5742,2022-10-07 07:20:09,Shipped,Credit Card,Chennai,Tamil Nadu,15748.14,1574.81,
702420,7535,2024-07-29 17:27:13,Delivered,UPI,Kolkata,West Bengal,35075.84,7015.17,7.0
701671,6591,2023-11-06 06:08:09,Delivered,Net Banking,Nagpur,Maharashtra,25276.0,2527.6,5.0
704636,7462,2025-12-16 23:03:02,Shipped,UPI,Nashik,Maharashtra,60058.11,0.0,
707645,6454,2026-05-13 18:28:11,Returned,EMI,Bangalore,Karnataka,3085.14,462.77,
700371,7701,2022-11-09 07:49:00,Shipped,Debit Card,Patna,Bihar,790.53,0.0,
708743,7027,2022-03-09 07:38:27,Delivered,Cash on Delivery,Jaipur,Rajasthan,65912.54,0.0,12.0
708446,7392,2023-10-07 10:01:54,Shipped,Credit Card,Kochi,Kerala,126352.12,18952.82,
700082,7148,2022-01-03 03:56:28,Cancelled,UPI,Delhi,Delhi,4723.19,236.16,
705424,5717,2022-11-25 20:49:48,Shipped,Net Banking,Coimbatore,Tamil Nadu,3765.32,188.27,
703676,6704,2023-08-28 09:46:58,Delivered,EMI,Bangalore,Karnataka,61374.16,0.0,1.0
703321,6503,2023-08-19 18:39:48,Shipped,Debit Card,Nagpur,Maharashtra,5966.32,1193.26,
708409,7045,2025-07-15 10:32:00,Pending,Debit Card,Coimbatore,Tamil Nadu,50887.97,0.0,
700263,6344,2024-05-20 09:01:07,Delivered,UPI,Nashik,Maharashtra,91708.45,0.0,12.0
704022,7448,2025-05-10 04:29:24,Cancelled,UPI,Patna,Bihar,2536.87,0.0,
707428,7217,2023-12-13 08:24:57,Delivered,Net Banking,Pune,Maharashtra,365.96,18.3,3.0
702262,7454,2025-05-31 19:50:27,Pending,Debit Card,Hyderabad,Telangana,693.7,69.37,
706135,6841,2025-08-25 14:04:00,Cancelled,UPI,Hyderabad,Telangana,26889.48,2688.95,
707829,5658,2023-12-03 06:48:21,Delivered,Cash on Delivery,Chandigarh,Chandigarh,37809.64,1890.48,8.0
706110,5082,2026-02-03 22:19:44,Pending,Credit Card,Kochi,Kerala,8856.9,1771.38,
700421,7726,2025-03-06 19:34:24,Delivered,UPI,Nashik,Maharashtra,113755.74,11375.57,12.0
700088,6398,2023-05-08 23:36:17,Returned,UPI,Pune,Maharashtra,71252.79,10687.92,
703770,5046,2024-01-15 13:21:40,Pending,Credit Card,Kolkata,West Bengal,2442.21,488.44,
708613,5383,2022-08-09 22:21:40,Delivered,UPI,Mumbai,Maharashtra,57451.67,5745.17,1.0
705173,5846,2024-08-28 12:49:38,Delivered,UPI,Nashik,Maharashtra,29413.55,0.0,10.0
702021,6660,2024-02-27 06:52:09,Delivered,Cash on Delivery,Chandigarh,Chandigarh,116608.06,5830.4,10.0
706458,6312,2022-06-05 08:13:50,Delivered,Debit Card,Ahmedabad,Gujarat,22958.63,0.0,3.0
700643,6099,2025-11-19 08:00:36,Shipped,Debit Card,Mumbai,Maharashtra,33739.28,3373.93,
705778,5816,2025-04-30 13:36:31,Cancelled,Credit Card,Surat,Gujarat,30117.8,1505.89,
707632,7280,2026-02-12 11:55:07,Pending,Cash on Delivery,Nagpur,Maharashtra,54039.0,2701.95,
701123,6447,2024-07-01 21:12:39,Delivered,Net Banking,Indore,Madhya Pradesh,33880.43,0.0,4.0
708062,5723,2022-08-15 19:26:12,Delivered,Credit Card,Delhi,Delhi,264770.66,13238.53,7.0
702181,7522,2022-05-02 22:58:35,Delivered,Credit Card,Ranchi,Jharkhand,6312.64,946.9,4.0
708570,6479,2024-12-11 23:23:42,Delivered,UPI,Ahmedabad,Gujarat,27129.69,2712.97,6.0
700477,7497,2026-08-05 01:05:00,Delivered,EMI,Ranchi,Jharkhand,26326.74,5265.35,8.0
702837,7417,2023-08-13 22:45:37,Cancelled,EMI,Ranchi,Jharkhand,61350.5,9202.57,
703234,5073,2023-04-11 08:18:37,Cancelled,Debit Card,Patna,Bihar,138199.32,6909.97,
700070,7711,2022-10-21 03:52:14,Cancelled,EMI,Mumbai,Maharashtra,130708.22,13070.82,
704800,7185,2026-02-04 20:18:56,Returned,Cash on Delivery,Patna,Bihar,31421.6,0.0,
701008,5973,2024-12-26 00:33:47,Delivered,EMI,Ranchi,Jharkhand,85113.85,17022.77,3.0
702596,5990,2022-02-10 15:59:56,Shipped,Cash on Delivery,Mumbai,Maharashtra,38866.77,5830.02,
700527,6401,2022-07-14 15:22:11,Pending,Credit Card,Chandigarh,Chandigarh,221987.01,33298.05,
708876,6964,2026-01-06 12:45:00,Returned,Credit Card,Nashik,Maharashtra,19336.59,2900.49,
705954,5461,2023-05-18 08:13:39,Returned,Credit Card,Nagpur,Maharashtra,144506.49,0.0,
701153,7903,2024-07-21 16:54:31,Shipped,Debit Card,Surat,Gujarat,12492.6,0.0,
701920,5599,2022-03-13 18:18:20,Delivered,Credit Card,Ranchi,Jharkhand,256848.56,51369.71,4.0
704948,7734,2025-01-31 06:16:53,Delivered,Net Banking,Indore,Madhya Pradesh,12954.94,1295.49,4.0
707735,5043,2025-12-21 18:00:59,Delivered,UPI,Hyderabad,Telangana,9372.48,1874.5,5.0
707976,5210,2024-01-10 21:48:26,Delivered,Credit Card,Kolkata,West Bengal,106522.11,15978.32,8.0
701379,6743,2026-02-12 10:35:09,Delivered,Credit Card,Lucknow,Uttar Pradesh,151740.91,22761.14,5.0
706660,5903,2026-06-28 21:26:28,Delivered,UPI,Ahmedabad,Gujarat,5660.39,849.06,11.0
700578,5770,2022-11-22 06:16:08,Delivered,Debit Card,Ranchi,Jharkhand,163798.41,8189.92,9.0
701460,5024,2023-08-24 00:54:58,Returned,UPI,Mumbai,Maharashtra,333028.36,16651.42,
701195,7163,2024-07-13 04:29:10,Delivered,Cash on Delivery,Nagpur,Maharashtra,20280.94,1014.05,1.0
708013,6474,2024-01-21 05:08:24,Cancelled,EMI,Chennai,Tamil Nadu,8352.6,0.0,
704906,6479,2022-10-21 20:36:43,Delivered,UPI,Pune,Maharashtra,307026.27,46053.94,8.0
701484,7633,2024-09-05 15:34:34,Pending,Credit Card,Bangalore,Karnataka,14500.12,0.0,
705207,6909,2023-05-12 00:13:38,Delivered,Credit Card,Bangalore,Karnataka,173957.85,34791.57,3.0
702223,7228,2022-07-01 23:04:46,Returned,UPI,Coimbatore,Tamil Nadu,7632.98,0.0,
703752,7099,2023-08-21 12:52:17,Delivered,Credit Card,Mumbai,Maharashtra,43853.56,4385.36,10.0
703905,5828,2023-03-01 00:50:17,Pending,Credit Card,Jaipur,Rajasthan,281647.2,28164.72,
703180,7429,2023-02-01 01:50:54,Shipped,Cash on Delivery,Nagpur,Maharashtra,61102.34,0.0,
708142,7486,2025-07-14 15:09:11,Returned,Credit Card,Ranchi,Jharkhand,8356.67,417.83,
700031,7364,2024-03-26 03:17:45,Pending,EMI,Ranchi,Jharkhand,278538.99,0.0,
702160,6847,2024-06-22 17:31:23,Delivered,Net Banking,Bhopal,Madhya Pradesh,18962.19,0.0,9.0
701080,5436,2024-06-18 16:38:21,Shipped,Cash on Delivery,Jaipur,Rajasthan,33137.68,3313.77,
704488,5614,2023-01-16 02:08:16,Shipped,Debit Card,Mumbai,Maharashtra,2013.09,301.96,
706633,5108,2026-08-02 12:18:02,Pending,UPI,Bhopal,Madhya Pradesh,5780.55,1156.11,
700369,6521,2022-11-28 16:52:31,Delivered,Debit Card,Ranchi,Jharkhand,226137.53,0.0,5.0
706003,5352,2022-02-01 06:15:56,Pending,EMI,Nashik,Maharashtra,32136.54,6427.31,
704572,6740,2026-06-08 13:52:51,Delivered,EMI,Hyderabad,Telangana,18036.79,3607.36,3.0
705321,6975,2024-03-31 11:46:59,Shipped,Debit Card,Jaipur,Rajasthan,9830.88,983.09,
706205,7488,2022-09-12 10:04:54,Pending,Net Banking,Coimbatore,Tamil Nadu,10910.53,1636.58,
709000,6192,2023-11-06 23:31:17,Pending,EMI,Ranchi,Jharkhand,2170.72,0.0,
707339,5120,2024-04-30 18:55:07,Delivered,EMI,Chennai,Tamil Nadu,42389.67,6358.45,2.0
704365,7865,2022-12-21 13:37:31,Delivered,Debit Card,Ahmedabad,Gujarat,32768.32,0.0,8.0
705371,5292,2024-05-01 19:52:51,Pending,EMI,Jaipur,Rajasthan,15804.94,1580.49,
702726,6513,2022-02-17 10:16:23,Delivered,Credit Card,Jaipur,Rajasthan,169376.17,8468.81,11.0
702842,6116,2022-05-09 20:32:56,Shipped,Net Banking,Bhopal,Madhya Pradesh,4736.05,0.0,
706037,6132,2022-11-21 15:39:46,Delivered,Credit Card,Chandigarh,Chandigarh,4924.98,738.75,8.0
705734,7019,2024-05-01 23:50:28,Delivered,Debit Card,Jaipur,Rajasthan,43102.67,6465.4,1.0
705593,7813,2025-08-20 01:27:51,Pending,UPI,Mumbai,Maharashtra,77557.88,3877.89,
701432,5095,2023-08-02 05:42:42,Delivered,EMI,Nashik,Maharashtra,57484.96,11496.99,8.0
704899,5094,2023-09-20 11:51:20,Pending,Credit Card,Chennai,Tamil Nadu,428885.43,64332.81,
706303,6930,2025-09-19 15:58:04,Shipped,Debit Card,Delhi,Delhi,17864.12,3572.82,
706908,7746,2024-03-23 02:54:38,Shipped,Credit Card,Chennai,Tamil Nadu,21685.58,3252.84,
703042,6373,2023-07-14 18:14:21,Pending,Net Banking,Chennai,Tamil Nadu,17889.51,0.0,
701130,7448,2025-07-13 14:50:55,Pending,Cash on Delivery,Mumbai,Maharashtra,194239.47,38847.89,
707102,5657,2025-06-03 05:32:22,Delivered,EMI,Nagpur,Maharashtra,9569.74,1435.46,4.0
706364,5992,2024-09-03 09:21:35,Delivered,Credit Card,Indore,Madhya Pradesh,4362.98,436.3,12.0
703258,5660,2025-09-07 14:54:43,Shipped,Cash on Delivery,Chennai,Tamil Nadu,217718.9,43543.78,
703928,5356,2023-08-20 21:51:41,Delivered,Debit Card,Lucknow,Uttar Pradesh,21576.97,3236.55,11.0
708299,7991,2022-11-26 02:35:22,Pending,Credit Card,Coimbatore,Tamil Nadu,12274.01,2454.8,
705767,5849,2023-04-19 11:50:44,Cancelled,Net Banking,Indore,Madhya Pradesh,8786.25,439.31,
706844,7406,2025-11-23 13:16:48,Delivered,UPI,Ahmedabad,Gujarat,176567.84,8828.39,7.0
707835,6592,2026-07-11 15:17:23,Cancelled,Net Banking,Coimbatore,Tamil Nadu,45404.31,9080.86,
708902,5912,2022-12-25 23:51:39,Cancelled,Cash on Delivery,Bangalore,Karnataka,28505.97,0.0,
706807,6548,2023-07-08 01:12:12,Delivered,Debit Card,Lucknow,Uttar Pradesh,29624.16,1481.21,6.0
701342,5745,2025-08-13 23:05:57,Cancelled,Cash on Delivery,Surat,Gujarat,376535.33,37653.53,
707025,5700,2026-06-12 11:30:38,Cancelled,Debit Card,Patna,Bihar,238503.11,35775.47,
700017,6691,2026-06-07 03:08:22,Pending,EMI,Kolkata,West Bengal,319192.32,31919.23,
705136,5758,2025-05-17 03:20:09,Delivered,EMI,Nashik,Maharashtra,175027.06,26254.06,8.0
707862,5901,2022-10-01 15:54:45,Delivered,Credit Card,Lucknow,Uttar Pradesh,766.65,153.33,7.0
706391,7948,2024-09-07 08:07:17,Delivered,Debit Card,Lucknow,Uttar Pradesh,519.51,103.9,9.0
706166,5033,2024-01-20 13:49:32,Delivered,Debit Card,Nashik,Maharashtra,8261.34,0.0,6.0
700150,7251,2024-01-07 20:53:22,Delivered,Credit Card,Hyderabad,Telangana,14235.93,0.0,1.0
706540,7126,2022-03-03 07:55:17,Returned,Credit Card,Nagpur,Maharashtra,197449.5,0.0,
701218,5198,2026-07-01 02:48:02,Shipped,Cash on Delivery,Jaipur,Rajasthan,362632.12,36263.21,
706810,5967,2024-06-24 06:00:54,Delivered,UPI,Chennai,Tamil Nadu,17563.39,2634.51,10.0
703760,5087,2024-07-25 12:52:15,Delivered,Credit Card,Chandigarh,Chandigarh,4853.85,242.69,2.0
701604,6888,2026-03-02 21:16:47,Delivered,EMI,Pune,Maharashtra,174785.96,8739.3,11.0
704462,5317,2022-03-13 15:28:44,Pending,EMI,Coimbatore,Tamil Nadu,10645.44,1596.82,
704807,5598,2024-06-13 08:11:51,Shipped,Credit Card,Bangalore,Karnataka,5917.11,0.0,
702897,6404,2024-05-22 22:00:05,Delivered,Credit Card,Kochi,Kerala,14835.77,0.0,7.0
701515,6411,2024-01-13 20:23:01,Pending,Cash on Delivery,Pune,Maharashtra,156838.21,0.0,
708725,6158,2022-12-20 04:11:08,Delivered,Cash on Delivery,Bhopal,Madhya Pradesh,179539.06,0.0,10.0
704869,7640,2023-09-27 16:11:34,Shipped,UPI,Nagpur,Maharashtra,27985.96,0.0,
701439,5004,2023-06-04 16:28:41,Cancelled,Net Banking,Bangalore,Karnataka,27897.09,1394.85,
706064,5738,2025-08-16 12:45:29,Shipped,Net Banking,Chandigarh,Chandigarh,319.98,16.0,
700166,5398,2025-04-08 00:23:19,Shipped,EMI,Kolkata,West Bengal,84767.05,0.0,
705548,5493,2024-03-26 15:15:17,Returned,Net Banking,Patna,Bihar,5818.38,1163.68,
701489,6176,2022-07-02 22:33:46,Delivered,Credit Card,Chennai,Tamil Nadu,169537.66,0.0,12.0
702258,7928,2022-12-13 06:15:55,Returned,Credit Card,Hyderabad,Telangana,7086.29,1062.94,
705530,7709,2025-07-13 00:51:58,Shipped,EMI,Ranchi,Jharkhand,31759.08,6351.82,
703543,6290,2024-04-06 03:29:21,Returned,UPI,Bangalore,Karnataka,1623.87,81.19,
708616,7715,2026-06-08 15:06:42,Returned,UPI,Nashik,Maharashtra,1928.4,385.68,
705234,7911,2022-11-24 00:52:03,Delivered,UPI,Bhopal,Madhya Pradesh,7074.26,1061.14,12.0
701132,5413,2023-10-01 10:04:10,Shipped,Credit Card,Kolkata,West Bengal,1579.44,0.0,
707508,7970,2025-07-20 20:14:59,Delivered,EMI,Ahmedabad,Gujarat,702.06,140.41,7.0
705393,6164,2025-11-27 03:23:50,Delivered,Net Banking,Coimbatore,Tamil Nadu,30092.1,0.0,5.0
700631,7572,2024-01-06 16:49:07,Delivered,UPI,Pune,Maharashtra,45744.63,0.0,7.0
700388,5053,2024-03-20 15:31:59,Returned,EMI,Hyderabad,Telangana,334849.15,0.0,
708874,7851,2025-03-19 15:25:43,Delivered,UPI,Jaipur,Rajasthan,273146.22,0.0,7.0
705756,7292,2025-07-20 14:01:01,Delivered,Cash on Delivery,Delhi,Delhi,53264.92,7989.74,3.0
703649,6127,2023-12-27 01:37:30,Returned,UPI,Chennai,Tamil Nadu,21350.61,4270.12,
706396,5612,2022-11-19 06:58:58,Returned,Credit Card,Delhi,Delhi,51164.66,2558.23,
703281,5087,2025-03-14 23:03:51,Delivered,Credit Card,Nashik,Maharashtra,5401.12,540.11,3.0
707364,5916,2023-08-23 18:03:12,Delivered,EMI,Kochi,Kerala,1350.99,0.0,5.0
708815,5352,2026-07-05 01:37:16,Cancelled,UPI,Bangalore,Karnataka,18439.56,0.0,
702648,6535,2026-04-25 09:02:04,Pending,EMI,Kochi,Kerala,21115.36,1055.77,
705203,5085,2026-02-20 02:43:47,Shipped,Net Banking,Nashik,Maharashtra,340223.28,17011.16,
703792,5004,2024-09-21 15:22:40,Delivered,UPI,Nashik,Maharashtra,25719.96,0.0,1.0
700195,7888,2022-06-02 23:04:31,Returned,Cash on Delivery,Kolkata,West Bengal,2235.39,335.31,
704250,7272,2023-03-20 10:02:26,Delivered,Debit Card,Kochi,Kerala,207576.64,20757.66,3.0
702939,6805,2025-11-02 15:13:22,Delivered,EMI,Hyderabad,Telangana,24414.43,0.0,2.0
700924,5929,2024-01-07 06:13:53,Shipped,Debit Card,Bangalore,Karnataka,7928.88,396.44,
703824,5770,2026-03-26 03:41:37,Shipped,Debit Card,Lucknow,Uttar Pradesh,100.88,0.0,
703597,7794,2024-05-25 22:00:38,Shipped,EMI,Kolkata,West Bengal,36285.69,0.0,
701126,6460,2022-05-27 08:25:46,Pending,EMI,Hyderabad,Telangana,58988.55,0.0,
701257,6248,2024-01-01 09:43:50,Delivered,Cash on Delivery,Hyderabad,Telangana,498514.64,49851.46,10.0
705419,6669,2024-05-26 16:12:04,Delivered,UPI,Delhi,Delhi,164861.73,32972.35,1.0
708684,7097,2022-05-12 06:02:55,Delivered,Cash on Delivery,Lucknow,Uttar Pradesh,12180.98,609.05,11.0
705111,6430,2022-12-29 18:32:28,Delivered,Cash on Delivery,Jaipur,Rajasthan,1391.75,0.0,8.0
703611,6033,2023-12-19 20:58:48,Delivered,UPI,Surat,Gujarat,202909.6,0.0,12.0
702194,6521,2024-11-24 20:22:44,Delivered,Debit Card,Ahmedabad,Gujarat,18607.32,0.0,4.0
708155,5828,2025-11-12 12:31:05,Delivered,EMI,Ahmedabad,Gujarat,7862.73,0.0,7.0
701681,6503,2026-03-14 21:36:13,Delivered,Debit Card,Chennai,Tamil Nadu,56836.98,5683.7,2.0
707080,6596,2024-08-21 06:11:42,Delivered,EMI,Coimbatore,Tamil Nadu,183503.45,9175.17,1.0
704822,6473,2023-03-27 15:04:37,Cancelled,Net Banking,Indore,Madhya Pradesh,86054.72,0.0,
702142,7054,2024-03-18 13:29:17,Shipped,Net Banking,Hyderabad,Telangana,16404.31,0.0,
705877,5212,2026-03-22 20:06:53,Cancelled,EMI,Delhi,Delhi,167477.18,33495.44,
706278,5975,2022-11-02 15:18:23,Pending,Debit Card,Nagpur,Maharashtra,47095.14,9419.03,
704447,7970,2024-10-21 08:16:57,Pending,EMI,Patna,Bihar,34891.86,5233.78,
702854,6914,2026-04-04 02:21:47,Delivered,Net Banking,Ranchi,Jharkhand,55350.72,0.0,12.0
700414,5418,2026-04-14 16:04:34,Pending,Net Banking,Nashik,Maharashtra,35775.19,0.0,
707420,6820,2024-08-01 01:00:05,Delivered,Cash on Delivery,Ranchi,Jharkhand,170930.48,8546.52,10.0
703055,6769,2023-03-30 09:54:56,Delivered,UPI,Jaipur,Rajasthan,187686.31,28152.95,8.0
704458,5625,2024-01-26 18:35:44,Returned,EMI,Bhopal,Madhya Pradesh,21104.5,0.0,
708985,5572,2024-09-24 20:11:20,Shipped,UPI,Nashik,Maharashtra,48484.26,4848.43,
700130,5412,2024-01-10 21:19:00,Delivered,EMI,Kolkata,West Bengal,255.55,51.11,7.0
705415,7963,2024-02-25 21:45:53,Pending,Debit Card,Pune,Maharashtra,22671.18,4534.24,
704168,5790,2022-06-17 23:28:30,Cancelled,EMI,Kochi,Kerala,133266.44,26653.29,
704266,6106,2025-05-14 17:58:53,Delivered,Debit Card,Hyderabad,Telangana,18215.36,2732.3,9.0
708204,7095,2023-08-13 07:26:04,Pending,EMI,Lucknow,Uttar Pradesh,135229.25,0.0,
706816,5839,2023-01-15 22:26:40,Delivered,Cash on Delivery,Lucknow,Uttar Pradesh,43111.01,0.0,6.0
708168,5837,2026-02-26 05:22:20,Delivered,Debit Card,Ranchi,Jharkhand,19736.5,1973.65,11.0
700255,7514,2024-10-02 15:34:58,Delivered,Credit Card,Hyderabad,Telangana,55166.72,0.0,11.0
705206,7363,2025-05-18 05:22:56,Delivered,Credit Card,Pune,Maharashtra,60250.13,6025.01,10.0
702511,7391,2022-01-03 14:36:04,Delivered,Cash on Delivery,Surat,Gujarat,11727.98,2345.6,4.0
704969,6411,2026-05-06 07:12:41,Cancelled,Credit Card,Jaipur,Rajasthan,18511.28,2776.69,
708510,6615,2025-11-21 04:24:02,Delivered,EMI,Nashik,Maharashtra,369.65,55.45,9.0
708842,6784,2025-04-07 14:34:33,Pending,Cash on Delivery,Kochi,Kerala,108481.44,16272.22,
701169,7339,2025-03-24 16:48:22,Delivered,Net Banking,Lucknow,Uttar Pradesh,21502.48,1075.12,2.0
708363,7923,2025-12-07 03:54:17,Delivered,Cash on Delivery,Lucknow,Uttar Pradesh,1557.96,311.59,6.0
705319,5326,2024-02-26 11:57:12,Returned,Credit Card,Coimbatore,Tamil Nadu,195347.46,29302.12,
700512,5502,2026-06-02 06:07:44,Pending,Credit Card,Ranchi,Jharkhand,778.8,0.0,
706996,5949,2022-08-28 14:18:08,Delivered,EMI,Nagpur,Maharashtra,230666.46,23066.65,6.0
705866,6665,2023-03-12 18:24:08,Cancelled,Cash on Delivery,Chandigarh,Chandigarh,135478.08,13547.81,
703338,7624,2025-10-26 00:30:58,Delivered,UPI,Mumbai,Maharashtra,4912.1,982.42,3.0
705893,6537,2024-01-08 04:36:38,Shipped,Debit Card,Hyderabad,Telangana,16215.23,1621.52,
706693,7066,2025-07-20 00:48:14,Delivered,UPI,Kochi,Kerala,107310.01,16096.5,4.0
706354,5619,2023-02-19 04:33:46,Shipped,EMI,Ranchi,Jharkhand,143.23,21.48,
702625,6804,2022-10-19 20:46:52,Returned,Credit Card,Lucknow,Uttar Pradesh,231092.08,0.0,
707589,7525,2024-01-14 21:25:23,Pending,Debit Card,Coimbatore,Tamil Nadu,277053.17,0.0,
703878,7699,2025-10-01 14:03:37,Cancelled,Cash on Delivery,Chandigarh,Chandigarh,105235.26,0.0,
704241,6187,2025-08-31 23:41:08,Delivered,UPI,Surat,Gujarat,29419.5,2941.95,5.0
708721,6776,2025-11-15 22:05:59,Shipped,Net Banking,Bhopal,Madhya Pradesh,19371.93,2905.79,
704893,6971,2022-02-16 20:41:51,Delivered,EMI,Patna,Bihar,158081.44,7904.07,11.0
708512,7278,2025-09-15 17:38:39,Delivered,Net Banking,Kochi,Kerala,145151.89,7257.59,9.0
706603,6696,2024-09-28 06:08:05,Cancelled,Credit Card,Chandigarh,Chandigarh,83126.2,0.0,
706648,6881,2023-10-13 10:28:22,Pending,Cash on Delivery,Patna,Bihar,112418.81,11241.88,
703412,5773,2022-04-13 13:28:00,Cancelled,Net Banking,Bhopal,Madhya Pradesh,65891.32,13178.26,
705506,6985,2024-03-10 16:48:45,Delivered,Cash on Delivery,Kochi,Kerala,20307.53,2030.75,4.0
707465,7801,2023-06-08 14:40:05,Returned,EMI,Bhopal,Madhya Pradesh,139769.61,27953.92,
703259,7500,2024-09-17 01:39:26,Pending,Net Banking,Jaipur,Rajasthan,125991.04,0.0,
704712,6479,2025-04-01 15:22:46,Returned,UPI,Ranchi,Jharkhand,2997.8,149.89,
703315,5761,2025-12-23 04:24:55,Delivered,EMI,Pune,Maharashtra,21111.63,2111.16,5.0
702768,7387,2023-05-11 18:08:20,Delivered,Credit Card,Nashik,Maharashtra,28137.11,1406.86,3.0
704193,7990,2024-01-29 10:29:51,Returned,Credit Card,Mumbai,Maharashtra,37942.3,7588.46,
700808,5196,2024-04-14 05:38:04,Cancelled,EMI,Mumbai,Maharashtra,76786.62,11517.99,
706310,6859,2022-10-23 09:02:35,Cancelled,UPI,Jaipur,Rajasthan,16399.66,819.98,
702900,7486,2022-07-22 06:18:27,Delivered,Net Banking,Coimbatore,Tamil Nadu,72198.73,7219.87,9.0
702705,5276,2026-08-05 09:28:04,Pending,EMI,Pune,Maharashtra,7415.55,0.0,
706887,5094,2023-01-18 22:10:46,Pending,Cash on Delivery,Ahmedabad,Gujarat,88473.71,8847.37,
701859,5073,2026-05-20 07:33:52,Returned,Cash on Delivery,Delhi,Delhi,6232.38,0.0,
705418,7638,2022-10-10 18:03:56,Delivered,EMI,Nagpur,Maharashtra,7443.2,0.0,6.0
703152,6311,2023-05-21 05:19:50,Pending,Cash on Delivery,Jaipur,Rajasthan,84220.45,16844.09,
708735,6773,2024-02-11 13:03:43,Delivered,Net Banking,Kolkata,West Bengal,36441.54,7288.31,11.0
703149,7730,2022-04-15 05:57:58,Returned,UPI,Coimbatore,Tamil Nadu,49213.58,0.0,
706881,5956,2024-04-21 11:06:57,Delivered,Credit Card,Chennai,Tamil Nadu,52822.01,10564.4,1.0
704941,7352,2023-09-19 03:34:25,Shipped,Debit Card,Nagpur,Maharashtra,15891.33,794.57,
701358,5507,2023-10-05 01:30:54,Pending,Credit Card,Lucknow,Uttar Pradesh,407189.4,0.0,
701306,6885,2024-09-24 10:59:28,Delivered,EMI,Delhi,Delhi,4945.88,989.18,1.0
706297,5448,2023-01-29 19:44:57,Delivered,Credit Card,Mumbai,Maharashtra,69201.24,6920.12,8.0
702510,6628,2023-07-25 19:49:43,Returned,Cash on Delivery,Nagpur,Maharashtra,413310.87,0.0,
708921,7846,2023-08-06 01:57:02,Returned,Net Banking,Nagpur,Maharashtra,17663.28,0.0,
703419,7828,2024-06-22 00:40:52,Delivered,Cash on Delivery,Indore,Madhya Pradesh,6993.19,0.0,1.0
707933,6168,2026-03-12 11:26:05,Delivered,EMI,Ranchi,Jharkhand,35891.42,7178.28,4.0
706346,6213,2024-05-12 04:34:49,Delivered,Net Banking,Indore,Madhya Pradesh,41505.75,0.0,12.0
708408,7341,2022-03-16 00:02:04,Delivered,Cash on Delivery,Indore,Madhya Pradesh,12065.38,2413.08,9.0
704077,6706,2022-06-29 23:26:38,Shipped,EMI,Chennai,Tamil Nadu,38205.28,0.0,
706720,5613,2025-11-23 11:57:00,Returned,EMI,Surat,Gujarat,47663.19,7149.48,
702553,6168,2024-02-18 11:04:38,Pending,UPI,Chennai,Tamil Nadu,205948.03,41189.61,
705065,5760,2026-07-04 03:26:32,Returned,EMI,Nagpur,Maharashtra,13736.49,2060.47,
703640,6994,2024-10-24 11:02:34,Delivered,EMI,Kochi,Kerala,190860.57,28629.09,2.0
702247,5748,2025-01-06 03:01:52,Delivered,Credit Card,Delhi,Delhi,265461.01,26546.1,5.0
702903,7854,2024-03-17 13:04:01,Pending,Net Banking,Pune,Maharashtra,340408.42,51061.26,
708087,7196,2024-01-06 21:16:24,Delivered,Cash on Delivery,Kochi,Kerala,27018.2,1350.91,10.0
703282,7772,2025-08-28 09:52:03,Shipped,EMI,Bhopal,Madhya Pradesh,32506.48,4875.97,
704071,5102,2026-05-05 03:57:50,Pending,Net Banking,Nagpur,Maharashtra,19524.83,1952.48,
705786,6816,2022-12-07 19:09:11,Delivered,EMI,Lucknow,Uttar Pradesh,77283.6,0.0,9.0
700781,6044,2024-05-05 03:29:27,Delivered,UPI,Nashik,Maharashtra,64944.17,9741.63,8.0
700327,7639,2025-04-15 21:00:48,Delivered,Credit Card,Kolkata,West Bengal,281024.93,28102.49,5.0
708864,5458,2023-01-25 01:24:08,Cancelled,Net Banking,Kolkata,West Bengal,3604.1,540.62,
706541,7529,2023-08-03 19:59:52,Cancelled,UPI,Ranchi,Jharkhand,29163.65,0.0,
700143,5662,2025-12-19 13:02:38,Pending,Credit Card,Nashik,Maharashtra,3097.52,0.0,
703119,5032,2022-02-09 13:16:43,Delivered,Cash on Delivery,Bangalore,Karnataka,67225.24,0.0,5.0
704962,6105,2026-04-19 16:23:39,Returned,EMI,Bangalore,Karnataka,22831.47,3424.72,
705027,7381,2026-05-06 12:43:22,Shipped,EMI,Indore,Madhya Pradesh,50754.88,0.0,
706557,6423,2024-10-21 07:14:10,Delivered,UPI,Surat,Gujarat,316017.91,47402.69,5.0
700159,5847,2025-03-21 17:05:17,Shipped,Credit Card,Nashik,Maharashtra,149315.97,14931.6,
704639,7146,2025-07-29 01:48:11,Delivered,Cash on Delivery,Kolkata,West Bengal,62371.63,9355.74,6.0
700197,7689,2025-05-17 22:29:44,Shipped,UPI,Pune,Maharashtra,26499.64,0.0,
702145,7168,2026-07-06 22:53:38,Delivered,EMI,Nashik,Maharashtra,203252.28,0.0,2.0
700044,5709,2022-01-26 13:32:08,Shipped,Cash on Delivery,Indore,Madhya Pradesh,163285.98,8164.3,
702933,5532,2024-08-10 21:20:46,Pending,Credit Card,Patna,Bihar,25642.61,0.0,
704107,5243,2025-10-03 08:10:47,Delivered,Cash on Delivery,Ranchi,Jharkhand,44790.32,6718.55,2.0
708298,7519,2024-10-22 20:32:24,Delivered,Credit Card,Surat,Gujarat,3705.14,0.0,6.0
705042,7561,2026-07-20 15:12:31,Delivered,UPI,Chennai,Tamil Nadu,198050.6,0.0,3.0
705013,5186,2023-11-20 04:40:04,Delivered,Cash on Delivery,Hyderabad,Telangana,237238.37,23723.84,6.0
708037,5388,2023-01-19 01:11:32,Delivered,Credit Card,Nagpur,Maharashtra,270814.6,0.0,11.0
703723,6919,2026-06-06 03:21:03,Delivered,Net Banking,Nashik,Maharashtra,255599.49,12779.97,7.0
704476,5307,2022-08-10 16:53:18,Delivered,EMI,Indore,Madhya Pradesh,17940.08,897.0,6.0
701647,5609,2022-05-23 16:12:07,Delivered,EMI,Ranchi,Jharkhand,225892.71,45178.54,3.0
701166,7533,2025-06-23 20:21:43,Pending,UPI,Ahmedabad,Gujarat,25137.78,0.0,
702437,6018,2023-09-04 14:23:03,Delivered,Cash on Delivery,Lucknow,Uttar Pradesh,342444.35,51366.65,12.0
702614,6446,2023-10-09 22:51:32,Delivered,Cash on Delivery,Chennai,Tamil Nadu,71634.64,14326.93,11.0
706568,7648,2025-04-01 11:11:44,Shipped,Cash on Delivery,Hyderabad,Telangana,47421.3,0.0,
705668,6557,2025-08-12 03:14:37,Returned,Debit Card,Lucknow,Uttar Pradesh,56500.27,11300.05,
705979,7518,2025-08-23 10:52:37,Delivered,UPI,Bangalore,Karnataka,130171.39,26034.28,10.0
701648,6528,2025-05-24 01:04:39,Returned,Debit Card,Nashik,Maharashtra,144892.84,28978.57,
705621,5843,2023-07-16 18:58:27,Delivered,Net Banking,Ranchi,Jharkhand,260550.51,52110.1,2.0
704619,7379,2022-12-22 21:16:24,Delivered,Debit Card,Jaipur,Rajasthan,169764.31,0.0,9.0
704403,6134,2024-08-15 08:45:13,Cancelled,UPI,Jaipur,Rajasthan,25167.26,5033.45,
702961,5908,2026-04-12 08:29:02,Delivered,Debit Card,Kochi,Kerala,23247.3,1162.37,5.0
705842,5690,2023-06-23 04:18:03,Delivered,UPI,Jaipur,Rajasthan,27362.94,1368.15,1.0
705032,7855,2024-08-07 01:55:41,Delivered,EMI,Pune,Maharashtra,197738.81,19773.88,11.0
706188,7528,2024-05-19 13:21:32,Delivered,Debit Card,Coimbatore,Tamil Nadu,160956.72,0.0,11.0
701000,7582,2024-10-21 08:50:54,Pending,Debit Card,Bangalore,Karnataka,50287.85,0.0,
703320,5330,2026-02-20 08:37:59,Delivered,UPI,Jaipur,Rajasthan,169853.32,25478.0,2.0
700639,6994,2025-07-08 06:51:34,Delivered,Net Banking,Indore,Madhya Pradesh,14833.95,0.0,8.0
704788,5647,2022-12-31 13:42:04,Returned,UPI,Patna,Bihar,23600.82,2360.08,
702807,7624,2022-02-22 12:39:04,Pending,Credit Card,Jaipur,Rajasthan,56528.64,0.0,
702301,5572,2022-03-04 06:05:18,Delivered,Credit Card,Hyderabad,Telangana,96086.28,4804.31,7.0
707868,5840,2024-11-15 04:14:14,Delivered,Debit Card,Ahmedabad,Gujarat,14039.55,0.0,2.0
706333,7008,2023-12-11 08:21:58,Delivered,UPI,Delhi,Delhi,76630.42,7663.04,9.0
704269,7498,2023-06-25 05:38:19,Delivered,UPI,Jaipur,Rajasthan,56522.16,8478.32,7.0
701375,6502,2022-11-27 03:01:49,Shipped,UPI,Kolkata,West Bengal,61421.71,9213.26,
700651,6601,2022-06-28 03:45:21,Returned,Net Banking,Lucknow,Uttar Pradesh,6870.73,343.54,
708418,6031,2025-01-10 13:35:54,Delivered,EMI,Pune,Maharashtra,1601.49,160.15,2.0
703381,6035,2024-02-14 01:58:03,Cancelled,Cash on Delivery,Jaipur,Rajasthan,194426.67,0.0,
702847,6895,2025-03-21 09:02:34,Delivered,Debit Card,Patna,Bihar,57633.08,0.0,10.0
706272,7796,2025-01-08 19:48:49,Pending,Debit Card,Coimbatore,Tamil Nadu,29515.68,2951.57,
707844,5902,2024-02-28 16:46:06,Returned,UPI,Kolkata,West Bengal,156899.75,7844.99,
702720,6459,2025-03-02 10:28:50,Delivered,Net Banking,Chandigarh,Chandigarh,86.51,12.98,11.0
701839,6524,2025-06-16 10:27:09,Cancelled,UPI,Pune,Maharashtra,1207.38,241.48,
703371,5548,2025-06-01 06:25:57,Pending,Net Banking,Delhi,Delhi,127054.44,0.0,
702065,5138,2024-05-14 01:16:33,Delivered,Debit Card,Jaipur,Rajasthan,48229.24,2411.46,1.0
706888,6950,2025-08-08 03:59:30,Delivered,Net Banking,Delhi,Delhi,131929.14,13192.91,9.0
705432,7392,2024-08-09 13:09:54,Shipped,UPI,Chandigarh,Chandigarh,61386.76,9208.01,
708919,7443,2026-01-26 09:50:57,Pending,UPI,Ahmedabad,Gujarat,14345.54,0.0,
706050,7278,2026-07-24 17:22:49,Returned,UPI,Chandigarh,Chandigarh,174674.13,34934.83,
703749,5032,2022-12-13 19:21:20,Delivered,Cash on Delivery,Hyderabad,Telangana,38022.37,7604.47,4.0
701565,5715,2024-05-08 02:24:10,Delivered,UPI,Surat,Gujarat,69880.88,0.0,11.0
700760,6521,2024-10-22 16:24:29,Delivered,EMI,Jaipur,Rajasthan,93006.57,0.0,9.0
703999,6647,2024-09-27 21:58:11,Delivered,EMI,Kochi,Kerala,223823.73,0.0,12.0
706378,6472,2026-06-01 10:45:42,Shipped,Debit Card,Ranchi,Jharkhand,6412.26,320.61,
702776,6240,2022-03-15 19:39:50,Delivered,Cash on Delivery,Hyderabad,Telangana,30301.19,0.0,12.0
703528,5303,2026-05-16 16:21:42,Pending,Debit Card,Delhi,Delhi,3707.38,370.74,
700023,6857,2024-12-19 10:39:18,Shipped,Debit Card,Kolkata,West Bengal,66387.27,13277.45,
708635,6558,2026-01-22 13:11:33,Pending,Debit Card,Bhopal,Madhya Pradesh,49927.04,0.0,
708483,7849,2025-05-05 09:34:07,Delivered,EMI,Kolkata,West Bengal,26471.84,0.0,8.0
705385,7566,2023-07-11 14:11:26,Delivered,Net Banking,Kochi,Kerala,311765.56,62353.11,9.0
706808,7703,2023-02-26 23:48:38,Delivered,EMI,Pune,Maharashtra,8814.29,1322.14,5.0
701476,7572,2022-08-18 02:01:35,Delivered,Credit Card,Coimbatore,Tamil Nadu,2896.92,434.54,11.0
703248,7727,2022-06-12 01:19:37,Delivered,Credit Card,Hyderabad,Telangana,18915.86,0.0,10.0
707532,7533,2024-07-25 02:27:55,Cancelled,Cash on Delivery,Nagpur,Maharashtra,11114.79,1667.22,
704977,6172,2023-05-28 00:17:16,Delivered,Debit Card,Jaipur,Rajasthan,15521.63,2328.24,10.0
706394,5135,2024-04-08 10:43:49,Delivered,Net Banking,Nashik,Maharashtra,125801.38,25160.28,1.0
706618,7048,2022-03-28 16:05:02,Delivered,Debit Card,Bangalore,Karnataka,4886.09,488.61,4.0
702917,6671,2022-10-21 03:01:04,Delivered,Cash on Delivery,Pune,Maharashtra,840.69,168.14,5.0
703690,5335,2022-08-03 20:03:04,Delivered,UPI,Chennai,Tamil Nadu,39085.4,7817.08,7.0
705654,7129,2025-03-12 04:59:41,Delivered,EMI,Jaipur,Rajasthan,5492.36,0.0,8.0
701228,7878,2022-05-13 20:22:46,Shipped,UPI,Hyderabad,Telangana,4078.42,407.84,
700030,7673,2026-06-19 09:21:14,Delivered,UPI,Pune,Maharashtra,9949.18,1989.84,3.0
703080,6074,2022-01-10 20:39:51,Shipped,Net Banking,Hyderabad,Telangana,5671.7,850.75,
702033,7410,2022-05-07 16:42:41,Cancelled,Debit Card,Kochi,Kerala,220166.47,0.0,
707295,5293,2026-01-13 09:54:00,Pending,Net Banking,Pune,Maharashtra,19290.52,0.0,
700742,7742,2023-11-23 06:12:38,Delivered,UPI,Nashik,Maharashtra,16293.02,0.0,10.0
703716,7574,2026-01-06 02:14:53,Delivered,Credit Card,Bangalore,Karnataka,14514.6,0.0,11.0
704294,6812,2024-08-17 23:57:02,Cancelled,Debit Card,Lucknow,Uttar Pradesh,27200.05,2720.01,
704274,7680,2026-04-13 04:17:54,Pending,EMI,Kolkata,West Bengal,156.86,7.84,
700945,6116,2023-01-09 14:13:40,Delivered,Credit Card,Patna,Bihar,38785.61,1939.28,11.0
702174,7600,2025-08-27 04:19:59,Delivered,Net Banking,Hyderabad,Telangana,38065.38,5709.81,6.0
705902,5675,2024-10-03 09:54:24,Delivered,UPI,Hyderabad,Telangana,3782.79,0.0,6.0
700522,7665,2026-05-25 17:36:29,Returned,Credit Card,Ahmedabad,Gujarat,36209.63,0.0,
703960,5393,2022-02-08 15:20:47,Delivered,UPI,Nashik,Maharashtra,136215.61,6810.78,12.0
704798,5834,2024-06-05 16:23:16,Cancelled,Cash on Delivery,Patna,Bihar,42824.31,2141.22,
701580,6123,2024-02-10 23:59:54,Cancelled,Cash on Delivery,Patna,Bihar,2162.0,0.0,
701040,6966,2023-06-27 14:15:13,Returned,Cash on Delivery,Kolkata,West Bengal,50588.54,7588.28,
706790,7976,2024-05-29 21:30:48,Delivered,UPI,Surat,Gujarat,419484.09,62922.61,5.0
703570,5331,2026-05-28 17:45:43,Delivered,Net Banking,Indore,Madhya Pradesh,35212.75,7042.55,5.0
700887,7433,2025-05-24 15:20:14,Shipped,UPI,Surat,Gujarat,1225.95,0.0,
700094,5628,2025-10-27 11:42:08,Cancelled,EMI,Pune,Maharashtra,11683.18,2336.64,
706625,6269,2024-01-15 03:17:07,Delivered,Net Banking,Kolkata,West Bengal,7527.96,0.0,11.0
707599,5146,2022-05-26 23:53:41,Delivered,UPI,Ahmedabad,Gujarat,4624.28,231.21,2.0
701030,6936,2025-04-14 11:04:56,Delivered,Cash on Delivery,Pune,Maharashtra,66761.12,0.0,2.0
707681,6885,2026-06-03 17:12:55,Cancelled,Cash on Delivery,Chennai,Tamil Nadu,70602.16,0.0,
704620,6093,2023-08-23 06:48:06,Returned,Net Banking,Jaipur,Rajasthan,33960.15,3396.01,
705463,7136,2024-10-21 02:15:25,Returned,UPI,Bangalore,Karnataka,679.28,33.96,
708853,6100,2022-07-24 02:12:42,Returned,Credit Card,Chennai,Tamil Nadu,34859.56,0.0,
703406,6074,2023-05-29 05:08:16,Shipped,Net Banking,Chandigarh,Chandigarh,45968.16,9193.63,
708070,6882,2023-02-11 22:33:39,Pending,Cash on Delivery,Indore,Madhya Pradesh,67192.19,3359.61,
703573,6546,2026-03-02 13:30:44,Delivered,EMI,Patna,Bihar,461608.26,69241.24,1.0
701315,7537,2025-06-26 02:29:32,Delivered,UPI,Lucknow,Uttar Pradesh,38891.31,0.0,2.0
703772,6062,2024-01-25 14:40:38,Delivered,EMI,Chandigarh,Chandigarh,3969.95,595.49,8.0
708103,7631,2024-09-02 04:05:54,Delivered,Debit Card,Delhi,Delhi,50845.13,5084.51,7.0
702401,5946,2022-10-05 10:34:50,Delivered,Net Banking,Coimbatore,Tamil Nadu,19906.55,995.33,10.0
703791,7747,2023-04-24 21:15:20,Delivered,UPI,Hyderabad,Telangana,54360.57,10872.11,8.0
707580,5665,2025-04-11 10:57:54,Cancelled,Debit Card,Surat,Gujarat,30622.65,6124.53,
700641,6083,2024-04-30 09:35:19,Delivered,Cash on Delivery,Hyderabad,Telangana,9742.31,1948.46,9.0
708719,7040,2024-04-09 23:39:56,Delivered,EMI,Nagpur,Maharashtra,214967.25,32245.09,11.0
703074,7006,2025-04-08 13:53:56,Delivered,Cash on Delivery,Surat,Gujarat,287733.04,28773.3,6.0
708706,6700,2025-08-17 12:44:16,Delivered,UPI,Surat,Gujarat,21677.8,0.0,8.0
708748,6152,2024-03-13 23:21:00,Delivered,UPI,Bhopal,Madhya Pradesh,16465.22,3293.04,10.0
706663,7107,2023-05-03 23:32:00,Delivered,Credit Card,Mumbai,Maharashtra,7952.72,1192.91,11.0
703933,5312,2022-04-16 15:26:53,Delivered,Debit Card,Indore,Madhya Pradesh,164745.58,8237.28,6.0
706728,7786,2023-10-03 01:57:21,Pending,UPI,Patna,Bihar,54482.79,0.0,
701046,7727,2025-07-13 00:32:02,Delivered,EMI,Kochi,Kerala,321449.02,16072.45,2.0
706551,6183,2024-05-24 03:10:17,Delivered,UPI,Delhi,Delhi,98467.34,4923.37,3.0
701499,7903,2023-10-06 12:08:10,Shipped,Credit Card,Ahmedabad,Gujarat,869.59,86.96,
701845,6756,2023-12-13 08:42:10,Pending,Cash on Delivery,Jaipur,Rajasthan,26993.06,5398.61,
700659,6371,2025-03-30 03:17:14,Delivered,Cash on Delivery,Patna,Bihar,8369.19,418.46,8.0
702590,6794,2023-09-07 15:37:00,Shipped,Cash on Delivery,Chennai,Tamil Nadu,62762.39,3138.12,
702823,6535,2025-05-09 09:20:35,Delivered,UPI,Kolkata,West Bengal,65590.06,0.0,11.0
700364,6286,2025-02-28 14:12:29,Cancelled,Debit Card,Chandigarh,Chandigarh,3921.3,0.0,
705995,6609,2022-09-30 07:53:47,Delivered,Credit Card,Chandigarh,Chandigarh,113843.25,22768.65,8.0
707797,7158,2025-08-25 05:05:16,Delivered,EMI,Coimbatore,Tamil Nadu,271980.11,40797.02,6.0
707699,7704,2022-11-01 21:26:50,Shipped,Credit Card,Ranchi,Jharkhand,2274.94,341.24,
704383,5415,2024-05-13 13:30:01,Pending,UPI,Bhopal,Madhya Pradesh,121235.61,12123.56,
703327,7680,2024-12-31 12:24:48,Delivered,EMI,Chandigarh,Chandigarh,29478.27,5895.65,2.0
706905,5736,2022-05-27 06:17:42,Shipped,Credit Card,Lucknow,Uttar Pradesh,159887.02,15988.7,
700126,6782,2025-08-25 08:59:50,Cancelled,UPI,Pune,Maharashtra,54493.8,5449.38,
704489,5193,2026-01-03 11:21:34,Delivered,Debit Card,Nashik,Maharashtra,16490.69,824.53,6.0
702674,5489,2022-10-04 07:52:15,Returned,Cash on Delivery,Delhi,Delhi,5355.16,0.0,
701854,6074,2025-06-17 02:12:39,Delivered,Net Banking,Chennai,Tamil Nadu,86887.92,8688.79,9.0
700672,5961,2022-08-08 08:13:51,Pending,Credit Card,Delhi,Delhi,4545.28,227.26,
708845,5773,2022-06-30 14:07:51,Delivered,EMI,Nagpur,Maharashtra,6079.68,607.97,3.0
701321,6646,2022-11-18 14:22:07,Delivered,UPI,Bangalore,Karnataka,17644.0,0.0,5.0
705537,6709,2022-10-06 17:18:31,Shipped,Net Banking,Ahmedabad,Gujarat,1904.88,0.0,
704216,6478,2025-11-25 07:50:36,Delivered,UPI,Patna,Bihar,47580.9,9516.18,1.0
703073,7266,2023-03-15 03:57:50,Delivered,Debit Card,Coimbatore,Tamil Nadu,340533.8,34053.38,4.0
703246,6314,2024-05-19 13:51:25,Delivered,UPI,Jaipur,Rajasthan,40545.22,8109.04,9.0
707546,5205,2023-12-09 09:52:44,Cancelled,UPI,Coimbatore,Tamil Nadu,57777.98,0.0,
700869,7700,2022-03-08 15:56:51,Shipped,UPI,Bangalore,Karnataka,56969.15,11393.83,
707323,6307,2022-04-16 19:05:15,Delivered,UPI,Lucknow,Uttar Pradesh,18465.83,1846.58,3.0
706504,6824,2023-05-19 21:38:03,Cancelled,Cash on Delivery,Surat,Gujarat,34857.3,5228.6,
701415,7903,2022-03-08 17:42:32,Delivered,Net Banking,Jaipur,Rajasthan,174525.57,17452.56,4.0
703672,6915,2025-12-19 22:10:03,Delivered,Cash on Delivery,Lucknow,Uttar Pradesh,34674.98,0.0,7.0
705462,5828,2023-05-12 07:33:29,Cancelled,Cash on Delivery,Chandigarh,Chandigarh,20581.56,3087.23,
701272,7554,2026-07-28 14:05:13,Delivered,Cash on Delivery,Kochi,Kerala,19825.54,2973.83,11.0
701392,5393,2022-04-14 03:26:30,Returned,Cash on Delivery,Pune,Maharashtra,3130.09,0.0,
705113,6011,2025-01-09 05:20:11,Delivered,Debit Card,Nashik,Maharashtra,16377.81,2456.67,10.0
708476,5357,2023-03-21 05:49:22,Delivered,Cash on Delivery,Ahmedabad,Gujarat,132278.73,6613.94,3.0
708362,5228,2025-11-01 18:40:37,Cancelled,Net Banking,Kolkata,West Bengal,1267.96,0.0,
701863,7198,2026-08-02 06:00:03,Pending,EMI,Patna,Bihar,8165.93,1633.19,
704059,5936,2022-07-17 00:14:28,Delivered,UPI,Bangalore,Karnataka,82580.43,0.0,3.0
702673,5843,2024-06-26 01:53:07,Delivered,Debit Card,Hyderabad,Telangana,1798.3,269.75,7.0
706239,6509,2022-05-31 17:15:40,Delivered,Cash on Delivery,Nagpur,Maharashtra,51561.72,2578.09,6.0
701335,7598,2026-04-06 17:36:58,Delivered,UPI,Kolkata,West Bengal,9107.68,1821.54,3.0
704498,5633,2022-08-24 04:44:05,Delivered,Net Banking,Mumbai,Maharashtra,26676.31,2667.63,2.0
703214,7108,2022-01-23 12:49:10,Delivered,Net Banking,Chennai,Tamil Nadu,46120.88,0.0,6.0
702397,6858,2025-02-28 17:17:32,Returned,Debit Card,Ahmedabad,Gujarat,155286.96,31057.39,
708824,6353,2024-10-05 06:37:49,Delivered,Credit Card,Coimbatore,Tamil Nadu,3949.04,789.81,1.0
706319,5010,2023-02-04 15:17:35,Delivered,EMI,Pune,Maharashtra,107935.07,5396.75,10.0
707343,7508,2022-11-28 10:42:54,Delivered,Cash on Delivery,Kochi,Kerala,29686.92,1484.35,1.0
708778,6854,2025-05-25 23:24:37,Delivered,Debit Card,Kochi,Kerala,102945.59,15441.84,1.0
702250,6512,2023-03-10 14:50:56,Delivered,Debit Card,Lucknow,Uttar Pradesh,217582.2,0.0,8.0
705509,5831,2024-04-20 04:59:37,Delivered,UPI,Ahmedabad,Gujarat,84976.87,12746.53,8.0
706330,7204,2023-02-23 06:09:17,Delivered,Credit Card,Coimbatore,Tamil Nadu,242030.93,48406.19,11.0
706116,6273,2026-04-17 10:56:42,Shipped,Cash on Delivery,Lucknow,Uttar Pradesh,509145.04,25457.25,
707605,6024,2024-02-04 09:34:58,Returned,Debit Card,Ranchi,Jharkhand,31315.1,1565.76,
705783,7986,2025-02-16 02:44:40,Pending,EMI,Bangalore,Karnataka,19945.82,997.29,
701923,5321,2026-01-13 18:30:19,Shipped,EMI,Mumbai,Maharashtra,4884.42,732.66,
705227,7156,2022-03-31 02:12:35,Delivered,EMI,Lucknow,Uttar Pradesh,9742.31,974.23,10.0
705531,5869,2025-03-01 05:50:04,Delivered,UPI,Hyderabad,Telangana,49689.45,7453.42,8.0
704185,7378,2024-12-09 00:56:43,Delivered,Net Banking,Nagpur,Maharashtra,36347.6,7269.52,1.0
705040,6051,2022-10-23 15:25:03,Cancelled,Net Banking,Pune,Maharashtra,116557.84,0.0,
708285,7859,2022-03-28 03:23:54,Delivered,Net Banking,Ranchi,Jharkhand,43181.5,6477.22,1.0
707012,7418,2025-09-12 01:28:02,Returned,Credit Card,Hyderabad,Telangana,4414.21,441.42,
707142,5562,2023-01-25 00:13:54,Returned,UPI,Delhi,Delhi,28300.45,1415.02,
700553,5666,2025-11-06 02:13:39,Delivered,Cash on Delivery,Delhi,Delhi,34753.28,5212.99,5.0
700114,6564,2023-07-12 22:49:57,Shipped,Net Banking,Ranchi,Jharkhand,150239.6,22535.94,
700193,7636,2026-01-10 19:38:25,Delivered,Cash on Delivery,Ahmedabad,Gujarat,13294.96,0.0,6.0
703332,5764,2026-08-02 17:00:54,Cancelled,EMI,Coimbatore,Tamil Nadu,17514.22,2627.13,
707705,5619,2025-01-16 16:31:31,Returned,Credit Card,Patna,Bihar,262785.9,0.0,
700640,7069,2023-11-28 10:40:59,Delivered,EMI,Nashik,Maharashtra,163644.57,24546.69,8.0
701706,6759,2022-11-18 18:29:24,Shipped,Cash on Delivery,Kochi,Kerala,124503.61,18675.54,
700020,7265,2025-02-06 00:15:24,Delivered,Cash on Delivery,Nagpur,Maharashtra,811.72,0.0,3.0
708781,7066,2025-10-11 00:23:52,Shipped,Net Banking,Lucknow,Uttar Pradesh,173434.7,8671.73,
708450,5311,2022-04-07 02:41:33,Delivered,Net Banking,Nagpur,Maharashtra,16510.97,2476.65,2.0
704506,6083,2023-04-01 00:20:18,Delivered,Debit Card,Nagpur,Maharashtra,15914.58,795.73,6.0
705130,6989,2026-07-27 12:13:23,Delivered,Cash on Delivery,Kolkata,West Bengal,403659.76,0.0,1.0
708958,7583,2024-11-12 15:53:32,Cancelled,Debit Card,Kolkata,West Bengal,52852.37,0.0,
708626,5600,2022-01-29 16:36:23,Delivered,Cash on Delivery,Chandigarh,Chandigarh,3613.75,722.75,1.0
706178,6892,2024-07-24 21:02:00,Delivered,Debit Card,Hyderabad,Telangana,34486.45,5172.97,3.0
705828,6062,2024-07-24 05:32:10,Delivered,Debit Card,Mumbai,Maharashtra,15452.7,0.0,7.0
704799,6026,2023-08-04 17:36:46,Pending,EMI,Mumbai,Maharashtra,566917.17,85037.58,
705703,5346,2023-08-01 21:20:28,Delivered,Credit Card,Ahmedabad,Gujarat,10685.52,0.0,6.0
701619,6557,2025-04-04 07:40:09,Shipped,Debit Card,Mumbai,Maharashtra,62149.1,0.0,
701327,6343,2025-01-12 07:56:20,Delivered,EMI,Surat,Gujarat,7471.44,373.57,3.0
705733,5211,2025-06-23 09:11:51,Delivered,Net Banking,Kolkata,West Bengal,13073.61,0.0,10.0
704390,5107,2025-01-13 22:08:55,Returned,Cash on Delivery,Indore,Madhya Pradesh,396702.37,0.0,
704109,7844,2025-11-14 17:52:14,Returned,Credit Card,Kochi,Kerala,38607.8,3860.78,
704686,6824,2025-05-02 00:26:25,Cancelled,Cash on Delivery,Mumbai,Maharashtra,952.4,95.24,
705711,6537,2024-03-31 00:30:59,Pending,Net Banking,Chandigarh,Chandigarh,203110.95,40622.19,
701976,6262,2026-04-12 00:50:41,Delivered,UPI,Bangalore,Karnataka,1629.93,0.0,7.0
707714,7226,2022-02-21 17:13:44,Returned,Debit Card,Surat,Gujarat,44284.0,2214.2,
703236,7646,2022-08-15 02:48:56,Delivered,EMI,Ahmedabad,Gujarat,23341.12,1167.06,2.0
704768,5671,2024-06-11 19:21:55,Delivered,UPI,Kolkata,West Bengal,8484.91,1272.74,12.0
706140,7447,2024-09-17 00:30:37,Shipped,Credit Card,Mumbai,Maharashtra,28643.88,4296.58,
706210,5722,2023-04-06 11:41:14,Shipped,Credit Card,Ahmedabad,Gujarat,157925.62,31585.12,
702098,5739,2024-08-01 21:46:08,Pending,UPI,Hyderabad,Telangana,25702.37,3855.36,
702694,7397,2025-02-06 11:08:03,Pending,Cash on Delivery,Bhopal,Madhya Pradesh,26275.67,1313.78,
708458,6453,2024-08-12 22:29:00,Delivered,Debit Card,Lucknow,Uttar Pradesh,55583.32,8337.5,5.0
701456,6184,2022-10-05 02:02:35,Delivered,Debit Card,Nashik,Maharashtra,1910.26,286.54,12.0
706339,6796,2023-07-06 15:18:54,Returned,EMI,Ahmedabad,Gujarat,708.63,35.43,
700005,5816,2022-12-08 15:38:36,Pending,Debit Card,Hyderabad,Telangana,26349.65,0.0,
702163,6889,2026-02-09 00:59:02,Delivered,EMI,Kolkata,West Bengal,19658.77,3931.75,2.0
701924,5546,2025-06-14 06:53:59,Returned,Cash on Delivery,Chennai,Tamil Nadu,4484.8,0.0,
703347,6254,2025-11-18 05:16:13,Returned,Debit Card,Coimbatore,Tamil Nadu,13050.5,652.52,
702690,5090,2022-10-19 14:54:33,Pending,EMI,Coimbatore,Tamil Nadu,23787.77,2378.78,
703336,7727,2025-01-12 07:21:09,Returned,EMI,Indore,Madhya Pradesh,17101.29,1710.13,
704212,7904,2022-07-09 09:55:53,Delivered,UPI,Surat,Gujarat,3436.72,687.34,2.0
703030,6103,2026-07-17 04:32:27,Cancelled,UPI,Hyderabad,Telangana,3306.78,661.36,
700217,7528,2024-06-15 03:57:34,Delivered,Credit Card,Lucknow,Uttar Pradesh,3423.09,342.31,11.0
701510,6443,2022-08-22 17:03:26,Delivered,Credit Card,Nashik,Maharashtra,136099.87,0.0,2.0
700222,6189,2026-01-09 20:34:53,Pending,Credit Card,Bangalore,Karnataka,351545.57,0.0,
700158,6208,2026-04-16 00:20:17,Returned,UPI,Pune,Maharashtra,35055.3,5258.3,
706242,7139,2022-01-14 07:15:50,Returned,UPI,Chandigarh,Chandigarh,699.08,0.0,
705869,6637,2024-11-05 06:49:52,Delivered,EMI,Patna,Bihar,24348.24,1217.41,5.0
703170,6330,2022-07-04 01:58:20,Returned,UPI,Delhi,Delhi,130139.6,0.0,
704179,6477,2023-05-27 12:07:46,Delivered,Net Banking,Pune,Maharashtra,262875.09,39431.26,3.0
703724,5180,2024-09-20 02:49:28,Shipped,Net Banking,Indore,Madhya Pradesh,21606.55,0.0,
700902,6118,2025-01-08 08:16:51,Cancelled,Credit Card,Delhi,Delhi,231555.33,0.0,
702002,7858,2025-08-13 18:30:14,Delivered,Net Banking,Surat,Gujarat,110432.57,0.0,9.0
705445,7854,2022-04-09 05:35:48,Delivered,Credit Card,Hyderabad,Telangana,342290.07,51343.51,5.0
706836,5848,2025-10-20 06:13:51,Delivered,Credit Card,Lucknow,Uttar Pradesh,19639.86,3927.97,2.0
700028,5164,2023-01-06 11:01:28,Delivered,Debit Card,Nagpur,Maharashtra,4944.05,0.0,12.0
702742,6170,2025-01-18 23:28:35,Returned,Net Banking,Bangalore,Karnataka,39354.24,5903.14,
706449,5534,2026-05-15 00:05:46,Shipped,UPI,Nashik,Maharashtra,276801.68,13840.08,
703052,7211,2023-06-12 01:43:39,Shipped,Credit Card,Bangalore,Karnataka,89169.26,4458.46,
708668,7093,2022-07-18 22:08:33,Cancelled,Debit Card,Chennai,Tamil Nadu,204645.04,20464.5,
706666,6095,2026-06-13 02:39:56,Pending,Net Banking,Ahmedabad,Gujarat,169266.34,0.0,
704984,7142,2025-04-19 17:00:30,Delivered,Net Banking,Chennai,Tamil Nadu,169622.07,25443.31,11.0
703494,6025,2022-01-22 08:15:21,Delivered,Cash on Delivery,Patna,Bihar,19998.98,2999.85,12.0
707134,6450,2024-12-13 04:51:46,Returned,Net Banking,Coimbatore,Tamil Nadu,18562.68,0.0,
706556,6276,2022-11-07 11:23:42,Delivered,Cash on Delivery,Pune,Maharashtra,27727.96,5545.59,10.0
708076,5713,2024-06-19 10:01:09,Delivered,Net Banking,Patna,Bihar,170570.85,0.0,3.0
705749,6891,2025-08-19 15:45:07,Returned,Net Banking,Nagpur,Maharashtra,16703.11,3340.62,
705896,5531,2022-10-29 06:16:15,Cancelled,Debit Card,Bangalore,Karnataka,21900.01,0.0,
702601,7494,2022-07-18 08:16:17,Delivered,UPI,Chennai,Tamil Nadu,123868.46,12386.85,9.0
704831,6966,2024-10-10 12:40:45,Delivered,Net Banking,Pune,Maharashtra,139.76,6.99,7.0
704659,5035,2025-04-27 23:05:39,Delivered,UPI,Patna,Bihar,397334.16,0.0,1.0
704304,5224,2022-09-29 10:41:34,Cancelled,Net Banking,Nashik,Maharashtra,17649.12,1764.91,
703796,5993,2024-06-22 10:28:44,Pending,Cash on Delivery,Delhi,Delhi,1294.58,64.73,
701977,7472,2023-03-25 04:29:45,Delivered,UPI,Bhopal,Madhya Pradesh,19257.86,962.89,12.0
704376,5251,2022-04-09 11:38:47,Cancelled,Cash on Delivery,Nashik,Maharashtra,83188.58,0.0,
707236,6864,2024-09-14 04:48:23,Delivered,Cash on Delivery,Pune,Maharashtra,269152.53,40372.88,10.0
702410,7101,2025-08-25 10:23:17,Returned,UPI,Mumbai,Maharashtra,8157.96,1631.59,
703015,5761,2023-10-18 11:09:38,Delivered,Net Banking,Ranchi,Jharkhand,20362.32,0.0,2.0
705820,6445,2026-07-13 08:24:55,Delivered,Debit Card,Ranchi,Jharkhand,26695.94,1334.8,4.0
703913,5661,2026-07-05 13:00:53,Delivered,EMI,Nashik,Maharashtra,11528.39,0.0,7.0
707391,6764,2024-07-30 13:37:34,Delivered,UPI,Indore,Madhya Pradesh,4412.28,0.0,2.0
708537,6958,2026-02-22 19:59:28,Delivered,EMI,Surat,Gujarat,189901.95,9495.1,4.0
702007,5121,2024-08-18 11:44:23,Delivered,Cash on Delivery,Chennai,Tamil Nadu,17200.96,0.0,11.0
703506,6486,2025-09-21 16:14:12,Delivered,UPI,Ranchi,Jharkhand,30095.84,3009.58,11.0
706705,6652,2022-10-18 03:07:55,Pending,Debit Card,Pune,Maharashtra,208818.54,41763.71,
708911,7010,2024-08-08 16:52:09,Delivered,Net Banking,Bhopal,Madhya Pradesh,25005.65,1250.28,5.0
705729,6936,2024-03-11 18:01:55,Pending,UPI,Patna,Bihar,29218.47,0.0,
705407,6967,2024-08-14 22:43:02,Delivered,UPI,Bangalore,Karnataka,5058.19,0.0,12.0
708964,5542,2023-11-01 12:53:17,Shipped,Credit Card,Indore,Madhya Pradesh,397631.06,59644.66,
701610,5451,2023-05-03 08:04:01,Delivered,EMI,Coimbatore,Tamil Nadu,34275.48,3427.55,9.0
705263,6177,2024-05-08 22:18:32,Delivered,Credit Card,Kochi,Kerala,385365.77,77073.15,4.0
705143,7301,2024-04-26 07:10:12,Delivered,Debit Card,Coimbatore,Tamil Nadu,74213.3,7421.33,8.0
700504,7474,2023-01-06 19:35:02,Shipped,UPI,Kolkata,West Bengal,20675.63,3101.34,
707913,6481,2022-11-30 22:21:36,Pending,Debit Card,Pune,Maharashtra,25216.52,1260.83,
702441,6482,2026-03-05 14:29:21,Pending,EMI,Ranchi,Jharkhand,3501.62,0.0,
700133,5978,2025-05-28 12:20:09,Pending,Debit Card,Ranchi,Jharkhand,24133.79,3620.07,
705557,6963,2024-03-21 16:19:15,Delivered,Cash on Delivery,Nashik,Maharashtra,681.92,68.19,6.0
701035,6751,2024-10-05 17:11:59,Returned,Cash on Delivery,Indore,Madhya Pradesh,39874.39,3987.44,
706122,6206,2025-12-01 15:52:50,Delivered,Credit Card,Patna,Bihar,2823.93,564.79,10.0
708217,6284,2023-03-06 04:32:25,Delivered,Debit Card,Bangalore,Karnataka,4738.23,236.91,4.0
705468,7052,2025-04-11 11:37:03,Delivered,Net Banking,Bhopal,Madhya Pradesh,25509.84,3826.48,4.0
700802,5172,2024-03-02 22:33:43,Shipped,UPI,Surat,Gujarat,1833.66,275.05,
701605,6366,2025-06-22 18:07:53,Delivered,UPI,Jaipur,Rajasthan,42136.51,6320.48,12.0
708936,5535,2024-04-05 12:32:11,Cancelled,Cash on Delivery,Nagpur,Maharashtra,3580.08,358.01,
706081,6771,2022-12-17 19:05:21,Cancelled,Credit Card,Bhopal,Madhya Pradesh,163429.94,0.0,
707290,6363,2026-04-23 03:35:40,Delivered,UPI,Coimbatore,Tamil Nadu,10745.68,1074.57,7.0
703654,7641,2024-11-08 12:05:27,Delivered,EMI,Hyderabad,Telangana,2546.1,254.61,12.0
705349,6522,2024-07-18 07:35:39,Shipped,Credit Card,Hyderabad,Telangana,103702.45,5185.12,
703833,6978,2022-04-22 09:17:41,Cancelled,Net Banking,Mumbai,Maharashtra,223052.15,44610.43,
701774,6807,2024-12-03 15:18:15,Delivered,Debit Card,Kolkata,West Bengal,22300.7,0.0,11.0
704487,6713,2023-10-19 08:13:47,Cancelled,UPI,Pune,Maharashtra,375746.15,0.0,
704118,5682,2025-11-17 00:14:20,Shipped,UPI,Coimbatore,Tamil Nadu,7083.04,0.0,
707193,5734,2022-01-17 03:01:17,Delivered,Cash on Delivery,Jaipur,Rajasthan,11657.25,582.86,2.0
702539,7085,2026-05-08 11:11:10,Delivered,Debit Card,Mumbai,Maharashtra,12181.74,1218.17,10.0
705944,6911,2023-11-13 06:03:59,Delivered,Credit Card,Ranchi,Jharkhand,15025.85,1502.59,8.0
702924,5026,2023-06-03 06:17:39,Delivered,Net Banking,Chandigarh,Chandigarh,142996.05,0.0,6.0
700731,6274,2024-03-28 04:52:31,Shipped,Cash on Delivery,Ranchi,Jharkhand,96593.67,0.0,
706855,5768,2023-09-30 20:54:07,Delivered,Cash on Delivery,Chennai,Tamil Nadu,49184.32,9836.86,2.0
702146,5639,2022-03-15 18:12:45,Delivered,Cash on Delivery,Delhi,Delhi,3856.8,0.0,3.0
703384,7082,2025-11-13 19:53:36,Delivered,Credit Card,Kochi,Kerala,263565.91,0.0,2.0
701319,6704,2025-09-14 16:26:11,Cancelled,Debit Card,Bangalore,Karnataka,17940.48,2691.07,
702920,6960,2024-02-27 00:21:34,Cancelled,Credit Card,Lucknow,Uttar Pradesh,54908.35,2745.42,
704585,6741,2023-12-07 13:34:47,Delivered,Debit Card,Patna,Bihar,63297.51,0.0,6.0
706661,7808,2024-08-24 22:02:17,Pending,Net Banking,Chennai,Tamil Nadu,53415.63,8012.34,
702372,7169,2024-09-27 02:10:48,Delivered,Cash on Delivery,Kochi,Kerala,77011.8,15402.36,4.0
704766,5636,2025-05-14 21:07:09,Cancelled,Debit Card,Jaipur,Rajasthan,13529.74,676.49,
707182,7613,2026-08-05 16:17:04,Delivered,Debit Card,Jaipur,Rajasthan,4412.28,661.84,9.0
706783,5983,2022-08-01 15:43:40,Delivered,Cash on Delivery,Bangalore,Karnataka,73465.99,3673.3,8.0
700793,5900,2023-09-16 20:02:59,Returned,Debit Card,Surat,Gujarat,384371.5,19218.58,
704009,7108,2023-06-01 22:57:00,Delivered,Net Banking,Bhopal,Madhya Pradesh,374933.46,56240.02,12.0
705318,6030,2022-09-29 13:20:11,Delivered,Cash on Delivery,Indore,Madhya Pradesh,111841.94,16776.29,12.0
707821,7029,2022-05-10 23:41:56,Delivered,Credit Card,Lucknow,Uttar Pradesh,5906.92,886.04,7.0
708026,6741,2025-03-09 03:50:46,Shipped,EMI,Chennai,Tamil Nadu,91071.76,13660.76,
702696,6051,2022-01-18 10:43:27,Delivered,EMI,Indore,Madhya Pradesh,59511.92,0.0,12.0
708578,7918,2026-08-05 12:47:35,Delivered,Credit Card,Chennai,Tamil Nadu,60101.99,6010.2,5.0
707930,5210,2026-06-12 18:52:47,Pending,Cash on Delivery,Chennai,Tamil Nadu,67028.2,10054.23,
708304,5917,2025-10-11 23:40:05,Delivered,Net Banking,Nagpur,Maharashtra,146320.76,0.0,1.0
700703,6436,2025-05-17 05:55:19,Returned,UPI,Bhopal,Madhya Pradesh,531.62,0.0,
700931,7556,2024-01-06 13:00:01,Delivered,Net Banking,Nashik,Maharashtra,74975.28,0.0,6.0
705145,5866,2025-10-16 18:50:17,Delivered,UPI,Hyderabad,Telangana,20190.18,0.0,11.0
706845,7761,2025-03-02 23:02:00,Shipped,Credit Card,Ahmedabad,Gujarat,24047.42,1202.37,
706134,5103,2023-05-01 19:55:10,Delivered,Cash on Delivery,Patna,Bihar,46365.37,2318.27,12.0
705078,7857,2025-05-13 15:36:21,Cancelled,Net Banking,Bhopal,Madhya Pradesh,60315.08,6031.51,
703741,5211,2023-11-03 22:28:37,Shipped,EMI,Kochi,Kerala,12151.2,0.0,
706638,6421,2023-02-13 05:33:10,Returned,UPI,Kolkata,West Bengal,228093.0,45618.6,
707537,5365,2023-08-22 22:22:33,Delivered,Debit Card,Kochi,Kerala,228125.52,34218.83,7.0
700833,7620,2026-08-03 07:53:35,Delivered,EMI,Jaipur,Rajasthan,214151.14,21415.11,5.0
706818,7449,2025-11-28 01:49:31,Returned,EMI,Kochi,Kerala,14169.2,1416.92,
703130,6026,2026-07-31 15:51:20,Delivered,Credit Card,Kolkata,West Bengal,327.32,32.73,3.0
703803,6602,2024-08-01 03:29:14,Shipped,UPI,Bangalore,Karnataka,12045.11,602.26,
703680,7906,2022-10-31 01:36:10,Delivered,Debit Card,Surat,Gujarat,17033.2,1703.32,11.0
704024,6361,2023-05-17 15:57:24,Shipped,Credit Card,Kochi,Kerala,686.4,0.0,
702765,5156,2022-08-27 01:50:33,Pending,Net Banking,Nagpur,Maharashtra,21183.68,3177.55,
705088,6529,2023-06-08 13:55:18,Delivered,Credit Card,Nagpur,Maharashtra,85403.26,4270.16,10.0
704479,5319,2022-11-16 13:05:21,Cancelled,EMI,Bhopal,Madhya Pradesh,60216.95,9032.54,
700842,5518,2023-06-04 08:12:41,Cancelled,Cash on Delivery,Lucknow,Uttar Pradesh,239862.82,11993.14,
706011,6065,2026-05-27 10:49:12,Delivered,EMI,Chandigarh,Chandigarh,33324.52,6664.9,4.0
703471,6047,2022-07-14 06:39:32,Delivered,EMI,Kolkata,West Bengal,14021.8,0.0,8.0
701618,5491,2024-10-31 11:43:56,Delivered,Debit Card,Hyderabad,Telangana,264515.72,0.0,5.0
703150,6532,2025-06-13 20:58:16,Pending,Cash on Delivery,Pune,Maharashtra,105756.79,15863.52,
705210,5155,2026-01-16 13:13:15,Delivered,Debit Card,Kolkata,West Bengal,34788.73,5218.31,6.0
700505,7587,2024-01-18 23:19:03,Delivered,Credit Card,Hyderabad,Telangana,7293.61,0.0,11.0
702572,7659,2023-04-09 02:35:11,Cancelled,Debit Card,Kochi,Kerala,360827.43,0.0,
706294,5195,2024-10-11 06:24:19,Delivered,Credit Card,Kolkata,West Bengal,35011.68,7002.34,9.0
706026,7033,2022-12-13 07:58:20,Shipped,Debit Card,Ahmedabad,Gujarat,31155.33,4673.3,
706490,7931,2025-05-07 02:28:58,Pending,Credit Card,Ahmedabad,Gujarat,1882.66,188.27,
705126,6003,2026-05-25 14:38:55,Pending,Debit Card,Ahmedabad,Gujarat,1939.47,387.89,
707062,5259,2024-06-04 05:43:07,Shipped,Debit Card,Nagpur,Maharashtra,281062.56,0.0,
704194,6586,2025-08-30 08:03:11,Delivered,EMI,Lucknow,Uttar Pradesh,168441.88,8422.09,6.0
704720,6605,2023-09-06 12:28:46,Pending,Net Banking,Bangalore,Karnataka,21830.15,2183.01,
706390,6148,2022-08-24 18:09:05,Delivered,Debit Card,Patna,Bihar,127532.4,25506.48,1.0
706201,6603,2022-10-29 17:11:51,Cancelled,Credit Card,Coimbatore,Tamil Nadu,129862.49,6493.12,
703237,5822,2026-01-31 15:03:00,Pending,UPI,Indore,Madhya Pradesh,22981.9,0.0,
707878,7767,2023-10-15 11:14:18,Delivered,UPI,Bhopal,Madhya Pradesh,60178.24,9026.74,9.0
708993,6226,2025-02-13 12:19:16,Delivered,Net Banking,Lucknow,Uttar Pradesh,84780.69,0.0,2.0
704816,5752,2024-12-15 04:30:21,Delivered,Net Banking,Mumbai,Maharashtra,12486.26,0.0,1.0
704558,6311,2025-07-09 01:01:05,Delivered,Net Banking,Kochi,Kerala,29925.48,1496.27,5.0
706703,6572,2024-12-27 13:52:09,Returned,EMI,Mumbai,Maharashtra,26446.86,0.0,
708067,7988,2023-12-05 04:27:01,Delivered,EMI,Indore,Madhya Pradesh,201849.62,10092.48,6.0
704013,5834,2022-09-13 19:15:11,Delivered,Credit Card,Lucknow,Uttar Pradesh,599.76,59.98,12.0
700501,6927,2022-08-17 06:35:26,Delivered,UPI,Bhopal,Madhya Pradesh,19069.13,1906.91,2.0
705811,7496,2022-10-29 02:06:38,Shipped,Debit Card,Lucknow,Uttar Pradesh,8003.13,1600.63,
701470,6993,2025-01-16 18:35:13,Cancelled,Credit Card,Surat,Gujarat,4465.74,223.29,
707060,7597,2026-05-22 12:10:15,Delivered,Debit Card,Pune,Maharashtra,59761.31,2988.07,7.0
701851,7308,2024-08-26 21:13:07,Cancelled,EMI,Ranchi,Jharkhand,13065.31,1306.53,
704594,7638,2022-12-25 12:45:57,Delivered,Net Banking,Bhopal,Madhya Pradesh,379638.03,0.0,9.0
701002,5259,2022-09-30 15:06:17,Pending,EMI,Pune,Maharashtra,29770.92,1488.55,
704706,5184,2026-05-18 11:01:33,Returned,EMI,Kolkata,West Bengal,5634.55,281.73,
708351,7988,2023-09-11 10:12:22,Delivered,Cash on Delivery,Nashik,Maharashtra,25927.49,0.0,7.0
701427,5112,2025-07-11 14:09:27,Delivered,Net Banking,Ahmedabad,Gujarat,155650.08,31130.02,3.0
706859,6498,2023-03-27 05:37:34,Pending,EMI,Chennai,Tamil Nadu,249106.84,24910.68,
706179,5266,2025-12-28 16:55:12,Delivered,UPI,Jaipur,Rajasthan,17648.36,3529.67,9.0
702454,7520,2026-04-07 07:16:32,Delivered,Debit Card,Chandigarh,Chandigarh,23595.15,3539.27,6.0
702330,5778,2025-08-20 23:44:50,Cancelled,Cash on Delivery,Jaipur,Rajasthan,58477.52,0.0,
707895,7897,2024-04-05 14:14:18,Cancelled,Net Banking,Ahmedabad,Gujarat,20762.48,2076.25,
705984,6526,2025-08-20 18:57:05,Delivered,Net Banking,Chandigarh,Chandigarh,215462.17,10773.11,6.0
704809,7646,2026-07-01 22:30:11,Delivered,Credit Card,Chandigarh,Chandigarh,8816.76,1763.35,4.0
708547,6019,2025-12-29 16:49:31,Pending,Credit Card,Nagpur,Maharashtra,387611.32,0.0,
701086,5710,2026-07-26 07:37:52,Delivered,Net Banking,Mumbai,Maharashtra,2092.06,313.81,1.0
705639,6935,2024-03-09 06:28:41,Delivered,Cash on Delivery,Chennai,Tamil Nadu,2063.98,309.6,8.0
704887,6833,2023-01-16 14:41:52,Delivered,EMI,Indore,Madhya Pradesh,84188.58,16837.72,9.0
702331,7984,2025-07-05 23:48:06,Delivered,Cash on Delivery,Mumbai,Maharashtra,9812.94,490.65,2.0
702853,6523,2023-08-31 10:17:49,Delivered,Cash on Delivery,Lucknow,Uttar Pradesh,8502.72,1275.41,11.0
701870,6951,2026-07-21 05:55:19,Shipped,Cash on Delivery,Kolkata,West Bengal,24309.15,1215.46,
702090,5088,2025-11-08 16:02:27,Delivered,EMI,Bhopal,Madhya Pradesh,182314.12,0.0,7.0
705118,5382,2024-03-13 04:37:12,Delivered,Net Banking,Chennai,Tamil Nadu,112509.93,11250.99,10.0
703427,5792,2022-02-05 16:25:19,Cancelled,EMI,Coimbatore,Tamil Nadu,367269.97,18363.5,
707623,7047,2022-02-03 21:24:10,Pending,UPI,Chennai,Tamil Nadu,512490.71,76873.61,
701299,5668,2025-09-14 06:28:16,Delivered,Cash on Delivery,Nashik,Maharashtra,21613.53,0.0,10.0
703587,5956,2024-04-14 01:26:44,Delivered,Cash on Delivery,Kochi,Kerala,49382.85,9876.57,9.0
700237,6671,2022-02-19 17:57:41,Cancelled,UPI,Kochi,Kerala,15120.7,756.03,
700678,6800,2022-05-25 14:36:43,Returned,Net Banking,Ranchi,Jharkhand,14027.64,701.38,
707737,6830,2025-05-24 12:24:14,Shipped,EMI,Delhi,Delhi,12493.1,1873.96,
705829,5016,2022-02-16 22:06:42,Delivered,Credit Card,Patna,Bihar,87019.71,4350.99,10.0
701927,7083,2025-09-23 18:56:05,Cancelled,UPI,Kolkata,West Bengal,99575.1,4978.76,
706558,6026,2024-01-11 00:42:43,Delivered,Net Banking,Ranchi,Jharkhand,13652.95,0.0,9.0
704834,5357,2023-02-17 20:40:53,Returned,Cash on Delivery,Hyderabad,Telangana,8545.02,1709.0,
702212,5770,2025-09-13 13:35:20,Delivered,Cash on Delivery,Pune,Maharashtra,15224.22,3044.84,10.0
702336,5688,2022-02-21 03:48:15,Delivered,UPI,Mumbai,Maharashtra,169709.19,0.0,12.0
703577,5810,2024-08-22 04:39:08,Delivered,Debit Card,Mumbai,Maharashtra,9239.23,461.96,3.0
708712,6203,2022-05-11 03:28:47,Cancelled,Net Banking,Nagpur,Maharashtra,55576.84,11115.37,
702845,5233,2025-09-25 14:34:09,Delivered,UPI,Surat,Gujarat,386910.25,58036.54,1.0
707438,6844,2022-06-14 09:26:30,Delivered,UPI,Kochi,Kerala,10898.49,2179.7,10.0
708330,5101,2025-02-24 00:48:15,Shipped,Net Banking,Indore,Madhya Pradesh,278201.58,27820.16,
703619,6331,2025-08-16 05:41:49,Delivered,EMI,Pune,Maharashtra,109980.18,10998.02,3.0
701568,5534,2023-02-21 11:42:17,Delivered,Credit Card,Ahmedabad,Gujarat,18712.67,0.0,2.0
708602,6142,2026-01-29 16:54:43,Delivered,Debit Card,Hyderabad,Telangana,2137.84,320.68,5.0
702664,6485,2023-05-01 01:46:58,Delivered,Debit Card,Jaipur,Rajasthan,153773.55,0.0,6.0
701302,5600,2025-04-16 14:57:37,Pending,Debit Card,Indore,Madhya Pradesh,216610.99,0.0,
703306,6603,2022-07-04 20:58:31,Shipped,Net Banking,Hyderabad,Telangana,4900.83,245.04,
703173,7354,2026-05-22 11:44:46,Delivered,EMI,Kochi,Kerala,5093.2,763.98,4.0
706574,7019,2022-09-04 04:13:27,Cancelled,UPI,Chandigarh,Chandigarh,8633.97,1726.79,
706099,5288,2022-11-28 09:01:06,Pending,Net Banking,Ranchi,Jharkhand,26479.69,0.0,
705444,7951,2024-10-21 02:49:42,Delivered,EMI,Surat,Gujarat,9199.6,1839.92,3.0
707795,7310,2022-12-05 17:56:46,Delivered,EMI,Bhopal,Madhya Pradesh,12598.14,0.0,8.0
708652,5268,2025-01-13 13:21:57,Returned,Net Banking,Surat,Gujarat,163173.08,16317.31,
702273,6729,2025-12-27 19:42:42,Cancelled,Cash on Delivery,Kochi,Kerala,151845.51,30369.1,
704700,6989,2022-05-03 15:04:25,Delivered,Debit Card,Nagpur,Maharashtra,126356.13,6317.81,2.0
701724,7778,2022-01-31 07:16:36,Delivered,Credit Card,Ranchi,Jharkhand,76829.89,11524.48,9.0
708988,6610,2022-09-09 00:32:51,Delivered,EMI,Hyderabad,Telangana,25829.01,3874.35,12.0
705144,5822,2026-06-05 15:34:38,Delivered,EMI,Jaipur,Rajasthan,148600.84,0.0,1.0
706195,5979,2025-02-26 15:20:23,Shipped,Net Banking,Pune,Maharashtra,56873.5,0.0,
702390,5572,2022-04-28 21:02:18,Returned,UPI,Delhi,Delhi,19419.24,0.0,
706113,5466,2026-01-09 10:02:50,Delivered,Cash on Delivery,Bangalore,Karnataka,60043.47,3002.17,1.0
704552,6853,2024-05-21 09:24:06,Cancelled,Credit Card,Chennai,Tamil Nadu,126570.44,0.0,
704959,5557,2025-03-21 14:36:55,Returned,Debit Card,Nagpur,Maharashtra,66068.21,9910.23,
702652,5713,2023-08-31 04:21:57,Delivered,Credit Card,Coimbatore,Tamil Nadu,136220.55,0.0,3.0
708467,7078,2024-02-05 22:56:29,Delivered,Cash on Delivery,Bhopal,Madhya Pradesh,423683.9,63552.58,11.0
701793,6843,2024-12-21 09:33:32,Delivered,Net Banking,Hyderabad,Telangana,94496.02,0.0,5.0
705900,5058,2025-06-09 20:42:41,Delivered,EMI,Ranchi,Jharkhand,28414.16,0.0,6.0
702540,6315,2024-11-14 21:04:24,Delivered,EMI,Ahmedabad,Gujarat,33363.7,5004.55,11.0
706552,5252,2024-04-03 10:38:50,Shipped,Net Banking,Ranchi,Jharkhand,9146.5,914.65,
700012,5859,2022-01-01 19:50:57,Returned,UPI,Delhi,Delhi,346712.32,0.0,
704700,6989,2022-05-03 15:04:25,Delivered,Debit Card,Nagpur,Maharashtra,126356.13,6317.81,2.0
704268,5228,2025-02-24 06:35:27,Pending,Debit Card,Mumbai,Maharashtra,11636.76,0.0,
707689,5535,2026-02-05 22:48:38,Pending,UPI,Pune,Maharashtra,11415.42,2283.08,
708386,5881,2026-04-04 22:29:48,Delivered,Credit Card,Coimbatore,Tamil Nadu,282562.72,56512.54,6.0
704210,6240,2026-01-10 20:12:23,Delivered,Credit Card,Patna,Bihar,102019.62,15302.94,11.0
707514,7181,2026-04-07 23:29:13,Delivered,Cash on Delivery,Chennai,Tamil Nadu,41271.12,2063.56,1.0
702341,7269,2024-06-22 07:53:42,Returned,UPI,Patna,Bihar,48729.47,0.0,
704565,5441,2025-02-27 10:20:21,Cancelled,Credit Card,Delhi,Delhi,6200.96,620.1,
701167,7236,2024-03-30 11:17:00,Cancelled,Net Banking,Chennai,Tamil Nadu,5526.72,0.0,
700800,7215,2023-02-04 03:32:10,Delivered,Credit Card,Kolkata,West Bengal,13587.4,1358.74,6.0
707790,6046,2023-08-10 23:12:04,Delivered,EMI,Ranchi,Jharkhand,3939.66,590.95,2.0
705697,6816,2022-10-08 08:41:21,Shipped,Debit Card,Surat,Gujarat,105807.67,0.0,
707552,7360,2026-03-23 10:41:05,Cancelled,Net Banking,Bhopal,Madhya Pradesh,125350.32,0.0,
702018,7846,2025-12-01 12:21:26,Delivered,EMI,Ahmedabad,Gujarat,4182.73,418.27,5.0
702319,7220,2024-07-14 09:37:32,Delivered,Cash on Delivery,Surat,Gujarat,11851.12,1185.11,1.0
706334,6331,2026-05-03 12:03:37,Delivered,EMI,Coimbatore,Tamil Nadu,204543.05,0.0,11.0
701490,7464,2023-08-12 19:59:11,Delivered,Net Banking,Nagpur,Maharashtra,40393.92,0.0,3.0
701686,6918,2023-01-13 22:39:16,Delivered,EMI,Chennai,Tamil Nadu,117258.77,0.0,1.0
707802,5552,2024-03-03 13:37:37,Delivered,UPI,Ahmedabad,Gujarat,149796.99,0.0,8.0
705466,5233,2026-01-22 12:45:57,Shipped,EMI,Hyderabad,Telangana,6053.47,1210.69,
704262,5765,2026-02-04 22:04:38,Delivered,EMI,Hyderabad,Telangana,270774.01,0.0,2.0
704779,6144,2025-11-04 20:00:43,Delivered,Net Banking,Bangalore,Karnataka,17602.04,3520.41,11.0
706020,6039,2023-06-23 23:03:02,Delivered,UPI,Patna,Bihar,268148.49,13407.42,10.0
705383,5038,2026-04-03 22:50:47,Delivered,Net Banking,Delhi,Delhi,117416.41,5870.82,2.0
706529,7883,2023-10-09 04:19:55,Returned,Cash on Delivery,Mumbai,Maharashtra,38862.99,1943.15,
705973,5026,2023-11-04 02:19:32,Returned,UPI,Hyderabad,Telangana,12522.38,0.0,
708433,6965,2025-12-28 03:11:10,Cancelled,EMI,Nagpur,Maharashtra,41875.92,0.0,
703389,7928,2026-02-23 17:36:27,Shipped,UPI,Nagpur,Maharashtra,26003.88,5200.78,
707583,6976,2024-01-08 00:07:16,Delivered,Debit Card,Chennai,Tamil Nadu,3704.34,555.65,3.0
701311,6557,2023-06-21 22:58:47,Returned,UPI,Ranchi,Jharkhand,3495.18,0.0,
708516,7296,2023-11-08 04:49:22,Delivered,Debit Card,Chandigarh,Chandigarh,2165.16,433.03,1.0
700460,6694,2023-05-30 02:36:57,Delivered,Net Banking,Delhi,Delhi,13530.58,0.0,1.0
705847,5151,2025-12-17 05:51:02,Cancelled,Debit Card,Coimbatore,Tamil Nadu,30877.19,6175.44,
704283,5781,2024-05-03 06:26:48,Returned,Cash on Delivery,Kochi,Kerala,858.82,42.94,
704333,6420,2023-03-06 10:09:49,Shipped,Cash on Delivery,Chennai,Tamil Nadu,81694.4,0.0,
708466,7032,2025-07-22 10:29:21,Shipped,Credit Card,Kolkata,West Bengal,13187.79,2637.56,
701171,6210,2025-05-12 20:06:25,Cancelled,Credit Card,Bhopal,Madhya Pradesh,22440.93,0.0,
701650,5276,2025-06-16 23:10:22,Delivered,Debit Card,Surat,Gujarat,121225.55,0.0,1.0
707456,5604,2022-04-02 04:57:09,Shipped,Cash on Delivery,Kochi,Kerala,384119.35,0.0,
700956,7682,2025-07-26 18:55:38,Pending,Cash on Delivery,Bhopal,Madhya Pradesh,21933.78,4386.76,
701941,7273,2024-11-16 08:22:08,Delivered,Debit Card,Kochi,Kerala,121096.78,12109.68,2.0
705518,7126,2022-09-12 00:49:38,Returned,Net Banking,Ahmedabad,Gujarat,3414.41,170.72,
707530,6658,2023-12-09 03:33:56,Delivered,Cash on Delivery,Kochi,Kerala,24781.23,4956.25,8.0
706722,5153,2022-05-04 19:43:00,Delivered,Net Banking,Jaipur,Rajasthan,26433.38,5286.68,10.0
706651,5038,2023-04-07 02:56:56,Delivered,Cash on Delivery,Patna,Bihar,40325.56,2016.28,8.0
702508,5460,2023-07-20 06:02:44,Delivered,Credit Card,Kolkata,West Bengal,309638.52,15481.93,12.0
702110,6439,2022-09-01 00:59:16,Shipped,Debit Card,Coimbatore,Tamil Nadu,64339.81,6433.98,
700356,7846,2025-11-16 04:10:55,Delivered,Debit Card,Nagpur,Maharashtra,29071.38,2907.14,7.0
705587,5386,2023-06-26 09:54:08,Returned,UPI,Ahmedabad,Gujarat,38576.46,0.0,
704841,6830,2023-05-22 01:25:52,Delivered,Cash on Delivery,Chandigarh,Chandigarh,230343.84,23034.38,4.0
700108,6125,2026-02-26 23:25:03,Delivered,Debit Card,Nashik,Maharashtra,16143.08,1614.31,4.0
705913,7863,2022-10-05 16:49:54,Shipped,Credit Card,Hyderabad,Telangana,7730.09,773.01,
701340,7919,2024-08-18 09:22:27,Delivered,Debit Card,Chennai,Tamil Nadu,170618.67,0.0,12.0
706450,5030,2025-10-28 01:52:23,Delivered,Debit Card,Delhi,Delhi,46969.29,0.0,9.0
702593,5438,2025-08-30 06:39:59,Cancelled,Cash on Delivery,Delhi,Delhi,139640.49,13964.05,
700921,7829,2024-11-15 00:26:01,Delivered,Credit Card,Bhopal,Madhya Pradesh,731.92,0.0,11.0
707884,5378,2023-02-17 20:00:47,Cancelled,Net Banking,Nagpur,Maharashtra,162857.96,24428.69,
705638,5197,2026-01-17 00:30:05,Delivered,Debit Card,Patna,Bihar,62737.08,0.0,1.0
701224,6119,2023-04-20 04:00:53,Shipped,Debit Card,Ahmedabad,Gujarat,147656.61,22148.49,
705327,6483,2022-09-19 16:33:45,Delivered,EMI,Surat,Gujarat,5346.92,534.69,4.0
708800,5642,2026-01-19 18:20:21,Delivered,EMI,Delhi,Delhi,241789.07,48357.81,2.0
707205,7867,2022-03-20 10:10:21,Delivered,Net Banking,Lucknow,Uttar Pradesh,17383.92,1738.39,11.0
702662,7417,2024-11-29 05:42:09,Delivered,Net Banking,Jaipur,Rajasthan,13928.18,1392.82,8.0
704633,5086,2026-02-17 19:36:01,Delivered,Credit Card,Chennai,Tamil Nadu,235067.74,47013.55,8.0
706588,6802,2023-06-03 21:59:45,Delivered,Credit Card,Pune,Maharashtra,60170.88,6017.09,9.0
703331,7486,2023-10-20 21:14:31,Delivered,Net Banking,Coimbatore,Tamil Nadu,364556.07,18227.8,11.0
703174,6668,2023-05-31 06:51:35,Cancelled,Credit Card,Nashik,Maharashtra,172267.88,17226.79,
702418,7256,2024-07-30 15:13:47,Delivered,Cash on Delivery,Ahmedabad,Gujarat,41927.79,0.0,6.0
700851,6827,2023-07-17 20:32:06,Delivered,EMI,Pune,Maharashtra,5411.78,811.77,6.0
707152,6862,2025-03-30 16:39:35,Delivered,EMI,Patna,Bihar,72044.86,0.0,9.0
700424,5800,2023-12-20 06:28:10,Delivered,Net Banking,Coimbatore,Tamil Nadu,35077.6,1753.88,1.0
707327,5964,2022-08-30 07:33:02,Delivered,EMI,Ahmedabad,Gujarat,29449.34,1472.47,10.0
705724,5724,2023-04-24 06:53:45,Delivered,UPI,Lucknow,Uttar Pradesh,718.37,107.76,9.0
706612,7084,2025-07-17 20:57:10,Delivered,UPI,Kochi,Kerala,6395.25,0.0,12.0
705195,6263,2023-04-05 21:49:59,Delivered,Net Banking,Coimbatore,Tamil Nadu,9184.05,0.0,12.0
702890,5833,2025-08-09 03:24:07,Delivered,EMI,Delhi,Delhi,166111.69,0.0,4.0
701693,6546,2025-05-06 10:38:45,Shipped,Net Banking,Bhopal,Madhya Pradesh,43833.42,8766.68,
702751,5914,2022-09-02 07:36:27,Cancelled,Debit Card,Indore,Madhya Pradesh,1022.88,102.29,
704313,7812,2026-06-17 03:21:09,Cancelled,Net Banking,Coimbatore,Tamil Nadu,2083.97,0.0,
704519,7048,2024-01-08 19:54:04,Delivered,Net Banking,Pune,Maharashtra,11406.01,570.3,12.0
708047,5789,2023-04-14 10:23:44,Pending,Credit Card,Ahmedabad,Gujarat,10737.74,1610.66,
707644,5029,2025-12-23 02:44:10,Delivered,EMI,Hyderabad,Telangana,5357.45,535.75,3.0
705511,5999,2024-05-20 15:23:57,Returned,Net Banking,Kolkata,West Bengal,8725.8,872.58,
704664,6689,2024-11-01 22:07:22,Shipped,EMI,Hyderabad,Telangana,22158.32,3323.75,
700229,5552,2022-09-16 05:35:37,Returned,Debit Card,Indore,Madhya Pradesh,93118.97,18623.79,
704878,7269,2024-08-29 12:52:46,Delivered,Cash on Delivery,Patna,Bihar,145957.19,29191.44,7.0
700485,6161,2023-03-29 04:10:02,Delivered,EMI,Surat,Gujarat,8355.5,0.0,4.0
706350,7940,2024-12-11 05:43:29,Pending,Debit Card,Bhopal,Madhya Pradesh,220615.41,44123.08,
703414,5382,2025-12-22 11:30:14,Delivered,Credit Card,Bhopal,Madhya Pradesh,295893.2,0.0,10.0
708686,5975,2022-02-27 03:36:39,Shipped,EMI,Coimbatore,Tamil Nadu,53995.2,10799.04,
706675,6327,2026-03-25 20:39:35,Delivered,Debit Card,Coimbatore,Tamil Nadu,3139.22,156.96,7.0
707404,7844,2023-03-26 09:59:32,Delivered,Debit Card,Patna,Bihar,26301.27,3945.19,10.0
706059,6124,2023-09-02 08:30:04,Delivered,UPI,Pune,Maharashtra,8251.56,412.58,9.0
703978,5023,2025-05-10 11:45:18,Pending,Cash on Delivery,Nashik,Maharashtra,4337.54,0.0,
702272,5416,2025-08-27 19:25:31,Delivered,UPI,Delhi,Delhi,276784.72,0.0,10.0
705100,5994,2023-04-03 07:52:17,Pending,Debit Card,Surat,Gujarat,6706.4,0.0,
706192,7488,2022-01-22 05:12:10,Delivered,EMI,Jaipur,Rajasthan,408452.05,61267.81,6.0
701073,6884,2023-11-19 07:58:11,Pending,Debit Card,Coimbatore,Tamil Nadu,48299.75,7244.96,
706732,7838,2022-08-11 02:16:48,Cancelled,Credit Card,Mumbai,Maharashtra,100689.08,0.0,
704081,5471,2023-06-04 12:39:48,Delivered,UPI,Ahmedabad,Gujarat,60315.08,9047.26,8.0
704670,6578,2024-10-01 14:28:35,Cancelled,UPI,Nashik,Maharashtra,296979.96,14849.0,
703342,5675,2024-07-22 08:35:54,Pending,Net Banking,Coimbatore,Tamil Nadu,844.64,0.0,
701137,7978,2026-06-26 16:52:46,Delivered,Credit Card,Indore,Madhya Pradesh,295772.4,44365.86,2.0
705140,5702,2025-12-25 03:10:51,Delivered,Net Banking,Kochi,Kerala,19229.32,2884.4,4.0
700112,7153,2024-04-07 05:18:10,Delivered,Cash on Delivery,Bhopal,Madhya Pradesh,280190.83,0.0,7.0
702929,7265,2022-09-22 00:06:46,Returned,EMI,Ranchi,Jharkhand,311040.53,31104.05,
708407,7364,2022-04-23 08:49:02,Delivered,Cash on Delivery,Jaipur,Rajasthan,173317.0,34663.4,9.0
704483,6890,2025-03-23 11:09:40,Cancelled,Cash on Delivery,Bhopal,Madhya Pradesh,72921.46,0.0,
700715,6686,2026-01-21 15:36:42,Delivered,Debit Card,Kolkata,West Bengal,126461.97,0.0,3.0
707749,6371,2022-08-03 21:10:12,Shipped,Net Banking,Coimbatore,Tamil Nadu,69277.62,0.0,
700699,7716,2022-09-23 18:53:24,Shipped,Credit Card,Lucknow,Uttar Pradesh,18131.23,0.0,
705841,5087,2023-03-26 14:09:28,Delivered,Cash on Delivery,Chandigarh,Chandigarh,56971.09,2848.55,7.0
701054,6171,2023-06-29 05:44:30,Delivered,Cash on Delivery,Lucknow,Uttar Pradesh,157356.16,0.0,7.0
707147,6115,2024-01-10 15:52:50,Delivered,Cash on Delivery,Jaipur,Rajasthan,273934.51,54786.9,2.0
702638,6185,2023-11-17 15:26:00,Shipped,Net Banking,Jaipur,Rajasthan,89912.58,13486.89,
705805,6969,2022-05-06 08:25:57,Delivered,Debit Card,Pune,Maharashtra,132158.78,26431.76,12.0
702647,5964,2025-09-08 07:00:29,Delivered,Credit Card,Patna,Bihar,49793.75,0.0,10.0
703243,7416,2026-02-24 07:13:42,Returned,Net Banking,Delhi,Delhi,56222.83,11244.57,
705560,7563,2025-07-15 19:33:02,Delivered,Net Banking,Chandigarh,Chandigarh,6870.73,1374.15,8.0
708035,6207,2022-11-11 18:16:29,Delivered,Cash on Delivery,Delhi,Delhi,67032.92,13406.58,3.0
704938,6044,2023-09-24 12:19:18,Delivered,EMI,Chandigarh,Chandigarh,25251.66,0.0,1.0
704762,5641,2024-12-01 21:31:19,Delivered,Credit Card,Chandigarh,Chandigarh,15615.83,3123.17,7.0
704259,7697,2022-05-12 21:16:29,Delivered,Cash on Delivery,Nashik,Maharashtra,16848.63,2527.29,11.0
708125,7961,2025-10-12 12:23:07,Delivered,UPI,Nashik,Maharashtra,79948.27,7994.83,8.0
707487,6863,2026-06-14 23:37:58,Cancelled,Credit Card,Hyderabad,Telangana,59896.86,0.0,
703562,5486,2023-10-01 00:32:24,Returned,Credit Card,Hyderabad,Telangana,28627.41,0.0,
703966,5242,2023-09-10 22:28:24,Delivered,UPI,Kolkata,West Bengal,36419.16,3641.92,5.0
700039,7109,2024-07-13 05:17:27,Delivered,Cash on Delivery,Nashik,Maharashtra,183692.78,18369.28,8.0
702999,5513,2025-06-01 12:58:26,Delivered,Net Banking,Patna,Bihar,167652.71,0.0,2.0
705182,5297,2025-05-21 18:00:56,Delivered,UPI,Coimbatore,Tamil Nadu,12041.94,1806.29,7.0
708186,6808,2023-06-10 05:00:56,Pending,Net Banking,Delhi,Delhi,4007.04,0.0,
704729,5041,2023-04-28 14:51:30,Cancelled,Debit Card,Bhopal,Madhya Pradesh,40423.31,0.0,
708767,5813,2023-11-07 09:36:20,Delivered,Debit Card,Chandigarh,Chandigarh,10532.7,0.0,5.0
704996,7873,2026-06-23 12:06:16,Cancelled,Net Banking,Coimbatore,Tamil Nadu,149159.87,29831.97,
702981,6251,2026-06-23 20:40:58,Delivered,Cash on Delivery,Mumbai,Maharashtra,24352.39,0.0,10.0
707984,7303,2025-09-27 12:10:26,Delivered,UPI,Jaipur,Rajasthan,280480.05,56096.01,2.0
708604,7260,2023-11-29 23:15:42,Returned,Credit Card,Kochi,Kerala,16361.48,3272.3,
707783,5682,2025-08-26 22:10:06,Shipped,Credit Card,Bhopal,Madhya Pradesh,6162.21,616.22,
707746,6396,2022-05-06 03:08:20,Returned,Net Banking,Nagpur,Maharashtra,10320.98,2064.2,
705087,5871,2022-08-07 04:48:12,Delivered,EMI,Patna,Bihar,31552.48,1577.62,12.0
702951,7775,2025-05-10 08:13:01,Cancelled,UPI,Surat,Gujarat,51972.12,7795.82,
703370,6436,2023-05-22 00:06:16,Shipped,EMI,Jaipur,Rajasthan,21985.9,4397.18,
706485,7843,2023-12-22 13:45:46,Delivered,Debit Card,Jaipur,Rajasthan,21844.44,2184.44,5.0
707020,6677,2025-11-08 18:03:06,Delivered,EMI,Bhopal,Madhya Pradesh,511479.13,102295.83,11.0
704491,6510,2023-02-28 16:37:31,Delivered,EMI,Delhi,Delhi,262868.31,26286.83,4.0
705332,5393,2025-06-11 17:34:33,Shipped,EMI,Mumbai,Maharashtra,2239.12,447.82,
702521,6978,2022-07-13 18:16:15,Returned,EMI,Lucknow,Uttar Pradesh,3936.45,590.47,
708520,7933,2024-09-01 13:12:58,Delivered,Credit Card,Chandigarh,Chandigarh,108809.08,0.0,7.0
707724,6164,2024-03-05 18:07:21,Returned,Net Banking,Coimbatore,Tamil Nadu,9040.6,0.0,
708704,5246,2024-12-21 06:44:49,Delivered,Credit Card,Ranchi,Jharkhand,308727.42,0.0,11.0
701980,5726,2023-12-06 15:18:53,Delivered,Credit Card,Mumbai,Maharashtra,29301.74,0.0,12.0
704921,5164,2022-03-31 10:07:19,Delivered,Net Banking,Nashik,Maharashtra,19139.48,0.0,7.0
702947,5531,2026-05-10 20:11:52,Pending,Debit Card,Hyderabad,Telangana,69348.58,3467.43,
703029,7903,2022-12-16 13:00:10,Delivered,Cash on Delivery,Lucknow,Uttar Pradesh,41707.11,0.0,3.0
704468,7713,2025-10-17 20:01:53,Cancelled,UPI,Lucknow,Uttar Pradesh,24958.82,4991.76,
707697,6991,2023-01-18 15:21:26,Cancelled,Cash on Delivery,Coimbatore,Tamil Nadu,69760.63,3488.03,
706181,7259,2024-03-14 02:23:21,Delivered,Cash on Delivery,Indore,Madhya Pradesh,269282.0,53856.4,4.0
703240,7757,2024-11-01 15:52:00,Cancelled,Credit Card,Mumbai,Maharashtra,307.34,15.37,
706646,7701,2025-06-27 23:41:49,Pending,Cash on Delivery,Pune,Maharashtra,1387.4,277.48,
708337,5879,2023-12-10 04:54:56,Shipped,Credit Card,Indore,Madhya Pradesh,4526.86,679.03,
707261,6840,2023-11-20 03:57:15,Shipped,Credit Card,Bhopal,Madhya Pradesh,25774.58,0.0,
708243,7284,2026-02-23 11:55:08,Delivered,Net Banking,Bhopal,Madhya Pradesh,6299.38,314.97,10.0
702707,6621,2025-12-13 16:37:50,Delivered,EMI,Kochi,Kerala,47067.64,0.0,4.0
703393,6266,2023-06-29 03:17:05,Shipped,Net Banking,Patna,Bihar,31941.58,4791.24,
703087,7573,2026-07-24 16:19:59,Delivered,Cash on Delivery,Chennai,Tamil Nadu,49525.61,7428.84,12.0
707911,6558,2023-10-30 17:47:16,Delivered,UPI,Nagpur,Maharashtra,355191.03,0.0,9.0
701685,6403,2025-08-27 21:09:59,Shipped,Net Banking,Patna,Bihar,2677.64,267.76,
706349,5264,2025-03-22 01:44:12,Delivered,Net Banking,Surat,Gujarat,54222.37,8133.36,6.0
707606,6604,2025-03-24 08:49:01,Delivered,Cash on Delivery,Lucknow,Uttar Pradesh,266589.2,39988.38,10.0
702743,6862,2026-03-20 11:25:36,Returned,Net Banking,Indore,Madhya Pradesh,3352.4,0.0,
703467,6914,2024-07-14 06:26:59,Delivered,Debit Card,Hyderabad,Telangana,13236.84,1323.68,12.0
704236,7750,2024-08-11 05:29:28,Returned,Net Banking,Lucknow,Uttar Pradesh,206224.03,10311.2,
704923,6403,2024-03-14 12:52:18,Delivered,UPI,Bhopal,Madhya Pradesh,60374.07,12074.81,8.0
702026,5814,2025-05-20 21:43:39,Cancelled,Cash on Delivery,Lucknow,Uttar Pradesh,31209.45,1560.47,
703466,7431,2025-11-21 15:08:07,Delivered,Debit Card,Ranchi,Jharkhand,16109.92,0.0,8.0
703802,5292,2023-08-11 10:15:13,Delivered,Cash on Delivery,Patna,Bihar,45801.78,2290.09,5.0
706828,5676,2022-02-04 04:13:50,Delivered,UPI,Hyderabad,Telangana,63065.42,9459.81,9.0
702548,7234,2026-07-22 23:25:15,Delivered,UPI,Chandigarh,Chandigarh,9525.45,0.0,12.0
700577,7994,2024-06-23 19:18:54,Pending,Debit Card,Bangalore,Karnataka,16878.95,1687.9,
706076,5525,2025-05-10 08:19:54,Delivered,Net Banking,Nagpur,Maharashtra,13875.04,0.0,3.0
707106,5850,2025-05-14 08:16:09,Shipped,Credit Card,Ahmedabad,Gujarat,7502.52,375.13,
704144,5897,2022-03-11 09:37:49,Delivered,Cash on Delivery,Chennai,Tamil Nadu,71993.99,0.0,5.0
707131,5498,2024-11-21 18:16:14,Delivered,Net Banking,Surat,Gujarat,175153.97,35030.79,1.0
704213,6959,2022-02-18 12:48:37,Returned,Net Banking,Bangalore,Karnataka,79820.13,15964.03,
702811,7388,2023-07-01 13:09:59,Delivered,Cash on Delivery,Delhi,Delhi,173910.76,34782.15,8.0
704020,6461,2024-06-22 14:06:07,Delivered,Debit Card,Patna,Bihar,93220.23,13983.03,1.0
706716,5098,2025-09-21 20:49:06,Cancelled,Net Banking,Mumbai,Maharashtra,65469.32,13093.86,
705590,6750,2023-02-11 14:17:46,Delivered,UPI,Ranchi,Jharkhand,132092.83,0.0,1.0
707849,5424,2023-08-23 18:22:13,Returned,UPI,Hyderabad,Telangana,811.72,40.59,
707107,6929,2024-12-01 01:42:07,Shipped,Cash on Delivery,Jaipur,Rajasthan,20242.89,0.0,
704874,7527,2024-03-15 15:02:06,Cancelled,UPI,Kolkata,West Bengal,209303.61,0.0,
707457,7633,2024-06-03 21:09:01,Pending,UPI,Mumbai,Maharashtra,360318.57,0.0,
704825,5895,2023-02-06 13:39:11,Pending,UPI,Coimbatore,Tamil Nadu,97775.63,9777.56,
702975,7102,2025-09-18 19:11:50,Delivered,EMI,Nagpur,Maharashtra,69006.0,10350.9,8.0
700558,6786,2023-02-21 15:22:28,Delivered,Debit Card,Bangalore,Karnataka,69125.21,3456.26,6.0
706812,5604,2024-06-03 07:58:01,Delivered,Credit Card,Bangalore,Karnataka,1773.51,88.68,10.0
704547,7411,2023-08-24 02:05:35,Returned,EMI,Delhi,Delhi,181160.08,0.0,
707910,6712,2024-08-01 19:40:17,Delivered,Cash on Delivery,Ahmedabad,Gujarat,85756.96,4287.85,5.0
700776,5021,2022-08-03 21:08:30,Delivered,Cash on Delivery,Bangalore,Karnataka,53298.68,10659.74,4.0
704016,5689,2024-03-18 17:00:03,Pending,Credit Card,Surat,Gujarat,12293.89,1229.39,
707171,5334,2025-10-20 18:17:28,Shipped,EMI,Ahmedabad,Gujarat,14985.2,2997.04,
702642,7345,2024-07-14 03:05:02,Delivered,Cash on Delivery,Jaipur,Rajasthan,20892.27,1044.61,6.0
702839,7173,2025-01-11 14:58:47,Delivered,EMI,Mumbai,Maharashtra,29316.78,0.0,12.0
701647,5609,2022-05-23 16:12:07,Delivered,EMI,Ranchi,Jharkhand,225892.71,45178.54,3.0
702210,7033,2024-05-02 10:24:41,Returned,Net Banking,Coimbatore,Tamil Nadu,71604.39,10740.66,
700668,5423,2024-06-03 14:06:47,Pending,Net Banking,Chandigarh,Chandigarh,47805.02,9561.0,
701279,5465,2025-03-12 00:52:41,Pending,Cash on Delivery,Jaipur,Rajasthan,24750.66,1237.53,
705152,5868,2024-03-16 19:42:47,Shipped,Net Banking,Nagpur,Maharashtra,25711.64,2571.16,
701051,7200,2024-08-25 14:59:20,Delivered,Debit Card,Lucknow,Uttar Pradesh,11059.37,0.0,10.0
701755,7494,2022-05-10 15:54:53,Cancelled,EMI,Surat,Gujarat,93577.64,9357.76,
704723,7757,2022-09-01 09:44:01,Delivered,EMI,Jaipur,Rajasthan,45295.92,0.0,10.0
702672,5087,2026-03-01 20:30:29,Pending,UPI,Indore,Madhya Pradesh,4914.85,982.97,
703417,7130,2026-06-11 20:12:30,Shipped,Net Banking,Ranchi,Jharkhand,12538.68,626.93,
703296,7755,2022-06-04 08:34:54,Delivered,UPI,Ranchi,Jharkhand,53148.37,2657.42,10.0
700412,7420,2022-07-31 09:57:33,Delivered,Net Banking,Nagpur,Maharashtra,21770.15,2177.02,5.0
706692,5317,2025-02-11 00:41:40,Delivered,EMI,Mumbai,Maharashtra,193855.73,38771.15,11.0
704592,7558,2022-01-13 18:36:25,Delivered,UPI,Nagpur,Maharashtra,125218.9,25043.78,6.0
707535,7474,2024-09-22 14:44:24,Shipped,Cash on Delivery,Chandigarh,Chandigarh,82607.49,4130.37,
701437,6111,2024-05-26 18:26:28,Delivered,Debit Card,Surat,Gujarat,171511.14,25726.67,11.0
707704,6114,2022-04-01 01:03:12,Returned,Debit Card,Chennai,Tamil Nadu,41599.81,2079.99,
705214,6714,2024-04-25 15:27:31,Returned,EMI,Nagpur,Maharashtra,65069.8,6506.98,
704940,5182,2023-11-11 04:31:06,Delivered,Credit Card,Bhopal,Madhya Pradesh,31703.86,1585.19,10.0
700636,6833,2025-10-28 23:38:34,Pending,Credit Card,Mumbai,Maharashtra,3048.01,457.2,
701561,7255,2022-08-05 11:10:17,Returned,Credit Card,Mumbai,Maharashtra,288168.82,0.0,
705491,7460,2022-11-25 14:33:46,Delivered,EMI,Coimbatore,Tamil Nadu,60979.58,0.0,11.0
706126,6637,2026-04-13 16:05:45,Delivered,Net Banking,Patna,Bihar,61614.92,6161.49,4.0
703893,6439,2024-08-24 13:15:36,Delivered,Net Banking,Patna,Bihar,328552.12,49282.82,11.0
705807,5163,2023-11-05 20:16:56,Returned,EMI,Lucknow,Uttar Pradesh,1736.24,260.44,
703539,5352,2022-05-21 02:13:22,Cancelled,Net Banking,Chandigarh,Chandigarh,24774.27,0.0,
703010,6177,2025-10-15 13:39:44,Pending,Cash on Delivery,Ranchi,Jharkhand,29725.44,0.0,
700554,5759,2024-11-09 00:12:32,Pending,UPI,Jaipur,Rajasthan,4214.05,210.7,
705107,6888,2024-02-04 06:51:37,Delivered,EMI,Chennai,Tamil Nadu,176962.21,0.0,3.0
703218,6001,2023-04-18 16:54:19,Cancelled,Debit Card,Nashik,Maharashtra,42236.92,2111.85,
702322,7591,2024-03-22 13:49:22,Delivered,UPI,Jaipur,Rajasthan,13501.73,0.0,12.0
704580,6521,2022-07-25 15:25:43,Returned,Credit Card,Lucknow,Uttar Pradesh,33041.64,6608.33,
701356,5217,2025-08-07 16:35:46,Cancelled,UPI,Lucknow,Uttar Pradesh,157403.31,23610.5,
708802,5330,2023-08-14 08:07:18,Shipped,Net Banking,Bangalore,Karnataka,15267.25,2290.09,
703510,6864,2023-07-30 12:37:22,Pending,Debit Card,Kochi,Kerala,86678.08,17335.62,
700316,6483,2022-05-17 09:41:22,Returned,Debit Card,Kochi,Kerala,12517.45,2503.49,
700600,6213,2025-12-20 08:33:42,Returned,UPI,Indore,Madhya Pradesh,156920.52,0.0,
707543,7234,2026-02-27 04:50:37,Pending,Debit Card,Bangalore,Karnataka,5554.91,555.49,
708034,6329,2024-02-10 20:56:58,Delivered,Debit Card,Delhi,Delhi,160590.05,24088.51,10.0
700354,7882,2023-12-20 20:57:17,Delivered,UPI,Hyderabad,Telangana,2235.39,0.0,4.0
707882,7768,2024-04-07 01:58:07,Pending,Debit Card,Hyderabad,Telangana,67236.5,6723.65,
708356,7443,2024-12-23 08:47:54,Returned,Cash on Delivery,Lucknow,Uttar Pradesh,21345.0,2134.5,
700863,6344,2023-07-23 00:58:30,Pending,EMI,Jaipur,Rajasthan,53039.0,2651.95,
705862,6281,2022-07-19 19:47:14,Pending,Debit Card,Surat,Gujarat,160615.5,0.0,
708003,6522,2023-05-13 20:18:27,Delivered,EMI,Chennai,Tamil Nadu,13370.22,1337.02,4.0
701907,7222,2024-02-06 11:48:50,Delivered,Credit Card,Lucknow,Uttar Pradesh,85738.14,0.0,1.0
707575,5335,2022-09-09 04:45:33,Cancelled,Debit Card,Nagpur,Maharashtra,22705.34,2270.53,
703057,7079,2024-06-30 09:32:30,Delivered,Credit Card,Nagpur,Maharashtra,54969.7,0.0,2.0
701673,7696,2026-07-05 12:10:58,Shipped,Credit Card,Bangalore,Karnataka,36065.32,3606.53,
701033,7534,2022-08-26 23:20:02,Shipped,Debit Card,Bhopal,Madhya Pradesh,21980.27,2198.03,
704654,6535,2025-07-26 21:50:02,Shipped,UPI,Indore,Madhya Pradesh,29623.47,2962.35,
706273,5794,2022-05-13 14:16:34,Pending,UPI,Nagpur,Maharashtra,21388.62,2138.86,
702315,5310,2022-02-16 09:51:37,Delivered,Net Banking,Ahmedabad,Gujarat,6161.53,308.08,3.0
708436,7391,2024-03-08 00:26:06,Returned,EMI,Indore,Madhya Pradesh,82168.69,8216.87,
702714,7562,2025-05-02 20:33:20,Shipped,Debit Card,Jaipur,Rajasthan,808.18,0.0,
700455,6425,2024-11-20 02:18:49,Delivered,EMI,Jaipur,Rajasthan,77727.06,11659.06,8.0
708344,6612,2022-06-29 22:34:48,Cancelled,Cash on Delivery,Nagpur,Maharashtra,339424.48,67884.9,
708456,7612,2024-05-19 20:24:01,Shipped,Debit Card,Ranchi,Jharkhand,194182.08,0.0,
705256,5066,2025-07-06 10:40:18,Delivered,Credit Card,Lucknow,Uttar Pradesh,3790.41,189.52,7.0
705250,5256,2023-12-19 01:31:53,Shipped,Net Banking,Jaipur,Rajasthan,67366.01,6736.6,
705279,7657,2024-11-14 07:47:09,Shipped,Cash on Delivery,Surat,Gujarat,37196.12,5579.42,
706739,5088,2025-08-15 13:43:17,Delivered,Debit Card,Ranchi,Jharkhand,14192.49,2128.87,1.0
705307,6556,2024-02-29 13:11:40,Delivered,Credit Card,Pune,Maharashtra,388361.53,19418.08,12.0
707759,7017,2022-08-11 03:37:25,Returned,Credit Card,Lucknow,Uttar Pradesh,49288.06,4928.81,
701491,5567,2022-09-14 02:32:55,Delivered,Credit Card,Patna,Bihar,9475.13,1895.03,1.0
707815,6665,2022-04-20 11:22:29,Delivered,EMI,Mumbai,Maharashtra,6457.71,0.0,5.0
702062,7334,2022-11-01 15:53:29,Cancelled,UPI,Surat,Gujarat,174742.12,8737.11,
703572,6640,2024-11-18 23:23:45,Shipped,UPI,Nagpur,Maharashtra,30497.85,4574.68,
704418,5722,2025-12-29 12:51:49,Shipped,Credit Card,Indore,Madhya Pradesh,45286.55,2264.33,
707052,5691,2025-12-27 11:36:05,Delivered,Net Banking,Coimbatore,Tamil Nadu,270888.47,0.0,12.0
704734,6670,2022-02-21 17:53:04,Shipped,Cash on Delivery,Nashik,Maharashtra,200880.62,0.0,
702992,7342,2026-07-10 15:04:37,Delivered,Debit Card,Patna,Bihar,16235.34,1623.53,4.0
700278,5900,2022-01-11 07:10:37,Delivered,EMI,Nagpur,Maharashtra,19206.76,0.0,1.0
708296,7017,2024-03-01 17:56:18,Shipped,Net Banking,Chennai,Tamil Nadu,125991.04,18898.66,
705061,6931,2023-10-28 09:36:06,Delivered,EMI,Kolkata,West Bengal,902.1,135.31,12.0
707908,7333,2025-08-04 20:37:20,Shipped,Net Banking,Indore,Madhya Pradesh,24197.56,0.0,
706477,7037,2025-04-22 14:20:00,Returned,EMI,Hyderabad,Telangana,3089.54,0.0,
705580,7878,2025-12-27 02:43:37,Cancelled,Cash on Delivery,Kochi,Kerala,113843.25,11384.33,
707109,7849,2024-09-23 06:27:04,Cancelled,Debit Card,Surat,Gujarat,6026.12,1205.22,
704544,6940,2023-12-13 10:04:38,Delivered,EMI,Mumbai,Maharashtra,55206.62,0.0,8.0
702901,6349,2025-12-18 17:11:10,Delivered,Net Banking,Surat,Gujarat,31253.08,3125.31,9.0
702848,7354,2026-02-06 22:15:25,Shipped,Net Banking,Pune,Maharashtra,20750.82,3112.62,
703681,6999,2025-05-13 17:54:47,Pending,EMI,Lucknow,Uttar Pradesh,5293.92,0.0,
702000,5607,2024-11-17 22:48:11,Returned,Cash on Delivery,Bhopal,Madhya Pradesh,43810.07,4381.01,
702017,6444,2025-05-04 08:08:02,Delivered,UPI,Nagpur,Maharashtra,13246.3,0.0,10.0
700662,5495,2024-01-19 12:57:47,Delivered,Cash on Delivery,Indore,Madhya Pradesh,900.22,0.0,4.0
702237,5195,2025-12-07 19:18:09,Returned,Net Banking,Coimbatore,Tamil Nadu,14850.21,2970.04,
706217,5386,2022-01-19 04:20:28,Delivered,UPI,Ahmedabad,Gujarat,81413.49,8141.35,3.0
705809,6566,2025-02-03 05:59:52,Delivered,Net Banking,Surat,Gujarat,7387.05,1108.06,6.0
704838,6069,2026-07-13 18:00:06,Delivered,UPI,Pune,Maharashtra,346712.32,69342.46,6.0
708384,6129,2023-11-29 13:06:11,Delivered,UPI,Nagpur,Maharashtra,147812.22,14781.22,6.0
702381,6601,2023-04-30 20:24:31,Delivered,Net Banking,Surat,Gujarat,12705.67,1270.57,9.0
701405,6363,2025-05-16 19:35:54,Pending,EMI,Kochi,Kerala,42299.92,0.0,
708485,5298,2023-03-31 02:28:05,Delivered,Net Banking,Chandigarh,Chandigarh,118336.04,0.0,6.0
706962,6363,2026-03-22 05:48:42,Cancelled,Net Banking,Nagpur,Maharashtra,5035.79,755.37,
705876,6909,2023-11-17 07:44:24,Returned,Cash on Delivery,Chennai,Tamil Nadu,230181.03,34527.15,
704522,6572,2026-06-28 11:49:29,Delivered,Credit Card,Chennai,Tamil Nadu,25721.49,1286.07,9.0
704513,6798,2023-01-03 05:59:19,Returned,Cash on Delivery,Mumbai,Maharashtra,2075.85,207.59,
701505,7225,2024-05-27 10:26:02,Pending,EMI,Coimbatore,Tamil Nadu,38889.63,0.0,
702864,6046,2024-10-04 22:21:39,Shipped,Debit Card,Hyderabad,Telangana,12304.35,1230.44,
706992,6722,2023-07-19 21:46:53,Delivered,Credit Card,Chandigarh,Chandigarh,93135.22,4656.76,12.0
701667,6087,2026-04-27 10:47:11,Delivered,UPI,Chennai,Tamil Nadu,4642.77,0.0,8.0
707982,6206,2022-06-07 12:06:53,Delivered,UPI,Jaipur,Rajasthan,2856.27,0.0,12.0
704548,5724,2022-05-13 22:08:18,Shipped,EMI,Mumbai,Maharashtra,60136.41,3006.82,
702060,5814,2023-06-16 11:23:16,Pending,Credit Card,Mumbai,Maharashtra,10567.41,0.0,
704176,7740,2023-10-21 07:09:52,Delivered,Cash on Delivery,Surat,Gujarat,274496.85,0.0,5.0
705048,7158,2025-03-14 14:03:10,Delivered,UPI,Bangalore,Karnataka,367743.79,73548.76,11.0
705439,6995,2024-02-03 20:14:09,Delivered,Net Banking,Nashik,Maharashtra,16101.33,0.0,10.0
705072,6035,2022-08-03 20:56:05,Delivered,EMI,Chennai,Tamil Nadu,44797.24,8959.45,10.0
708445,5482,2025-12-06 03:15:33,Delivered,Cash on Delivery,Coimbatore,Tamil Nadu,138203.94,0.0,12.0
704355,5223,2024-03-06 22:33:23,Delivered,UPI,Nashik,Maharashtra,18218.61,1821.86,4.0
706900,6489,2025-02-15 19:28:46,Delivered,Cash on Delivery,Delhi,Delhi,45820.2,6873.03,10.0
701841,6055,2026-06-25 07:34:35,Cancelled,Net Banking,Coimbatore,Tamil Nadu,9749.76,1462.46,
706367,6728,2022-12-11 06:59:02,Cancelled,Net Banking,Coimbatore,Tamil Nadu,9734.52,973.45,
705035,6319,2025-09-30 06:22:46,Returned,Debit Card,Ranchi,Jharkhand,204994.9,0.0,
701329,6228,2026-07-30 07:48:57,Delivered,Net Banking,Jaipur,Rajasthan,176805.69,0.0,3.0
702960,7738,2023-12-06 15:32:44,Pending,Credit Card,Hyderabad,Telangana,151907.37,22786.11,
700604,6122,2022-05-12 11:59:14,Shipped,Cash on Delivery,Chennai,Tamil Nadu,1800.44,90.02,
704060,5878,2024-02-01 19:08:00,Delivered,EMI,Chandigarh,Chandigarh,11496.48,574.82,8.0
702376,5320,2023-03-13 00:53:56,Pending,Net Banking,Nagpur,Maharashtra,108733.13,21746.63,
702517,6591,2024-01-15 12:36:28,Delivered,UPI,Mumbai,Maharashtra,27014.96,2701.5,6.0
705512,7715,2026-06-30 03:32:34,Returned,Debit Card,Ranchi,Jharkhand,2341.65,117.08,
705505,6159,2023-07-27 09:07:17,Delivered,Net Banking,Hyderabad,Telangana,28383.24,5676.65,10.0
702067,6922,2023-08-05 12:13:34,Delivered,Credit Card,Nagpur,Maharashtra,3137.11,0.0,2.0
701634,5308,2024-07-25 12:09:04,Returned,Cash on Delivery,Bhopal,Madhya Pradesh,3866.58,0.0,
707368,7446,2025-07-03 05:54:33,Delivered,Cash on Delivery,Nagpur,Maharashtra,38782.64,0.0,7.0
700488,7847,2022-11-10 08:17:20,Cancelled,UPI,Pune,Maharashtra,113188.28,0.0,
708325,7009,2024-07-20 06:06:10,Delivered,UPI,Indore,Madhya Pradesh,149405.0,14940.5,6.0
703473,6305,2023-04-09 08:01:47,Pending,EMI,Bangalore,Karnataka,91436.22,0.0,
707256,5465,2025-04-01 23:35:50,Returned,Net Banking,Ahmedabad,Gujarat,154113.56,30822.71,
703190,6921,2024-02-09 05:41:08,Shipped,EMI,Bangalore,Karnataka,21936.6,0.0,
708730,7024,2023-11-14 15:18:54,Delivered,Cash on Delivery,Coimbatore,Tamil Nadu,12648.58,0.0,11.0
707243,7490,2022-11-13 04:56:51,Cancelled,UPI,Chandigarh,Chandigarh,190311.03,0.0,
705673,6138,2023-05-05 12:25:15,Delivered,EMI,Patna,Bihar,243132.66,48626.53,12.0
708264,7759,2022-03-31 21:39:59,Cancelled,EMI,Bhopal,Madhya Pradesh,24077.34,1203.87,
703066,7783,2025-03-04 10:53:07,Cancelled,Credit Card,Hyderabad,Telangana,361448.81,0.0,
703152,6311,2023-05-21 05:19:50,Pending,Cash on Delivery,Jaipur,Rajasthan,84220.45,16844.09,
703409,6859,2023-04-18 23:20:30,Shipped,Cash on Delivery,Chandigarh,Chandigarh,16555.89,3311.18,
706298,6116,2025-09-28 16:43:10,Shipped,UPI,Surat,Gujarat,21233.74,1061.69,
707518,7323,2024-12-02 08:49:34,Shipped,EMI,Jaipur,Rajasthan,17888.1,0.0,
704284,5216,2025-09-11 03:52:53,Delivered,Credit Card,Nashik,Maharashtra,9092.12,909.21,5.0
705746,6895,2026-02-05 20:31:01,Cancelled,EMI,Chandigarh,Chandigarh,17404.37,2610.66,
702538,6199,2025-01-27 12:44:38,Pending,Credit Card,Jaipur,Rajasthan,80891.89,12133.78,
707811,7415,2022-08-30 19:02:44,Returned,Net Banking,Kolkata,West Bengal,348879.44,34887.94,
701178,5322,2024-09-11 01:42:01,Cancelled,UPI,Indore,Madhya Pradesh,114497.38,17174.61,
705886,5462,2025-04-03 02:23:22,Delivered,Cash on Delivery,Surat,Gujarat,29958.23,1497.91,7.0
700607,6460,2022-05-21 23:49:56,Delivered,UPI,Lucknow,Uttar Pradesh,173809.29,8690.46,7.0
706589,7245,2023-02-18 10:07:56,Pending,EMI,Chandigarh,Chandigarh,5629.2,0.0,
705925,5519,2024-01-31 04:01:41,Delivered,EMI,Ranchi,Jharkhand,36144.99,5421.75,9.0
700574,6591,2022-01-13 01:25:50,Delivered,Net Banking,Ranchi,Jharkhand,24992.1,0.0,6.0
705919,7509,2025-12-24 04:16:09,Delivered,Net Banking,Chennai,Tamil Nadu,4874.88,974.98,5.0
704345,7197,2025-10-14 14:53:23,Delivered,Credit Card,Kolkata,West Bengal,14220.04,1422.0,12.0
701444,7988,2024-01-20 23:54:20,Delivered,Cash on Delivery,Kochi,Kerala,208874.34,20887.43,9.0
703329,6899,2025-02-09 19:45:39,Delivered,Cash on Delivery,Bangalore,Karnataka,4660.24,0.0,5.0
704113,7251,2025-04-08 01:42:21,Delivered,Net Banking,Jaipur,Rajasthan,14509.7,1450.97,8.0
702959,7106,2024-12-12 03:45:39,Returned,Net Banking,Surat,Gujarat,21543.74,1077.19,
707506,6183,2026-04-29 01:56:46,Delivered,Debit Card,Coimbatore,Tamil Nadu,17755.5,887.78,7.0
700353,5846,2024-03-24 04:55:10,Delivered,Credit Card,Bangalore,Karnataka,46924.38,4692.44,11.0
707703,6434,2024-05-28 08:00:56,Delivered,Net Banking,Pune,Maharashtra,192642.67,0.0,5.0
703707,7933,2023-08-02 12:47:52,Returned,Cash on Delivery,Ahmedabad,Gujarat,158754.72,0.0,
703855,5812,2024-04-05 14:51:44,Cancelled,Net Banking,Bangalore,Karnataka,31101.52,3110.15,
706048,6505,2023-12-17 15:03:48,Returned,Net Banking,Pune,Maharashtra,38763.09,5814.46,
703051,6366,2025-05-04 07:14:33,Delivered,Debit Card,Bhopal,Madhya Pradesh,244605.25,36690.79,11.0
704661,7147,2026-04-02 20:36:57,Delivered,Debit Card,Mumbai,Maharashtra,1285.6,192.84,11.0
700144,5971,2026-01-07 15:50:40,Delivered,Credit Card,Nagpur,Maharashtra,292185.72,58437.14,3.0
700244,7066,2024-12-31 02:34:50,Delivered,Cash on Delivery,Bangalore,Karnataka,8978.16,0.0,9.0
702832,6992,2024-08-24 02:37:43,Delivered,UPI,Ranchi,Jharkhand,353135.68,52970.35,9.0
704025,6856,2022-03-17 21:40:02,Cancelled,EMI,Chennai,Tamil Nadu,101841.77,5092.09,
707038,6366,2025-03-17 21:20:47,Pending,Net Banking,Indore,Madhya Pradesh,136668.55,13666.86,
702365,5476,2026-05-18 19:51:01,Delivered,Net Banking,Coimbatore,Tamil Nadu,2437.44,0.0,12.0
703788,6562,2025-12-22 01:40:49,Cancelled,Debit Card,Delhi,Delhi,175840.93,0.0,
708487,5571,2022-04-11 16:05:13,Delivered,Debit Card,Chandigarh,Chandigarh,4259.35,638.9,12.0
708289,5521,2025-08-11 03:04:05,Returned,Net Banking,Surat,Gujarat,49602.76,7440.41,
703815,5911,2025-02-23 22:32:39,Returned,UPI,Patna,Bihar,18856.28,942.81,
703348,7304,2025-08-09 00:53:59,Delivered,UPI,Jaipur,Rajasthan,24243.76,0.0,9.0
704805,7220,2025-08-21 15:04:56,Shipped,Net Banking,Chandigarh,Chandigarh,48927.36,9785.47,
701628,5808,2024-02-09 00:12:24,Delivered,Net Banking,Surat,Gujarat,380012.85,38001.28,7.0
701244,7631,2022-09-16 12:17:45,Delivered,Cash on Delivery,Lucknow,Uttar Pradesh,8443.8,0.0,3.0
705870,6863,2023-06-05 02:28:35,Shipped,Credit Card,Kochi,Kerala,4330.29,216.51,
707814,6946,2022-07-24 22:20:09,Delivered,Credit Card,Kolkata,West Bengal,85673.83,0.0,3.0
703104,7514,2022-04-19 00:55:39,Cancelled,Credit Card,Mumbai,Maharashtra,8145.97,814.6,
708705,5746,2024-07-05 22:31:17,Delivered,Cash on Delivery,Bhopal,Madhya Pradesh,3060.97,0.0,8.0
705363,5332,2026-02-17 23:05:51,Delivered,Debit Card,Indore,Madhya Pradesh,26504.3,2650.43,1.0
705520,7657,2026-01-19 02:23:18,Delivered,Net Banking,Jaipur,Rajasthan,13141.48,0.0,9.0
701155,7850,2025-04-01 08:32:51,Cancelled,UPI,Patna,Bihar,19185.45,3837.09,
700282,7628,2023-03-10 14:49:24,Cancelled,Net Banking,Kochi,Kerala,7985.79,0.0,
700597,6621,2024-03-18 02:42:07,Delivered,Credit Card,Chennai,Tamil Nadu,63603.24,0.0,10.0
706689,7647,2023-11-30 06:59:02,Delivered,UPI,Patna,Bihar,11768.27,1176.83,1.0
704866,5796,2023-04-23 01:35:31,Delivered,EMI,Mumbai,Maharashtra,7083.04,1062.46,2.0
706223,7922,2024-04-26 08:53:38,Returned,Debit Card,Ahmedabad,Gujarat,347957.27,52193.59,
707031,5315,2025-01-14 03:57:18,Delivered,Net Banking,Patna,Bihar,334409.12,0.0,11.0
702249,7952,2023-01-25 10:42:46,Returned,Net Banking,Nashik,Maharashtra,222570.82,0.0,
702193,5621,2024-10-21 17:02:16,Delivered,Debit Card,Ahmedabad,Gujarat,14647.47,0.0,4.0
705779,7972,2022-03-27 14:31:58,Delivered,EMI,Surat,Gujarat,40435.46,6065.32,11.0
705838,7471,2024-10-08 10:53:07,Delivered,Cash on Delivery,Chandigarh,Chandigarh,2656.56,398.48,6.0
705469,7030,2023-01-30 02:20:13,Delivered,EMI,Nashik,Maharashtra,270.17,0.0,3.0
706882,5053,2023-09-23 01:50:35,Returned,Cash on Delivery,Chennai,Tamil Nadu,8101.12,0.0,
702117,6301,2026-02-18 00:32:57,Returned,Credit Card,Kolkata,West Bengal,298896.32,59779.26,
706137,6253,2023-06-14 23:14:40,Returned,UPI,Chandigarh,Chandigarh,23530.17,0.0,
704632,5148,2022-03-10 15:20:45,Delivered,Debit Card,Ranchi,Jharkhand,316794.17,63358.83,1.0
700750,7125,2022-07-05 18:32:01,Returned,Credit Card,Bhopal,Madhya Pradesh,34974.94,5246.24,
707607,5383,2022-05-19 23:22:15,Cancelled,Debit Card,Jaipur,Rajasthan,262573.67,26257.37,
706917,5172,2026-05-23 17:40:48,Delivered,UPI,Jaipur,Rajasthan,247310.33,37096.55,4.0
705901,6294,2022-09-13 02:31:41,Pending,Net Banking,Bhopal,Madhya Pradesh,10883.49,544.17,
706775,6253,2026-01-01 03:44:29,Returned,Net Banking,Chandigarh,Chandigarh,22403.86,1120.19,
703151,7216,2025-05-22 11:29:53,Returned,Credit Card,Patna,Bihar,16895.16,0.0,
704856,6012,2022-08-08 02:43:06,Delivered,Debit Card,Pune,Maharashtra,72527.07,7252.71,11.0
700630,7972,2022-04-29 08:32:58,Returned,EMI,Coimbatore,Tamil Nadu,44540.42,4454.04,
701796,7953,2022-09-19 12:45:45,Shipped,Cash on Delivery,Nashik,Maharashtra,1758.04,263.71,
701267,6627,2022-09-17 18:12:35,Delivered,Cash on Delivery,Patna,Bihar,27266.88,0.0,4.0
708961,7129,2022-09-19 20:45:52,Delivered,Debit Card,Ranchi,Jharkhand,3013.56,602.71,8.0
705997,7525,2026-04-19 15:00:45,Shipped,UPI,Nashik,Maharashtra,232965.58,23296.56,
702127,6507,2025-04-15 02:49:21,Delivered,Cash on Delivery,Lucknow,Uttar Pradesh,5339.8,0.0,4.0
701330,7651,2026-01-13 13:47:10,Delivered,Credit Card,Jaipur,Rajasthan,922.02,0.0,10.0
706279,7055,2023-03-30 02:06:09,Pending,EMI,Lucknow,Uttar Pradesh,21394.52,2139.45,
708437,6992,2025-08-21 21:51:35,Delivered,Credit Card,Bangalore,Karnataka,14087.44,704.37,6.0
700511,5015,2022-12-28 08:36:57,Returned,Net Banking,Jaipur,Rajasthan,13780.23,0.0,
704419,7430,2025-04-22 13:35:19,Delivered,Net Banking,Chennai,Tamil Nadu,385.54,19.28,8.0
706774,7657,2025-09-12 16:36:12,Pending,EMI,Ahmedabad,Gujarat,233083.98,0.0,
706530,5481,2023-11-03 22:59:37,Delivered,UPI,Kochi,Kerala,224974.55,33746.18,6.0
703857,7695,2026-01-17 13:42:14,Cancelled,Credit Card,Nashik,Maharashtra,47960.06,4796.01,
706579,7028,2026-01-22 15:16:57,Delivered,EMI,Ranchi,Jharkhand,12511.77,625.59,9.0
705369,5193,2025-08-21 15:52:18,Delivered,Net Banking,Lucknow,Uttar Pradesh,53613.28,2680.66,10.0
705128,5876,2022-06-27 19:42:41,Returned,Net Banking,Ahmedabad,Gujarat,8644.65,1728.93,
703853,5213,2025-11-02 13:41:06,Cancelled,EMI,Mumbai,Maharashtra,13236.27,1323.63,
708508,7334,2023-01-09 07:51:04,Pending,EMI,Patna,Bihar,28841.06,2884.11,
703077,6226,2025-08-16 00:54:09,Cancelled,Debit Card,Delhi,Delhi,7664.9,0.0,
708844,5756,2022-02-18 10:03:56,Returned,Net Banking,Nagpur,Maharashtra,3716.44,0.0,
708198,6209,2025-03-05 00:47:12,Shipped,Credit Card,Surat,Gujarat,627.01,0.0,
702899,7625,2023-02-07 06:02:31,Delivered,Debit Card,Hyderabad,Telangana,92413.6,0.0,7.0
706129,6037,2024-12-01 14:45:53,Returned,EMI,Jaipur,Rajasthan,89080.08,8908.01,
707079,5499,2023-11-06 02:29:41,Returned,EMI,Bangalore,Karnataka,166904.09,0.0,
708457,6291,2022-02-19 01:55:32,Returned,Credit Card,Pune,Maharashtra,123937.84,0.0,
700654,6325,2022-03-16 02:33:35,Delivered,EMI,Delhi,Delhi,205121.44,0.0,10.0
707974,5679,2025-08-12 19:01:36,Pending,UPI,Bhopal,Madhya Pradesh,5385.99,269.3,
708373,5539,2024-08-28 13:42:28,Pending,Cash on Delivery,Kochi,Kerala,17483.6,2622.54,
704303,5663,2022-10-10 14:24:38,Returned,Net Banking,Kolkata,West Bengal,3023.71,604.74,
705584,6371,2025-10-20 16:56:47,Cancelled,Net Banking,Ahmedabad,Gujarat,82896.43,16579.29,
701632,5209,2023-03-15 08:30:14,Cancelled,UPI,Chandigarh,Chandigarh,823.62,82.36,
707937,5849,2026-05-24 21:06:33,Delivered,Net Banking,Chandigarh,Chandigarh,16816.24,0.0,6.0
702685,6930,2026-07-16 08:52:21,Delivered,EMI,Bhopal,Madhya Pradesh,69619.57,0.0,10.0
706502,6966,2025-10-29 22:03:30,Shipped,Debit Card,Kolkata,West Bengal,38776.8,0.0,
704295,5215,2024-02-18 22:11:10,Returned,Cash on Delivery,Chennai,Tamil Nadu,39049.18,5857.38,
704916,7663,2022-05-30 18:30:47,Shipped,Cash on Delivery,Surat,Gujarat,275981.41,0.0,
703841,7570,2024-11-30 01:08:16,Shipped,EMI,Lucknow,Uttar Pradesh,15135.6,2270.34,
703480,7427,2025-10-04 04:36:52,Delivered,Credit Card,Coimbatore,Tamil Nadu,79907.63,0.0,11.0
705269,6654,2024-06-07 02:05:45,Returned,EMI,Ahmedabad,Gujarat,579.54,115.91,
707469,7641,2026-04-07 09:27:09,Pending,EMI,Coimbatore,Tamil Nadu,28606.77,0.0,
701326,7376,2026-03-07 14:34:33,Delivered,Debit Card,Patna,Bihar,79994.45,0.0,1.0
703137,5504,2025-07-03 08:25:33,Returned,EMI,Hyderabad,Telangana,6047.69,1209.54,
702447,6589,2025-03-13 00:05:45,Shipped,Cash on Delivery,Jaipur,Rajasthan,96122.7,0.0,
706550,6270,2025-08-07 09:38:23,Delivered,UPI,Hyderabad,Telangana,334298.12,0.0,10.0
705907,7661,2026-05-30 19:51:04,Returned,Debit Card,Kolkata,West Bengal,24583.16,4916.63,
701466,7795,2024-02-21 02:09:40,Cancelled,Cash on Delivery,Chandigarh,Chandigarh,45199.77,6779.97,
708530,7467,2026-07-28 03:33:24,Shipped,UPI,Lucknow,Uttar Pradesh,9139.66,1827.93,
701423,5765,2024-02-12 17:35:57,Cancelled,EMI,Pune,Maharashtra,20022.46,1001.12,
703949,5459,2023-06-10 15:03:25,Pending,Net Banking,Chandigarh,Chandigarh,29765.53,2976.55,
705861,6089,2022-05-16 18:51:58,Delivered,UPI,Chandigarh,Chandigarh,1914.34,0.0,11.0
700349,5042,2024-02-01 19:49:27,Shipped,EMI,Kolkata,West Bengal,18262.28,2739.34,
700121,6427,2023-02-27 01:37:19,Pending,Net Banking,Nashik,Maharashtra,448555.72,0.0,
702595,7285,2024-12-25 18:23:09,Delivered,Net Banking,Chandigarh,Chandigarh,361293.09,18064.65,1.0
702722,5048,2024-10-25 16:31:24,Delivered,Debit Card,Chennai,Tamil Nadu,43298.29,6494.74,3.0
703233,7532,2023-08-10 21:19:50,Delivered,EMI,Hyderabad,Telangana,58245.77,11649.15,6.0
706462,5765,2026-04-25 07:54:20,Delivered,Cash on Delivery,Patna,Bihar,22952.07,4590.41,2.0
703773,5966,2024-03-03 23:27:37,Delivered,Debit Card,Surat,Gujarat,209238.84,20923.88,11.0
702966,5249,2023-09-28 07:54:27,Shipped,UPI,Nashik,Maharashtra,21353.82,0.0,
705850,6949,2022-03-10 03:19:53,Delivered,UPI,Kolkata,West Bengal,24077.34,3611.6,6.0
701118,6083,2023-09-20 07:55:18,Cancelled,Credit Card,Surat,Gujarat,29372.56,5874.51,
707649,6128,2023-04-16 15:35:00,Cancelled,UPI,Mumbai,Maharashtra,389.49,77.9,
708914,7770,2023-10-17 10:08:44,Delivered,Debit Card,Chennai,Tamil Nadu,53442.64,10688.53,4.0
707229,7105,2024-01-03 18:58:15,Cancelled,Credit Card,Patna,Bihar,60599.4,9089.91,
705387,6839,2026-06-20 13:49:14,Delivered,UPI,Coimbatore,Tamil Nadu,71766.88,10765.03,12.0
704093,6254,2022-01-25 14:18:13,Cancelled,Cash on Delivery,Mumbai,Maharashtra,165497.96,0.0,
706061,7785,2024-06-07 11:58:53,Delivered,EMI,Patna,Bihar,3201.75,0.0,7.0
707707,5585,2023-07-17 13:09:59,Delivered,Cash on Delivery,Kochi,Kerala,10359.39,517.97,1.0
702041,7575,2025-08-08 07:13:41,Shipped,Debit Card,Hyderabad,Telangana,386049.8,57907.47,
701896,5267,2026-05-21 17:15:27,Delivered,Cash on Delivery,Bangalore,Karnataka,331656.79,0.0,2.0
701533,5774,2023-09-02 13:27:09,Delivered,UPI,Hyderabad,Telangana,38796.17,0.0,3.0
700773,7939,2025-10-18 20:29:44,Returned,Cash on Delivery,Patna,Bihar,137959.43,20693.91,
704208,5253,2023-10-17 23:41:07,Shipped,UPI,Hyderabad,Telangana,167949.41,33589.88,
708826,7273,2024-07-09 20:49:48,Delivered,EMI,Delhi,Delhi,535089.71,80263.46,10.0
706438,5859,2023-01-24 07:05:19,Cancelled,UPI,Pune,Maharashtra,38086.14,0.0,
706549,6536,2025-08-08 15:45:33,Delivered,Net Banking,Kochi,Kerala,183072.82,0.0,2.0
701573,7058,2022-01-20 22:14:23,Delivered,EMI,Chennai,Tamil Nadu,43786.05,6567.91,5.0
706029,7542,2025-12-21 01:48:53,Delivered,EMI,Mumbai,Maharashtra,153706.33,0.0,5.0
700277,5116,2025-08-03 05:10:09,Shipped,Cash on Delivery,Ahmedabad,Gujarat,89715.38,8971.54,
700204,6388,2022-07-11 09:20:01,Shipped,Net Banking,Ahmedabad,Gujarat,40070.76,8014.15,
700660,6510,2026-04-25 11:43:44,Delivered,Debit Card,Ranchi,Jharkhand,443.13,0.0,3.0
701254,6297,2024-07-06 06:27:51,Delivered,Debit Card,Pune,Maharashtra,29901.16,0.0,9.0
701486,5553,2023-07-02 10:44:47,Delivered,Net Banking,Delhi,Delhi,1647.24,247.09,7.0
708453,6400,2024-06-09 20:42:56,Delivered,EMI,Hyderabad,Telangana,23833.01,4766.6,10.0
707114,6000,2022-07-07 04:41:18,Shipped,Cash on Delivery,Chennai,Tamil Nadu,92595.28,4629.76,
705558,5724,2023-11-24 00:41:25,Delivered,Debit Card,Delhi,Delhi,21411.36,0.0,10.0
706466,7922,2024-04-07 01:25:52,Pending,EMI,Jaipur,Rajasthan,9759.27,1951.85,
700449,6929,2022-01-17 18:16:13,Returned,Debit Card,Ahmedabad,Gujarat,80484.97,0.0,
700003,5272,2025-07-13 12:47:13,Delivered,Debit Card,Kochi,Kerala,24653.08,3697.96,11.0
706654,5686,2025-05-10 22:24:56,Returned,Credit Card,Ahmedabad,Gujarat,18098.63,2714.79,
705999,7812,2023-11-05 12:07:19,Cancelled,Debit Card,Nagpur,Maharashtra,34759.24,1737.96,
707885,6029,2024-06-09 17:16:36,Returned,UPI,Coimbatore,Tamil Nadu,43822.52,4382.25,
705888,7227,2025-11-15 03:08:40,Cancelled,Cash on Delivery,Jaipur,Rajasthan,164276.06,0.0,
707513,7808,2022-11-07 16:16:32,Pending,Cash on Delivery,Ranchi,Jharkhand,11642.58,1746.39,
704372,5101,2025-11-08 02:45:35,Shipped,Debit Card,Indore,Madhya Pradesh,32726.04,6545.21,
702480,6642,2025-05-22 04:05:15,Delivered,Debit Card,Chandigarh,Chandigarh,3967.59,396.76,9.0
708212,7255,2022-04-06 03:04:36,Delivered,EMI,Lucknow,Uttar Pradesh,332521.68,66504.34,8.0
708863,7507,2026-02-13 20:19:04,Delivered,Net Banking,Nashik,Maharashtra,65556.04,0.0,11.0
701947,5854,2026-06-14 05:21:10,Cancelled,UPI,Indore,Madhya Pradesh,227968.86,34195.33,
700656,5602,2024-05-11 17:59:07,Shipped,Cash on Delivery,Nagpur,Maharashtra,75346.39,11301.96,
708406,7924,2022-11-20 22:38:44,Cancelled,Net Banking,Surat,Gujarat,9826.53,491.33,
703733,7080,2023-06-10 07:28:32,Cancelled,Credit Card,Bangalore,Karnataka,18870.29,3774.06,
707964,7633,2022-01-05 21:25:16,Delivered,Cash on Delivery,Jaipur,Rajasthan,70748.32,3537.42,6.0
706968,6762,2024-05-10 17:39:58,Delivered,Net Banking,Nashik,Maharashtra,4091.52,0.0,8.0
705492,5408,2022-06-23 01:35:31,Cancelled,UPI,Jaipur,Rajasthan,157376.62,0.0,
704554,7157,2023-06-07 02:49:10,Shipped,Net Banking,Bangalore,Karnataka,3177.96,0.0,
701995,6323,2024-05-04 17:02:52,Cancelled,EMI,Lucknow,Uttar Pradesh,79732.5,11959.88,
706265,6749,2026-02-05 11:57:58,Shipped,Debit Card,Nagpur,Maharashtra,14942.26,0.0,
700192,7524,2022-07-28 12:34:19,Delivered,Cash on Delivery,Lucknow,Uttar Pradesh,189887.68,18988.77,10.0
706418,7618,2023-02-27 19:45:57,Pending,Cash on Delivery,Indore,Madhya Pradesh,20901.92,1045.1,
708821,5892,2025-06-28 14:05:10,Delivered,EMI,Chandigarh,Chandigarh,886.26,132.94,3.0
706699,7084,2025-11-14 14:12:56,Cancelled,UPI,Bhopal,Madhya Pradesh,310461.34,31046.13,
707380,5382,2023-01-26 22:10:52,Delivered,Credit Card,Delhi,Delhi,33501.95,0.0,2.0
707219,6481,2023-05-10 15:26:51,Returned,Credit Card,Surat,Gujarat,107735.9,21547.18,
700261,7432,2022-07-30 07:22:37,Delivered,Net Banking,Hyderabad,Telangana,526.49,0.0,12.0
702066,5046,2024-10-20 05:16:40,Cancelled,Debit Card,Surat,Gujarat,172961.2,25944.18,
700156,6497,2025-12-29 16:11:46,Delivered,Net Banking,Nashik,Maharashtra,36639.25,3663.93,8.0
708460,5798,2025-07-17 13:53:43,Delivered,EMI,Patna,Bihar,21827.28,2182.73,11.0
704441,7619,2026-07-05 08:40:19,Delivered,Net Banking,Hyderabad,Telangana,24660.1,3699.01,1.0
701215,7748,2026-03-31 20:44:00,Cancelled,UPI,Coimbatore,Tamil Nadu,41925.52,0.0,
701878,7096,2024-03-02 14:28:02,Delivered,Net Banking,Mumbai,Maharashtra,8393.4,0.0,10.0
702575,7968,2023-05-14 00:05:06,Cancelled,Debit Card,Coimbatore,Tamil Nadu,384500.82,57675.12,
700835,7846,2025-09-26 18:06:29,Delivered,UPI,Kolkata,West Bengal,21577.74,2157.77,3.0
704935,6757,2023-06-16 08:56:18,Returned,Net Banking,Chennai,Tamil Nadu,2168.5,108.43,
700530,5944,2022-07-27 20:22:38,Delivered,EMI,Surat,Gujarat,371123.91,74224.78,7.0
700398,5613,2025-02-06 11:30:11,Delivered,Cash on Delivery,Indore,Madhya Pradesh,343949.38,0.0,11.0
703040,7447,2026-01-25 08:25:45,Delivered,UPI,Ahmedabad,Gujarat,70473.6,0.0,8.0
706441,6023,2025-01-21 18:00:03,Cancelled,EMI,Delhi,Delhi,34682.8,5202.42,
701956,7121,2023-03-05 03:48:20,Cancelled,Cash on Delivery,Surat,Gujarat,4265.07,0.0,
706027,5169,2024-09-06 15:35:47,Cancelled,Debit Card,Bhopal,Madhya Pradesh,81847.71,16369.54,
708227,5408,2023-07-19 13:43:48,Delivered,Cash on Delivery,Pune,Maharashtra,6542.32,1308.46,3.0
704221,6490,2024-09-24 02:43:35,Delivered,Cash on Delivery,Surat,Gujarat,64245.37,0.0,11.0
701901,6796,2026-05-18 19:53:04,Cancelled,Debit Card,Chandigarh,Chandigarh,8892.79,444.64,
708379,5143,2026-08-04 05:52:47,Delivered,Debit Card,Indore,Madhya Pradesh,1780.92,178.09,5.0
700254,6451,2025-05-06 23:22:15,Pending,EMI,Patna,Bihar,121107.6,0.0,
706564,5793,2026-07-27 07:03:17,Returned,EMI,Kochi,Kerala,5982.82,299.14,
704560,6629,2024-06-22 14:00:20,Delivered,Credit Card,Hyderabad,Telangana,12032.62,1203.26,7.0
705684,7283,2024-09-01 00:09:54,Cancelled,Cash on Delivery,Patna,Bihar,13294.96,1994.24,
707764,7612,2026-03-01 00:11:05,Shipped,Net Banking,Lucknow,Uttar Pradesh,52325.9,5232.59,
705461,5347,2024-07-12 05:11:46,Cancelled,Cash on Delivery,Chandigarh,Chandigarh,127886.77,25577.35,
702967,6609,2022-05-13 05:46:22,Delivered,Net Banking,Mumbai,Maharashtra,34116.75,0.0,3.0
705000,5617,2026-05-01 02:28:06,Delivered,Debit Card,Ranchi,Jharkhand,30920.36,4638.05,4.0
707009,7319,2023-06-19 10:48:41,Delivered,EMI,Kolkata,West Bengal,41958.37,2097.92,2.0
705889,5502,2022-12-12 17:10:24,Returned,EMI,Pune,Maharashtra,42573.16,2128.66,
703423,6858,2024-11-16 05:45:57,Delivered,Cash on Delivery,Chennai,Tamil Nadu,6427.31,1285.46,2.0
702551,6143,2024-09-07 17:24:30,Shipped,Credit Card,Ahmedabad,Gujarat,48484.23,9696.85,
702091,5192,2025-06-30 08:39:43,Delivered,Cash on Delivery,Lucknow,Uttar Pradesh,22905.87,4581.17,8.0
705277,6444,2026-01-03 19:18:06,Cancelled,Cash on Delivery,Nagpur,Maharashtra,2592.16,0.0,
703736,5882,2024-07-18 09:28:28,Delivered,Debit Card,Chandigarh,Chandigarh,189536.58,9476.83,3.0
708718,6953,2025-07-13 10:21:16,Pending,Debit Card,Bhopal,Madhya Pradesh,112536.49,0.0,
708256,7154,2024-12-09 01:23:24,Pending,Debit Card,Ranchi,Jharkhand,70648.86,10597.33,
706495,5629,2023-08-07 17:01:35,Cancelled,EMI,Surat,Gujarat,173955.72,34791.14,
708823,6617,2025-07-04 03:43:35,Cancelled,Cash on Delivery,Nashik,Maharashtra,3561.84,356.18,
705938,6125,2024-07-01 16:06:28,Delivered,UPI,Kochi,Kerala,246377.84,49275.57,9.0
706212,6049,2022-10-10 00:53:12,Delivered,Net Banking,Patna,Bihar,955.4,0.0,5.0
708345,7107,2022-04-01 12:24:34,Delivered,UPI,Delhi,Delhi,8179.8,408.99,5.0
703372,6959,2025-11-29 09:16:14,Delivered,UPI,Indore,Madhya Pradesh,10315.96,1547.39,2.0
707889,7990,2025-05-21 11:27:45,Delivered,Cash on Delivery,Pune,Maharashtra,50863.89,5086.39,2.0
703542,6797,2025-07-01 11:26:42,Shipped,Net Banking,Coimbatore,Tamil Nadu,210502.38,42100.48,
705259,6791,2024-05-01 11:31:22,Delivered,Credit Card,Bangalore,Karnataka,9096.92,909.69,9.0
708560,7802,2022-03-13 13:42:46,Delivered,EMI,Surat,Gujarat,26660.11,5332.02,1.0
702228,6130,2023-02-25 19:22:00,Delivered,Credit Card,Lucknow,Uttar Pradesh,271369.87,0.0,1.0
708550,7846,2022-08-13 08:09:49,Pending,Net Banking,Pune,Maharashtra,93415.4,18683.08,
704520,7843,2026-04-22 17:02:28,Pending,Credit Card,Kolkata,West Bengal,5425.84,0.0,
707449,5392,2024-01-07 12:11:48,Pending,Debit Card,Kochi,Kerala,257333.78,25733.38,
700538,6721,2022-10-08 13:59:34,Delivered,EMI,Indore,Madhya Pradesh,17196.64,1719.66,3.0
708115,5943,2024-01-17 23:05:29,Delivered,UPI,Bhopal,Madhya Pradesh,9781.62,1467.24,12.0
704600,5065,2025-12-09 02:32:21,Returned,EMI,Indore,Madhya Pradesh,24369.1,2436.91,
706006,5961,2024-04-15 06:45:15,Delivered,Debit Card,Nagpur,Maharashtra,50830.18,0.0,8.0
706959,5994,2025-05-31 05:14:05,Delivered,Cash on Delivery,Jaipur,Rajasthan,42115.73,2105.79,4.0
702075,7121,2024-07-28 18:56:01,Delivered,Debit Card,Mumbai,Maharashtra,125481.16,25096.23,10.0
703586,5079,2022-07-12 16:35:21,Delivered,Cash on Delivery,Ranchi,Jharkhand,1022.2,51.11,4.0
705586,5056,2024-08-12 12:01:21,Delivered,Debit Card,Surat,Gujarat,16092.22,0.0,7.0
702204,5003,2023-07-17 05:09:41,Delivered,Credit Card,Bhopal,Madhya Pradesh,4816.59,0.0,3.0
704350,5645,2025-12-26 09:25:21,Delivered,Credit Card,Bangalore,Karnataka,5840.56,292.03,3.0
703396,5473,2026-05-14 15:25:22,Delivered,Debit Card,Hyderabad,Telangana,181722.05,9086.1,7.0
701304,5925,2023-07-09 19:49:06,Shipped,Cash on Delivery,Chandigarh,Chandigarh,61134.49,0.0,
707472,6599,2025-10-02 07:08:36,Delivered,Debit Card,Bhopal,Madhya Pradesh,4567.68,228.38,8.0
708477,6071,2022-06-26 00:45:58,Delivered,Net Banking,Nashik,Maharashtra,240945.7,12047.29,9.0
700792,7978,2025-08-05 00:04:03,Returned,Cash on Delivery,Coimbatore,Tamil Nadu,171727.22,34345.44,
705890,6159,2022-08-04 21:40:12,Cancelled,Credit Card,Delhi,Delhi,18053.72,2708.06,
704314,6896,2024-04-26 01:44:59,Delivered,UPI,Ranchi,Jharkhand,16267.35,813.37,2.0
700868,5288,2022-12-24 01:37:20,Pending,Net Banking,Chennai,Tamil Nadu,187664.33,37532.87,
707604,5200,2024-08-21 23:14:59,Returned,Net Banking,Patna,Bihar,1320.36,0.0,
700009,5540,2025-07-21 07:09:42,Returned,Cash on Delivery,Mumbai,Maharashtra,9270.76,0.0,
700526,6612,2024-03-19 19:02:00,Cancelled,Credit Card,Kolkata,West Bengal,238.34,0.0,
702978,6994,2023-10-12 23:37:36,Delivered,Net Banking,Kochi,Kerala,193615.34,9680.77,11.0
707212,5312,2022-03-15 19:38:06,Delivered,Cash on Delivery,Chandigarh,Chandigarh,63091.5,0.0,8.0
704334,5384,2022-07-08 00:12:27,Delivered,EMI,Delhi,Delhi,31322.19,4698.33,4.0
705494,5143,2026-02-01 01:00:10,Delivered,Net Banking,Jaipur,Rajasthan,259939.13,25993.91,10.0
701582,6223,2026-05-11 23:33:01,Delivered,Credit Card,Pune,Maharashtra,3542.08,531.31,5.0
700380,6922,2025-09-21 09:02:36,Cancelled,Cash on Delivery,Nagpur,Maharashtra,24831.99,4966.4,
708293,5949,2022-03-26 01:42:37,Shipped,EMI,Chandigarh,Chandigarh,2486.16,497.23,
707635,7777,2024-04-20 11:07:25,Returned,Net Banking,Hyderabad,Telangana,64202.71,12840.54,
705294,6483,2023-07-17 09:48:39,Delivered,EMI,Hyderabad,Telangana,75371.52,11305.73,1.0
703903,7796,2024-10-19 03:58:28,Delivered,UPI,Kochi,Kerala,196962.97,19696.3,6.0
708473,7421,2026-05-31 23:01:18,Delivered,UPI,Indore,Madhya Pradesh,81210.01,4060.5,11.0
702115,5557,2023-12-13 21:13:01,Delivered,Credit Card,Bangalore,Karnataka,327658.23,0.0,5.0
705220,6226,2022-05-11 03:59:56,Delivered,Credit Card,Delhi,Delhi,19301.82,0.0,12.0
703667,6696,2024-12-30 09:11:22,Delivered,Debit Card,Bhopal,Madhya Pradesh,151935.99,22790.4,9.0
705975,5952,2023-11-15 22:09:33,Pending,EMI,Hyderabad,Telangana,173356.16,17335.62,
705474,7695,2026-03-07 01:40:28,Pending,UPI,Nashik,Maharashtra,80371.88,0.0,
706158,6106,2022-11-05 04:23:50,Returned,EMI,Kochi,Kerala,37095.34,0.0,
700329,5914,2022-01-05 11:54:16,Delivered,Credit Card,Nagpur,Maharashtra,20121.97,3018.3,2.0
707791,6449,2022-10-08 03:47:20,Cancelled,UPI,Ranchi,Jharkhand,183050.41,0.0,
700768,7227,2025-08-30 18:01:21,Shipped,EMI,Pune,Maharashtra,475003.09,71250.46,
704697,6473,2026-04-14 07:51:51,Returned,Debit Card,Bhopal,Madhya Pradesh,15537.66,0.0,
704353,5427,2022-11-15 15:22:59,Returned,EMI,Mumbai,Maharashtra,145227.81,0.0,
705036,6846,2022-01-12 22:27:16,Shipped,EMI,Coimbatore,Tamil Nadu,239138.56,0.0,
706590,5680,2022-02-24 11:35:39,Cancelled,EMI,Surat,Gujarat,23160.1,0.0,
706232,5152,2022-07-31 03:04:47,Delivered,EMI,Mumbai,Maharashtra,3765.32,0.0,10.0
707794,5031,2022-05-19 04:24:36,Shipped,Cash on Delivery,Nashik,Maharashtra,100881.52,0.0,
708786,6628,2026-07-27 09:43:11,Cancelled,EMI,Ranchi,Jharkhand,5899.55,0.0,
701526,5027,2025-02-07 07:08:37,Cancelled,Net Banking,Ahmedabad,Gujarat,20221.94,3033.29,
705230,7991,2025-09-25 12:21:00,Delivered,Net Banking,Patna,Bihar,271733.67,27173.37,2.0
703284,7497,2024-11-24 21:52:08,Delivered,Debit Card,Bhopal,Madhya Pradesh,107254.0,16088.1,5.0
703453,5062,2024-08-19 04:37:29,Shipped,Debit Card,Bangalore,Karnataka,196790.82,0.0,
703392,5897,2023-07-11 19:41:46,Cancelled,Debit Card,Chennai,Tamil Nadu,42562.84,2128.14,
705188,7163,2025-04-09 11:04:00,Returned,Cash on Delivery,Chandigarh,Chandigarh,44046.14,0.0,
703267,6778,2023-02-27 17:48:25,Returned,UPI,Nagpur,Maharashtra,13789.67,2757.93,
708875,6588,2026-04-14 21:43:47,Returned,Debit Card,Chennai,Tamil Nadu,93328.71,0.0,
700055,6189,2023-02-22 07:33:19,Pending,UPI,Ranchi,Jharkhand,1229.36,0.0,
703979,5621,2024-11-03 13:40:40,Pending,EMI,Bangalore,Karnataka,83297.56,16659.51,
705301,6612,2024-05-16 04:57:02,Cancelled,UPI,Nagpur,Maharashtra,98413.47,19682.69,
708052,5833,2026-06-24 05:01:55,Delivered,EMI,Ranchi,Jharkhand,7438.32,0.0,2.0
704975,6600,2024-11-26 18:52:53,Cancelled,Net Banking,Kolkata,West Bengal,84337.11,8433.71,
700203,7041,2022-02-24 06:04:13,Pending,Net Banking,Jaipur,Rajasthan,1847.67,0.0,
705681,6668,2023-08-04 12:31:17,Delivered,EMI,Kolkata,West Bengal,8476.47,847.65,3.0
704006,6212,2025-07-29 03:18:03,Shipped,Debit Card,Kochi,Kerala,14246.32,1424.63,
707745,7611,2024-06-22 16:29:16,Returned,UPI,Hyderabad,Telangana,10165.7,0.0,
704789,5915,2025-09-01 00:24:10,Delivered,Net Banking,Bangalore,Karnataka,112200.16,22440.03,8.0
701983,6864,2026-01-27 18:14:07,Delivered,Cash on Delivery,Mumbai,Maharashtra,15047.67,2257.15,8.0
701362,7901,2025-02-27 02:37:45,Returned,UPI,Lucknow,Uttar Pradesh,12070.54,1207.05,
702123,7102,2025-02-02 10:06:15,Delivered,Net Banking,Ahmedabad,Gujarat,203284.16,30492.62,2.0
706215,6197,2026-05-20 07:44:32,Shipped,Debit Card,Kolkata,West Bengal,410196.47,61529.47,
700270,5190,2023-08-04 13:00:29,Cancelled,UPI,Ahmedabad,Gujarat,6238.6,1247.72,
705853,7556,2024-07-26 12:42:36,Cancelled,UPI,Chennai,Tamil Nadu,233650.93,0.0,
700592,7124,2025-10-17 12:48:52,Cancelled,Credit Card,Ranchi,Jharkhand,280869.53,28086.95,
703500,6762,2025-10-25 05:37:42,Shipped,Credit Card,Kolkata,West Bengal,131641.5,0.0,
703380,7223,2022-11-18 08:32:28,Delivered,EMI,Kolkata,West Bengal,23262.46,0.0,1.0
706162,7340,2022-09-03 08:50:50,Pending,Credit Card,Bangalore,Karnataka,15413.18,0.0,
700622,5142,2022-11-11 02:45:01,Shipped,Debit Card,Indore,Madhya Pradesh,40259.28,6038.89,
708858,5708,2026-03-04 17:27:07,Delivered,Credit Card,Bangalore,Karnataka,14848.38,1484.84,7.0
708329,7844,2023-11-27 06:44:46,Cancelled,UPI,Ranchi,Jharkhand,51294.06,0.0,
707332,6605,2024-08-26 17:17:23,Returned,Net Banking,Patna,Bihar,526.49,78.97,
703986,6144,2023-10-11 06:29:23,Shipped,Net Banking,Pune,Maharashtra,41933.27,8386.65,
706461,6821,2026-01-08 11:03:25,Delivered,UPI,Nagpur,Maharashtra,24361.94,1218.1,10.0
702748,6772,2023-07-16 16:54:59,Delivered,UPI,Bhopal,Madhya Pradesh,6671.53,0.0,2.0
700789,7675,2025-11-12 16:37:39,Delivered,Credit Card,Pune,Maharashtra,5455.83,0.0,2.0
704301,6483,2024-03-01 18:32:11,Delivered,UPI,Jaipur,Rajasthan,23946.51,0.0,8.0
701438,6966,2026-04-26 15:37:45,Shipped,Credit Card,Chandigarh,Chandigarh,8645.44,1729.09,
702124,6685,2023-02-01 13:29:10,Delivered,Debit Card,Hyderabad,Telangana,246129.54,49225.91,5.0
700910,7642,2024-08-25 13:19:09,Delivered,UPI,Jaipur,Rajasthan,18153.12,1815.31,2.0
703722,5907,2022-02-07 07:04:45,Pending,EMI,Mumbai,Maharashtra,9656.76,1931.35,
705005,5802,2023-01-30 16:50:54,Delivered,Debit Card,Lucknow,Uttar Pradesh,5469.46,820.42,4.0
706313,6334,2022-03-22 00:17:49,Pending,UPI,Bhopal,Madhya Pradesh,45173.87,6776.08,
703908,7567,2026-01-07 00:46:52,Delivered,EMI,Bhopal,Madhya Pradesh,86026.0,12903.9,8.0
707897,6616,2024-06-27 13:56:48,Delivered,EMI,Ranchi,Jharkhand,93003.42,0.0,4.0
704813,6413,2024-08-24 13:03:14,Delivered,Debit Card,Surat,Gujarat,8437.1,843.71,4.0
707447,6219,2022-03-27 20:49:29,Returned,Debit Card,Chandigarh,Chandigarh,1399.08,139.91,
707533,6359,2022-03-02 10:33:17,Returned,Cash on Delivery,Coimbatore,Tamil Nadu,20428.21,4085.64,
703955,5318,2024-12-29 10:14:17,Returned,EMI,Coimbatore,Tamil Nadu,151264.79,15126.48,
706591,7475,2025-03-21 07:23:24,Pending,Debit Card,Nashik,Maharashtra,8886.84,0.0,
701075,7308,2025-11-11 01:50:01,Returned,Cash on Delivery,Ahmedabad,Gujarat,35631.44,0.0,
707557,7750,2024-09-28 14:41:06,Cancelled,Debit Card,Chennai,Tamil Nadu,148099.87,14809.99,
702139,7937,2024-10-10 17:16:50,Pending,EMI,Mumbai,Maharashtra,10893.24,0.0,
700498,6363,2025-06-06 11:10:38,Delivered,Debit Card,Chandigarh,Chandigarh,69294.9,10394.23,4.0
702101,7891,2024-07-22 16:40:25,Returned,Credit Card,Mumbai,Maharashtra,239570.96,23957.1,
708372,6273,2022-12-15 04:19:33,Delivered,Credit Card,Nashik,Maharashtra,260106.51,0.0,9.0
700146,7302,2023-06-24 02:29:51,Delivered,Debit Card,Pune,Maharashtra,9917.06,0.0,7.0
704366,6262,2023-06-23 16:15:10,Delivered,Cash on Delivery,Bangalore,Karnataka,7858.56,1178.78,5.0
703658,6428,2024-10-19 07:52:21,Returned,Debit Card,Delhi,Delhi,73569.98,0.0,
706459,7596,2025-12-02 20:08:10,Pending,Credit Card,Pune,Maharashtra,32586.04,1629.3,
703738,7739,2024-11-23 06:07:36,Delivered,Credit Card,Hyderabad,Telangana,235195.79,35279.37,1.0
701804,7124,2022-11-07 22:14:15,Delivered,EMI,Nashik,Maharashtra,17166.45,2574.97,9.0
708159,7590,2023-08-03 21:29:43,Shipped,UPI,Surat,Gujarat,10563.47,0.0,
707691,6976,2026-05-03 20:33:36,Delivered,EMI,Pune,Maharashtra,232483.15,0.0,6.0
701018,7760,2026-07-27 06:41:38,Delivered,Net Banking,Kolkata,West Bengal,7897.56,1184.63,4.0
700993,5437,2022-04-13 00:44:58,Delivered,Net Banking,Chennai,Tamil Nadu,79005.64,0.0,7.0
706047,7580,2024-05-29 14:13:32,Delivered,UPI,Kolkata,West Bengal,8551.07,855.11,10.0
702128,6214,2024-09-07 04:44:32,Delivered,Net Banking,Hyderabad,Telangana,693.5,69.35,10.0
701296,5983,2024-02-28 04:11:31,Delivered,Credit Card,Surat,Gujarat,47614.92,4761.49,9.0
704687,6060,2022-07-22 02:12:51,Delivered,Cash on Delivery,Ahmedabad,Gujarat,68878.38,3443.92,3.0
701535,7544,2025-03-19 11:17:31,Delivered,Net Banking,Bhopal,Madhya Pradesh,249696.24,0.0,4.0
703929,5484,2025-08-02 16:00:17,Delivered,UPI,Kolkata,West Bengal,60868.75,0.0,11.0
702461,7366,2022-11-04 09:29:17,Shipped,EMI,Jaipur,Rajasthan,26258.43,0.0,
700708,5819,2022-12-30 21:26:48,Returned,Credit Card,Lucknow,Uttar Pradesh,60329.76,3016.49,
707628,6226,2026-03-05 07:37:16,Shipped,Cash on Delivery,Coimbatore,Tamil Nadu,30371.27,3037.13,
707354,5214,2022-05-09 15:52:43,Delivered,UPI,Coimbatore,Tamil Nadu,5753.92,0.0,11.0
708313,7511,2026-04-21 05:19:06,Pending,Cash on Delivery,Ranchi,Jharkhand,1101.54,110.15,
707528,6022,2022-09-09 15:00:21,Shipped,EMI,Pune,Maharashtra,643.45,32.17,
701807,6436,2023-09-19 21:30:49,Delivered,Cash on Delivery,Kolkata,West Bengal,5546.26,277.31,7.0
703294,6397,2022-04-21 00:48:03,Shipped,Credit Card,Ranchi,Jharkhand,162864.39,32572.88,
705003,6924,2025-09-21 15:52:53,Delivered,Debit Card,Surat,Gujarat,2059.04,411.81,6.0
704917,5409,2022-10-06 09:33:23,Delivered,Credit Card,Kochi,Kerala,113050.58,5652.53,5.0
700645,7259,2023-03-03 18:28:21,Cancelled,Net Banking,Hyderabad,Telangana,8727.57,872.76,
704356,5548,2022-01-16 20:31:31,Delivered,UPI,Ahmedabad,Gujarat,2663.46,532.69,11.0
702310,7661,2022-09-08 10:02:00,Returned,Net Banking,Nashik,Maharashtra,129298.05,25859.61,
703121,5939,2023-03-10 05:49:07,Delivered,Cash on Delivery,Nashik,Maharashtra,65021.28,0.0,12.0
705504,5578,2022-05-22 02:12:02,Delivered,EMI,Chennai,Tamil Nadu,2885.76,288.58,4.0
701527,7500,2023-11-11 20:56:53,Shipped,Debit Card,Indore,Madhya Pradesh,280984.02,0.0,
707509,7623,2025-04-07 20:02:53,Delivered,UPI,Coimbatore,Tamil Nadu,10471.74,0.0,7.0
703655,6875,2025-08-15 12:15:04,Returned,EMI,Pune,Maharashtra,8515.03,425.75,
701614,7071,2022-07-04 04:09:13,Shipped,Credit Card,Pune,Maharashtra,7565.5,378.28,
700615,7902,2023-07-23 19:24:18,Pending,UPI,Hyderabad,Telangana,2500.32,500.06,
703022,5088,2025-11-11 03:55:02,Delivered,Debit Card,Ahmedabad,Gujarat,31908.19,4786.23,11.0
701865,7442,2025-10-21 06:01:09,Shipped,Net Banking,Bangalore,Karnataka,11880.16,1188.02,
708336,6821,2026-06-12 12:08:33,Delivered,EMI,Kolkata,West Bengal,429646.43,42964.64,11.0
706302,7782,2025-02-17 08:59:18,Cancelled,Credit Card,Pune,Maharashtra,26352.99,0.0,
702149,5555,2024-08-05 04:54:55,Returned,Debit Card,Bhopal,Madhya Pradesh,136209.45,13620.95,
706706,7647,2025-05-08 04:49:05,Cancelled,Cash on Delivery,Bhopal,Madhya Pradesh,2134.07,320.11,
707963,7354,2025-07-03 16:02:33,Delivered,Cash on Delivery,Mumbai,Maharashtra,945.31,0.0,2.0
702750,5130,2025-02-07 09:45:03,Cancelled,Net Banking,Chennai,Tamil Nadu,79234.24,3961.71,
707244,7331,2024-09-15 09:28:56,Cancelled,UPI,Coimbatore,Tamil Nadu,17733.96,3546.79,
708631,5003,2023-06-24 23:11:34,Shipped,UPI,Chennai,Tamil Nadu,141931.36,14193.14,
703561,5653,2024-01-08 02:21:31,Cancelled,EMI,Ahmedabad,Gujarat,392530.88,0.0,
707651,6275,2024-02-22 16:06:42,Returned,Debit Card,Patna,Bihar,1594.86,239.23,
706984,6034,2023-11-12 04:04:56,Delivered,Credit Card,Surat,Gujarat,33817.02,3381.7,4.0
701777,5764,2023-07-26 17:34:56,Pending,Debit Card,Chandigarh,Chandigarh,8894.64,1778.93,
708260,5261,2025-12-05 19:11:46,Shipped,Net Banking,Nashik,Maharashtra,33953.56,6790.71,
700422,7508,2025-10-30 03:07:35,Pending,Cash on Delivery,Nagpur,Maharashtra,61938.81,6193.88,
706546,5225,2024-03-26 08:52:03,Delivered,EMI,Hyderabad,Telangana,28732.11,0.0,6.0
708396,5752,2022-01-14 02:51:17,Returned,Credit Card,Nagpur,Maharashtra,188474.53,9423.73,
704543,5273,2026-02-03 06:30:03,Delivered,UPI,Chandigarh,Chandigarh,6319.92,1263.98,5.0
708697,7755,2024-12-12 14:32:41,Cancelled,Debit Card,Patna,Bihar,10559.23,2111.85,
703699,6065,2025-12-26 22:20:46,Returned,EMI,Ahmedabad,Gujarat,6982.17,1396.43,
702119,5093,2024-06-02 12:54:33,Returned,UPI,Ahmedabad,Gujarat,351311.59,52696.74,
700980,7415,2022-11-21 20:08:33,Delivered,Debit Card,Mumbai,Maharashtra,3130.6,313.06,4.0
708118,7681,2023-05-13 09:52:13,Delivered,Cash on Delivery,Lucknow,Uttar Pradesh,292362.35,0.0,2.0
708430,5308,2024-09-24 06:53:43,Cancelled,Credit Card,Patna,Bihar,129164.17,6458.21,
708980,5028,2022-06-30 18:10:26,Pending,Debit Card,Ahmedabad,Gujarat,6854.54,685.45,
701156,6513,2022-06-05 20:00:10,Delivered,Cash on Delivery,Jaipur,Rajasthan,115137.25,17270.59,2.0
700955,6395,2023-09-20 14:43:50,Shipped,UPI,Lucknow,Uttar Pradesh,81905.9,16381.18,
701226,6423,2025-04-28 01:32:50,Cancelled,EMI,Ahmedabad,Gujarat,77559.27,11633.89,
702426,5185,2025-02-03 05:23:28,Returned,UPI,Mumbai,Maharashtra,216769.29,32515.39,
702806,5283,2022-08-26 09:02:33,Returned,Credit Card,Lucknow,Uttar Pradesh,152428.24,30485.65,
700438,7248,2025-01-14 15:04:08,Returned,Cash on Delivery,Nashik,Maharashtra,158821.78,0.0,
706809,5229,2022-09-14 08:44:00,Shipped,Debit Card,Patna,Bihar,105299.48,15794.92,
708633,7571,2022-06-13 19:05:40,Pending,Debit Card,Coimbatore,Tamil Nadu,212116.95,42423.39,
700780,7674,2023-02-25 13:06:06,Shipped,UPI,Jaipur,Rajasthan,150896.97,7544.85,
700296,7105,2025-11-04 09:23:02,Shipped,EMI,Nashik,Maharashtra,191402.42,28710.36,
703569,5671,2024-07-18 23:41:15,Delivered,UPI,Delhi,Delhi,128617.23,25723.45,6.0
704705,6268,2025-11-14 22:53:20,Delivered,UPI,Bhopal,Madhya Pradesh,83973.96,0.0,6.0
702464,7777,2022-02-10 10:54:31,Delivered,EMI,Kolkata,West Bengal,14924.96,0.0,9.0
704680,5092,2023-04-04 06:42:56,Cancelled,Cash on Delivery,Ahmedabad,Gujarat,49872.61,9974.52,
707507,5149,2023-03-11 21:12:37,Delivered,Cash on Delivery,Mumbai,Maharashtra,7250.06,725.01,2.0
707612,6589,2022-10-24 23:36:44,Delivered,Cash on Delivery,Chennai,Tamil Nadu,54871.69,0.0,12.0
701739,7682,2026-01-21 22:02:13,Cancelled,EMI,Chandigarh,Chandigarh,22397.61,4479.52,
706955,6530,2024-07-07 09:49:27,Cancelled,Debit Card,Kolkata,West Bengal,13260.99,663.05,
708077,5592,2025-10-22 22:07:09,Cancelled,Credit Card,Coimbatore,Tamil Nadu,41337.81,0.0,
704952,5204,2026-06-10 13:34:16,Pending,UPI,Ranchi,Jharkhand,17569.61,878.48,
701945,6380,2023-07-12 18:04:22,Delivered,Cash on Delivery,Jaipur,Rajasthan,176105.21,26415.78,11.0
703490,5231,2025-10-06 00:05:20,Delivered,Credit Card,Jaipur,Rajasthan,70232.11,3511.61,4.0
704011,7124,2022-01-04 11:43:42,Pending,Credit Card,Kochi,Kerala,100236.37,15035.46,
705201,5555,2022-05-20 13:22:03,Cancelled,Net Banking,Coimbatore,Tamil Nadu,96277.35,14441.6,
708632,7742,2024-02-28 03:59:12,Pending,UPI,Hyderabad,Telangana,1320.36,66.02,
701158,6313,2023-01-26 14:22:16,Delivered,UPI,Ahmedabad,Gujarat,17514.61,1751.46,4.0
703927,5981,2023-09-01 13:52:35,Delivered,EMI,Nashik,Maharashtra,18522.3,0.0,11.0
703459,6387,2022-08-05 18:08:46,Pending,UPI,Nagpur,Maharashtra,29037.73,1451.89,
703408,5603,2023-11-02 01:17:41,Pending,Credit Card,Jaipur,Rajasthan,50906.6,0.0,
705104,5693,2023-09-02 14:17:52,Pending,Net Banking,Kolkata,West Bengal,170580.54,25587.08,
707596,7699,2025-02-12 21:19:27,Pending,Net Banking,Jaipur,Rajasthan,20483.23,3072.48,
707199,6027,2025-09-12 12:43:44,Shipped,Cash on Delivery,Pune,Maharashtra,4849.8,727.47,
702380,5389,2024-06-20 03:27:00,Delivered,EMI,Ahmedabad,Gujarat,10530.4,1053.04,11.0
708315,6961,2026-05-31 16:57:22,Cancelled,EMI,Nagpur,Maharashtra,563566.88,0.0,
705452,6272,2024-01-27 21:16:38,Cancelled,UPI,Lucknow,Uttar Pradesh,17643.38,882.17,
705974,7493,2025-09-27 06:09:13,Delivered,Credit Card,Surat,Gujarat,305097.82,45764.67,3.0
702423,7350,2025-09-17 15:45:09,Delivered,Debit Card,Bhopal,Madhya Pradesh,42377.84,0.0,12.0
705994,7390,2026-03-18 11:59:31,Delivered,Cash on Delivery,Ahmedabad,Gujarat,30009.77,1500.49,12.0
704953,6073,2023-11-26 15:08:43,Shipped,UPI,Jaipur,Rajasthan,2232.87,111.64,
701636,5242,2025-01-01 02:23:38,Delivered,Credit Card,Bangalore,Karnataka,2176.06,108.8,6.0
703925,5382,2025-08-16 20:27:04,Delivered,Cash on Delivery,Mumbai,Maharashtra,95116.6,0.0,2.0
706709,5192,2022-09-03 22:35:16,Delivered,UPI,Ahmedabad,Gujarat,7806.12,390.31,12.0
708788,6757,2023-07-30 05:10:02,Returned,Debit Card,Kochi,Kerala,72669.47,0.0,
706408,5928,2023-03-30 02:26:09,Delivered,Debit Card,Jaipur,Rajasthan,34768.0,3476.8,9.0
702364,6271,2023-02-04 05:00:51,Delivered,Cash on Delivery,Indore,Madhya Pradesh,372358.21,37235.82,4.0
703642,5602,2026-01-03 06:52:24,Delivered,EMI,Chennai,Tamil Nadu,10906.4,545.32,6.0
704791,6931,2024-02-29 01:12:58,Shipped,Cash on Delivery,Nagpur,Maharashtra,77406.94,11611.04,
705765,5560,2022-09-03 04:17:58,Returned,UPI,Hyderabad,Telangana,14372.24,0.0,
704569,5652,2025-01-01 20:08:47,Delivered,UPI,Pune,Maharashtra,10522.24,0.0,11.0
702882,5407,2022-04-09 07:20:00,Delivered,Credit Card,Chennai,Tamil Nadu,136857.35,27371.47,7.0
707510,7906,2026-04-25 17:48:53,Cancelled,Debit Card,Indore,Madhya Pradesh,24363.87,2436.39,
704328,7910,2023-05-14 06:23:10,Cancelled,Credit Card,Kolkata,West Bengal,25189.99,0.0,
708200,7346,2025-04-23 21:19:58,Delivered,Credit Card,Nashik,Maharashtra,83702.35,0.0,6.0
707939,5729,2026-07-30 14:11:25,Pending,EMI,Coimbatore,Tamil Nadu,237964.58,47592.92,
706422,7635,2022-12-14 10:33:11,Delivered,Net Banking,Indore,Madhya Pradesh,5265.2,789.78,4.0
704459,7802,2026-06-02 15:16:13,Cancelled,Net Banking,Lucknow,Uttar Pradesh,9694.18,0.0,
702207,5445,2025-09-07 10:08:40,Delivered,EMI,Jaipur,Rajasthan,14463.82,2892.76,4.0
705271,5451,2023-10-06 05:26:09,Delivered,Debit Card,Indore,Madhya Pradesh,458636.5,68795.47,9.0
700151,5729,2025-07-23 18:20:06,Delivered,Cash on Delivery,Bangalore,Karnataka,213744.56,0.0,12.0
708711,7889,2022-11-02 13:52:11,Delivered,UPI,Mumbai,Maharashtra,5197.64,1039.53,5.0
705479,6865,2026-04-05 06:29:47,Delivered,Net Banking,Chandigarh,Chandigarh,112984.73,5649.24,9.0
708093,7052,2022-10-19 13:32:12,Delivered,Net Banking,Delhi,Delhi,4948.42,989.68,9.0
708732,5561,2022-04-23 21:09:45,Delivered,Cash on Delivery,Indore,Madhya Pradesh,345159.29,0.0,11.0
702271,6747,2023-08-24 07:05:35,Cancelled,EMI,Kochi,Kerala,7207.65,0.0,
706417,7169,2026-07-14 16:43:06,Delivered,Credit Card,Chennai,Tamil Nadu,93497.25,4674.86,9.0
705495,7500,2023-05-06 11:00:58,Shipped,UPI,Patna,Bihar,3468.21,0.0,
708224,6955,2025-04-01 15:16:34,Shipped,EMI,Ahmedabad,Gujarat,34581.76,3458.18,
702497,6954,2023-04-06 20:13:46,Cancelled,Debit Card,Coimbatore,Tamil Nadu,25500.99,0.0,
704318,5292,2022-09-29 17:44:49,Pending,Cash on Delivery,Chennai,Tamil Nadu,297785.3,0.0,
705338,5711,2024-10-29 01:06:07,Cancelled,UPI,Delhi,Delhi,13924.46,1392.45,
702189,5413,2023-07-25 05:58:20,Cancelled,Net Banking,Chandigarh,Chandigarh,27452.34,1372.62,
704432,5085,2026-07-29 04:05:54,Delivered,Net Banking,Chennai,Tamil Nadu,31587.64,0.0,7.0
707873,6574,2023-01-29 18:27:53,Delivered,Net Banking,Pune,Maharashtra,31004.63,4650.69,10.0
706904,5038,2023-03-12 13:36:01,Pending,EMI,Mumbai,Maharashtra,301077.09,45161.56,
708138,7151,2022-04-19 21:51:34,Cancelled,UPI,Kochi,Kerala,140557.12,7027.86,
702843,6784,2026-03-04 18:43:26,Delivered,Debit Card,Mumbai,Maharashtra,66275.64,9941.35,5.0
700617,5691,2022-03-06 00:33:19,Delivered,UPI,Mumbai,Maharashtra,43378.71,6506.81,9.0
706304,6113,2025-07-29 21:39:10,Delivered,Net Banking,Chandigarh,Chandigarh,42892.26,8578.45,3.0
708004,7945,2025-02-19 12:52:33,Returned,EMI,Ahmedabad,Gujarat,30997.77,6199.55,
703457,6884,2025-12-19 14:14:03,Delivered,Credit Card,Ranchi,Jharkhand,14937.41,2987.48,11.0
708235,5323,2025-12-17 20:09:00,Delivered,EMI,Nagpur,Maharashtra,184663.14,36932.63,4.0
707206,5323,2025-12-27 20:27:30,Returned,Cash on Delivery,Pune,Maharashtra,3432.29,0.0,
708501,7326,2023-10-10 10:53:12,Delivered,Credit Card,Hyderabad,Telangana,38503.98,1925.2,1.0
701726,6723,2025-11-07 19:01:57,Delivered,Credit Card,Lucknow,Uttar Pradesh,2381.04,119.05,5.0
706124,6953,2024-08-10 02:36:17,Returned,Credit Card,Bangalore,Karnataka,27195.32,2719.53,
705286,6951,2024-01-31 04:15:30,Delivered,Cash on Delivery,Lucknow,Uttar Pradesh,140760.51,14076.05,12.0
701430,7289,2025-07-06 23:46:10,Cancelled,UPI,Hyderabad,Telangana,180958.54,36191.71,
704542,6892,2026-07-21 14:09:44,Delivered,UPI,Surat,Gujarat,58720.07,5872.01,3.0
703314,6089,2024-05-19 17:46:22,Cancelled,Debit Card,Ahmedabad,Gujarat,179098.21,8954.91,
706927,6624,2025-06-13 13:53:41,Delivered,Cash on Delivery,Ahmedabad,Gujarat,30916.28,6183.26,2.0
705937,6430,2022-12-28 22:34:47,Cancelled,Debit Card,Bhopal,Madhya Pradesh,49722.57,9944.51,
706883,7077,2026-01-21 02:50:36,Cancelled,Credit Card,Lucknow,Uttar Pradesh,19419.24,1941.92,
705202,6181,2024-10-03 13:42:04,Delivered,Debit Card,Bangalore,Karnataka,6793.69,0.0,12.0
705100,5994,2023-04-03 07:52:17,Pending,Debit Card,Surat,Gujarat,6706.4,0.0,
700098,6408,2022-12-22 06:50:47,Pending,Debit Card,Kochi,Kerala,47662.15,9532.43,
700908,5745,2023-03-14 08:37:03,Shipped,EMI,Delhi,Delhi,11417.45,1712.62,
701809,5531,2024-08-06 19:37:21,Cancelled,Net Banking,Ranchi,Jharkhand,23551.23,2355.12,
705309,6560,2026-04-29 00:02:23,Delivered,Credit Card,Nashik,Maharashtra,7781.57,1167.24,2.0
708413,7071,2023-04-17 02:09:44,Shipped,Net Banking,Coimbatore,Tamil Nadu,191188.21,28678.23,
700458,5042,2022-01-16 08:17:48,Delivered,Debit Card,Nagpur,Maharashtra,47633.14,7144.97,9.0
708309,7550,2022-12-20 02:51:26,Delivered,EMI,Ahmedabad,Gujarat,960.28,48.01,6.0
704583,7412,2023-12-07 16:50:42,Delivered,Cash on Delivery,Mumbai,Maharashtra,45182.33,0.0,2.0
701100,6181,2024-08-08 07:26:38,Cancelled,Net Banking,Coimbatore,Tamil Nadu,162218.96,0.0,
701107,5709,2026-05-31 19:35:43,Returned,EMI,Ranchi,Jharkhand,9582.87,0.0,
701029,7632,2022-10-03 19:18:38,Cancelled,Debit Card,Coimbatore,Tamil Nadu,337633.25,0.0,
706117,7284,2025-06-08 04:53:12,Delivered,UPI,Ahmedabad,Gujarat,7967.16,796.72,10.0
706982,5327,2026-07-26 02:35:44,Delivered,Debit Card,Chennai,Tamil Nadu,121278.29,18191.74,1.0
701092,7167,2023-02-05 15:21:11,Pending,EMI,Ranchi,Jharkhand,19831.64,0.0,
701850,6300,2025-04-19 21:10:57,Delivered,EMI,Chennai,Tamil Nadu,55582.45,0.0,10.0
706778,6443,2025-02-12 21:20:09,Pending,EMI,Patna,Bihar,39452.5,3945.25,
705597,7592,2022-05-12 14:02:31,Delivered,UPI,Indore,Madhya Pradesh,20874.99,0.0,1.0
701672,5486,2022-01-02 00:45:20,Delivered,UPI,Jaipur,Rajasthan,10818.11,1081.81,4.0
700021,5936,2024-03-19 20:40:09,Cancelled,Cash on Delivery,Kolkata,West Bengal,14010.66,2802.13,
708491,5564,2022-02-03 14:12:59,Pending,Net Banking,Chandigarh,Chandigarh,41013.16,6151.97,
700073,7734,2024-09-22 09:06:26,Pending,UPI,Indore,Madhya Pradesh,17002.73,1700.27,
701909,7698,2022-07-21 10:36:21,Delivered,Credit Card,Bhopal,Madhya Pradesh,5914.72,1182.94,1.0
700160,6938,2022-07-04 20:20:01,Shipped,Cash on Delivery,Bangalore,Karnataka,22408.35,0.0,
700836,7440,2025-02-16 16:58:23,Pending,Debit Card,Indore,Madhya Pradesh,202419.94,0.0,
702337,5793,2026-01-04 21:22:41,Delivered,Net Banking,Nagpur,Maharashtra,109027.9,5451.4,12.0
708250,6218,2024-10-24 21:28:29,Delivered,Cash on Delivery,Indore,Madhya Pradesh,53412.14,0.0,10.0
703163,6770,2026-04-25 02:30:13,Cancelled,Cash on Delivery,Coimbatore,Tamil Nadu,1960.36,0.0,
705177,7752,2026-07-02 04:53:54,Delivered,Credit Card,Delhi,Delhi,35921.37,0.0,9.0
702032,7235,2025-03-26 04:37:03,Cancelled,Debit Card,Indore,Madhya Pradesh,71218.73,0.0,
701579,5813,2026-05-03 13:59:00,Shipped,Cash on Delivery,Coimbatore,Tamil Nadu,126794.47,12679.45,
700282,7628,2023-03-10 14:49:24,Cancelled,Net Banking,Kochi,Kerala,7985.79,0.0,
706062,7291,2025-08-06 19:43:03,Shipped,UPI,Bangalore,Karnataka,118084.12,23616.82,
703727,6504,2022-03-05 23:24:06,Delivered,Cash on Delivery,Indore,Madhya Pradesh,30890.8,1544.54,8.0
703992,5358,2023-09-21 07:40:02,Delivered,Net Banking,Chennai,Tamil Nadu,90472.62,13570.89,7.0
704780,7006,2026-04-14 11:42:04,Returned,Credit Card,Patna,Bihar,5179.36,0.0,
703065,5446,2022-08-25 11:28:48,Cancelled,Cash on Delivery,Jaipur,Rajasthan,11983.65,1797.55,
701343,7352,2022-04-04 15:12:42,Returned,Credit Card,Delhi,Delhi,5456.26,0.0,
705487,6714,2023-12-29 02:02:44,Delivered,Credit Card,Chennai,Tamil Nadu,209346.25,10467.31,3.0
706804,5346,2025-09-23 05:40:19,Delivered,Cash on Delivery,Kochi,Kerala,18963.32,948.17,5.0
703769,6879,2023-02-02 06:26:59,Pending,Debit Card,Lucknow,Uttar Pradesh,173210.41,17321.04,
701186,6626,2022-08-21 11:40:18,Pending,EMI,Jaipur,Rajasthan,6854.54,0.0,
702276,7187,2024-08-24 22:35:15,Delivered,Credit Card,Nashik,Maharashtra,32693.42,3269.34,9.0
704949,7331,2022-04-13 21:10:59,Delivered,Net Banking,Mumbai,Maharashtra,14068.16,0.0,9.0
700878,6303,2022-05-31 06:55:47,Pending,Credit Card,Bhopal,Madhya Pradesh,295845.59,14792.28,
700788,6197,2026-03-18 05:40:26,Delivered,UPI,Nagpur,Maharashtra,13747.49,0.0,5.0
708364,7294,2025-10-29 09:51:55,Delivered,Debit Card,Bhopal,Madhya Pradesh,129791.04,0.0,1.0
707655,7889,2025-06-30 09:28:17,Pending,Debit Card,Mumbai,Maharashtra,173562.88,8678.14,
700785,7483,2026-06-13 14:57:09,Delivered,EMI,Bangalore,Karnataka,341885.47,17094.27,9.0
702400,5219,2025-06-17 21:34:56,Pending,Credit Card,Mumbai,Maharashtra,23694.43,0.0,
702852,6155,2025-07-09 00:50:40,Delivered,Debit Card,Pune,Maharashtra,163300.77,0.0,6.0
703226,7539,2025-08-12 06:43:12,Pending,Credit Card,Indore,Madhya Pradesh,35196.18,5279.43,
704876,6276,2023-01-02 15:00:06,Delivered,Cash on Delivery,Ranchi,Jharkhand,45135.06,4513.51,9.0
702211,6494,2025-01-21 21:23:54,Delivered,Cash on Delivery,Ahmedabad,Gujarat,7569.26,0.0,12.0
707566,6601,2023-09-13 14:49:51,Cancelled,Cash on Delivery,Nashik,Maharashtra,3647.22,547.08,
700775,7305,2025-07-23 16:51:18,Shipped,UPI,Nagpur,Maharashtra,314681.57,15734.08,
703363,6834,2024-12-04 09:20:20,Cancelled,EMI,Chennai,Tamil Nadu,10597.37,2119.47,
703165,6902,2026-03-16 07:54:22,Shipped,Debit Card,Indore,Madhya Pradesh,1955.14,391.03,
704833,5900,2025-01-09 04:19:33,Delivered,Debit Card,Nagpur,Maharashtra,86740.63,13011.09,11.0
708311,6093,2025-01-30 01:09:15,Cancelled,Net Banking,Jaipur,Rajasthan,12738.58,1910.79,
703311,6882,2024-12-31 19:43:28,Cancelled,EMI,Nagpur,Maharashtra,377317.1,37731.71,
700042,5685,2023-10-20 00:45:18,Delivered,UPI,Kolkata,West Bengal,95963.02,0.0,11.0
702989,7713,2022-06-05 10:10:22,Shipped,EMI,Nagpur,Maharashtra,26593.7,1329.69,
700447,5645,2023-05-11 18:18:22,Cancelled,UPI,Surat,Gujarat,19834.52,0.0,
702574,7176,2023-01-27 20:17:11,Returned,Debit Card,Nagpur,Maharashtra,172101.87,8605.09,
704346,7942,2024-01-09 19:21:45,Returned,Cash on Delivery,Kolkata,West Bengal,177600.35,26640.05,
700446,6810,2022-04-22 00:01:16,Delivered,Net Banking,Ahmedabad,Gujarat,61422.7,12284.54,3.0
707608,7836,2023-04-25 18:15:27,Cancelled,UPI,Delhi,Delhi,3267.22,653.44,
702577,6943,2023-01-21 05:11:02,Delivered,Credit Card,Bhopal,Madhya Pradesh,43530.13,0.0,5.0
705226,7459,2024-12-09 05:54:49,Delivered,UPI,Chennai,Tamil Nadu,13474.68,0.0,1.0
704746,6978,2026-01-11 04:37:46,Returned,Debit Card,Indore,Madhya Pradesh,4970.2,994.04,
707881,5427,2023-11-06 05:25:21,Pending,Cash on Delivery,Kolkata,West Bengal,12210.82,0.0,
703362,5436,2022-06-26 04:16:29,Pending,EMI,Jaipur,Rajasthan,49728.84,0.0,
703167,7049,2025-11-26 23:14:18,Delivered,UPI,Bhopal,Madhya Pradesh,191956.75,0.0,7.0
701785,5757,2024-04-03 14:37:10,Cancelled,Cash on Delivery,Nagpur,Maharashtra,121072.59,0.0,
702413,5679,2025-08-29 01:51:39,Delivered,EMI,Hyderabad,Telangana,156292.56,0.0,8.0
705785,6615,2025-07-14 21:51:02,Returned,EMI,Hyderabad,Telangana,3555.77,0.0,
703686,5855,2026-07-26 01:35:26,Delivered,Credit Card,Ranchi,Jharkhand,154578.65,7728.93,10.0
705918,7403,2023-08-25 07:43:06,Shipped,Credit Card,Bhopal,Madhya Pradesh,24038.29,1201.91,
708832,5681,2022-08-15 05:27:51,Delivered,Debit Card,Patna,Bihar,12114.54,605.73,1.0
706849,7563,2023-12-02 14:01:03,Delivered,UPI,Bangalore,Karnataka,15797.92,0.0,3.0
701993,7164,2024-03-29 04:35:07,Cancelled,Net Banking,Ranchi,Jharkhand,29371.52,5874.3,
706891,5108,2024-09-20 05:47:47,Delivered,Net Banking,Chennai,Tamil Nadu,13546.53,677.33,2.0
701260,6725,2024-02-26 00:18:41,Delivered,Debit Card,Coimbatore,Tamil Nadu,2536.41,380.46,3.0
702268,6934,2026-01-28 17:32:15,Delivered,Credit Card,Coimbatore,Tamil Nadu,32496.88,6499.38,12.0
700442,6167,2024-02-12 14:50:18,Delivered,Debit Card,Surat,Gujarat,15496.95,774.85,8.0
700326,7567,2024-10-07 04:21:42,Delivered,Cash on Delivery,Bhopal,Madhya Pradesh,18165.05,908.25,6.0
706942,7541,2025-04-24 10:17:28,Cancelled,Credit Card,Kolkata,West Bengal,163894.47,24584.17,
705566,6491,2026-04-13 02:24:54,Pending,UPI,Mumbai,Maharashtra,53730.77,8059.62,
706392,6325,2022-12-17 01:44:20,Delivered,Debit Card,Bhopal,Madhya Pradesh,54475.32,8171.3,8.0
706685,7252,2022-09-22 02:30:13,Pending,Net Banking,Surat,Gujarat,244680.32,36702.05,
705438,5417,2026-08-07 18:39:20,Delivered,Credit Card,Hyderabad,Telangana,11977.21,2395.44,4.0
700520,5036,2024-01-08 21:18:06,Cancelled,Credit Card,Chandigarh,Chandigarh,1969.41,295.41,
701059,7173,2024-03-19 10:47:59,Delivered,Debit Card,Coimbatore,Tamil Nadu,295488.24,0.0,9.0
707170,6297,2024-09-05 16:47:29,Shipped,Credit Card,Chandigarh,Chandigarh,39092.86,0.0,
701278,7232,2024-04-08 06:20:48,Returned,Debit Card,Kolkata,West Bengal,317044.74,63408.95,
707615,7517,2026-04-05 22:21:31,Pending,UPI,Bangalore,Karnataka,260657.15,13032.86,
706097,6479,2022-02-22 14:08:57,Shipped,UPI,Coimbatore,Tamil Nadu,18838.64,2825.8,
705653,6406,2026-05-14 14:07:31,Pending,UPI,Ranchi,Jharkhand,46421.54,2321.08,
707848,7478,2023-03-07 04:10:58,Returned,Debit Card,Nagpur,Maharashtra,614.68,0.0,
703460,5264,2023-03-01 10:27:23,Delivered,Debit Card,Indore,Madhya Pradesh,1448.43,72.42,4.0
702264,5453,2024-08-01 08:19:34,Pending,Debit Card,Delhi,Delhi,35854.87,3585.49,
703448,7129,2025-01-21 07:59:18,Returned,Debit Card,Jaipur,Rajasthan,1424.49,213.67,
702459,5232,2025-06-30 01:44:31,Delivered,Debit Card,Bangalore,Karnataka,5411.78,0.0,4.0
701771,7576,2025-09-03 21:21:43,Pending,Cash on Delivery,Chandigarh,Chandigarh,69355.6,0.0,
703568,6019,2024-04-17 14:30:56,Returned,Debit Card,Chennai,Tamil Nadu,226629.84,0.0,
704527,7015,2023-09-06 12:01:31,Delivered,UPI,Indore,Madhya Pradesh,5619.57,280.98,10.0
705568,7071,2025-06-17 04:42:13,Delivered,Cash on Delivery,Chennai,Tamil Nadu,3614.01,361.4,2.0
700625,6576,2026-02-02 17:19:13,Delivered,UPI,Hyderabad,Telangana,104228.33,10422.83,7.0
708918,5125,2025-11-18 02:05:18,Delivered,Credit Card,Chandigarh,Chandigarh,135949.56,0.0,1.0
707846,6856,2023-05-02 21:48:02,Cancelled,Debit Card,Ranchi,Jharkhand,76589.26,0.0,
703310,7706,2023-08-03 12:09:39,Delivered,UPI,Hyderabad,Telangana,45698.66,2284.93,6.0
702713,5130,2025-01-07 16:50:21,Returned,Net Banking,Bangalore,Karnataka,99122.92,19824.58,
708393,5089,2025-08-03 05:54:08,Shipped,EMI,Patna,Bihar,24292.33,0.0,
700286,7491,2022-04-07 22:46:13,Cancelled,Net Banking,Hyderabad,Telangana,15344.31,3068.86,
707923,7276,2023-07-21 05:48:12,Delivered,Net Banking,Mumbai,Maharashtra,501011.18,100202.24,7.0
705840,5716,2025-09-01 01:08:05,Delivered,Credit Card,Surat,Gujarat,11844.26,0.0,5.0
701196,5637,2025-01-03 18:33:49,Delivered,Debit Card,Chandigarh,Chandigarh,46977.45,0.0,3.0
700038,5228,2022-12-07 22:35:57,Cancelled,Net Banking,Jaipur,Rajasthan,215387.6,10769.38,
702731,7380,2026-07-23 06:58:12,Delivered,Debit Card,Ranchi,Jharkhand,211786.86,0.0,5.0
703444,5428,2023-10-02 23:57:27,Pending,Debit Card,Hyderabad,Telangana,315396.14,0.0,
700714,5983,2026-01-27 00:50:43,Delivered,Debit Card,Bangalore,Karnataka,110773.84,22154.77,6.0
708378,7221,2026-01-31 16:28:10,Delivered,EMI,Delhi,Delhi,15672.59,783.63,5.0
702775,5590,2024-06-26 06:52:04,Delivered,Credit Card,Lucknow,Uttar Pradesh,9749.76,0.0,3.0
703143,5841,2026-03-16 12:17:56,Pending,UPI,Ahmedabad,Gujarat,63820.65,3191.03,
705911,6305,2022-03-05 08:35:31,Shipped,Debit Card,Bhopal,Madhya Pradesh,7122.37,1424.47,
705364,7213,2024-03-30 16:39:26,Delivered,Debit Card,Jaipur,Rajasthan,322867.52,32286.75,2.0
705278,6976,2024-01-01 17:07:59,Cancelled,Credit Card,Kochi,Kerala,5645.16,1129.03,
703472,5943,2025-01-02 09:45:11,Pending,EMI,Coimbatore,Tamil Nadu,40145.36,4014.54,
705927,5916,2025-02-27 19:11:44,Delivered,UPI,Kolkata,West Bengal,94975.04,18995.01,8.0
706434,5720,2022-06-05 06:32:27,Returned,Cash on Delivery,Coimbatore,Tamil Nadu,24124.41,1206.22,
701780,5937,2024-04-26 07:20:51,Delivered,Net Banking,Mumbai,Maharashtra,44892.37,8978.47,2.0
700375,6597,2025-04-17 04:04:09,Delivered,Cash on Delivery,Chandigarh,Chandigarh,24926.33,4985.27,1.0
704085,5916,2025-02-24 14:35:55,Delivered,UPI,Indore,Madhya Pradesh,31260.2,0.0,5.0
707287,7357,2026-05-28 09:45:36,Delivered,Credit Card,Indore,Madhya Pradesh,14605.23,0.0,8.0
707014,6082,2026-07-01 02:50:01,Delivered,Credit Card,Indore,Madhya Pradesh,417715.17,62657.28,11.0
704415,6170,2022-06-20 04:56:45,Delivered,Cash on Delivery,Ranchi,Jharkhand,3629.06,0.0,11.0
702971,7995,2022-08-17 02:12:25,Shipped,EMI,Kochi,Kerala,16459.28,1645.93,
706412,5197,2026-03-17 21:06:34,Cancelled,Credit Card,Nashik,Maharashtra,57282.71,0.0,
706741,6470,2024-03-24 02:50:13,Cancelled,Credit Card,Surat,Gujarat,128774.81,0.0,
708912,5031,2022-04-29 13:29:39,Shipped,Debit Card,Surat,Gujarat,165930.65,0.0,
702122,6279,2026-01-17 15:50:11,Delivered,Credit Card,Jaipur,Rajasthan,20871.06,3130.66,10.0
703292,7119,2025-06-12 12:40:10,Shipped,UPI,Jaipur,Rajasthan,16940.57,3388.11,
704819,7369,2026-03-29 12:23:58,Cancelled,Credit Card,Surat,Gujarat,8731.43,873.14,
705314,7587,2024-06-02 10:27:19,Delivered,Net Banking,Lucknow,Uttar Pradesh,1633.61,245.04,9.0
708771,5952,2022-11-18 13:52:37,Returned,Net Banking,Chandigarh,Chandigarh,401262.82,40126.28,
701595,6870,2022-04-30 09:12:56,Shipped,Net Banking,Mumbai,Maharashtra,41221.04,0.0,
702798,5394,2024-11-12 07:35:27,Delivered,UPI,Ranchi,Jharkhand,6934.55,346.73,8.0
700516,6011,2022-11-05 11:34:30,Delivered,Cash on Delivery,Pune,Maharashtra,590.51,0.0,11.0
703026,6750,2024-07-15 03:19:08,Delivered,Cash on Delivery,Patna,Bihar,133758.42,26751.68,1.0
701193,6969,2026-07-28 15:47:23,Delivered,EMI,Bangalore,Karnataka,15538.84,0.0,3.0
708662,6349,2024-09-10 08:01:36,Pending,Debit Card,Chennai,Tamil Nadu,2442.21,366.33,
704254,6379,2024-10-01 05:02:48,Delivered,Cash on Delivery,Chandigarh,Chandigarh,4146.15,829.23,11.0
707994,7428,2025-07-27 08:39:39,Pending,Cash on Delivery,Nagpur,Maharashtra,200982.87,10049.14,
706002,7411,2024-12-30 04:29:02,Delivered,EMI,Surat,Gujarat,887.84,0.0,6.0
708455,5629,2024-05-24 05:26:41,Pending,Net Banking,Surat,Gujarat,73127.46,0.0,
704437,7511,2023-06-29 18:56:26,Returned,Debit Card,Pune,Maharashtra,56931.83,8539.77,
707074,7973,2023-04-21 11:03:32,Returned,Cash on Delivery,Chandigarh,Chandigarh,172237.92,8611.9,
708931,6198,2022-10-19 21:00:18,Shipped,Net Banking,Nagpur,Maharashtra,404138.66,80827.73,
701383,5932,2024-09-07 14:22:50,Delivered,Cash on Delivery,Jaipur,Rajasthan,87588.01,0.0,11.0
705076,5300,2025-11-23 01:03:52,Returned,Net Banking,Chennai,Tamil Nadu,249751.58,12487.58,
703809,6455,2023-05-26 00:17:56,Cancelled,UPI,Coimbatore,Tamil Nadu,2252.88,337.93,
706311,5608,2025-03-25 04:34:37,Shipped,Credit Card,Delhi,Delhi,229474.36,34421.15,
708657,5266,2023-10-25 10:38:55,Cancelled,Net Banking,Chennai,Tamil Nadu,44040.94,8808.19,
705399,6507,2024-03-01 01:04:03,Delivered,Debit Card,Surat,Gujarat,44393.06,6658.96,7.0
708265,6195,2024-09-15 19:09:49,Delivered,Debit Card,Coimbatore,Tamil Nadu,8263.88,0.0,11.0
707686,6392,2025-11-24 21:52:35,Delivered,Debit Card,Kolkata,West Bengal,6854.54,685.45,3.0
705701,5042,2025-09-19 08:56:38,Cancelled,UPI,Indore,Madhya Pradesh,22098.05,2209.8,
706911,7503,2022-04-04 08:19:45,Delivered,EMI,Mumbai,Maharashtra,177769.04,17776.9,11.0
700419,7462,2022-11-03 11:55:47,Delivered,UPI,Ahmedabad,Gujarat,197137.63,0.0,4.0
705768,6510,2024-04-04 15:43:29,Delivered,EMI,Patna,Bihar,237787.5,0.0,8.0
700725,5331,2024-04-07 07:52:50,Delivered,Net Banking,Patna,Bihar,528961.27,0.0,6.0
701860,7426,2023-11-09 21:35:35,Cancelled,Credit Card,Ahmedabad,Gujarat,4515.51,0.0,
705394,5494,2024-10-20 15:12:34,Cancelled,Net Banking,Ahmedabad,Gujarat,2963.37,592.67,
702547,6192,2022-06-06 15:31:01,Shipped,EMI,Kolkata,West Bengal,2632.52,0.0,
701052,5006,2025-06-30 11:26:42,Delivered,Net Banking,Ranchi,Jharkhand,59963.88,8994.58,12.0
703819,6173,2025-04-24 12:48:55,Delivered,Debit Card,Nagpur,Maharashtra,44681.02,2234.05,1.0
702728,6893,2026-07-27 03:29:30,Delivered,Credit Card,Jaipur,Rajasthan,39400.01,0.0,1.0
702180,6085,2023-07-07 23:21:49,Delivered,UPI,Lucknow,Uttar Pradesh,15785.68,0.0,9.0
701931,6383,2023-07-14 17:25:41,Delivered,Credit Card,Chandigarh,Chandigarh,109172.28,0.0,9.0
708641,5428,2022-05-21 04:33:58,Delivered,UPI,Hyderabad,Telangana,78820.18,7882.02,4.0
706352,6916,2022-04-30 23:13:30,Delivered,Debit Card,Surat,Gujarat,418282.69,0.0,7.0
701760,7850,2024-07-31 20:07:50,Delivered,Net Banking,Ranchi,Jharkhand,7730.09,1159.51,7.0
701393,7694,2024-01-26 17:03:00,Delivered,Credit Card,Chandigarh,Chandigarh,57876.9,11575.38,9.0
703950,5165,2022-06-08 06:55:48,Delivered,Credit Card,Mumbai,Maharashtra,42425.31,0.0,5.0
708231,6710,2025-05-10 09:12:28,Shipped,Cash on Delivery,Delhi,Delhi,52647.89,5264.79,
708424,7944,2024-02-09 04:35:00,Delivered,Net Banking,Jaipur,Rajasthan,33364.05,6672.81,8.0
707504,6348,2024-04-29 18:41:57,Delivered,UPI,Ranchi,Jharkhand,62244.26,6224.43,11.0
707082,7157,2025-04-15 03:46:43,Delivered,Net Banking,Delhi,Delhi,1781.81,356.36,3.0
701642,6130,2023-05-18 04:36:07,Delivered,Debit Card,Surat,Gujarat,13789.22,1378.92,10.0
706500,6668,2024-07-06 00:44:13,Delivered,UPI,Nashik,Maharashtra,38614.06,7722.81,11.0
708797,7735,2026-01-04 21:36:53,Pending,Cash on Delivery,Ranchi,Jharkhand,10193.0,1019.3,
707996,5337,2025-05-26 06:33:41,Cancelled,Net Banking,Lucknow,Uttar Pradesh,68766.42,13753.28,
703385,7393,2026-06-17 05:35:40,Delivered,Debit Card,Nashik,Maharashtra,121126.46,18168.97,12.0
703164,7558,2024-07-11 16:36:52,Shipped,Cash on Delivery,Delhi,Delhi,334954.36,66990.87,
703432,5119,2026-03-11 21:09:14,Cancelled,UPI,Pune,Maharashtra,1675.14,335.03,
706233,6012,2026-01-11 20:08:46,Shipped,Debit Card,Kochi,Kerala,82289.03,8228.9,
707120,6627,2022-05-06 08:01:40,Returned,Debit Card,Chandigarh,Chandigarh,249965.32,0.0,
705774,7870,2023-10-16 18:31:41,Cancelled,Cash on Delivery,Kochi,Kerala,46648.34,2332.42,
702997,6837,2025-05-28 22:45:33,Pending,Cash on Delivery,Patna,Bihar,40146.13,2007.31,
708089,6092,2024-09-13 00:53:06,Delivered,Debit Card,Kochi,Kerala,64735.38,6473.54,5.0
701265,5551,2022-05-25 14:10:16,Shipped,Credit Card,Nashik,Maharashtra,38741.82,1937.09,
700790,6137,2023-01-23 12:39:28,Delivered,Debit Card,Bhopal,Madhya Pradesh,1367.12,205.07,6.0
705205,5027,2024-10-28 21:24:55,Cancelled,Net Banking,Delhi,Delhi,432975.74,0.0,
703451,5547,2022-11-01 13:47:53,Delivered,Credit Card,Kolkata,West Bengal,2154.32,0.0,6.0
704642,7723,2025-07-10 12:56:32,Returned,Debit Card,Bhopal,Madhya Pradesh,11722.82,1758.42,
708143,7407,2024-09-19 13:03:05,Cancelled,Cash on Delivery,Patna,Bihar,71760.01,7176.0,
706161,7748,2022-10-29 16:14:04,Delivered,UPI,Ranchi,Jharkhand,195264.92,29289.74,9.0
704635,5548,2022-11-18 18:30:15,Delivered,EMI,Jaipur,Rajasthan,27205.07,0.0,12.0
708688,6469,2024-01-23 11:55:14,Delivered,Cash on Delivery,Patna,Bihar,9285.54,464.28,12.0
706261,7309,2025-06-28 06:49:14,Delivered,Net Banking,Kolkata,West Bengal,13881.15,2776.23,12.0
703044,7038,2023-12-14 12:46:55,Shipped,Debit Card,Chandigarh,Chandigarh,84125.02,0.0,
704536,5208,2023-04-05 03:39:18,Pending,UPI,Mumbai,Maharashtra,10816.62,0.0,
708463,5821,2024-11-10 03:50:43,Shipped,Cash on Delivery,Delhi,Delhi,116020.94,0.0,
707291,5876,2023-04-26 09:57:50,Pending,EMI,Delhi,Delhi,3436.72,0.0,
703439,7934,2024-03-30 20:43:06,Delivered,Net Banking,Ahmedabad,Gujarat,62415.5,0.0,11.0
704551,6556,2022-11-06 16:21:48,Cancelled,Debit Card,Chennai,Tamil Nadu,63126.99,0.0,
703350,6750,2024-04-21 07:10:28,Delivered,EMI,Kochi,Kerala,76226.4,7622.64,11.0
705934,5786,2023-09-15 11:42:51,Pending,UPI,Pune,Maharashtra,15304.08,0.0,
708615,6981,2026-05-26 04:12:56,Delivered,EMI,Hyderabad,Telangana,72959.74,14591.95,7.0
702680,6273,2026-06-27 02:53:22,Pending,Cash on Delivery,Mumbai,Maharashtra,3717.23,0.0,
705456,6744,2022-03-13 17:44:11,Delivered,Cash on Delivery,Lucknow,Uttar Pradesh,7413.75,741.38,11.0
702087,6843,2022-04-11 03:04:22,Returned,Credit Card,Jaipur,Rajasthan,14172.21,2125.83,
705618,7440,2024-11-22 02:52:42,Returned,Cash on Delivery,Delhi,Delhi,49262.06,9852.41,
702754,6217,2024-06-19 04:04:07,Shipped,EMI,Patna,Bihar,177885.88,8894.29,
702009,6778,2026-05-09 02:12:27,Shipped,Cash on Delivery,Mumbai,Maharashtra,101689.79,0.0,
708953,6609,2022-08-28 08:12:15,Delivered,Debit Card,Surat,Gujarat,62892.64,6289.26,1.0
702825,6682,2024-04-18 09:06:08,Pending,Cash on Delivery,Pune,Maharashtra,11142.15,1671.32,
708005,6840,2022-07-09 02:25:44,Shipped,UPI,Bangalore,Karnataka,298495.22,0.0,
704933,5694,2022-11-01 22:42:14,Pending,Credit Card,Mumbai,Maharashtra,6751.87,675.19,
703780,6025,2022-07-13 06:08:09,Pending,Debit Card,Ahmedabad,Gujarat,18919.67,0.0,
701221,6731,2024-05-18 18:52:16,Delivered,Credit Card,Ranchi,Jharkhand,8722.6,1308.39,10.0
701645,6250,2022-12-19 14:43:10,Shipped,Cash on Delivery,Ahmedabad,Gujarat,3435.28,0.0,
703971,7090,2025-12-28 09:34:27,Delivered,Debit Card,Bhopal,Madhya Pradesh,91520.87,0.0,9.0
703804,6025,2023-07-24 22:44:20,Returned,Debit Card,Chandigarh,Chandigarh,3053.19,305.32,
706089,7324,2022-07-21 10:14:23,Cancelled,Cash on Delivery,Nagpur,Maharashtra,87170.28,0.0,
706858,7372,2025-06-03 01:31:13,Delivered,UPI,Ranchi,Jharkhand,67165.8,13433.16,4.0
704557,5250,2024-09-14 17:25:01,Pending,Cash on Delivery,Bhopal,Madhya Pradesh,6776.98,1355.4,
700096,7041,2023-05-04 04:50:09,Cancelled,Credit Card,Chandigarh,Chandigarh,38629.66,0.0,
706218,5076,2024-01-12 01:28:21,Shipped,Net Banking,Surat,Gujarat,372.66,0.0,
701880,7037,2026-04-29 22:40:28,Pending,Credit Card,Kochi,Kerala,14800.44,1480.04,
703551,6322,2026-02-19 07:48:43,Shipped,UPI,Mumbai,Maharashtra,51701.79,7755.27,
701143,7206,2022-06-20 04:49:05,Delivered,UPI,Bhopal,Madhya Pradesh,152556.98,7627.85,11.0
708022,5165,2026-01-14 12:51:48,Delivered,Debit Card,Kolkata,West Bengal,30728.1,0.0,3.0
706430,5355,2023-06-14 07:49:49,Pending,EMI,Coimbatore,Tamil Nadu,233821.77,11691.09,
708658,6077,2026-02-12 13:22:52,Cancelled,UPI,Pune,Maharashtra,336634.22,50495.13,
708007,7358,2023-01-11 12:10:48,Delivered,EMI,Lucknow,Uttar Pradesh,155984.12,23397.62,8.0
707757,5120,2025-07-12 07:40:03,Delivered,Cash on Delivery,Indore,Madhya Pradesh,123956.0,0.0,9.0
708246,5564,2025-04-11 00:30:12,Delivered,UPI,Indore,Madhya Pradesh,4776.28,0.0,9.0
700711,6142,2024-04-09 05:55:18,Pending,Credit Card,Surat,Gujarat,29846.04,4476.91,
707279,5264,2022-09-26 07:16:54,Shipped,UPI,Nashik,Maharashtra,10848.5,1627.28,
700355,7758,2024-12-19 10:35:45,Delivered,EMI,Lucknow,Uttar Pradesh,17885.56,0.0,9.0
705980,5343,2023-01-03 03:49:19,Cancelled,Credit Card,Pune,Maharashtra,59.48,0.0,
705930,7530,2026-06-30 15:22:50,Pending,Cash on Delivery,Chandigarh,Chandigarh,23054.08,0.0,
702195,6796,2023-12-05 17:53:34,Delivered,Net Banking,Surat,Gujarat,2467.96,123.4,8.0
705923,5500,2024-01-17 01:13:10,Delivered,EMI,Nagpur,Maharashtra,38529.42,3852.94,4.0
706598,5281,2022-12-11 09:16:12,Pending,EMI,Pune,Maharashtra,2276.33,113.82,
703990,6969,2025-07-13 14:21:47,Returned,Cash on Delivery,Mumbai,Maharashtra,19649.49,1964.95,
700345,5255,2026-08-06 20:11:24,Shipped,Debit Card,Hyderabad,Telangana,1912.64,286.9,
706697,6696,2026-01-03 14:52:49,Delivered,Net Banking,Bhopal,Madhya Pradesh,70188.06,14037.61,3.0
707818,5852,2024-08-25 21:16:54,Delivered,Net Banking,Patna,Bihar,27336.82,0.0,9.0
704243,5419,2026-05-29 13:47:24,Returned,Credit Card,Pune,Maharashtra,26144.15,1307.21,
705106,7503,2026-04-17 00:45:04,Delivered,Net Banking,Coimbatore,Tamil Nadu,81323.1,8132.31,3.0
708361,7189,2026-06-17 11:12:19,Cancelled,Debit Card,Coimbatore,Tamil Nadu,54973.79,8246.07,
706100,6005,2023-05-19 11:49:35,Delivered,Net Banking,Chandigarh,Chandigarh,157302.34,0.0,7.0
705373,6869,2025-08-12 15:24:28,Delivered,Debit Card,Ranchi,Jharkhand,12336.29,0.0,1.0
705081,5923,2022-12-18 23:53:11,Pending,UPI,Bhopal,Madhya Pradesh,2109.32,210.93,
701320,7864,2024-10-18 11:59:17,Returned,EMI,Surat,Gujarat,126847.84,6342.39,
702351,5347,2022-03-14 14:24:04,Cancelled,EMI,Kolkata,West Bengal,115827.62,0.0,
705265,6263,2023-09-17 04:11:52,Cancelled,Cash on Delivery,Chandigarh,Chandigarh,15142.06,0.0,
706237,7116,2026-01-26 04:23:16,Shipped,EMI,Bhopal,Madhya Pradesh,24800.0,0.0,
706021,7303,2025-07-30 19:17:42,Returned,Net Banking,Ranchi,Jharkhand,78863.75,0.0,
702505,7918,2024-05-08 15:51:54,Returned,Debit Card,Indore,Madhya Pradesh,25099.0,5019.8,
700907,6111,2025-01-21 19:23:07,Delivered,Credit Card,Nashik,Maharashtra,88803.53,8880.35,3.0
701930,6764,2023-10-10 15:28:04,Delivered,UPI,Patna,Bihar,156172.55,23425.88,5.0
708355,5664,2024-03-29 22:32:27,Shipped,Debit Card,Patna,Bihar,27471.05,2747.11,
704120,5429,2023-05-16 07:29:42,Cancelled,Credit Card,Chandigarh,Chandigarh,67541.5,6754.15,
707872,6737,2025-01-14 14:20:41,Delivered,Net Banking,Ahmedabad,Gujarat,108073.42,0.0,7.0
705716,7890,2022-10-27 19:03:56,Returned,Debit Card,Ahmedabad,Gujarat,7169.44,0.0,
703894,5542,2024-10-17 22:26:44,Pending,Debit Card,Pune,Maharashtra,168111.47,16811.15,
702941,7641,2024-08-25 11:16:00,Delivered,Debit Card,Hyderabad,Telangana,30217.92,0.0,9.0
702074,7236,2023-08-22 07:52:52,Returned,UPI,Indore,Madhya Pradesh,10492.83,524.64,
702950,6055,2022-04-25 18:14:40,Delivered,Cash on Delivery,Nashik,Maharashtra,68659.45,0.0,1.0
702037,7441,2023-05-13 08:56:12,Pending,Debit Card,Kochi,Kerala,37166.02,1858.3,
701715,6230,2025-11-03 11:09:45,Delivered,Cash on Delivery,Chandigarh,Chandigarh,113292.87,5664.64,5.0
707398,6701,2022-02-17 15:27:49,Cancelled,Debit Card,Ahmedabad,Gujarat,35350.6,1767.53,
704184,5773,2025-10-28 18:11:50,Pending,Credit Card,Patna,Bihar,271285.44,27128.54,
700942,5609,2024-10-02 11:15:57,Returned,Cash on Delivery,Hyderabad,Telangana,26190.6,5238.12,
702744,5854,2023-09-06 13:15:21,Cancelled,Net Banking,Bhopal,Madhya Pradesh,57137.68,8570.65,
707986,6996,2023-10-13 18:34:28,Returned,Credit Card,Ahmedabad,Gujarat,17057.41,1705.74,
707719,7108,2022-01-29 19:14:31,Delivered,UPI,Bangalore,Karnataka,339064.16,67812.83,5.0
703636,5532,2022-05-14 21:40:09,Cancelled,Credit Card,Nashik,Maharashtra,21462.18,0.0,
708930,5500,2022-03-22 10:35:46,Pending,Credit Card,Chandigarh,Chandigarh,148179.7,0.0,
703484,6867,2024-04-13 15:00:56,Returned,Credit Card,Ranchi,Jharkhand,13217.13,2643.43,
707920,5417,2023-10-31 19:49:49,Cancelled,Debit Card,Ranchi,Jharkhand,1067.66,106.77,
700021,5936,2024-03-19 20:40:09,Cancelled,Cash on Delivery,Kolkata,West Bengal,14010.66,2802.13,
703434,5787,2022-01-12 21:49:49,Shipped,EMI,Pune,Maharashtra,15261.29,2289.19,
708416,5089,2026-04-20 17:10:59,Delivered,Debit Card,Delhi,Delhi,1939.47,193.95,6.0
707758,7274,2025-11-27 20:44:51,Delivered,UPI,Pune,Maharashtra,5355.16,803.27,2.0
702429,6119,2025-06-20 23:32:48,Delivered,Net Banking,Kochi,Kerala,64706.8,0.0,10.0
703650,6949,2024-11-12 13:48:55,Shipped,Debit Card,Chandigarh,Chandigarh,289576.94,0.0,
701779,7040,2024-12-21 12:20:58,Delivered,Net Banking,Chandigarh,Chandigarh,69816.62,3490.83,8.0
708899,6453,2023-10-14 09:11:38,Delivered,Cash on Delivery,Chandigarh,Chandigarh,25904.37,0.0,12.0
705614,7856,2022-06-21 05:08:27,Shipped,UPI,Patna,Bihar,353851.97,35385.2,
705776,7744,2022-07-28 02:08:52,Delivered,UPI,Nashik,Maharashtra,6052.61,0.0,3.0
704512,6533,2025-03-01 18:33:07,Shipped,Cash on Delivery,Hyderabad,Telangana,10532.6,1579.89,
704574,7118,2022-04-04 08:21:46,Delivered,Net Banking,Ranchi,Jharkhand,25583.22,0.0,6.0
704500,5878,2024-08-01 10:11:23,Delivered,Debit Card,Nashik,Maharashtra,22095.39,2209.54,12.0
706721,5512,2023-06-01 10:23:20,Delivered,UPI,Indore,Madhya Pradesh,40125.64,6018.85,3.0
703789,7129,2024-11-28 02:41:47,Delivered,UPI,Surat,Gujarat,18694.13,934.71,8.0
705650,7459,2023-07-28 21:05:40,Delivered,Cash on Delivery,Hyderabad,Telangana,371193.57,37119.36,11.0
707165,7908,2022-03-20 11:15:59,Delivered,UPI,Patna,Bihar,3327.75,166.39,3.0
705527,7963,2022-10-18 14:50:48,Delivered,UPI,Pune,Maharashtra,15683.33,2352.5,1.0
707906,5437,2025-01-28 03:03:44,Cancelled,EMI,Ranchi,Jharkhand,90011.46,0.0,
708531,5019,2026-06-28 12:50:54,Cancelled,Credit Card,Chennai,Tamil Nadu,485774.65,24288.73,
706170,5365,2024-06-03 12:06:56,Delivered,UPI,Hyderabad,Telangana,1098.72,219.74,2.0
707090,7673,2024-03-23 10:45:46,Delivered,Credit Card,Indore,Madhya Pradesh,144777.33,14477.73,9.0
701022,6619,2026-06-25 15:45:24,Shipped,Cash on Delivery,Chennai,Tamil Nadu,31196.38,0.0,
702419,5144,2023-06-08 14:44:41,Delivered,UPI,Kolkata,West Bengal,6758.92,0.0,5.0
708574,6354,2025-08-30 01:55:12,Cancelled,UPI,Patna,Bihar,214735.12,10736.76,
706322,7828,2026-07-16 15:10:15,Returned,Debit Card,Ranchi,Jharkhand,395888.58,79177.72,
705964,5726,2024-07-30 07:56:17,Delivered,UPI,Hyderabad,Telangana,210836.65,0.0,3.0
703531,6367,2022-08-11 02:02:46,Delivered,Net Banking,Nagpur,Maharashtra,19212.2,1921.22,6.0
706285,5311,2024-09-20 03:38:13,Pending,Cash on Delivery,Kochi,Kerala,76137.49,0.0,
701953,5870,2025-11-03 16:27:42,Pending,Cash on Delivery,Chandigarh,Chandigarh,361447.82,72289.56,
705172,7673,2022-05-13 14:29:44,Delivered,Credit Card,Delhi,Delhi,3120.24,0.0,12.0
706825,6922,2022-12-12 17:55:30,Delivered,Debit Card,Indore,Madhya Pradesh,1380.9,138.09,2.0
702267,6198,2025-05-22 01:01:45,Delivered,Net Banking,Patna,Bihar,26434.11,0.0,9.0
706091,7278,2023-06-13 13:33:27,Delivered,Cash on Delivery,Nagpur,Maharashtra,2020.68,0.0,6.0
702016,5354,2025-12-30 00:22:12,Returned,EMI,Jaipur,Rajasthan,349522.34,0.0,
702140,6305,2022-03-17 04:57:28,Cancelled,Cash on Delivery,Mumbai,Maharashtra,8778.54,438.93,
707690,6082,2023-08-27 22:37:42,Shipped,EMI,Kolkata,West Bengal,39830.82,7966.16,
703063,7483,2023-08-06 19:09:49,Pending,Debit Card,Coimbatore,Tamil Nadu,78345.38,0.0,
707148,5331,2023-02-15 15:42:31,Delivered,UPI,Bhopal,Madhya Pradesh,31367.52,0.0,2.0
700909,6582,2023-08-28 15:15:16,Cancelled,Credit Card,Surat,Gujarat,111405.91,0.0,
700838,6043,2024-05-06 05:51:18,Returned,EMI,Chennai,Tamil Nadu,36508.69,5476.3,
705053,5488,2022-12-05 03:24:26,Shipped,Net Banking,Coimbatore,Tamil Nadu,47921.08,0.0,
702190,6720,2023-03-29 02:03:09,Shipped,Credit Card,Mumbai,Maharashtra,902.1,180.42,
705168,5473,2025-11-15 01:53:30,Pending,UPI,Kolkata,West Bengal,42514.27,0.0,
704189,5788,2024-09-18 06:51:46,Delivered,Credit Card,Surat,Gujarat,25018.78,1250.94,2.0
703843,7909,2025-05-10 01:35:19,Delivered,EMI,Chennai,Tamil Nadu,258332.01,38749.8,9.0
705023,6074,2024-01-28 16:33:01,Cancelled,EMI,Mumbai,Maharashtra,340142.32,0.0,
707004,5967,2022-11-08 12:42:17,Delivered,UPI,Ranchi,Jharkhand,31735.11,0.0,12.0
700683,7997,2024-01-23 10:25:36,Pending,Credit Card,Kolkata,West Bengal,65762.21,0.0,
706921,6895,2025-01-01 00:51:37,Delivered,EMI,Ranchi,Jharkhand,153561.4,15356.14,6.0
701032,5092,2022-04-28 15:43:10,Shipped,Net Banking,Ahmedabad,Gujarat,136.15,0.0,
703145,7821,2024-11-30 10:27:23,Delivered,UPI,Kolkata,West Bengal,2255.68,112.78,11.0
705355,5067,2024-02-24 14:05:39,Pending,Debit Card,Indore,Madhya Pradesh,337852.12,33785.21,
704008,5733,2026-06-30 19:07:55,Returned,EMI,Nagpur,Maharashtra,8263.83,826.38,
700700,6981,2023-01-29 21:36:35,Delivered,EMI,Hyderabad,Telangana,184203.87,18420.39,8.0
704086,7235,2024-10-16 05:04:57,Delivered,Debit Card,Nagpur,Maharashtra,61356.76,6135.68,2.0
707717,5637,2025-12-10 14:58:50,Pending,Cash on Delivery,Bhopal,Madhya Pradesh,43770.84,0.0,
700101,6046,2022-02-01 20:21:39,Pending,UPI,Jaipur,Rajasthan,15645.04,0.0,
707050,5596,2022-11-26 12:03:16,Delivered,Credit Card,Bangalore,Karnataka,384541.59,57681.24,8.0
703782,6274,2023-01-04 21:42:26,Delivered,Net Banking,Kolkata,West Bengal,227655.63,0.0,11.0
701646,7612,2025-09-15 07:32:07,Delivered,Net Banking,Bangalore,Karnataka,71772.77,14354.55,4.0
704064,7591,2023-09-06 20:09:39,Delivered,UPI,Chennai,Tamil Nadu,33115.8,3311.58,11.0
701803,6891,2025-09-18 03:55:59,Delivered,UPI,Ranchi,Jharkhand,556067.58,111213.52,10.0
708274,7552,2026-06-14 15:25:37,Delivered,EMI,Bhopal,Madhya Pradesh,33764.41,3376.44,8.0
708240,5775,2023-09-28 10:44:51,Delivered,UPI,Kochi,Kerala,141786.42,7089.32,10.0
708091,5531,2023-07-31 08:08:17,Pending,Debit Card,Bangalore,Karnataka,408.45,40.84,
702232,7617,2024-10-14 18:10:54,Delivered,Debit Card,Nagpur,Maharashtra,5165.54,774.83,2.0
708403,6739,2022-05-26 15:06:31,Delivered,Net Banking,Nashik,Maharashtra,20892.27,1044.61,6.0
706521,5672,2023-07-26 01:57:02,Cancelled,EMI,Delhi,Delhi,100216.84,0.0,
706132,5917,2022-03-21 22:44:43,Returned,Credit Card,Mumbai,Maharashtra,2235.39,335.31,
703273,5790,2025-07-22 12:48:53,Delivered,Cash on Delivery,Surat,Gujarat,233731.22,0.0,7.0
702936,7957,2025-09-21 23:57:23,Delivered,Credit Card,Chennai,Tamil Nadu,7138.83,1427.77,8.0
704875,6879,2023-03-31 19:47:32,Cancelled,Credit Card,Nashik,Maharashtra,39473.58,1973.68,
701223,6600,2023-05-30 14:26:02,Cancelled,EMI,Nagpur,Maharashtra,93378.74,4668.94,
700489,7082,2024-04-10 20:17:30,Delivered,EMI,Bangalore,Karnataka,114898.88,0.0,9.0
707593,5412,2025-10-27 00:18:03,Returned,UPI,Coimbatore,Tamil Nadu,80173.24,0.0,
705320,5281,2022-12-16 03:25:48,Delivered,UPI,Delhi,Delhi,66411.6,9961.74,11.0
706228,7178,2024-05-04 10:54:20,Delivered,Cash on Delivery,Mumbai,Maharashtra,27434.04,0.0,11.0
704939,5296,2022-05-02 20:05:17,Delivered,Debit Card,Ranchi,Jharkhand,479232.76,47923.28,10.0
705664,6280,2023-12-16 21:48:54,Returned,Credit Card,Lucknow,Uttar Pradesh,18296.34,2744.45,
701904,5863,2022-01-17 15:44:29,Returned,UPI,Delhi,Delhi,2868.96,430.34,
707831,6919,2024-06-24 23:12:37,Shipped,Net Banking,Kochi,Kerala,130067.61,0.0,
702909,5160,2026-06-15 05:39:08,Delivered,UPI,Mumbai,Maharashtra,185444.44,27816.67,10.0
700771,5298,2025-09-06 15:38:33,Delivered,EMI,Bangalore,Karnataka,46134.54,0.0,12.0
704169,6686,2022-01-13 12:53:26,Returned,Cash on Delivery,Chandigarh,Chandigarh,1981.68,396.34,
706977,5945,2022-10-13 13:46:02,Delivered,EMI,Indore,Madhya Pradesh,1169.32,175.4,6.0
701253,7267,2025-09-20 01:22:27,Pending,EMI,Kochi,Kerala,130027.5,0.0,
705435,5374,2025-01-21 02:27:42,Delivered,UPI,Bhopal,Madhya Pradesh,176567.84,8828.39,5.0
702522,7060,2025-12-12 21:58:45,Shipped,Credit Card,Kochi,Kerala,17429.7,3485.94,
704014,5248,2023-03-19 03:52:11,Cancelled,Credit Card,Jaipur,Rajasthan,9185.11,1837.02,
705488,6088,2024-08-16 17:02:36,Cancelled,UPI,Mumbai,Maharashtra,22781.94,0.0,
702484,7821,2024-01-19 02:24:35,Cancelled,Cash on Delivery,Hyderabad,Telangana,135587.67,6779.38,
707479,5350,2023-05-19 00:21:17,Cancelled,Cash on Delivery,Jaipur,Rajasthan,31845.41,0.0,
708534,5363,2022-07-07 22:50:46,Cancelled,EMI,Chandigarh,Chandigarh,28254.18,2825.42,
702876,6815,2022-06-01 04:21:58,Delivered,Credit Card,Coimbatore,Tamil Nadu,127582.0,25516.4,3.0
701537,7811,2025-06-08 12:01:31,Returned,Debit Card,Indore,Madhya Pradesh,62001.12,0.0,
708055,7140,2025-10-16 16:10:55,Delivered,Net Banking,Delhi,Delhi,41502.15,8300.43,7.0
703715,7152,2026-07-11 00:40:45,Delivered,Net Banking,Bhopal,Madhya Pradesh,3026.9,605.38,3.0
707094,5068,2022-05-01 07:30:51,Returned,Debit Card,Bangalore,Karnataka,311359.24,15567.96,
706104,6725,2024-08-06 02:45:53,Pending,Cash on Delivery,Lucknow,Uttar Pradesh,306148.24,15307.41,
705714,7561,2023-10-19 11:52:52,Pending,Debit Card,Jaipur,Rajasthan,48650.99,9730.2,
703549,5127,2025-05-13 16:54:32,Shipped,Cash on Delivery,Lucknow,Uttar Pradesh,81595.95,0.0,
705254,5370,2025-02-12 08:04:01,Delivered,UPI,Lucknow,Uttar Pradesh,175642.17,0.0,4.0
707077,7665,2026-01-29 08:54:41,Cancelled,UPI,Hyderabad,Telangana,130437.27,13043.73,
700946,5525,2025-03-25 02:57:40,Delivered,Debit Card,Indore,Madhya Pradesh,29238.09,2923.81,1.0
705799,7383,2025-11-30 10:21:02,Cancelled,Debit Card,Chandigarh,Chandigarh,101407.6,5070.38,
708201,7740,2025-12-18 22:48:12,Returned,Credit Card,Chennai,Tamil Nadu,10143.28,0.0,
708698,7716,2025-11-12 06:34:25,Shipped,EMI,Ahmedabad,Gujarat,10408.16,0.0,
704126,6099,2023-03-28 03:51:17,Cancelled,UPI,Kochi,Kerala,965.62,144.84,
700998,7400,2022-06-22 22:52:17,Delivered,Debit Card,Patna,Bihar,19353.09,3870.62,4.0
703627,7180,2023-07-17 16:56:16,Shipped,Cash on Delivery,Jaipur,Rajasthan,56640.07,5664.01,
708101,7411,2025-10-06 21:51:35,Pending,Credit Card,Bhopal,Madhya Pradesh,26547.09,1327.35,
708589,7136,2023-09-30 05:15:29,Shipped,UPI,Mumbai,Maharashtra,67030.8,10054.62,
703211,7556,2022-11-30 18:52:50,Pending,Net Banking,Chandigarh,Chandigarh,39147.35,5872.1,
703989,5999,2022-03-28 22:07:10,Delivered,UPI,Ranchi,Jharkhand,2371.88,0.0,8.0
706837,6937,2026-04-06 11:38:06,Shipped,EMI,Patna,Bihar,115353.78,0.0,
703037,7567,2025-01-03 17:37:14,Cancelled,Debit Card,Bangalore,Karnataka,2486.16,248.62,
706657,5426,2026-06-16 08:51:16,Delivered,UPI,Indore,Madhya Pradesh,92223.58,4611.18,3.0
701922,7512,2026-01-15 21:07:14,Delivered,Debit Card,Kochi,Kerala,46497.29,0.0,1.0
702120,5525,2026-05-01 13:36:19,Shipped,UPI,Patna,Bihar,16415.9,2462.39,
707412,7247,2024-08-07 01:41:01,Pending,Debit Card,Chennai,Tamil Nadu,8702.91,1305.44,
703216,6017,2022-12-05 13:27:30,Delivered,UPI,Indore,Madhya Pradesh,5257.0,525.7,1.0
705830,5297,2023-10-09 14:36:45,Delivered,EMI,Delhi,Delhi,38223.3,7644.66,5.0
701512,6199,2023-09-27 14:46:08,Delivered,Cash on Delivery,Lucknow,Uttar Pradesh,295008.78,44251.32,10.0
706491,5609,2025-10-04 23:42:59,Shipped,Debit Card,Kolkata,West Bengal,107008.36,16051.25,
707302,6210,2023-11-08 19:03:23,Shipped,Debit Card,Ahmedabad,Gujarat,6667.62,666.76,
701966,5647,2023-12-28 21:20:33,Delivered,EMI,Ranchi,Jharkhand,214460.96,21446.1,6.0
706405,7278,2022-02-03 16:27:41,Delivered,Debit Card,Delhi,Delhi,129004.53,12900.45,4.0
708774,6024,2024-07-07 21:36:22,Delivered,Cash on Delivery,Kolkata,West Bengal,891.27,44.56,1.0
702546,5567,2022-12-06 23:39:30,Cancelled,Debit Card,Kochi,Kerala,179612.0,8980.6,
706321,5181,2024-07-19 02:12:49,Returned,UPI,Hyderabad,Telangana,29825.73,0.0,
700747,5512,2023-01-20 09:46:42,Returned,Credit Card,Surat,Gujarat,8722.6,1744.52,
704174,6461,2024-07-13 01:28:11,Returned,Debit Card,Nagpur,Maharashtra,4670.04,0.0,
708411,5119,2024-12-20 05:08:45,Pending,Cash on Delivery,Chennai,Tamil Nadu,3647.22,364.72,
706260,6561,2025-09-11 11:57:39,Delivered,UPI,Chandigarh,Chandigarh,87361.83,0.0,12.0
702175,7346,2024-06-09 23:38:26,Shipped,EMI,Kolkata,West Bengal,24237.92,3635.69,
704722,5507,2023-12-06 23:27:25,Pending,Debit Card,Pune,Maharashtra,48397.62,2419.88,
702673,5843,2024-06-26 01:53:07,Delivered,Debit Card,Hyderabad,Telangana,1798.3,269.75,7.0
701626,7121,2025-06-08 17:54:17,Pending,Debit Card,Coimbatore,Tamil Nadu,159426.86,15942.69,
700694,6740,2024-04-26 01:59:58,Delivered,UPI,Pune,Maharashtra,1445.58,0.0,4.0
706578,5558,2022-06-24 16:13:01,Delivered,Net Banking,Ranchi,Jharkhand,23564.2,0.0,9.0
708687,7289,2025-01-29 13:22:33,Delivered,Debit Card,Hyderabad,Telangana,1605.53,321.11,11.0
702556,7225,2023-02-23 10:44:23,Shipped,Debit Card,Chandigarh,Chandigarh,18300.26,1830.03,
700474,7662,2024-10-03 10:43:43,Delivered,Credit Card,Bhopal,Madhya Pradesh,285228.58,28522.86,9.0
705175,6611,2024-01-09 15:15:14,Shipped,Cash on Delivery,Bangalore,Karnataka,201149.28,40229.86,
704380,6847,2022-12-03 03:41:34,Delivered,Debit Card,Bangalore,Karnataka,42530.65,0.0,6.0
700582,5573,2023-11-05 08:23:21,Delivered,Debit Card,Bhopal,Madhya Pradesh,55811.54,8371.73,2.0
703478,6168,2022-04-21 09:21:07,Shipped,UPI,Kolkata,West Bengal,163173.08,32634.62,
708219,5949,2025-02-09 15:25:13,Delivered,EMI,Patna,Bihar,3323.72,664.74,6.0
703991,5992,2022-09-27 08:03:26,Delivered,Cash on Delivery,Hyderabad,Telangana,308615.23,30861.52,4.0
707898,6050,2024-03-29 08:57:24,Returned,EMI,Coimbatore,Tamil Nadu,15426.97,771.35,
704515,5151,2024-06-23 21:37:58,Delivered,EMI,Indore,Madhya Pradesh,365913.77,18295.69,5.0
700002,5503,2022-10-18 11:19:17,Returned,Cash on Delivery,Nagpur,Maharashtra,25780.65,1289.03,
704961,6635,2023-02-09 07:08:33,Cancelled,Cash on Delivery,Bangalore,Karnataka,42071.49,0.0,
701062,5385,2022-04-28 13:25:58,Delivered,UPI,Kolkata,West Bengal,93766.56,0.0,2.0
707675,7950,2023-10-08 01:42:46,Delivered,Debit Card,Patna,Bihar,9574.01,0.0,7.0
703682,5977,2022-10-25 06:52:46,Delivered,Credit Card,Ranchi,Jharkhand,136043.33,27208.67,9.0
707592,5210,2025-02-24 04:55:38,Shipped,UPI,Nagpur,Maharashtra,97828.45,9782.85,
701003,6870,2023-04-19 17:14:50,Pending,UPI,Kochi,Kerala,351729.54,0.0,
708763,6303,2025-02-07 18:51:30,Pending,UPI,Hyderabad,Telangana,201892.97,40378.59,
701016,5871,2026-04-30 16:42:07,Returned,Debit Card,Hyderabad,Telangana,7644.75,1528.95,
705347,5465,2023-05-19 17:59:55,Delivered,Debit Card,Hyderabad,Telangana,291643.62,0.0,7.0
702858,6438,2025-08-03 19:32:40,Delivered,UPI,Lucknow,Uttar Pradesh,571756.28,0.0,1.0
701193,6969,2026-07-28 15:47:23,Delivered,EMI,Bangalore,Karnataka,15538.84,0.0,3.0
703470,5101,2022-03-20 10:50:28,Delivered,EMI,Bhopal,Madhya Pradesh,12861.45,1929.22,2.0
701474,6510,2023-11-10 00:09:02,Cancelled,Debit Card,Indore,Madhya Pradesh,541811.4,0.0,
705198,6825,2026-06-23 06:13:25,Delivered,Debit Card,Kolkata,West Bengal,54272.94,10854.59,4.0
701431,5127,2022-01-17 21:56:53,Delivered,Net Banking,Nagpur,Maharashtra,23305.78,0.0,12.0
708307,7518,2024-04-24 06:00:09,Delivered,Credit Card,Jaipur,Rajasthan,153575.81,15357.58,6.0
706870,7851,2025-01-02 08:37:07,Delivered,Net Banking,Chandigarh,Chandigarh,198140.11,0.0,12.0
707101,7690,2022-07-30 12:41:35,Returned,Net Banking,Pune,Maharashtra,11197.58,0.0,
705453,7374,2023-11-21 08:05:44,Delivered,Credit Card,Lucknow,Uttar Pradesh,41809.38,8361.88,1.0
703892,6093,2024-04-28 15:08:12,Delivered,Credit Card,Hyderabad,Telangana,88945.16,4447.26,7.0
707341,7071,2024-04-18 16:13:49,Pending,Debit Card,Jaipur,Rajasthan,12867.98,643.4,
705705,7461,2023-03-01 11:58:42,Delivered,Credit Card,Bhopal,Madhya Pradesh,4848.26,0.0,4.0
703808,5713,2026-08-01 01:52:19,Delivered,Cash on Delivery,Bangalore,Karnataka,143424.99,7171.25,9.0
706141,7181,2025-10-24 08:32:48,Delivered,Credit Card,Chandigarh,Chandigarh,289.77,0.0,4.0
703223,6663,2026-04-30 00:16:21,Pending,Debit Card,Chennai,Tamil Nadu,384419.09,19220.95,
706456,5173,2025-10-01 18:24:37,Delivered,Cash on Delivery,Kochi,Kerala,128648.4,19297.26,7.0
706528,5578,2024-06-04 07:56:45,Pending,Credit Card,Indore,Madhya Pradesh,12225.7,1222.57,
708895,7755,2023-06-25 20:28:30,Delivered,Net Banking,Hyderabad,Telangana,8440.47,1688.09,2.0
703081,7262,2026-02-10 08:50:05,Delivered,Debit Card,Kolkata,West Bengal,18726.04,2808.91,6.0
708417,6157,2023-09-23 06:43:37,Delivered,Net Banking,Chandigarh,Chandigarh,61752.07,3087.6,3.0
702621,7318,2023-07-25 13:44:49,Delivered,Net Banking,Pune,Maharashtra,14543.94,0.0,9.0
704777,6148,2024-07-05 07:22:31,Pending,UPI,Indore,Madhya Pradesh,194829.59,38965.92,
705707,7912,2024-09-28 03:23:55,Returned,EMI,Kolkata,West Bengal,88019.53,0.0,
706121,6748,2024-02-16 05:30:15,Cancelled,Credit Card,Delhi,Delhi,70106.0,0.0,
707639,5807,2024-03-15 13:32:49,Cancelled,Debit Card,Delhi,Delhi,31848.35,0.0,
704099,5169,2022-03-22 04:53:11,Delivered,Cash on Delivery,Kolkata,West Bengal,103524.3,0.0,3.0
700317,7408,2022-11-23 17:42:44,Shipped,Debit Card,Nashik,Maharashtra,223155.67,22315.57,
705304,5095,2024-11-06 06:19:53,Shipped,UPI,Chandigarh,Chandigarh,4485.02,448.5,
700529,5444,2023-02-28 17:06:08,Pending,Credit Card,Pune,Maharashtra,236826.05,23682.61,
707891,5498,2022-02-27 14:12:05,Delivered,EMI,Lucknow,Uttar Pradesh,41823.34,8364.67,3.0
700308,6747,2022-11-09 03:54:24,Pending,Debit Card,Jaipur,Rajasthan,27900.12,4185.02,
704778,7458,2023-02-21 05:11:59,Pending,Net Banking,Nagpur,Maharashtra,182968.52,9148.43,
703255,7746,2023-01-22 17:27:06,Delivered,EMI,Hyderabad,Telangana,28532.01,0.0,3.0
700014,7903,2025-09-07 14:44:41,Delivered,EMI,Lucknow,Uttar Pradesh,422.32,21.12,8.0
704509,6032,2024-03-26 23:39:59,Pending,UPI,Kolkata,West Bengal,13319.76,2663.95,
706746,6094,2022-03-15 14:10:22,Cancelled,Credit Card,Mumbai,Maharashtra,253442.61,0.0,
708637,6417,2026-05-14 07:13:16,Shipped,Net Banking,Indore,Madhya Pradesh,34215.85,3421.59,
707525,5161,2022-07-21 15:38:38,Cancelled,Debit Card,Mumbai,Maharashtra,13592.72,2038.91,
702169,5866,2023-08-20 18:39:39,Cancelled,Net Banking,Nagpur,Maharashtra,71838.34,0.0,
706505,7058,2026-07-30 02:50:41,Returned,EMI,Mumbai,Maharashtra,67470.58,3373.53,
705287,5141,2026-06-14 17:53:58,Delivered,Credit Card,Ranchi,Jharkhand,7438.32,371.92,8.0
708646,5873,2022-07-31 06:45:17,Delivered,UPI,Jaipur,Rajasthan,339811.95,67962.39,3.0
703184,5046,2022-09-07 04:37:46,Delivered,Credit Card,Chennai,Tamil Nadu,61343.49,12268.7,9.0
700004,6276,2024-10-14 04:38:54,Delivered,EMI,Chennai,Tamil Nadu,9574.56,1436.18,12.0
702339,6995,2022-06-20 15:41:23,Shipped,Debit Card,Indore,Madhya Pradesh,16941.67,847.08,
707733,7627,2022-10-11 21:50:30,Cancelled,Cash on Delivery,Patna,Bihar,2757.13,137.86,
705149,5697,2025-10-15 10:18:36,Pending,UPI,Pune,Maharashtra,16602.53,0.0,
708982,6872,2024-03-25 03:31:39,Shipped,Credit Card,Chandigarh,Chandigarh,702.06,105.31,
708977,5144,2025-11-21 23:35:25,Delivered,Debit Card,Indore,Madhya Pradesh,177606.82,8880.34,11.0
700605,7073,2025-03-31 00:49:34,Pending,Debit Card,Nagpur,Maharashtra,28179.92,4226.99,
700228,5129,2026-07-09 09:59:18,Delivered,Cash on Delivery,Kolkata,West Bengal,157533.64,31506.73,4.0
700513,5354,2022-11-19 03:46:29,Pending,Debit Card,Ahmedabad,Gujarat,25320.42,2532.04,
704492,7435,2024-04-15 02:00:33,Cancelled,UPI,Delhi,Delhi,11603.88,0.0,
700598,5622,2023-11-15 05:49:43,Cancelled,Cash on Delivery,Nashik,Maharashtra,93183.76,0.0,
700669,5198,2023-09-16 18:17:37,Delivered,EMI,Ranchi,Jharkhand,21570.85,0.0,8.0
702343,6875,2024-10-29 09:03:03,Delivered,Cash on Delivery,Indore,Madhya Pradesh,9285.54,0.0,9.0
704494,7053,2023-03-02 00:16:39,Returned,Net Banking,Kolkata,West Bengal,109885.66,10988.57,
700429,6261,2026-04-21 06:29:47,Shipped,Cash on Delivery,Mumbai,Maharashtra,17699.03,0.0,
705283,6725,2022-07-07 15:33:45,Cancelled,Cash on Delivery,Ahmedabad,Gujarat,367544.47,55131.67,
708258,6183,2025-10-14 23:20:49,Returned,Cash on Delivery,Surat,Gujarat,115765.39,0.0,
708494,6120,2025-10-23 00:04:38,Delivered,UPI,Jaipur,Rajasthan,267935.58,53587.12,4.0
701188,6854,2025-08-07 16:17:08,Delivered,Credit Card,Lucknow,Uttar Pradesh,34903.31,3490.33,10.0
704257,5106,2026-01-21 18:27:57,Returned,Debit Card,Kolkata,West Bengal,26880.06,0.0,
703220,5407,2026-04-29 12:19:35,Delivered,Debit Card,Nashik,Maharashtra,34755.37,3475.54,3.0
707454,5800,2024-12-15 12:39:25,Returned,Cash on Delivery,Coimbatore,Tamil Nadu,365489.34,54823.4,
702093,6888,2022-01-04 06:45:24,Delivered,Credit Card,Chandigarh,Chandigarh,229443.32,45888.66,2.0
708462,7360,2023-12-03 16:14:19,Shipped,Cash on Delivery,Chennai,Tamil Nadu,551.8,110.36,
704232,7029,2026-05-20 07:27:26,Delivered,EMI,Mumbai,Maharashtra,313669.93,62733.99,10.0
706791,7955,2023-07-01 12:13:59,Shipped,EMI,Kochi,Kerala,5257.0,525.7,
706373,7960,2024-08-18 15:30:10,Pending,Credit Card,Mumbai,Maharashtra,69747.69,6974.77,
705515,7701,2023-12-19 05:30:45,Delivered,Debit Card,Mumbai,Maharashtra,327323.32,16366.17,9.0
702116,5593,2022-09-16 16:02:36,Shipped,Credit Card,Pune,Maharashtra,68479.9,13695.98,
702828,7232,2024-04-23 03:46:00,Returned,UPI,Nagpur,Maharashtra,196474.31,0.0,
704925,5908,2024-10-15 22:17:27,Cancelled,Net Banking,Jaipur,Rajasthan,39132.26,3913.23,
701387,7117,2022-06-04 06:08:01,Delivered,UPI,Hyderabad,Telangana,398542.38,0.0,3.0
701576,7011,2022-12-17 03:35:12,Cancelled,Cash on Delivery,Mumbai,Maharashtra,72856.9,10928.53,
707221,6822,2022-10-25 06:19:34,Cancelled,Cash on Delivery,Surat,Gujarat,15327.83,1532.78,
703951,5392,2024-09-14 02:13:58,Delivered,UPI,Indore,Madhya Pradesh,19535.9,1953.59,2.0
707526,6996,2023-03-13 22:32:20,Shipped,Debit Card,Nagpur,Maharashtra,1739.18,173.92,
701661,7558,2023-06-19 01:30:15,Returned,Debit Card,Hyderabad,Telangana,227494.72,0.0,
705189,7988,2022-02-17 04:27:39,Pending,Net Banking,Ranchi,Jharkhand,5651.93,1130.39,
700357,7790,2024-02-25 02:55:41,Returned,UPI,Coimbatore,Tamil Nadu,3125.35,468.8,
707330,6690,2025-01-05 13:53:17,Returned,EMI,Nagpur,Maharashtra,70922.73,0.0,
708984,7246,2024-05-20 11:25:26,Delivered,Debit Card,Delhi,Delhi,8316.82,831.68,11.0
706781,5258,2026-07-21 05:28:26,Shipped,Cash on Delivery,Pune,Maharashtra,10145.32,1521.8,
702047,7822,2024-09-04 16:58:03,Shipped,EMI,Nagpur,Maharashtra,61263.43,3063.17,
705257,5356,2022-03-09 23:13:42,Shipped,UPI,Mumbai,Maharashtra,3743.31,0.0,
707720,7213,2024-01-02 11:59:54,Delivered,UPI,Lucknow,Uttar Pradesh,6874.64,1031.2,3.0
702559,6813,2022-10-25 09:20:12,Delivered,Net Banking,Mumbai,Maharashtra,3742.43,561.36,9.0
704251,6302,2024-07-04 06:17:48,Delivered,Cash on Delivery,Surat,Gujarat,27592.33,0.0,11.0
708272,6512,2022-10-10 20:46:03,Cancelled,Net Banking,Nagpur,Maharashtra,138061.71,0.0,
704088,6882,2023-12-20 15:24:29,Shipped,UPI,Kochi,Kerala,414793.93,62219.09,
706119,5300,2024-09-17 20:29:54,Delivered,UPI,Nagpur,Maharashtra,98680.45,9868.05,8.0
700509,6778,2025-02-15 17:19:57,Delivered,Net Banking,Delhi,Delhi,308.35,30.84,11.0
703747,7660,2024-04-20 14:00:47,Delivered,Credit Card,Mumbai,Maharashtra,4468.4,223.42,11.0
702799,7062,2023-02-19 12:25:48,Delivered,Net Banking,Kochi,Kerala,17581.24,1758.12,10.0
701868,7364,2026-01-11 11:40:22,Shipped,UPI,Kochi,Kerala,154185.25,15418.52,
707234,5352,2022-01-05 10:04:56,Delivered,EMI,Kolkata,West Bengal,30393.3,6078.66,8.0
703098,7422,2026-07-24 02:30:14,Returned,Debit Card,Indore,Madhya Pradesh,205103.75,30765.56,
706592,6856,2022-06-15 02:02:57,Returned,EMI,Jaipur,Rajasthan,276432.46,0.0,
708084,7588,2025-05-13 06:57:07,Delivered,UPI,Kolkata,West Bengal,28357.77,5671.55,12.0
706248,7893,2026-07-30 20:20:58,Delivered,Cash on Delivery,Nashik,Maharashtra,111661.03,0.0,4.0
701813,5137,2026-07-03 13:31:39,Cancelled,Debit Card,Bangalore,Karnataka,315512.8,0.0,
706479,7358,2025-07-23 09:04:04,Pending,Credit Card,Lucknow,Uttar Pradesh,15811.13,0.0,
704311,7152,2025-08-06 19:29:15,Delivered,Net Banking,Bhopal,Madhya Pradesh,224211.22,44842.24,11.0
705238,5889,2023-12-08 09:26:48,Delivered,EMI,Nagpur,Maharashtra,62568.72,0.0,4.0
700118,7870,2024-01-13 06:42:38,Cancelled,Net Banking,Jaipur,Rajasthan,7361.93,1104.29,
701843,5743,2025-09-09 17:35:28,Shipped,UPI,Jaipur,Rajasthan,141167.27,7058.36,
704416,6575,2022-05-21 02:43:30,Delivered,Credit Card,Chandigarh,Chandigarh,9095.78,1364.37,10.0
708144,5986,2023-08-24 07:25:13,Delivered,EMI,Ahmedabad,Gujarat,59267.79,0.0,5.0
705943,5857,2022-05-20 17:06:34,Delivered,EMI,Lucknow,Uttar Pradesh,64160.69,6416.07,6.0
705834,6076,2022-04-07 22:06:54,Delivered,UPI,Ahmedabad,Gujarat,42674.25,0.0,7.0
700559,6317,2026-07-31 08:23:07,Returned,UPI,Kolkata,West Bengal,229196.79,34379.52,
702755,6145,2024-11-03 07:03:22,Delivered,Debit Card,Jaipur,Rajasthan,98443.29,0.0,8.0
706869,6298,2023-08-20 21:47:51,Delivered,EMI,Lucknow,Uttar Pradesh,64847.5,12969.5,2.0
702613,7404,2026-03-23 21:50:23,Returned,Net Banking,Hyderabad,Telangana,4898.55,0.0,
708001,5617,2023-01-28 07:20:46,Delivered,Debit Card,Ranchi,Jharkhand,63665.7,6366.57,9.0
708054,7593,2022-09-09 14:08:44,Pending,Net Banking,Nashik,Maharashtra,78398.83,11759.82,
702391,6306,2025-01-02 03:35:48,Delivered,Cash on Delivery,Chandigarh,Chandigarh,43930.12,0.0,5.0
708435,5302,2024-01-01 18:13:19,Delivered,EMI,Hyderabad,Telangana,11900.87,1190.09,9.0
705497,5370,2026-03-24 04:28:19,Pending,Cash on Delivery,Bangalore,Karnataka,282028.05,14101.4,
703897,5343,2025-10-12 14:33:52,Cancelled,EMI,Coimbatore,Tamil Nadu,93438.51,0.0,
702417,7865,2024-06-13 08:54:48,Delivered,EMI,Ranchi,Jharkhand,73153.61,14630.72,2.0
708671,7924,2026-07-19 21:02:13,Cancelled,UPI,Delhi,Delhi,117914.2,11791.42,
701903,6923,2024-09-21 23:18:14,Pending,Net Banking,Kolkata,West Bengal,14610.16,0.0,
705573,6607,2026-01-11 14:03:59,Pending,Cash on Delivery,Ranchi,Jharkhand,101129.89,0.0,
708291,6051,2022-10-20 14:32:44,Cancelled,Net Banking,Ranchi,Jharkhand,148093.16,0.0,
703118,5173,2024-10-28 18:26:21,Cancelled,Cash on Delivery,Bhopal,Madhya Pradesh,23745.21,4749.04,
706213,7668,2023-09-03 08:50:31,Shipped,EMI,Coimbatore,Tamil Nadu,18324.56,0.0,
706884,6151,2025-07-29 02:57:06,Shipped,Cash on Delivery,Surat,Gujarat,30775.38,1538.77,
706630,6457,2025-07-12 21:51:28,Cancelled,Debit Card,Nashik,Maharashtra,18406.66,2761.0,
708000,6466,2024-01-12 22:21:44,Pending,Debit Card,Patna,Bihar,9955.93,497.8,
704344,6746,2024-06-28 12:33:14,Pending,Debit Card,Lucknow,Uttar Pradesh,32633.56,0.0,
708820,5874,2022-01-17 23:44:23,Pending,Net Banking,Mumbai,Maharashtra,49908.6,4990.86,
700862,6716,2024-04-30 02:47:24,Returned,Cash on Delivery,Patna,Bihar,238.1,0.0,
702503,7797,2025-04-18 09:31:34,Shipped,Credit Card,Coimbatore,Tamil Nadu,14465.46,723.27,
702797,5706,2022-10-21 15:35:34,Pending,Debit Card,Ahmedabad,Gujarat,65912.66,3295.63,
708809,5128,2022-09-09 05:45:47,Delivered,Net Banking,Delhi,Delhi,2170.72,217.07,7.0
700704,6690,2024-11-28 00:19:33,Delivered,Debit Card,Pune,Maharashtra,99380.9,14907.13,7.0
701005,7783,2022-03-15 20:20:09,Delivered,Credit Card,Coimbatore,Tamil Nadu,5024.82,251.24,2.0
700928,5607,2023-04-27 06:56:15,Delivered,Cash on Delivery,Jaipur,Rajasthan,159043.45,23856.52,6.0
707866,5756,2023-08-16 16:58:36,Delivered,Debit Card,Bangalore,Karnataka,1068.92,0.0,4.0
706369,7370,2022-03-10 16:53:15,Returned,Credit Card,Lucknow,Uttar Pradesh,37781.04,1889.05,
700157,5354,2022-07-24 15:50:02,Cancelled,UPI,Nagpur,Maharashtra,3532.96,176.65,
702895,6327,2022-05-14 06:19:29,Shipped,Net Banking,Lucknow,Uttar Pradesh,195503.71,19550.37,
706398,5689,2022-06-15 22:01:48,Returned,Net Banking,Delhi,Delhi,39471.28,3947.13,
706230,5369,2025-03-20 04:02:05,Delivered,Net Banking,Nashik,Maharashtra,49556.33,7433.45,11.0
708095,5284,2025-03-18 01:33:53,Shipped,Cash on Delivery,Coimbatore,Tamil Nadu,65560.18,0.0,
700751,7401,2024-09-09 20:25:00,Delivered,EMI,Nashik,Maharashtra,44068.87,6610.33,5.0
706852,5474,2025-08-20 12:04:36,Delivered,Debit Card,Surat,Gujarat,4484.8,448.48,9.0
701978,5317,2026-08-02 23:55:23,Delivered,UPI,Bhopal,Madhya Pradesh,6804.86,680.49,10.0
705235,5538,2023-04-16 14:08:19,Delivered,Cash on Delivery,Kochi,Kerala,16377.61,0.0,2.0
704918,5387,2022-09-12 13:54:51,Shipped,Credit Card,Chennai,Tamil Nadu,22656.56,1132.83,
705813,7448,2022-03-08 10:12:56,Shipped,Net Banking,Kolkata,West Bengal,146373.07,0.0,
701757,5281,2023-02-03 23:26:18,Delivered,Cash on Delivery,Jaipur,Rajasthan,66799.11,0.0,12.0
705628,6123,2022-10-01 06:51:54,Delivered,UPI,Bhopal,Madhya Pradesh,135881.75,0.0,10.0
700172,5530,2023-02-22 17:42:26,Delivered,Cash on Delivery,Ahmedabad,Gujarat,8281.92,414.1,7.0
701038,6010,2023-12-29 21:33:58,Returned,Credit Card,Jaipur,Rajasthan,29222.61,0.0,
702836,7263,2022-12-20 09:10:24,Delivered,UPI,Jaipur,Rajasthan,139235.39,0.0,9.0
706875,5142,2022-04-25 07:10:17,Cancelled,UPI,Hyderabad,Telangana,29752.58,4462.89,
707636,6457,2023-05-11 17:30:29,Shipped,Debit Card,Surat,Gujarat,73167.47,0.0,
704714,5935,2023-01-30 08:35:15,Delivered,Credit Card,Jaipur,Rajasthan,201900.52,0.0,12.0
706015,6640,2022-07-31 04:05:58,Delivered,UPI,Bhopal,Madhya Pradesh,8129.11,0.0,4.0
703576,5327,2023-04-14 10:03:07,Shipped,Net Banking,Patna,Bihar,24882.38,3732.36,
700338,7249,2023-05-18 13:19:46,Cancelled,Net Banking,Surat,Gujarat,47030.0,7054.5,
701449,6129,2025-10-19 11:16:31,Pending,EMI,Chennai,Tamil Nadu,307602.47,15380.12,
705285,5696,2022-10-11 05:29:52,Returned,EMI,Surat,Gujarat,23445.19,4689.04,
703019,6099,2022-01-21 19:53:45,Delivered,Debit Card,Chandigarh,Chandigarh,147724.55,0.0,7.0
701696,7011,2026-05-26 20:14:57,Delivered,Credit Card,Jaipur,Rajasthan,188262.56,9413.13,12.0
704724,7019,2024-06-09 02:05:54,Delivered,Debit Card,Hyderabad,Telangana,7585.25,758.53,4.0
706231,5682,2023-06-02 03:59:08,Returned,Net Banking,Bangalore,Karnataka,19821.64,2973.25,
702931,7837,2023-09-04 22:08:04,Delivered,UPI,Bangalore,Karnataka,27654.84,5530.97,9.0
707116,6719,2022-09-23 22:46:45,Shipped,Cash on Delivery,Ahmedabad,Gujarat,101857.29,5092.86,
708834,7161,2024-09-26 00:15:20,Cancelled,Debit Card,Bangalore,Karnataka,1207.38,120.74,
703410,6800,2023-03-19 20:48:57,Cancelled,Net Banking,Pune,Maharashtra,225671.43,0.0,
708051,6184,2022-07-20 16:36:36,Pending,Debit Card,Mumbai,Maharashtra,225838.36,0.0,
700755,7629,2024-02-12 01:19:43,Delivered,UPI,Coimbatore,Tamil Nadu,123499.95,24699.99,10.0
704291,5317,2023-02-11 09:22:41,Delivered,Net Banking,Jaipur,Rajasthan,113476.76,11347.68,11.0
706306,5283,2024-11-24 16:26:23,Pending,Net Banking,Chennai,Tamil Nadu,25379.38,2537.94,
703846,7727,2025-12-03 04:46:53,Delivered,EMI,Delhi,Delhi,9194.21,1838.84,3.0
700084,7849,2025-06-20 15:20:55,Cancelled,Net Banking,Ranchi,Jharkhand,100626.54,10062.65,
704667,7192,2024-08-30 08:36:38,Cancelled,UPI,Mumbai,Maharashtra,351869.08,0.0,
706803,5391,2022-08-06 04:23:38,Cancelled,Credit Card,Bhopal,Madhya Pradesh,9934.91,0.0,
703264,7181,2025-07-05 14:20:36,Delivered,Credit Card,Hyderabad,Telangana,173678.99,34735.8,3.0
705619,5522,2025-03-21 17:27:02,Delivered,UPI,Ranchi,Jharkhand,8260.41,1239.06,3.0
706655,7288,2024-03-08 02:09:42,Returned,Credit Card,Delhi,Delhi,133170.42,26634.08,
705594,7491,2024-03-21 22:14:44,Delivered,Cash on Delivery,Nagpur,Maharashtra,49961.81,7494.27,11.0
700951,6025,2025-02-25 04:49:44,Delivered,Debit Card,Bhopal,Madhya Pradesh,7211.72,1442.34,3.0
703446,6570,2025-08-27 20:39:45,Delivered,Credit Card,Bangalore,Karnataka,3596.91,719.38,1.0
706717,6883,2024-03-17 02:30:47,Delivered,Credit Card,Coimbatore,Tamil Nadu,19098.8,3819.76,8.0
705244,6270,2023-10-02 19:32:24,Delivered,Debit Card,Hyderabad,Telangana,166223.6,0.0,4.0
700363,5437,2025-03-08 07:47:43,Pending,EMI,Bhopal,Madhya Pradesh,30137.98,6027.6,
700690,7011,2026-05-21 13:43:49,Returned,UPI,Indore,Madhya Pradesh,4538.94,226.95,
705960,6072,2026-04-15 14:32:19,Pending,Cash on Delivery,Lucknow,Uttar Pradesh,4951.09,742.66,
708807,6980,2025-02-05 05:49:06,Delivered,Credit Card,Bangalore,Karnataka,114271.16,22854.23,3.0
705512,7715,2026-06-30 03:32:34,Returned,Debit Card,Ranchi,Jharkhand,2341.65,117.08,
705105,6952,2022-06-26 19:33:54,Delivered,Debit Card,Bhopal,Madhya Pradesh,8477.92,423.9,11.0
704187,5987,2025-03-23 01:59:33,Shipped,UPI,Bangalore,Karnataka,62995.52,0.0,
704521,5373,2022-08-14 02:40:28,Delivered,Net Banking,Bhopal,Madhya Pradesh,7585.25,0.0,8.0
706851,7040,2025-01-22 03:54:46,Delivered,UPI,Nashik,Maharashtra,116807.44,0.0,9.0
708432,7278,2023-10-20 20:16:29,Cancelled,Credit Card,Surat,Gujarat,10381.81,1557.27,
703422,7326,2023-03-27 06:57:59,Returned,EMI,Ranchi,Jharkhand,215748.12,21574.81,
705165,7933,2024-04-29 04:02:46,Delivered,EMI,Patna,Bihar,11257.36,1125.74,6.0
708058,5559,2022-11-21 19:45:07,Returned,Net Banking,Nagpur,Maharashtra,20646.03,0.0,
702635,5637,2022-11-24 21:54:25,Delivered,Net Banking,Ahmedabad,Gujarat,180529.85,0.0,3.0
701625,5099,2023-09-06 15:45:49,Delivered,UPI,Ahmedabad,Gujarat,21892.84,1094.64,11.0
705260,7656,2026-06-05 07:01:35,Delivered,UPI,Bhopal,Madhya Pradesh,3005.64,300.56,3.0
703036,7929,2022-02-10 13:28:56,Cancelled,Credit Card,Ahmedabad,Gujarat,8186.84,818.68,
705695,5526,2026-01-04 21:55:43,Returned,UPI,Jaipur,Rajasthan,12765.2,0.0,
700952,5118,2022-04-24 17:46:29,Cancelled,Debit Card,Nashik,Maharashtra,27802.7,5560.54,
703777,5727,2024-04-18 22:20:27,Pending,Debit Card,Hyderabad,Telangana,6190.01,0.0,
708693,7224,2025-02-19 08:25:17,Delivered,EMI,Nagpur,Maharashtra,175310.82,0.0,2.0
708888,6666,2022-01-30 20:30:47,Pending,EMI,Chandigarh,Chandigarh,18636.3,1863.63,
705887,5925,2025-11-20 09:23:40,Delivered,Credit Card,Patna,Bihar,164181.85,24627.28,9.0
704973,5443,2022-10-26 08:34:18,Delivered,Net Banking,Nashik,Maharashtra,29918.73,1495.94,11.0
700142,6003,2023-11-13 16:16:29,Shipped,EMI,Ranchi,Jharkhand,13426.4,2685.28,
706058,5176,2023-07-03 08:43:00,Cancelled,Net Banking,Kolkata,West Bengal,418679.65,20933.98,
700406,7075,2025-07-30 19:53:59,Delivered,EMI,Surat,Gujarat,175682.89,26352.43,10.0
705553,6943,2022-11-01 08:16:51,Delivered,Cash on Delivery,Chandigarh,Chandigarh,38476.23,5771.43,6.0
704023,6174,2022-03-15 09:39:09,Pending,Credit Card,Ahmedabad,Gujarat,20032.18,0.0,
707035,7299,2024-09-30 02:02:16,Delivered,Debit Card,Nashik,Maharashtra,177528.14,35505.63,7.0
700971,5127,2024-04-09 22:33:21,Returned,EMI,Bhopal,Madhya Pradesh,7271.34,1454.27,
700944,6368,2022-07-06 23:27:10,Delivered,EMI,Coimbatore,Tamil Nadu,59820.9,0.0,6.0
704296,5297,2023-09-16 02:42:48,Pending,Debit Card,Patna,Bihar,100858.4,0.0,
706327,7463,2022-09-16 05:43:54,Shipped,EMI,Chandigarh,Chandigarh,92334.96,0.0,
704626,7098,2024-10-22 03:56:01,Cancelled,EMI,Bangalore,Karnataka,528596.68,79289.5,
703088,5489,2024-10-02 16:01:27,Delivered,Debit Card,Jaipur,Rajasthan,37448.25,0.0,9.0
701992,5056,2025-03-01 06:41:01,Shipped,Debit Card,Kolkata,West Bengal,119294.3,17894.14,
708132,6669,2022-11-28 13:33:24,Delivered,Cash on Delivery,Chennai,Tamil Nadu,443.92,44.39,8.0
701180,7920,2024-06-22 04:53:53,Returned,Net Banking,Mumbai,Maharashtra,6695.25,0.0,
705305,6434,2022-09-26 02:11:30,Delivered,Debit Card,Indore,Madhya Pradesh,19666.24,983.31,2.0
703045,6765,2023-02-13 08:30:44,Cancelled,UPI,Lucknow,Uttar Pradesh,86899.66,17379.93,
706030,7983,2025-11-12 01:52:54,Cancelled,Cash on Delivery,Delhi,Delhi,17202.89,3440.58,
701940,6185,2022-07-24 12:58:36,Delivered,EMI,Nagpur,Maharashtra,3748.15,749.63,11.0
704027,7889,2023-08-04 00:30:03,Pending,Credit Card,Jaipur,Rajasthan,2239.12,0.0,
706284,7196,2025-04-11 14:03:27,Returned,EMI,Ahmedabad,Gujarat,248772.35,12438.62,
700399,7001,2023-01-22 01:10:54,Shipped,Debit Card,Patna,Bihar,115650.29,17347.54,
704331,6388,2022-10-07 05:44:40,Returned,EMI,Chennai,Tamil Nadu,7806.12,1170.92,
705892,7330,2022-04-09 16:06:57,Delivered,Cash on Delivery,Nagpur,Maharashtra,76081.92,0.0,4.0
705376,5608,2022-06-29 04:14:28,Returned,Cash on Delivery,Coimbatore,Tamil Nadu,114726.21,22945.24,
705559,7494,2023-04-17 17:28:50,Cancelled,Credit Card,Mumbai,Maharashtra,7571.52,1514.3,
700767,5882,2024-08-24 06:33:12,Delivered,Debit Card,Ranchi,Jharkhand,7639.5,381.98,2.0
708798,6990,2025-05-08 21:03:15,Cancelled,Credit Card,Jaipur,Rajasthan,46846.46,7026.97,
705615,7488,2026-04-21 14:17:43,Delivered,Credit Card,Surat,Gujarat,2066.13,413.23,9.0
708371,5657,2022-11-03 05:19:13,Returned,Debit Card,Coimbatore,Tamil Nadu,4924.98,0.0,
705898,6514,2024-03-18 04:53:09,Shipped,UPI,Indore,Madhya Pradesh,262078.28,52415.66,
707056,5716,2026-07-15 09:08:19,Cancelled,Net Banking,Chennai,Tamil Nadu,3468.21,0.0,
702285,5953,2023-02-05 11:41:24,Pending,Net Banking,Pune,Maharashtra,209267.09,10463.35,
700732,6170,2022-06-29 22:47:54,Delivered,EMI,Kochi,Kerala,18601.06,3720.21,5.0
703289,5273,2024-01-03 05:55:52,Delivered,Net Banking,Coimbatore,Tamil Nadu,42403.83,0.0,12.0
705529,6544,2025-09-14 20:02:16,Delivered,EMI,Kochi,Kerala,2135.59,427.12,5.0
702684,7914,2024-04-17 00:40:42,Delivered,Net Banking,Kolkata,West Bengal,63727.74,0.0,5.0
705352,6469,2024-10-17 22:00:13,Delivered,Cash on Delivery,Coimbatore,Tamil Nadu,265815.15,39872.27,4.0
706359,7303,2024-04-11 08:17:43,Cancelled,Net Banking,Kolkata,West Bengal,86096.32,4304.82,
706106,5416,2022-11-19 02:51:21,Pending,EMI,Indore,Madhya Pradesh,19984.54,2997.68,
703540,6655,2023-12-31 15:25:41,Delivered,Credit Card,Surat,Gujarat,28286.84,2828.68,6.0
704134,7980,2023-01-31 00:36:10,Delivered,Debit Card,Ranchi,Jharkhand,32759.16,6551.83,10.0
702011,7695,2025-09-22 03:11:21,Returned,EMI,Pune,Maharashtra,32856.62,3285.66,
705147,7476,2026-07-24 13:53:16,Delivered,Credit Card,Kolkata,West Bengal,3701.6,740.32,6.0
702753,7659,2024-10-26 10:44:23,Delivered,Credit Card,Patna,Bihar,7290.42,1458.08,12.0
707972,6607,2022-08-09 09:01:46,Delivered,EMI,Kochi,Kerala,117041.11,23408.22,11.0
702347,6401,2026-01-16 07:27:56,Delivered,Credit Card,Ahmedabad,Gujarat,75987.05,15197.41,1.0
700062,7285,2022-11-03 10:00:31,Delivered,Credit Card,Chandigarh,Chandigarh,20478.19,3071.73,6.0
705541,7878,2023-10-02 05:54:47,Delivered,UPI,Ahmedabad,Gujarat,227259.01,0.0,8.0
708269,6043,2025-05-28 09:40:37,Shipped,UPI,Nashik,Maharashtra,23656.68,0.0,
705710,5376,2022-06-21 06:50:52,Delivered,EMI,Chandigarh,Chandigarh,4917.22,0.0,9.0
702340,6934,2022-11-30 07:20:23,Returned,Cash on Delivery,Patna,Bihar,50252.93,7537.94,
701583,6364,2023-01-29 11:27:08,Delivered,EMI,Bangalore,Karnataka,69678.18,6967.82,8.0
705353,5285,2026-06-24 04:43:52,Delivered,Debit Card,Patna,Bihar,7632.38,1144.86,10.0
706067,6102,2025-08-15 13:17:54,Delivered,UPI,Surat,Gujarat,11746.02,2349.2,12.0
702035,7930,2023-06-04 17:13:56,Shipped,Debit Card,Pune,Maharashtra,269843.67,0.0,
701708,7739,2023-08-23 11:31:58,Delivered,UPI,Ahmedabad,Gujarat,29042.85,4356.43,11.0
704327,6081,2024-11-04 20:50:51,Delivered,EMI,Nashik,Maharashtra,10823.56,0.0,2.0
705141,5949,2025-12-20 17:23:38,Delivered,EMI,Bhopal,Madhya Pradesh,30680.52,6136.1,9.0
700518,5997,2025-04-10 12:56:33,Shipped,Debit Card,Bhopal,Madhya Pradesh,960.28,96.03,
702790,5490,2026-02-06 12:47:46,Returned,EMI,Bangalore,Karnataka,43204.2,8640.84,
700566,5968,2026-04-12 01:50:47,Delivered,Credit Card,Hyderabad,Telangana,17148.6,0.0,9.0
705138,5950,2025-02-02 07:22:52,Delivered,Credit Card,Jaipur,Rajasthan,31387.42,3138.74,9.0
708230,6073,2022-02-13 20:16:08,Pending,Debit Card,Nashik,Maharashtra,2371.88,237.19,
708068,5950,2022-08-28 01:48:56,Delivered,UPI,Indore,Madhya Pradesh,13988.68,2797.74,10.0
702030,6873,2022-12-10 16:23:50,Delivered,EMI,Nagpur,Maharashtra,164276.06,0.0,5.0
706880,6702,2024-08-24 06:12:03,Returned,EMI,Mumbai,Maharashtra,48038.49,4803.85,
706360,6227,2023-11-29 09:08:44,Shipped,UPI,Ahmedabad,Gujarat,814.6,40.73,
704769,7542,2025-08-13 21:38:02,Shipped,UPI,Indore,Madhya Pradesh,11911.37,1191.14,
700120,5306,2025-02-15 16:25:18,Returned,Net Banking,Mumbai,Maharashtra,2674.18,0.0,
706331,6205,2024-10-25 07:10:32,Cancelled,Cash on Delivery,Ranchi,Jharkhand,110631.21,22126.24,
703345,5994,2025-02-06 14:08:16,Delivered,EMI,Chandigarh,Chandigarh,10718.63,535.93,2.0
705297,5096,2025-01-29 10:28:44,Returned,Cash on Delivery,Ranchi,Jharkhand,7571.52,757.15,
701917,5011,2022-01-17 09:02:10,Cancelled,Debit Card,Jaipur,Rajasthan,26612.98,3991.95,
706403,7406,2024-11-18 19:08:52,Returned,EMI,Bangalore,Karnataka,47854.69,2392.73,
701144,5456,2024-01-10 15:25:36,Delivered,Net Banking,Lucknow,Uttar Pradesh,289732.77,57946.55,8.0
701541,7921,2026-03-21 23:04:51,Delivered,Credit Card,Surat,Gujarat,222565.9,33384.88,11.0
707931,7406,2025-04-29 10:59:32,Delivered,Debit Card,Coimbatore,Tamil Nadu,17971.38,2695.71,11.0
704503,5075,2023-10-21 19:49:02,Delivered,Cash on Delivery,Indore,Madhya Pradesh,40665.37,4066.54,12.0
700769,6075,2026-06-01 14:42:07,Shipped,Net Banking,Bhopal,Madhya Pradesh,64680.78,12936.16,
704843,5352,2024-09-26 20:05:49,Delivered,Cash on Delivery,Jaipur,Rajasthan,25721.49,0.0,2.0
708443,5908,2022-03-01 00:35:36,Shipped,Net Banking,Mumbai,Maharashtra,13199.08,0.0,
708086,5135,2024-11-06 11:10:40,Cancelled,Credit Card,Delhi,Delhi,349602.36,69920.47,
703341,6642,2026-02-21 02:04:37,Delivered,EMI,Hyderabad,Telangana,47247.41,4724.74,5.0
706448,6455,2023-11-27 18:54:47,Returned,EMI,Patna,Bihar,45445.98,4544.6,
702991,7176,2024-06-06 21:45:54,Delivered,Net Banking,Patna,Bihar,187601.43,18760.14,3.0
708851,6853,2022-04-16 17:19:32,Delivered,Net Banking,Kolkata,West Bengal,3515.42,351.54,7.0
701676,6135,2026-03-11 17:02:46,Delivered,Credit Card,Pune,Maharashtra,7616.29,0.0,6.0
700102,6795,2026-05-01 18:52:40,Delivered,EMI,Mumbai,Maharashtra,180894.68,36178.94,6.0
708702,5098,2023-10-08 20:54:56,Delivered,EMI,Delhi,Delhi,41784.85,0.0,7.0
700481,7729,2022-05-06 21:43:18,Delivered,UPI,Coimbatore,Tamil Nadu,89482.27,0.0,11.0
705239,7162,2022-11-28 02:52:54,Shipped,Credit Card,Pune,Maharashtra,34311.06,6862.21,
702912,6754,2025-11-21 18:23:36,Shipped,Debit Card,Pune,Maharashtra,50721.1,7608.16,
700496,5273,2023-03-04 09:48:54,Delivered,UPI,Nashik,Maharashtra,199685.64,9984.28,4.0
702718,6706,2026-01-18 10:05:35,Delivered,Cash on Delivery,Chandigarh,Chandigarh,5345.48,267.27,7.0
706023,7165,2023-04-09 14:58:56,Delivered,Credit Card,Kochi,Kerala,433414.39,43341.44,10.0
701443,6328,2023-09-15 03:45:39,Delivered,Cash on Delivery,Delhi,Delhi,22457.99,0.0,5.0
701950,7910,2023-06-14 20:31:57,Shipped,Credit Card,Lucknow,Uttar Pradesh,7725.12,0.0,
705735,7238,2025-09-24 19:57:06,Shipped,UPI,Kochi,Kerala,275926.08,0.0,
706019,5328,2023-05-20 12:25:24,Delivered,UPI,Pune,Maharashtra,17524.77,0.0,5.0
705090,6425,2022-06-14 08:08:35,Delivered,Cash on Delivery,Kolkata,West Bengal,22733.16,2273.32,3.0
705103,7481,2022-03-02 06:27:21,Shipped,EMI,Nagpur,Maharashtra,45505.34,2275.27,
704886,7721,2026-02-05 11:55:36,Delivered,Cash on Delivery,Nashik,Maharashtra,212758.4,42551.68,1.0
701743,7725,2022-04-09 02:01:07,Delivered,Credit Card,Kolkata,West Bengal,5026.24,1005.25,9.0
700547,6333,2026-06-25 04:08:45,Cancelled,EMI,Pune,Maharashtra,184058.98,0.0,
706805,7368,2024-06-07 20:53:44,Pending,UPI,Kolkata,West Bengal,1245.14,62.26,
705858,7459,2023-12-29 09:58:26,Shipped,EMI,Ranchi,Jharkhand,17248.3,0.0,
705745,5787,2025-09-01 21:40:34,Delivered,Credit Card,Kochi,Kerala,49269.09,7390.36,8.0
702482,6697,2026-04-30 07:37:28,Delivered,Cash on Delivery,Coimbatore,Tamil Nadu,549.4,0.0,10.0
706221,7818,2023-08-31 13:25:18,Delivered,UPI,Kolkata,West Bengal,6660.14,666.01,1.0
708938,5958,2022-07-12 19:27:30,Cancelled,Cash on Delivery,Hyderabad,Telangana,5142.24,0.0,
705761,7556,2024-06-19 10:03:28,Delivered,UPI,Ranchi,Jharkhand,310372.02,15518.6,9.0
706322,7828,2026-07-16 15:10:15,Returned,Debit Card,Ranchi,Jharkhand,395888.58,79177.72,
700153,5822,2022-02-20 20:33:56,Pending,Debit Card,Indore,Madhya Pradesh,28911.29,5782.26,
705379,6407,2025-03-31 11:58:38,Pending,Debit Card,Surat,Gujarat,3297.23,0.0,
704745,7590,2023-08-10 18:11:16,Delivered,EMI,Jaipur,Rajasthan,57553.6,5755.36,8.0
701906,7896,2025-12-05 23:41:58,Delivered,EMI,Patna,Bihar,27377.87,5475.57,4.0
702453,5637,2022-08-07 15:30:09,Cancelled,UPI,Chennai,Tamil Nadu,21815.87,0.0,
704267,5072,2026-06-08 08:42:40,Pending,Net Banking,Surat,Gujarat,2523.33,0.0,
707768,7498,2024-02-08 07:59:01,Cancelled,Debit Card,Mumbai,Maharashtra,6191.0,0.0,
703357,6791,2026-05-04 09:20:05,Delivered,Debit Card,Hyderabad,Telangana,17431.48,2614.72,9.0
701269,7026,2022-02-12 14:08:02,Delivered,Debit Card,Lucknow,Uttar Pradesh,16446.05,1644.61,11.0
703208,7113,2023-02-13 16:50:30,Delivered,UPI,Ahmedabad,Gujarat,201989.77,40397.95,3.0
702723,5748,2023-03-15 21:28:18,Cancelled,Cash on Delivery,Kolkata,West Bengal,25345.93,0.0,
704698,6439,2025-03-13 12:23:37,Cancelled,Cash on Delivery,Hyderabad,Telangana,19273.86,2891.08,
705291,6703,2023-11-03 20:12:43,Returned,Net Banking,Coimbatore,Tamil Nadu,25557.42,3833.61,
708901,7854,2022-01-03 21:25:44,Delivered,Cash on Delivery,Hyderabad,Telangana,116189.27,17428.39,2.0
708569,5359,2025-11-17 23:32:46,Delivered,EMI,Nagpur,Maharashtra,2697.78,269.78,4.0
704651,6355,2022-09-03 18:54:06,Shipped,Debit Card,Kochi,Kerala,1672.78,0.0,
702265,6272,2025-10-14 12:13:23,Shipped,Credit Card,Surat,Gujarat,9678.54,483.93,
704904,6761,2024-03-03 18:34:09,Delivered,UPI,Mumbai,Maharashtra,23831.3,3574.69,2.0
700962,7771,2026-06-24 11:39:06,Returned,Debit Card,Delhi,Delhi,80171.78,0.0,
702883,6449,2024-12-14 08:37:05,Delivered,Credit Card,Nashik,Maharashtra,9270.63,0.0,6.0
701497,7045,2026-03-16 03:28:56,Returned,Net Banking,Chennai,Tamil Nadu,21697.26,4339.45,
707455,6949,2022-07-01 10:54:57,Shipped,UPI,Kolkata,West Bengal,19032.84,1903.28,
707232,5532,2024-11-07 12:50:54,Delivered,Credit Card,Kochi,Kerala,9778.3,1955.66,4.0
702745,7735,2023-02-04 22:19:10,Delivered,UPI,Delhi,Delhi,87833.08,0.0,1.0
702399,6691,2024-02-09 15:59:08,Delivered,Net Banking,Ahmedabad,Gujarat,19193.08,2878.96,9.0
702659,6034,2026-04-21 20:23:03,Delivered,Cash on Delivery,Delhi,Delhi,77916.37,7791.64,5.0
705045,6801,2024-09-05 20:22:44,Delivered,Net Banking,Jaipur,Rajasthan,17160.78,858.04,5.0
704154,5946,2025-09-14 12:53:39,Delivered,EMI,Nashik,Maharashtra,140605.14,0.0,9.0
703799,5841,2022-11-22 16:44:32,Returned,UPI,Surat,Gujarat,11148.05,2229.61,
708887,5389,2026-04-12 00:29:51,Cancelled,Credit Card,Nashik,Maharashtra,50683.37,10136.67,
706389,7098,2025-09-08 09:03:30,Pending,Net Banking,Patna,Bihar,89463.71,13419.56,
707118,5457,2022-09-30 04:40:16,Returned,Credit Card,Nashik,Maharashtra,26113.08,5222.62,
705891,6493,2023-10-26 03:41:20,Delivered,Cash on Delivery,Pune,Maharashtra,4441.2,888.24,5.0
706684,6040,2024-06-23 19:39:08,Shipped,Credit Card,Patna,Bihar,37491.43,0.0,
704110,5994,2026-06-26 20:59:34,Cancelled,EMI,Patna,Bihar,7501.31,375.07,
704135,6176,2024-11-24 03:01:36,Delivered,UPI,Patna,Bihar,165658.15,8282.91,12.0
708664,7756,2026-03-29 19:04:24,Shipped,Credit Card,Chennai,Tamil Nadu,16804.56,1680.46,
703095,6895,2024-03-28 21:46:58,Delivered,EMI,Hyderabad,Telangana,163322.92,8166.15,2.0
705581,7289,2026-05-25 02:52:57,Shipped,Debit Card,Hyderabad,Telangana,9952.7,0.0,
706480,7179,2024-10-01 17:46:55,Delivered,EMI,Indore,Madhya Pradesh,97132.08,14569.81,6.0
700609,7256,2025-09-13 06:22:36,Delivered,Cash on Delivery,Bangalore,Karnataka,624.78,93.72,10.0
703814,6131,2022-02-18 01:29:31,Delivered,Debit Card,Surat,Gujarat,5309.1,530.91,8.0
702568,6129,2025-03-20 21:05:12,Delivered,EMI,Kolkata,West Bengal,294665.9,44199.89,3.0
708829,7158,2023-06-14 01:51:11,Delivered,Cash on Delivery,Ranchi,Jharkhand,18861.43,3772.29,6.0
700657,5641,2023-02-10 11:18:12,Delivered,Debit Card,Delhi,Delhi,136967.69,6848.38,6.0
708321,5663,2026-07-27 10:12:31,Delivered,EMI,Jaipur,Rajasthan,22353.72,3353.06,5.0
708804,6584,2024-12-03 22:38:09,Shipped,Cash on Delivery,Kolkata,West Bengal,78896.93,15779.39,
705928,5091,2023-03-18 08:24:34,Delivered,EMI,Lucknow,Uttar Pradesh,406131.44,20306.57,4.0
700890,6981,2022-05-27 11:20:30,Pending,Cash on Delivery,Chennai,Tamil Nadu,35392.62,7078.52,
700561,6951,2025-02-04 01:08:08,Delivered,Credit Card,Nagpur,Maharashtra,60947.76,6094.78,10.0
702023,6812,2026-04-05 23:00:25,Returned,Net Banking,Chandigarh,Chandigarh,3352.4,0.0,
705528,5238,2022-10-08 07:15:25,Delivered,Debit Card,Bhopal,Madhya Pradesh,18834.08,3766.82,7.0
701457,7801,2023-10-28 10:05:17,Delivered,UPI,Ahmedabad,Gujarat,39615.49,1980.77,8.0
704080,6188,2022-06-15 05:26:29,Returned,UPI,Bangalore,Karnataka,87927.79,4396.39,
705539,5764,2024-12-29 09:07:10,Delivered,EMI,Chandigarh,Chandigarh,184255.54,9212.78,12.0
701280,5911,2025-06-22 19:26:09,Delivered,Cash on Delivery,Bangalore,Karnataka,67630.07,0.0,9.0
704713,5842,2025-05-02 20:32:54,Returned,Credit Card,Mumbai,Maharashtra,28908.45,4336.27,
708213,7195,2023-12-25 02:10:01,Pending,EMI,Nagpur,Maharashtra,11683.18,2336.64,
705780,5093,2022-03-15 13:20:44,Shipped,Credit Card,Mumbai,Maharashtra,173027.7,0.0,
704998,6688,2024-06-03 20:25:14,Delivered,Cash on Delivery,Pune,Maharashtra,294523.78,0.0,3.0
706718,5298,2022-06-07 10:09:26,Shipped,Net Banking,Patna,Bihar,19286.11,964.31,
706711,6557,2025-06-20 06:06:57,Delivered,EMI,Bangalore,Karnataka,2573.8,0.0,1.0
707355,6721,2022-04-16 06:58:11,Returned,Cash on Delivery,Indore,Madhya Pradesh,3955.8,0.0,
707763,6871,2025-03-28 13:35:57,Delivered,EMI,Bangalore,Karnataka,22352.64,0.0,3.0
702522,7060,2025-12-12 21:58:45,Shipped,Credit Card,Kochi,Kerala,17429.7,3485.94,
703683,5177,2023-01-10 03:19:54,Cancelled,Net Banking,Lucknow,Uttar Pradesh,4557.42,0.0,
701170,7180,2025-03-10 10:08:44,Pending,Net Banking,Jaipur,Rajasthan,231683.2,0.0,
708835,7653,2024-12-15 10:06:02,Pending,UPI,Pune,Maharashtra,49770.0,0.0,
707568,7265,2025-02-15 11:05:37,Pending,Credit Card,Mumbai,Maharashtra,28774.4,2877.44,
704708,7606,2026-07-25 06:58:49,Shipped,Net Banking,Coimbatore,Tamil Nadu,160739.07,8036.95,
702297,6221,2022-07-30 23:47:53,Shipped,UPI,Bangalore,Karnataka,11693.88,1169.39,
704804,6131,2023-04-22 21:20:11,Returned,Credit Card,Jaipur,Rajasthan,3247.24,162.36,
706856,5221,2023-06-22 07:30:15,Returned,EMI,Pune,Maharashtra,155087.22,31017.44,
702126,5510,2025-05-05 21:11:45,Cancelled,Cash on Delivery,Ahmedabad,Gujarat,39404.44,5910.67,
706974,7327,2023-12-09 13:14:06,Delivered,Cash on Delivery,Indore,Madhya Pradesh,9269.22,926.92,10.0
703054,6687,2024-08-19 21:18:36,Pending,Net Banking,Hyderabad,Telangana,405219.98,81044.0,
706109,6387,2024-10-19 23:23:15,Delivered,Debit Card,Chandigarh,Chandigarh,2900.97,290.1,9.0
704908,7877,2025-09-05 23:33:00,Pending,Net Banking,Kochi,Kerala,28263.98,1413.2,
702305,7166,2023-03-11 05:09:39,Delivered,EMI,Patna,Bihar,172715.9,34543.18,5.0
707753,6475,2024-05-09 14:26:20,Pending,Net Banking,Surat,Gujarat,26012.86,1300.64,
702099,7879,2024-08-14 13:25:57,Delivered,Net Banking,Mumbai,Maharashtra,79881.47,15976.29,4.0
706323,6024,2024-09-20 13:53:37,Cancelled,UPI,Mumbai,Maharashtra,57062.63,2853.13,
700812,6119,2024-06-27 14:20:36,Shipped,Net Banking,Surat,Gujarat,14531.9,1453.19,
700078,7690,2024-05-10 03:32:58,Pending,Cash on Delivery,Kolkata,West Bengal,29837.91,5967.58,
700737,6690,2024-06-16 22:51:05,Delivered,Cash on Delivery,Chandigarh,Chandigarh,305489.87,15274.49,2.0
706756,5221,2026-01-08 12:17:16,Shipped,Credit Card,Kochi,Kerala,12500.9,0.0,
708071,5278,2024-12-23 17:14:16,Delivered,Net Banking,Hyderabad,Telangana,3968.96,595.34,7.0
703122,5310,2024-08-28 23:43:59,Pending,EMI,Kolkata,West Bengal,7400.22,1480.04,
701117,7819,2022-03-25 23:30:52,Cancelled,Credit Card,Coimbatore,Tamil Nadu,7062.96,1412.59,
706727,7867,2022-12-27 16:31:18,Delivered,Credit Card,Hyderabad,Telangana,31767.74,1588.39,7.0
707072,7337,2025-03-17 04:10:54,Delivered,Debit Card,Lucknow,Uttar Pradesh,9684.62,484.23,7.0
701613,5251,2022-10-15 07:47:07,Delivered,Debit Card,Patna,Bihar,35658.65,3565.86,1.0
706497,6977,2024-12-04 12:19:53,Cancelled,Cash on Delivery,Delhi,Delhi,4900.83,735.12,
708066,5978,2022-01-03 21:31:00,Shipped,Credit Card,Patna,Bihar,2285.0,0.0,
707804,7454,2023-02-07 14:50:09,Shipped,EMI,Mumbai,Maharashtra,15205.12,0.0,
708661,5291,2023-01-03 12:37:44,Returned,EMI,Pune,Maharashtra,2109.1,0.0,
704402,6883,2025-03-20 22:03:36,Delivered,Net Banking,Bhopal,Madhya Pradesh,351714.33,0.0,11.0
708194,6541,2024-03-11 03:45:53,Shipped,Cash on Delivery,Surat,Gujarat,19143.28,3828.66,
704481,6242,2022-03-27 11:09:44,Pending,Debit Card,Coimbatore,Tamil Nadu,4871.2,0.0,
701764,6306,2024-01-23 15:35:22,Shipped,EMI,Mumbai,Maharashtra,2479.34,0.0,
705770,5297,2024-01-20 12:20:12,Delivered,Debit Card,Kolkata,West Bengal,57790.32,11558.06,9.0
708942,6024,2025-10-27 00:55:49,Returned,Credit Card,Kolkata,West Bengal,8690.92,0.0,
708782,5077,2025-11-16 03:43:26,Pending,EMI,Nashik,Maharashtra,12082.48,1812.37,
704141,7998,2024-09-06 13:59:01,Delivered,Credit Card,Indore,Madhya Pradesh,24935.89,0.0,10.0
705180,7612,2026-02-09 12:08:33,Pending,Debit Card,Patna,Bihar,12108.52,605.43,
701106,7871,2024-07-16 10:24:29,Pending,Net Banking,Kochi,Kerala,8925.87,0.0,
703446,6570,2025-08-27 20:39:45,Delivered,Credit Card,Bangalore,Karnataka,3596.91,719.38,1.0
707257,6526,2026-01-12 14:09:18,Delivered,Net Banking,Pune,Maharashtra,40014.63,4001.46,8.0
703196,6396,2022-12-13 10:24:36,Delivered,Cash on Delivery,Jaipur,Rajasthan,2389.15,119.46,10.0
700194,6147,2025-02-11 20:48:24,Delivered,Credit Card,Nagpur,Maharashtra,36947.44,7389.49,11.0
706714,7075,2025-09-29 18:47:28,Delivered,EMI,Surat,Gujarat,120089.2,24017.84,12.0
706146,7301,2022-10-06 04:49:55,Shipped,Cash on Delivery,Nagpur,Maharashtra,261332.18,0.0,
704322,6771,2025-10-15 03:20:53,Pending,Credit Card,Kolkata,West Bengal,173801.27,0.0,
704203,7271,2024-10-11 20:28:16,Delivered,UPI,Nashik,Maharashtra,160965.45,16096.54,7.0
703009,7247,2024-10-06 11:08:56,Pending,Credit Card,Jaipur,Rajasthan,1085.36,108.54,
702096,6266,2022-10-23 04:21:33,Delivered,Net Banking,Lucknow,Uttar Pradesh,204468.44,0.0,5.0
706253,6254,2026-04-01 19:00:38,Delivered,Debit Card,Lucknow,Uttar Pradesh,12728.95,636.45,12.0
707494,6071,2026-01-14 06:42:02,Returned,UPI,Patna,Bihar,24103.66,2410.37,
705252,5722,2023-08-10 16:36:26,Delivered,Net Banking,Nagpur,Maharashtra,33592.74,6718.55,9.0
703114,7979,2024-03-14 05:04:34,Returned,Net Banking,Chandigarh,Chandigarh,1790.04,179.0,
701401,7835,2023-09-01 16:24:14,Shipped,Credit Card,Chandigarh,Chandigarh,25526.66,1276.33,
705914,6838,2024-05-25 15:29:05,Delivered,UPI,Lucknow,Uttar Pradesh,184927.71,0.0,9.0
707309,6995,2024-04-15 04:14:12,Pending,Cash on Delivery,Kolkata,West Bengal,6211.62,0.0,
705657,5080,2023-12-17 21:19:54,Cancelled,UPI,Jaipur,Rajasthan,17249.45,862.47,
702036,7249,2022-02-13 15:48:13,Delivered,Debit Card,Kochi,Kerala,226681.48,11334.07,11.0
705368,6140,2023-03-13 21:48:14,Delivered,Cash on Delivery,Surat,Gujarat,1784.64,178.46,6.0
700947,7095,2025-06-30 03:59:38,Delivered,EMI,Indore,Madhya Pradesh,71084.47,0.0,8.0
703201,7607,2023-01-10 08:25:39,Delivered,UPI,Mumbai,Maharashtra,9962.08,1992.42,7.0
702475,7665,2025-11-30 06:16:41,Delivered,EMI,Delhi,Delhi,14172.21,0.0,11.0
707138,5948,2022-10-13 06:33:41,Returned,Cash on Delivery,Coimbatore,Tamil Nadu,11367.82,0.0,
705446,5382,2022-01-06 12:06:35,Pending,EMI,Bangalore,Karnataka,245774.42,24577.44,
700531,6829,2026-02-22 11:21:05,Returned,Credit Card,Hyderabad,Telangana,149867.72,0.0,
700149,7985,2025-01-10 14:59:15,Delivered,UPI,Bangalore,Karnataka,291673.03,14583.65,6.0
705063,6386,2022-05-25 15:06:13,Delivered,UPI,Bhopal,Madhya Pradesh,25579.36,3836.9,4.0
700462,6313,2023-11-21 21:51:48,Returned,Credit Card,Ranchi,Jharkhand,200535.86,0.0,
708261,6444,2026-06-03 01:10:37,Delivered,EMI,Bhopal,Madhya Pradesh,24840.22,3726.03,12.0
706608,7939,2026-07-19 03:59:09,Pending,Credit Card,Patna,Bihar,2602.4,260.24,
706476,7621,2025-06-14 15:22:46,Delivered,UPI,Chandigarh,Chandigarh,3566.96,356.7,1.0
706658,6414,2025-02-09 15:45:09,Delivered,Debit Card,Patna,Bihar,22530.47,3379.57,11.0
707869,6463,2022-01-14 08:10:17,Cancelled,EMI,Nashik,Maharashtra,19731.76,3946.35,
702597,7377,2024-12-15 22:15:30,Delivered,UPI,Surat,Gujarat,1674.94,0.0,9.0
702980,5829,2026-05-01 13:01:15,Cancelled,UPI,Chandigarh,Chandigarh,714.3,35.71,
703221,5424,2024-05-11 13:24:18,Pending,UPI,Jaipur,Rajasthan,63978.48,9596.77,
701245,5770,2024-03-18 08:41:00,Cancelled,EMI,Delhi,Delhi,155538.9,23330.83,
703609,5980,2022-07-29 22:22:29,Returned,UPI,Chandigarh,Chandigarh,1116.76,0.0,
704453,7505,2023-08-21 02:24:00,Delivered,Credit Card,Kolkata,West Bengal,97070.97,4853.55,10.0
700619,6706,2023-08-04 19:24:32,Cancelled,UPI,Ahmedabad,Gujarat,54391.54,2719.58,
703902,7395,2023-07-24 08:36:09,Shipped,UPI,Ahmedabad,Gujarat,20612.19,4122.44,
705523,5658,2025-09-16 08:58:14,Delivered,Debit Card,Mumbai,Maharashtra,398214.65,39821.46,1.0
701462,7350,2025-07-21 16:50:02,Delivered,Debit Card,Ranchi,Jharkhand,22602.84,3390.43,8.0
705690,7145,2023-09-29 22:32:17,Returned,EMI,Jaipur,Rajasthan,11395.1,0.0,
706980,5004,2024-06-04 19:13:04,Delivered,UPI,Nashik,Maharashtra,17917.35,0.0,4.0
703031,5784,2024-07-28 02:59:05,Shipped,Debit Card,Coimbatore,Tamil Nadu,13744.36,1374.44,
704986,6585,2025-11-22 21:55:03,Delivered,Net Banking,Ranchi,Jharkhand,250052.79,12502.64,6.0
701660,6133,2025-12-14 00:51:49,Shipped,Net Banking,Surat,Gujarat,91601.13,9160.11,
708528,5958,2026-02-03 07:33:01,Returned,EMI,Ranchi,Jharkhand,31524.48,0.0,
708628,6031,2025-04-28 16:44:56,Delivered,Debit Card,Bhopal,Madhya Pradesh,18406.78,2761.02,8.0
706834,6076,2024-04-02 14:55:16,Shipped,Debit Card,Indore,Madhya Pradesh,211885.84,0.0,
707181,6787,2025-05-22 09:02:12,Delivered,Debit Card,Lucknow,Uttar Pradesh,16000.73,1600.07,3.0
704029,5082,2025-07-11 20:25:00,Pending,Net Banking,Chennai,Tamil Nadu,14466.24,0.0,
702233,7304,2023-09-10 13:58:52,Pending,EMI,Ahmedabad,Gujarat,147032.02,22054.8,
705844,7229,2026-02-25 10:35:22,Delivered,Net Banking,Coimbatore,Tamil Nadu,3699.58,739.92,3.0
702377,6875,2023-05-09 13:18:56,Returned,Debit Card,Patna,Bihar,8874.3,887.43,
700673,5562,2023-06-17 07:59:01,Pending,Cash on Delivery,Ahmedabad,Gujarat,48264.78,0.0,
700322,6032,2024-07-17 23:53:21,Delivered,UPI,Delhi,Delhi,48897.74,0.0,8.0
704747,7169,2023-01-07 10:21:54,Delivered,UPI,Bangalore,Karnataka,6988.72,698.87,7.0
705958,6530,2026-06-29 17:46:02,Cancelled,Credit Card,Indore,Madhya Pradesh,17861.52,0.0,
702496,6007,2026-07-18 10:07:32,Delivered,Net Banking,Delhi,Delhi,221014.42,0.0,7.0
702651,6564,2023-10-07 12:29:42,Cancelled,UPI,Hyderabad,Telangana,2940.54,147.03,
708014,7674,2026-04-05 23:28:25,Pending,Credit Card,Bhopal,Madhya Pradesh,160679.85,24101.98,
701303,5736,2025-01-30 15:10:47,Delivered,Cash on Delivery,Nagpur,Maharashtra,17749.45,0.0,9.0
701666,6355,2025-02-01 21:45:38,Returned,Cash on Delivery,Nashik,Maharashtra,16023.29,1602.33,
705396,6755,2024-04-28 00:25:55,Shipped,Cash on Delivery,Kochi,Kerala,192047.11,0.0,
705784,5076,2022-02-02 17:35:26,Shipped,EMI,Patna,Bihar,6266.6,626.66,
705292,7399,2025-08-08 17:52:53,Delivered,UPI,Kochi,Kerala,42990.78,0.0,1.0
701536,7672,2025-05-28 21:40:59,Cancelled,Net Banking,Pune,Maharashtra,394462.0,0.0,
702972,7849,2023-10-20 10:04:36,Delivered,EMI,Nagpur,Maharashtra,51179.09,7676.86,4.0
703887,5688,2026-06-08 10:23:19,Returned,UPI,Kochi,Kerala,21465.53,1073.28,
704540,6813,2022-03-04 13:24:48,Delivered,Debit Card,Kolkata,West Bengal,40844.15,4084.42,2.0
707896,6827,2024-09-13 21:54:13,Returned,Credit Card,Kolkata,West Bengal,6366.84,955.03,
701623,7278,2026-05-31 01:10:17,Returned,Credit Card,Nagpur,Maharashtra,306136.89,45920.53,
705596,6507,2024-03-20 03:56:34,Delivered,UPI,Hyderabad,Telangana,12270.05,0.0,5.0
700029,7651,2022-12-17 18:01:55,Pending,Net Banking,Hyderabad,Telangana,59962.68,5996.27,
706724,6312,2024-03-08 17:25:08,Delivered,Debit Card,Nashik,Maharashtra,12170.31,0.0,10.0
707512,7441,2024-07-04 16:46:40,Delivered,Credit Card,Chennai,Tamil Nadu,771.08,0.0,10.0
706094,6426,2022-08-04 02:44:10,Delivered,Debit Card,Delhi,Delhi,2834.52,283.45,2.0
702499,7484,2025-03-28 15:19:02,Returned,UPI,Jaipur,Rajasthan,341105.5,17055.28,
700724,7140,2026-02-10 14:15:42,Delivered,Net Banking,Bhopal,Madhya Pradesh,7897.56,789.76,4.0
706909,7147,2026-04-12 13:23:04,Pending,Cash on Delivery,Bhopal,Madhya Pradesh,29128.86,1456.44,
707284,5508,2024-11-03 23:04:23,Delivered,Net Banking,Chennai,Tamil Nadu,15515.54,0.0,8.0
704870,7434,2025-01-02 06:34:46,Delivered,Debit Card,Jaipur,Rajasthan,243434.08,0.0,2.0
707988,5050,2024-01-02 04:15:04,Delivered,Cash on Delivery,Surat,Gujarat,170492.8,17049.28,6.0
708353,5016,2026-03-25 10:16:18,Delivered,Net Banking,Nagpur,Maharashtra,290663.15,29066.31,7.0
704811,7512,2025-09-08 17:09:59,Delivered,UPI,Kochi,Kerala,4469.44,0.0,5.0
704864,7063,2024-04-07 23:50:18,Pending,Credit Card,Ranchi,Jharkhand,7520.02,1128.0,
705458,7429,2023-04-01 23:14:35,Delivered,Debit Card,Delhi,Delhi,26511.66,1325.58,12.0
705464,5162,2023-03-15 19:27:20,Delivered,Debit Card,Kochi,Kerala,95581.21,0.0,6.0
704394,5573,2023-11-08 12:52:36,Returned,Cash on Delivery,Bangalore,Karnataka,300669.53,60133.91,
703157,5205,2025-02-16 13:20:35,Delivered,EMI,Surat,Gujarat,11671.63,0.0,12.0
702080,6834,2024-02-03 03:16:44,Delivered,EMI,Ranchi,Jharkhand,15463.06,773.15,10.0
702205,7427,2025-10-30 16:06:04,Cancelled,Cash on Delivery,Ahmedabad,Gujarat,20768.66,1038.43,
706769,7801,2022-11-03 08:28:25,Cancelled,Net Banking,Patna,Bihar,51012.27,7651.84,
700034,7931,2022-05-30 12:59:47,Shipped,Credit Card,Hyderabad,Telangana,3793.88,569.08,
702557,5994,2022-06-02 10:40:25,Shipped,Net Banking,Ahmedabad,Gujarat,16459.28,0.0,
700109,7962,2022-05-17 16:40:38,Pending,Debit Card,Ahmedabad,Gujarat,25579.54,5115.91,
702350,7214,2022-03-01 21:14:35,Cancelled,Debit Card,Patna,Bihar,14456.28,0.0,
707642,7777,2026-08-04 14:33:36,Delivered,Net Banking,Indore,Madhya Pradesh,299347.37,14967.37,1.0
703205,6299,2023-08-04 05:27:36,Pending,Debit Card,Surat,Gujarat,167743.92,0.0,
706583,6071,2024-11-12 21:56:14,Delivered,Credit Card,Lucknow,Uttar Pradesh,3881.06,388.11,6.0
706363,5517,2026-06-10 02:05:58,Delivered,Credit Card,Surat,Gujarat,120745.11,12074.51,11.0
700664,5332,2022-02-13 05:29:22,Delivered,EMI,Jaipur,Rajasthan,14864.67,1486.47,2.0
700814,6923,2023-07-31 08:03:34,Cancelled,Cash on Delivery,Ahmedabad,Gujarat,68662.89,6866.29,
707600,6955,2025-01-02 09:21:58,Pending,UPI,Kochi,Kerala,28599.29,2859.93,
705825,5321,2022-09-20 10:39:34,Shipped,UPI,Chennai,Tamil Nadu,1811.87,271.78,
705694,6178,2023-10-04 01:41:10,Cancelled,Cash on Delivery,Ahmedabad,Gujarat,15543.85,1554.39,
708165,7021,2024-01-15 01:03:57,Cancelled,Net Banking,Bhopal,Madhya Pradesh,7556.72,755.67,
708441,6596,2025-01-30 21:37:15,Delivered,Cash on Delivery,Indore,Madhya Pradesh,51555.94,0.0,9.0
708190,7300,2023-01-10 06:23:56,Delivered,Net Banking,Patna,Bihar,10361.69,0.0,12.0
703729,5710,2024-09-10 08:06:12,Cancelled,UPI,Chennai,Tamil Nadu,470.58,47.06,
701351,7847,2022-09-07 07:20:21,Pending,Credit Card,Delhi,Delhi,1381.08,0.0,
706826,5573,2023-03-14 01:59:04,Cancelled,Credit Card,Coimbatore,Tamil Nadu,37911.42,0.0,
703559,5301,2025-05-01 04:02:50,Pending,Net Banking,Pune,Maharashtra,34114.82,0.0,
700687,6241,2023-02-12 22:11:03,Shipped,EMI,Mumbai,Maharashtra,93595.9,0.0,
705946,5217,2025-01-09 01:19:07,Delivered,Net Banking,Kolkata,West Bengal,186077.17,0.0,2.0
704980,7101,2026-06-07 03:46:44,Cancelled,EMI,Jaipur,Rajasthan,34286.84,0.0,
703126,6970,2024-12-15 17:17:15,Delivered,Cash on Delivery,Bangalore,Karnataka,8640.22,0.0,11.0
707198,7426,2022-05-16 13:34:56,Cancelled,EMI,Kochi,Kerala,36627.33,5494.1,
704308,6184,2024-12-29 06:08:00,Delivered,Credit Card,Ranchi,Jharkhand,99018.36,19803.67,4.0
700616,6977,2026-03-06 15:07:54,Delivered,UPI,Delhi,Delhi,39226.0,3922.6,7.0
705298,5273,2022-02-05 07:12:26,Shipped,Credit Card,Coimbatore,Tamil Nadu,113400.5,22680.1,
702221,5874,2022-04-16 23:16:23,Returned,EMI,Ranchi,Jharkhand,2097.24,209.72,
707225,7579,2023-03-12 03:59:14,Delivered,Credit Card,Surat,Gujarat,167468.24,0.0,4.0
708678,5867,2023-12-23 04:27:59,Cancelled,Cash on Delivery,Delhi,Delhi,16850.94,842.55,
700642,6914,2022-08-08 04:41:39,Delivered,Net Banking,Chandigarh,Chandigarh,223419.03,11170.95,12.0
703452,6354,2024-12-03 04:40:34,Cancelled,Cash on Delivery,Bangalore,Karnataka,48616.72,9723.34,
705200,5262,2025-08-14 10:05:34,Delivered,Debit Card,Kochi,Kerala,162072.96,16207.3,8.0
704209,7234,2024-07-21 23:18:30,Delivered,Net Banking,Bhopal,Madhya Pradesh,46634.03,9326.81,4.0
703767,6507,2023-08-25 12:47:40,Cancelled,Cash on Delivery,Chandigarh,Chandigarh,10146.16,507.31,
706939,7053,2025-12-14 19:35:18,Returned,Debit Card,Hyderabad,Telangana,4526.86,0.0,
703262,6951,2023-05-30 23:00:05,Delivered,UPI,Jaipur,Rajasthan,22597.36,0.0,4.0
704490,5063,2025-11-04 20:07:14,Delivered,Debit Card,Chandigarh,Chandigarh,6166.31,0.0,6.0
700532,6871,2024-05-19 11:44:03,Pending,Debit Card,Kochi,Kerala,47616.87,9523.37,
702677,6911,2023-05-02 16:48:15,Shipped,Net Banking,Pune,Maharashtra,72411.07,14482.21,
706000,5143,2026-03-28 18:38:25,Returned,Credit Card,Bangalore,Karnataka,517.05,51.7,
702409,7411,2023-06-05 22:23:22,Delivered,Debit Card,Ahmedabad,Gujarat,3243.0,486.45,7.0
706433,6150,2022-01-27 01:27:23,Shipped,EMI,Surat,Gujarat,90818.65,13622.8,
705569,6001,2023-10-25 02:37:21,Returned,Credit Card,Delhi,Delhi,11042.14,552.11,
705708,6010,2024-01-17 16:53:54,Pending,Net Banking,Nagpur,Maharashtra,29534.18,4430.13,
703002,7717,2026-03-07 03:21:57,Delivered,Credit Card,Chennai,Tamil Nadu,34256.59,6851.32,9.0
706381,5821,2023-01-18 02:04:32,Delivered,Net Banking,Jaipur,Rajasthan,3936.95,590.54,3.0
708370,6699,2022-02-13 01:41:55,Pending,Debit Card,Kochi,Kerala,37680.6,7536.12,
700037,6753,2023-04-23 23:22:15,Returned,EMI,Ranchi,Jharkhand,117984.36,5899.22,
700132,7951,2024-02-14 20:50:19,Delivered,Net Banking,Patna,Bihar,145054.8,0.0,7.0
701814,5769,2024-07-28 22:46:02,Delivered,Debit Card,Hyderabad,Telangana,64630.08,6463.01,4.0
702445,7437,2026-06-10 12:48:14,Cancelled,UPI,Pune,Maharashtra,109825.98,0.0,
707024,5724,2025-07-14 13:06:31,Returned,UPI,Chandigarh,Chandigarh,85023.08,12753.46,
701738,6276,2022-02-08 21:25:45,Delivered,Net Banking,Mumbai,Maharashtra,28210.46,0.0,6.0
707801,5110,2025-02-15 15:46:59,Delivered,Debit Card,Jaipur,Rajasthan,106161.46,21232.29,8.0
703891,6654,2024-04-21 04:43:56,Delivered,EMI,Nagpur,Maharashtra,53800.87,2690.04,10.0
701198,5468,2023-12-23 02:38:57,Delivered,Debit Card,Jaipur,Rajasthan,15894.78,794.74,3.0
702019,7998,2023-06-30 11:53:02,Pending,Debit Card,Nashik,Maharashtra,2399.36,0.0,
704112,7187,2025-05-06 22:02:16,Shipped,Cash on Delivery,Nashik,Maharashtra,335372.09,0.0,
701856,7438,2022-01-01 20:08:17,Delivered,EMI,Chandigarh,Chandigarh,167632.52,8381.63,5.0
708131,6971,2025-01-01 13:23:41,Delivered,Cash on Delivery,Bangalore,Karnataka,17883.3,1788.33,5.0
707654,5131,2025-11-24 21:54:27,Returned,Debit Card,Delhi,Delhi,15363.26,1536.33,
704451,6787,2024-07-02 12:19:19,Delivered,Debit Card,Ranchi,Jharkhand,3886.61,0.0,5.0
702458,7066,2025-07-28 20:35:51,Delivered,Cash on Delivery,Kochi,Kerala,31340.6,0.0,7.0
701219,7445,2024-03-20 00:52:34,Pending,EMI,Chennai,Tamil Nadu,40069.14,8013.83,
701467,7361,2024-11-05 04:56:22,Pending,UPI,Lucknow,Uttar Pradesh,279346.06,0.0,
700063,7647,2022-05-22 02:24:41,Delivered,EMI,Kolkata,West Bengal,614.68,30.73,10.0
702911,7122,2022-02-19 12:06:29,Pending,Net Banking,Surat,Gujarat,22417.74,0.0,
700071,6767,2025-02-04 15:45:51,Delivered,Cash on Delivery,Bhopal,Madhya Pradesh,51419.15,5141.92,8.0
703058,6227,2025-02-12 00:24:39,Delivered,Credit Card,Pune,Maharashtra,71239.58,0.0,2.0
707803,6451,2022-11-10 03:19:02,Delivered,Net Banking,Lucknow,Uttar Pradesh,217314.63,32597.19,11.0
706527,6813,2025-08-30 00:08:23,Cancelled,EMI,Hyderabad,Telangana,17529.35,0.0,
708320,6474,2026-02-21 06:26:30,Delivered,Credit Card,Bangalore,Karnataka,16403.84,3280.77,7.0
706499,5793,2023-09-30 02:03:35,Delivered,Net Banking,Patna,Bihar,26618.65,1330.93,8.0
700632,5468,2023-06-03 17:02:38,Delivered,UPI,Lucknow,Uttar Pradesh,3439.94,687.99,10.0
705267,6793,2024-10-29 11:13:18,Delivered,Credit Card,Kolkata,West Bengal,10842.26,1626.34,2.0
707103,7815,2024-06-07 12:20:50,Delivered,Net Banking,Kolkata,West Bengal,113234.0,0.0,6.0
705804,7533,2026-06-14 16:24:05,Pending,Credit Card,Bangalore,Karnataka,40216.49,0.0,
702536,7310,2024-11-24 06:44:55,Delivered,Credit Card,Jaipur,Rajasthan,2233.52,335.03,12.0
707274,5799,2024-05-06 18:49:22,Shipped,Net Banking,Chennai,Tamil Nadu,48841.16,4884.12,
708135,6944,2025-09-13 04:22:57,Delivered,Credit Card,Ahmedabad,Gujarat,1637.68,245.65,4.0
703524,5036,2026-04-07 06:38:55,Cancelled,Cash on Delivery,Ranchi,Jharkhand,94875.88,14231.38,
702405,5876,2025-02-11 20:00:19,Returned,UPI,Nashik,Maharashtra,37483.85,0.0,
706005,6888,2023-12-13 08:42:42,Delivered,UPI,Lucknow,Uttar Pradesh,1368.32,136.83,2.0
707076,5058,2022-04-03 13:31:40,Shipped,EMI,Patna,Bihar,227461.64,0.0,
700745,7551,2023-05-23 04:54:29,Delivered,Cash on Delivery,Patna,Bihar,147149.09,0.0,1.0
706831,5080,2022-10-27 23:04:22,Delivered,Debit Card,Mumbai,Maharashtra,3416.87,683.37,12.0
702993,5254,2022-05-07 08:10:52,Delivered,EMI,Delhi,Delhi,16081.65,0.0,4.0
704219,7041,2025-07-27 05:36:27,Cancelled,EMI,Coimbatore,Tamil Nadu,4818.68,481.87,
706700,7714,2022-07-14 00:43:07,Delivered,Cash on Delivery,Nashik,Maharashtra,19555.68,1955.57,3.0
707734,7202,2024-07-27 23:35:38,Shipped,Credit Card,Kolkata,West Bengal,6149.7,0.0,
704606,7494,2024-06-24 15:54:00,Cancelled,Cash on Delivery,Kolkata,West Bengal,8741.8,1748.36,
705622,5140,2025-12-08 03:04:23,Returned,Credit Card,Nashik,Maharashtra,27042.0,4056.3,
705401,7116,2022-08-14 07:09:24,Pending,Net Banking,Hyderabad,Telangana,19071.5,953.58,
700864,5256,2025-09-14 05:57:08,Delivered,Credit Card,Pune,Maharashtra,241633.33,48326.67,4.0
707551,6311,2024-03-12 05:56:54,Delivered,Cash on Delivery,Kochi,Kerala,50453.61,2522.68,12.0
705275,7494,2024-01-11 22:50:47,Delivered,Net Banking,Hyderabad,Telangana,30284.49,0.0,7.0
707614,6092,2025-10-26 20:00:42,Delivered,Credit Card,Pune,Maharashtra,92739.66,0.0,7.0
708108,6829,2023-03-14 16:25:02,Shipped,UPI,Nashik,Maharashtra,892.32,178.46,
704324,6498,2024-01-25 01:12:48,Delivered,Cash on Delivery,Kochi,Kerala,3439.94,515.99,12.0
702242,5797,2026-02-26 00:22:11,Returned,Net Banking,Lucknow,Uttar Pradesh,28187.73,1409.39,
705341,7485,2024-05-10 05:57:35,Pending,Credit Card,Kolkata,West Bengal,225037.3,0.0,
706501,7737,2025-08-05 17:12:06,Delivered,EMI,Delhi,Delhi,23696.88,2369.69,12.0
706068,7485,2023-02-05 09:55:44,Delivered,UPI,Jaipur,Rajasthan,181102.18,27165.33,10.0
708898,7408,2023-10-12 17:36:14,Pending,Credit Card,Bangalore,Karnataka,84463.03,4223.15,
706814,7059,2022-06-28 01:09:06,Delivered,EMI,Patna,Bihar,18021.11,0.0,10.0
704629,7980,2025-09-15 01:32:24,Cancelled,UPI,Jaipur,Rajasthan,2851.68,570.34,
702469,6152,2023-03-29 15:25:32,Delivered,Credit Card,Patna,Bihar,4642.77,464.28,11.0
701088,7742,2022-01-30 00:44:13,Delivered,EMI,Nagpur,Maharashtra,23676.48,0.0,7.0
701388,7972,2023-01-01 20:48:17,Delivered,Credit Card,Surat,Gujarat,13948.32,1394.83,2.0
705158,7994,2024-10-23 13:25:46,Delivered,Credit Card,Pune,Maharashtra,14546.32,2909.26,10.0
701644,5468,2024-07-01 00:51:33,Returned,Net Banking,Hyderabad,Telangana,89136.84,0.0,
707540,6024,2025-05-24 23:51:59,Delivered,Cash on Delivery,Bhopal,Madhya Pradesh,93398.2,9339.82,1.0
704737,7696,2024-05-28 15:56:37,Delivered,UPI,Hyderabad,Telangana,142324.53,28464.91,9.0
706597,6870,2022-02-03 04:58:42,Delivered,Credit Card,Ahmedabad,Gujarat,2993.4,598.68,10.0
708015,7339,2024-09-09 14:32:13,Delivered,UPI,Pune,Maharashtra,179843.06,17984.31,7.0
708783,5157,2026-02-15 04:48:01,Delivered,Credit Card,Bangalore,Karnataka,892.32,0.0,6.0
704852,7095,2026-08-07 19:29:28,Returned,Debit Card,Ranchi,Jharkhand,3810.33,0.0,
706885,6166,2025-11-16 07:29:03,Delivered,Cash on Delivery,Pune,Maharashtra,3394.8,169.74,4.0
703863,7616,2024-12-02 13:14:19,Cancelled,UPI,Kochi,Kerala,148171.81,0.0,
704786,6766,2023-06-24 08:17:14,Delivered,EMI,Lucknow,Uttar Pradesh,8936.8,1787.36,2.0
708497,6586,2022-08-31 23:56:55,Shipped,Credit Card,Jaipur,Rajasthan,434645.2,86929.04,
707807,6517,2025-04-08 15:15:46,Cancelled,Net Banking,Bhopal,Madhya Pradesh,195153.74,39030.75,
706046,7913,2025-01-15 20:49:21,Cancelled,EMI,Kochi,Kerala,150158.67,7507.93,
700676,7968,2022-06-12 22:37:51,Shipped,Cash on Delivery,Coimbatore,Tamil Nadu,18752.39,937.62,
704352,5784,2023-04-16 10:41:30,Cancelled,UPI,Lucknow,Uttar Pradesh,161642.23,0.0,
700540,7298,2025-05-19 09:43:30,Delivered,Credit Card,Ranchi,Jharkhand,268328.96,53665.79,4.0
704090,5846,2023-03-14 22:33:27,Delivered,UPI,Ahmedabad,Gujarat,114016.33,5700.82,3.0
701591,5487,2025-01-04 05:15:59,Delivered,Credit Card,Delhi,Delhi,36886.6,0.0,4.0
705570,7771,2022-11-24 19:52:02,Cancelled,Debit Card,Bhopal,Madhya Pradesh,3885.2,388.52,
704260,7654,2022-11-16 20:20:44,Delivered,EMI,Surat,Gujarat,4671.54,700.73,5.0
700720,7472,2023-10-22 11:30:50,Delivered,UPI,Kochi,Kerala,228474.61,34271.19,1.0
700671,7380,2024-01-30 22:11:45,Delivered,Net Banking,Pune,Maharashtra,71599.62,0.0,5.0
701225,7245,2025-11-26 02:49:42,Pending,UPI,Chennai,Tamil Nadu,279144.48,13957.22,
705565,5302,2025-05-09 23:06:04,Returned,Net Banking,Jaipur,Rajasthan,106227.45,15934.12,
706206,5699,2024-03-08 07:08:46,Cancelled,Credit Card,Indore,Madhya Pradesh,37327.5,0.0,
708640,6360,2022-10-27 13:24:53,Shipped,EMI,Mumbai,Maharashtra,45933.21,0.0,
702313,6690,2023-04-18 15:15:04,Delivered,Net Banking,Surat,Gujarat,378815.73,75763.15,4.0
708692,5776,2026-04-04 07:38:48,Cancelled,Cash on Delivery,Ranchi,Jharkhand,6959.88,695.99,
702113,6062,2023-05-31 10:17:37,Delivered,EMI,Bhopal,Madhya Pradesh,2637.8,131.89,5.0
700572,7231,2025-12-26 12:29:45,Returned,Credit Card,Surat,Gujarat,13681.95,684.1,
708088,6922,2026-05-14 20:55:45,Shipped,EMI,Mumbai,Maharashtra,56663.0,2833.15,
703032,6974,2023-11-16 12:58:09,Shipped,EMI,Ranchi,Jharkhand,121601.07,6080.05,
704735,7865,2025-09-17 23:06:43,Returned,Cash on Delivery,Kochi,Kerala,5265.04,0.0,
707286,5285,2025-08-12 02:33:57,Delivered,Net Banking,Surat,Gujarat,2777.76,0.0,9.0
704526,6566,2024-06-11 02:02:06,Delivered,Debit Card,Lucknow,Uttar Pradesh,206294.52,41258.9,1.0
700478,6592,2023-03-25 15:18:45,Delivered,Cash on Delivery,Ranchi,Jharkhand,94379.76,9437.98,1.0
700974,5289,2023-07-04 13:55:23,Delivered,UPI,Jaipur,Rajasthan,13484.31,2696.86,4.0
702643,5283,2023-03-08 00:13:06,Shipped,Credit Card,Jaipur,Rajasthan,5569.6,0.0,
703376,5396,2022-07-26 03:08:30,Delivered,Credit Card,Nashik,Maharashtra,138647.87,27729.57,4.0
702278,7340,2025-08-08 14:11:21,Delivered,EMI,Mumbai,Maharashtra,2310.51,231.05,1.0
704281,6802,2024-05-24 14:52:11,Pending,Credit Card,Ranchi,Jharkhand,44759.81,6713.97,
702583,7490,2026-04-09 11:46:16,Delivered,EMI,Indore,Madhya Pradesh,5261.12,789.17,8.0
707726,5059,2023-01-10 01:21:11,Delivered,Debit Card,Hyderabad,Telangana,41921.78,4192.18,7.0
705579,6447,2025-07-06 18:01:37,Cancelled,Cash on Delivery,Kolkata,West Bengal,12082.44,0.0,
706044,5262,2026-02-28 20:42:55,Delivered,EMI,Chandigarh,Chandigarh,16580.16,0.0,7.0
708252,5692,2024-04-05 04:34:08,Returned,Net Banking,Indore,Madhya Pradesh,68330.07,6833.01,
703626,7740,2024-11-30 04:11:26,Delivered,Net Banking,Surat,Gujarat,166146.68,24922.0,11.0
704995,6717,2024-05-26 14:31:21,Shipped,Net Banking,Mumbai,Maharashtra,109447.43,5472.37,
708420,7571,2025-01-16 18:47:01,Pending,Credit Card,Chandigarh,Chandigarh,27106.28,5421.26,
702976,5416,2022-02-07 21:23:38,Delivered,UPI,Kolkata,West Bengal,28794.19,4319.13,7.0
707289,6932,2022-09-26 08:50:30,Pending,Cash on Delivery,Chennai,Tamil Nadu,120841.68,18126.25,
708029,5302,2023-08-19 13:54:14,Delivered,EMI,Chennai,Tamil Nadu,6492.21,973.83,5.0
703232,5637,2025-02-02 21:08:24,Shipped,Net Banking,Delhi,Delhi,313761.13,47064.17,
704743,5371,2025-06-25 19:53:00,Cancelled,Credit Card,Delhi,Delhi,120392.48,18058.87,
704198,5574,2024-01-27 08:59:38,Returned,Debit Card,Kolkata,West Bengal,3517.04,175.85,
701024,6353,2025-06-15 07:08:15,Cancelled,UPI,Kochi,Kerala,180494.14,0.0,
702676,7738,2023-01-20 09:38:21,Delivered,EMI,Pune,Maharashtra,3394.8,0.0,1.0
703433,7943,2024-03-28 13:41:16,Pending,Cash on Delivery,Ahmedabad,Gujarat,189716.27,18971.63,
707426,7900,2025-12-04 21:27:35,Shipped,Cash on Delivery,Bhopal,Madhya Pradesh,7731.56,1546.31,
702637,6530,2022-12-21 02:54:58,Delivered,UPI,Delhi,Delhi,1260.74,252.15,7.0
707922,6141,2025-07-24 21:23:16,Delivered,Debit Card,Nashik,Maharashtra,1330.95,66.55,9.0
701662,5802,2022-11-27 00:22:26,Delivered,Net Banking,Hyderabad,Telangana,10443.76,0.0,9.0
704300,7730,2023-03-05 17:08:38,Returned,Credit Card,Pune,Maharashtra,169281.41,0.0,
700205,7291,2025-12-10 19:03:26,Delivered,Cash on Delivery,Nagpur,Maharashtra,64506.38,6450.64,1.0
707100,6997,2022-11-18 06:12:22,Returned,Debit Card,Mumbai,Maharashtra,244535.38,24453.54,
701572,6832,2022-02-06 15:18:10,Returned,Cash on Delivery,Indore,Madhya Pradesh,5454.95,1090.99,
704926,6112,2023-10-04 14:45:49,Pending,EMI,Coimbatore,Tamil Nadu,175798.81,26369.82,
704398,6204,2024-03-26 18:42:40,Cancelled,Net Banking,Hyderabad,Telangana,8344.86,0.0,
707146,5608,2023-05-13 13:18:28,Delivered,Net Banking,Patna,Bihar,16673.88,1667.39,10.0
703688,5090,2024-11-07 07:44:33,Returned,Net Banking,Delhi,Delhi,23853.68,0.0,
702923,6475,2024-07-03 11:36:40,Delivered,EMI,Bangalore,Karnataka,2126.48,318.97,8.0
701598,7454,2025-03-17 13:23:44,Delivered,Net Banking,Nashik,Maharashtra,32113.28,0.0,8.0
700138,6470,2024-09-06 22:09:22,Shipped,Credit Card,Delhi,Delhi,5265.2,0.0,
701373,5950,2022-05-25 02:23:19,Delivered,Cash on Delivery,Ranchi,Jharkhand,19920.39,0.0,11.0
701680,7994,2023-11-23 00:29:17,Delivered,EMI,Ahmedabad,Gujarat,124170.46,0.0,6.0
706452,6665,2023-12-30 05:33:15,Delivered,UPI,Kolkata,West Bengal,445413.92,0.0,10.0
708597,5383,2022-05-16 13:51:57,Delivered,EMI,Delhi,Delhi,6422.25,1284.45,8.0
700058,6022,2023-12-13 01:46:18,Delivered,UPI,Ahmedabad,Gujarat,314596.43,0.0,1.0
708451,7323,2023-04-02 00:00:37,Cancelled,EMI,Jaipur,Rajasthan,165514.69,8275.73,
703612,6507,2026-01-07 04:30:51,Cancelled,Debit Card,Delhi,Delhi,32286.9,0.0,
708359,7408,2022-04-22 01:41:06,Pending,Credit Card,Delhi,Delhi,104009.36,0.0,
706054,6226,2024-10-07 13:40:39,Cancelled,Credit Card,Chandigarh,Chandigarh,6694.01,334.7,
705426,5263,2025-12-22 19:50:56,Delivered,UPI,Kochi,Kerala,45977.26,2298.86,8.0
708552,5645,2023-08-12 05:45:57,Returned,Credit Card,Kolkata,West Bengal,98543.98,0.0,
700534,7133,2025-01-29 13:08:52,Cancelled,Cash on Delivery,Lucknow,Uttar Pradesh,214213.31,10710.67,
700162,6048,2025-06-26 23:10:21,Cancelled,EMI,Hyderabad,Telangana,2137.4,320.61,
703425,7063,2025-12-22 17:08:41,Returned,EMI,Nagpur,Maharashtra,27070.9,2707.09,
701283,5111,2026-06-02 13:02:17,Delivered,Credit Card,Delhi,Delhi,9793.34,489.67,6.0
704617,6326,2022-08-21 01:49:02,Returned,Cash on Delivery,Bangalore,Karnataka,134825.38,0.0,
702611,5292,2023-07-05 19:04:40,Shipped,Cash on Delivery,Indore,Madhya Pradesh,342197.58,17109.88,
701370,7221,2022-02-06 03:50:42,Delivered,Credit Card,Pune,Maharashtra,10228.82,2045.76,8.0
701023,5585,2023-05-04 02:03:06,Delivered,Cash on Delivery,Lucknow,Uttar Pradesh,211024.71,0.0,5.0
708053,7402,2022-07-17 06:50:22,Pending,Cash on Delivery,Chandigarh,Chandigarh,77941.39,15588.28,
708653,5513,2025-05-26 10:35:54,Delivered,UPI,Surat,Gujarat,258203.38,12910.17,1.0
707594,6784,2024-04-10 23:28:12,Delivered,Debit Card,Bhopal,Madhya Pradesh,302615.9,60523.18,3.0
702519,5704,2025-08-24 00:24:11,Delivered,Credit Card,Chennai,Tamil Nadu,20275.04,3041.26,11.0
703793,5846,2023-03-10 17:07:10,Returned,Cash on Delivery,Jaipur,Rajasthan,21441.99,4288.4,
708729,6359,2026-06-02 18:13:21,Delivered,Debit Card,Ranchi,Jharkhand,353843.4,53076.51,7.0
702871,7863,2026-08-05 03:32:33,Shipped,Net Banking,Ahmedabad,Gujarat,434350.96,0.0,
708362,5228,2025-11-01 18:40:37,Cancelled,Net Banking,Kolkata,West Bengal,1267.96,0.0,
708228,7478,2022-11-21 23:11:07,Delivered,Net Banking,Chandigarh,Chandigarh,46953.98,0.0,12.0
701209,6280,2026-07-21 11:36:58,Returned,UPI,Kolkata,West Bengal,94227.17,14134.08,
707696,7563,2023-11-01 08:20:32,Delivered,Credit Card,Patna,Bihar,116654.24,5832.71,1.0
703964,5938,2025-10-29 02:40:11,Returned,Credit Card,Mumbai,Maharashtra,15539.44,0.0,
708395,7231,2025-05-26 20:44:48,Delivered,Credit Card,Kochi,Kerala,3243.0,0.0,3.0
703293,5716,2023-09-08 11:18:02,Delivered,UPI,Bangalore,Karnataka,217123.79,10856.19,4.0
701988,5599,2022-10-23 09:10:31,Pending,Credit Card,Ahmedabad,Gujarat,4408.4,0.0,
704321,6848,2024-10-02 10:40:56,Pending,Debit Card,Indore,Madhya Pradesh,170410.11,0.0,
708651,5080,2025-07-09 10:32:18,Delivered,Debit Card,Indore,Madhya Pradesh,69602.66,0.0,11.0
701006,5193,2023-07-02 21:33:03,Shipped,EMI,Chennai,Tamil Nadu,5578.74,0.0,
707299,6628,2023-07-05 21:34:34,Delivered,UPI,Coimbatore,Tamil Nadu,57062.96,0.0,2.0
704888,6929,2023-12-14 01:13:13,Delivered,Cash on Delivery,Nagpur,Maharashtra,1314.25,65.71,6.0
701428,5317,2025-11-12 10:38:52,Delivered,Debit Card,Pune,Maharashtra,51617.4,0.0,3.0
700961,6209,2025-06-28 21:23:00,Delivered,Debit Card,Chandigarh,Chandigarh,135779.69,13577.97,3.0
708916,6126,2022-09-09 21:33:53,Returned,UPI,Nashik,Maharashtra,62380.83,9357.12,
703286,6321,2024-01-27 20:42:01,Delivered,Debit Card,Ahmedabad,Gujarat,63004.16,9450.62,9.0
704057,5934,2024-02-14 16:41:07,Delivered,Debit Card,Hyderabad,Telangana,40033.72,0.0,6.0
702525,6653,2025-12-22 11:33:43,Returned,Debit Card,Delhi,Delhi,5273.13,263.66,
701164,5840,2025-10-18 05:09:37,Delivered,Net Banking,Chandigarh,Chandigarh,5841.59,584.16,4.0
707215,5280,2024-10-02 04:52:27,Delivered,Debit Card,Hyderabad,Telangana,54088.96,0.0,5.0
708913,5108,2023-12-25 08:27:35,Delivered,Cash on Delivery,Ranchi,Jharkhand,55550.08,11110.02,9.0
707424,7641,2024-05-26 06:07:10,Delivered,Net Banking,Ahmedabad,Gujarat,1177.24,0.0,1.0
702945,6799,2023-03-08 05:34:02,Returned,Net Banking,Lucknow,Uttar Pradesh,65659.83,3282.99,
705160,7206,2025-09-07 20:07:11,Pending,Net Banking,Ahmedabad,Gujarat,90386.0,9038.6,
704036,7237,2023-05-27 15:08:17,Shipped,Cash on Delivery,Kolkata,West Bengal,528.87,0.0,
701910,7457,2022-07-09 14:53:20,Returned,Debit Card,Mumbai,Maharashtra,63359.18,0.0,
700689,5866,2025-11-12 22:26:05,Shipped,UPI,Patna,Bihar,3732.22,559.83,
706481,5290,2025-07-19 02:40:56,Delivered,Debit Card,Patna,Bihar,220758.97,44151.79,7.0
705540,7663,2026-06-05 04:32:47,Delivered,Credit Card,Chandigarh,Chandigarh,14825.24,2223.79,2.0
705524,6192,2024-11-05 05:01:25,Cancelled,Credit Card,Chandigarh,Chandigarh,50548.96,0.0,
705826,5478,2024-05-22 17:48:30,Shipped,Net Banking,Bangalore,Karnataka,371479.01,0.0,
707040,5035,2022-07-17 07:31:00,Shipped,UPI,Indore,Madhya Pradesh,58579.56,11715.91,
702044,6480,2023-04-01 15:27:56,Delivered,Debit Card,Pune,Maharashtra,224679.54,33701.93,5.0
704676,7520,2025-10-26 23:54:17,Shipped,Debit Card,Coimbatore,Tamil Nadu,66511.48,9976.72,
703907,6053,2023-09-08 05:13:49,Cancelled,EMI,Bangalore,Karnataka,45658.16,6848.72,
706444,5855,2022-01-27 05:45:34,Returned,Cash on Delivery,Kolkata,West Bengal,216624.87,0.0,
703297,5162,2022-07-27 20:15:28,Delivered,EMI,Kochi,Kerala,439604.94,21980.25,12.0
706316,7221,2026-05-11 18:08:07,Delivered,UPI,Pune,Maharashtra,49091.8,0.0,5.0
704499,7980,2022-01-06 16:05:48,Cancelled,Credit Card,Delhi,Delhi,141120.17,0.0,
707478,7431,2022-11-30 10:43:24,Shipped,Cash on Delivery,Indore,Madhya Pradesh,9441.72,1888.34,
704454,7514,2024-02-19 05:21:28,Delivered,Debit Card,Bangalore,Karnataka,37666.39,5649.96,7.0
701287,6067,2025-11-29 00:55:10,Delivered,Net Banking,Bhopal,Madhya Pradesh,15582.89,1558.29,3.0
701398,6988,2022-07-09 04:22:15,Delivered,Net Banking,Ahmedabad,Gujarat,363337.21,0.0,10.0
705651,6245,2024-11-06 12:54:31,Delivered,Debit Card,Ahmedabad,Gujarat,68183.71,3409.19,11.0
703585,6452,2024-05-07 09:08:15,Cancelled,Net Banking,Lucknow,Uttar Pradesh,4132.63,0.0,
706235,5636,2022-01-09 10:39:06,Returned,Net Banking,Chennai,Tamil Nadu,14308.12,2146.22,
705093,7155,2022-11-07 10:18:58,Shipped,Net Banking,Ahmedabad,Gujarat,960.78,48.04,
708808,5128,2023-10-09 16:11:37,Shipped,EMI,Chennai,Tamil Nadu,126843.84,0.0,
702161,5808,2025-09-17 09:42:02,Delivered,UPI,Chandigarh,Chandigarh,16340.52,817.03,12.0
707560,7173,2023-07-10 21:19:25,Returned,Credit Card,Indore,Madhya Pradesh,39837.32,7967.46,
700377,6655,2023-09-06 09:31:34,Delivered,EMI,Bangalore,Karnataka,49753.64,0.0,9.0
701504,6961,2024-08-13 00:49:55,Shipped,UPI,Ahmedabad,Gujarat,277688.2,41653.23,
704871,6245,2024-09-26 16:41:14,Delivered,Net Banking,Patna,Bihar,10310.16,515.51,2.0
704002,7229,2026-03-09 10:45:07,Returned,Debit Card,Indore,Madhya Pradesh,20739.02,1036.95,
705344,7064,2024-08-02 19:12:01,Delivered,EMI,Surat,Gujarat,134189.99,6709.5,9.0
703967,5912,2022-08-11 09:21:21,Returned,Cash on Delivery,Ahmedabad,Gujarat,27562.66,0.0,
700314,5695,2024-12-13 23:58:06,Shipped,EMI,Chennai,Tamil Nadu,529610.28,79441.54,
705300,6319,2024-04-21 11:43:28,Delivered,Credit Card,Chandigarh,Chandigarh,38002.04,5700.31,10.0
708348,6905,2026-02-20 18:04:42,Delivered,EMI,Nashik,Maharashtra,6333.24,0.0,2.0
705274,5502,2025-04-03 12:13:24,Delivered,EMI,Chandigarh,Chandigarh,28614.48,2861.45,6.0
708639,6018,2024-08-15 06:22:52,Cancelled,Net Banking,Bangalore,Karnataka,3747.38,374.74,
708989,7319,2022-07-14 20:05:23,Delivered,UPI,Kolkata,West Bengal,257225.21,51445.04,8.0
708116,7034,2022-06-03 17:19:30,Delivered,EMI,Kochi,Kerala,159393.72,0.0,4.0
703109,6106,2023-07-30 19:00:26,Pending,Credit Card,Kolkata,West Bengal,250881.58,50176.32,
706874,6108,2024-01-29 08:15:07,Shipped,UPI,Delhi,Delhi,8463.37,1269.51,
701270,7607,2023-10-14 12:22:36,Cancelled,Credit Card,Chennai,Tamil Nadu,4380.42,876.08,
707195,6483,2022-06-08 11:20:49,Shipped,Debit Card,Nashik,Maharashtra,1859.58,0.0,
707656,7892,2026-05-02 08:24:15,Returned,Cash on Delivery,Kochi,Kerala,37393.33,3739.33,
707877,6861,2023-08-13 03:51:53,Delivered,Debit Card,Pune,Maharashtra,416019.8,62402.97,12.0
700682,6203,2023-09-23 04:16:57,Cancelled,Debit Card,Nashik,Maharashtra,18215.36,3643.07,
702392,5184,2022-02-21 16:39:51,Pending,Debit Card,Nagpur,Maharashtra,272375.8,54475.16,
701463,5834,2022-09-18 06:45:24,Delivered,Cash on Delivery,Mumbai,Maharashtra,212524.96,0.0,2.0
702501,5483,2022-01-15 11:09:29,Returned,EMI,Nashik,Maharashtra,16459.28,822.96,
702552,6756,2024-11-09 10:09:12,Shipped,Net Banking,Nashik,Maharashtra,2063.98,0.0,
705978,6693,2024-07-29 02:13:56,Delivered,UPI,Coimbatore,Tamil Nadu,101679.49,10167.95,2.0
707520,7287,2022-11-04 03:46:28,Delivered,Credit Card,Surat,Gujarat,66656.41,3332.82,10.0
708772,7485,2022-02-13 11:25:51,Delivered,Credit Card,Hyderabad,Telangana,10128.8,506.44,6.0
704142,7829,2026-03-10 18:23:15,Delivered,Cash on Delivery,Bhopal,Madhya Pradesh,1387.4,0.0,6.0
706295,6012,2025-09-01 02:09:40,Shipped,Cash on Delivery,Kolkata,West Bengal,19969.73,998.49,
703537,7068,2026-05-22 21:23:41,Returned,Credit Card,Lucknow,Uttar Pradesh,161811.09,24271.66,
705251,6041,2022-03-29 01:35:48,Shipped,EMI,Kochi,Kerala,3903.6,585.54,
708663,7782,2023-02-20 13:54:52,Cancelled,Net Banking,Coimbatore,Tamil Nadu,343187.7,0.0,
703187,7480,2025-03-18 15:23:42,Delivered,Debit Card,Ahmedabad,Gujarat,61762.96,9264.44,1.0
707659,6155,2024-03-04 08:51:06,Shipped,Net Banking,Chennai,Tamil Nadu,20751.98,4150.4,
704932,7946,2024-03-30 10:35:08,Returned,Credit Card,Kochi,Kerala,38533.27,1926.66,
702253,7758,2022-08-08 20:14:59,Delivered,EMI,Patna,Bihar,266224.77,0.0,10.0
706587,6412,2026-03-22 06:47:08,Returned,EMI,Indore,Madhya Pradesh,477.7,71.66,
703910,6959,2024-11-21 19:04:00,Delivered,EMI,Hyderabad,Telangana,207400.08,41480.02,6.0
706848,6607,2023-10-23 19:45:46,Pending,Net Banking,Mumbai,Maharashtra,20812.43,0.0,
707965,6914,2022-04-24 05:46:38,Returned,EMI,Ranchi,Jharkhand,340813.39,34081.34,
705603,6717,2022-06-27 23:54:27,Delivered,EMI,Nashik,Maharashtra,56616.59,0.0,6.0
701798,5065,2022-03-18 15:32:59,Delivered,Credit Card,Patna,Bihar,88341.15,0.0,11.0
700650,7621,2025-06-10 09:03:42,Delivered,Credit Card,Chennai,Tamil Nadu,5141.2,257.06,8.0
708679,7563,2025-06-14 23:18:46,Shipped,UPI,Coimbatore,Tamil Nadu,242055.11,0.0,
700675,5516,2024-07-14 20:02:08,Returned,Net Banking,Ranchi,Jharkhand,246525.78,24652.58,
708937,7536,2025-08-29 18:49:34,Delivered,Credit Card,Kolkata,West Bengal,14537.01,726.85,1.0
702667,5687,2022-05-26 21:36:46,Delivered,Net Banking,Nagpur,Maharashtra,47778.62,0.0,8.0
701076,5089,2022-10-16 05:17:19,Delivered,EMI,Bhopal,Madhya Pradesh,68021.38,3401.07,6.0
703312,7643,2026-06-16 09:27:10,Delivered,Cash on Delivery,Coimbatore,Tamil Nadu,94122.2,9412.22,3.0
702378,6060,2026-03-11 06:07:09,Delivered,Credit Card,Pune,Maharashtra,234690.3,23469.03,12.0
701091,7383,2024-10-17 23:51:14,Delivered,Debit Card,Chandigarh,Chandigarh,9724.52,1458.68,4.0
704960,6336,2023-09-18 05:02:20,Delivered,Cash on Delivery,Surat,Gujarat,78672.6,0.0,4.0
702657,7653,2023-12-10 14:26:35,Cancelled,Credit Card,Pune,Maharashtra,7069.29,0.0,
706249,7462,2022-12-23 07:45:52,Pending,Debit Card,Nagpur,Maharashtra,64566.28,12913.26,
700445,6580,2023-06-29 21:25:26,Delivered,Net Banking,Patna,Bihar,78055.52,11708.33,2.0
700487,7573,2023-05-11 17:31:19,Delivered,EMI,Lucknow,Uttar Pradesh,301251.45,0.0,12.0
704955,6247,2023-10-29 11:55:11,Delivered,UPI,Bhopal,Madhya Pradesh,49492.58,7423.89,9.0
701305,6480,2025-04-23 18:09:36,Delivered,UPI,Lucknow,Uttar Pradesh,35206.8,7041.36,12.0
706931,6586,2025-11-16 09:28:01,Delivered,Debit Card,Chennai,Tamil Nadu,116668.89,11666.89,2.0
700867,7991,2023-04-13 06:21:06,Shipped,Credit Card,Ranchi,Jharkhand,5781.98,1156.4,
700854,6001,2023-03-21 21:40:30,Delivered,Debit Card,Jaipur,Rajasthan,37584.13,1879.21,12.0
708085,7083,2025-11-11 04:22:53,Delivered,EMI,Nashik,Maharashtra,16178.03,0.0,6.0
706291,6120,2022-03-02 05:25:34,Cancelled,EMI,Bangalore,Karnataka,18800.06,3760.01,
703185,6557,2025-02-06 23:38:27,Returned,UPI,Hyderabad,Telangana,32327.76,6465.55,
708795,6457,2026-03-16 03:07:13,Delivered,EMI,Bangalore,Karnataka,8931.48,0.0,12.0
701848,7834,2022-04-22 18:42:06,Delivered,UPI,Bhopal,Madhya Pradesh,24060.26,0.0,5.0
705602,7884,2024-04-21 17:28:07,Delivered,Credit Card,Nashik,Maharashtra,5808.0,0.0,10.0
705313,5870,2022-12-08 11:35:23,Delivered,Debit Card,Patna,Bihar,2152.36,0.0,5.0
703669,6254,2025-02-01 08:55:49,Returned,UPI,Jaipur,Rajasthan,32830.67,4924.6,
700896,7639,2026-01-20 12:52:44,Pending,Net Banking,Indore,Madhya Pradesh,15943.33,2391.5,
701821,7482,2025-01-30 07:43:33,Delivered,EMI,Chandigarh,Chandigarh,97183.91,14577.59,11.0
703474,6729,2022-05-19 07:08:44,Shipped,EMI,Patna,Bihar,141148.88,0.0,
706168,5224,2024-12-02 20:10:12,Cancelled,Debit Card,Bangalore,Karnataka,10712.18,0.0,
701900,7201,2024-03-09 12:56:35,Delivered,Credit Card,Chennai,Tamil Nadu,63730.28,12746.06,8.0
707938,5822,2025-06-12 22:28:42,Pending,Credit Card,Pune,Maharashtra,9388.5,469.43,
701670,6372,2026-04-08 23:36:07,Delivered,Cash on Delivery,Kochi,Kerala,2155.11,431.02,10.0
701778,7339,2023-09-17 23:53:37,Shipped,UPI,Ranchi,Jharkhand,5103.27,255.16,
703399,6868,2025-11-08 07:27:26,Delivered,Debit Card,Patna,Bihar,17280.94,3456.19,8.0
704087,7178,2026-03-01 20:10:27,Returned,Credit Card,Patna,Bihar,31475.55,0.0,
701142,5948,2025-04-26 23:55:17,Delivered,Debit Card,Bhopal,Madhya Pradesh,28737.66,2873.77,3.0
701425,7079,2024-07-04 05:42:13,Pending,Net Banking,Ahmedabad,Gujarat,153439.52,7671.98,
707482,5732,2026-07-03 01:57:40,Delivered,EMI,Lucknow,Uttar Pradesh,5475.36,0.0,11.0
708587,7969,2026-06-07 20:27:26,Shipped,EMI,Jaipur,Rajasthan,16347.42,1634.74,
705237,6296,2025-12-25 17:23:33,Delivered,Debit Card,Chandigarh,Chandigarh,46403.26,0.0,2.0
701465,7674,2025-04-17 15:57:12,Delivered,Net Banking,Nashik,Maharashtra,1500.76,75.04,2.0
700803,6939,2023-03-10 01:53:33,Shipped,Credit Card,Chennai,Tamil Nadu,4882.41,488.24,
701124,5829,2023-07-16 05:29:25,Pending,Cash on Delivery,Hyderabad,Telangana,15930.04,796.5,
706258,7901,2025-12-23 05:07:15,Shipped,Debit Card,Coimbatore,Tamil Nadu,141822.89,21273.43,
701333,6578,2024-12-18 22:22:45,Shipped,EMI,Surat,Gujarat,35346.38,3534.64,
707023,7297,2022-07-19 01:16:40,Returned,Cash on Delivery,Bhopal,Madhya Pradesh,58236.87,8735.53,
704824,7328,2024-06-14 21:41:26,Pending,EMI,Kochi,Kerala,7036.6,351.83,
700106,6189,2026-06-15 15:19:35,Delivered,EMI,Surat,Gujarat,277098.35,27709.83,6.0
702316,6201,2024-04-05 21:55:27,Delivered,EMI,Jaipur,Rajasthan,34072.58,5110.89,11.0
706813,5773,2025-08-19 09:17:31,Delivered,EMI,Bangalore,Karnataka,262267.05,39340.06,7.0
703401,5813,2024-06-08 22:53:56,Delivered,Net Banking,Jaipur,Rajasthan,19197.75,3839.55,10.0
700739,7692,2026-06-12 06:18:17,Delivered,UPI,Nashik,Maharashtra,38698.13,0.0,10.0
705982,5253,2025-10-24 01:34:31,Pending,Net Banking,Kochi,Kerala,394157.87,0.0,
704158,7352,2024-04-04 07:14:11,Delivered,Cash on Delivery,Coimbatore,Tamil Nadu,25104.89,1255.24,6.0
700418,6824,2024-01-21 02:55:01,Delivered,Debit Card,Kolkata,West Bengal,235329.31,11766.47,2.0
704131,5540,2025-06-06 16:16:04,Delivered,UPI,Chandigarh,Chandigarh,3876.98,387.7,4.0
708523,5589,2022-10-21 02:56:06,Shipped,Debit Card,Chandigarh,Chandigarh,9768.84,0.0,
707230,7512,2025-01-22 18:57:13,Delivered,EMI,Kolkata,West Bengal,133716.74,20057.51,3.0
700930,7129,2023-06-05 13:11:26,Pending,Debit Card,Ahmedabad,Gujarat,2823.88,0.0,
700497,5462,2022-09-21 20:25:17,Cancelled,Cash on Delivery,Nagpur,Maharashtra,29383.06,0.0,
707475,5532,2022-05-10 17:05:07,Returned,Debit Card,Nagpur,Maharashtra,3654.72,548.21,
706664,7551,2026-01-26 03:33:56,Delivered,Debit Card,Nagpur,Maharashtra,25663.56,2566.36,7.0
704725,7118,2025-07-30 07:16:55,Delivered,EMI,Lucknow,Uttar Pradesh,279.52,55.9,2.0
703461,6143,2025-11-19 22:06:47,Returned,Debit Card,Chennai,Tamil Nadu,2702.37,0.0,
707331,5276,2022-02-19 12:30:10,Delivered,Debit Card,Lucknow,Uttar Pradesh,116177.84,11617.78,1.0
705507,6460,2024-12-26 14:15:14,Returned,Credit Card,Ranchi,Jharkhand,67863.67,6786.37,
702219,5910,2023-05-03 20:37:37,Delivered,Net Banking,Indore,Madhya Pradesh,32398.22,3239.82,3.0
705306,7946,2024-08-15 14:56:23,Delivered,EMI,Chandigarh,Chandigarh,12486.78,2497.36,12.0
706525,5106,2022-04-29 01:24:45,Cancelled,UPI,Patna,Bihar,86573.52,0.0,
705026,5158,2024-08-11 03:23:04,Shipped,Credit Card,Kochi,Kerala,58597.08,5859.71,
701540,6947,2023-09-23 01:17:32,Pending,Credit Card,Pune,Maharashtra,42728.38,6409.26,
700069,5882,2024-12-15 16:04:44,Delivered,Debit Card,Hyderabad,Telangana,4081.23,612.18,4.0
705737,5399,2022-11-20 13:17:46,Delivered,UPI,Delhi,Delhi,87760.22,0.0,7.0
705089,6977,2023-05-16 15:23:49,Delivered,Credit Card,Jaipur,Rajasthan,63413.77,12682.75,12.0
707350,6454,2024-04-28 06:23:11,Shipped,Net Banking,Surat,Gujarat,402435.78,20121.79,
704868,6753,2025-07-11 01:10:09,Pending,Debit Card,Nagpur,Maharashtra,47614.92,4761.49,
707765,6565,2024-04-29 05:11:53,Pending,Net Banking,Nashik,Maharashtra,65584.47,0.0,
708894,6326,2025-01-17 17:51:04,Returned,Net Banking,Mumbai,Maharashtra,74561.59,0.0,
706613,7889,2025-04-10 19:00:47,Delivered,Cash on Delivery,Bangalore,Karnataka,11408.89,0.0,12.0
705179,5622,2025-08-01 03:02:23,Returned,Net Banking,Chandigarh,Chandigarh,1833.66,0.0,
702789,5014,2023-02-16 09:12:00,Cancelled,Net Banking,Kochi,Kerala,887.84,44.39,
704351,6126,2026-06-12 16:30:10,Returned,UPI,Indore,Madhya Pradesh,50085.65,0.0,
700658,5380,2022-11-24 13:54:28,Delivered,Net Banking,Mumbai,Maharashtra,25892.66,3883.9,5.0
700397,7676,2024-11-26 18:38:00,Delivered,Cash on Delivery,Bangalore,Karnataka,46797.19,2339.86,7.0
705555,6407,2023-10-19 10:42:32,Pending,EMI,Nashik,Maharashtra,83599.62,0.0,
707685,6447,2022-06-15 23:14:29,Returned,UPI,Nashik,Maharashtra,164419.34,32883.87,
700510,7090,2025-02-16 02:53:29,Returned,EMI,Hyderabad,Telangana,24779.12,0.0,
708907,6868,2023-08-26 09:55:52,Cancelled,Debit Card,Bangalore,Karnataka,1198.97,0.0,
706953,6439,2025-12-20 11:23:53,Delivered,Debit Card,Lucknow,Uttar Pradesh,8173.86,817.39,11.0
704608,5979,2024-06-01 09:00:20,Returned,Cash on Delivery,Kolkata,West Bengal,5156.52,773.48,
702758,5568,2023-09-01 18:21:38,Cancelled,EMI,Surat,Gujarat,207029.53,20702.95,
701458,7198,2025-10-24 10:54:20,Delivered,EMI,Hyderabad,Telangana,36965.85,0.0,5.0
702567,7107,2024-12-19 20:05:35,Delivered,Net Banking,Hyderabad,Telangana,22459.9,0.0,1.0
701509,6500,2023-09-24 17:31:52,Delivered,Cash on Delivery,Indore,Madhya Pradesh,47652.63,4765.26,10.0
700777,5008,2022-11-18 13:20:25,Returned,Net Banking,Bhopal,Madhya Pradesh,6909.81,345.49,
705895,5250,2024-06-09 05:32:11,Returned,Credit Card,Delhi,Delhi,6065.64,303.28,
702884,6029,2026-06-03 08:53:15,Cancelled,EMI,Indore,Madhya Pradesh,83656.48,8365.65,
706160,6178,2026-05-08 16:24:39,Delivered,Credit Card,Mumbai,Maharashtra,60102.6,9015.39,1.0
701681,6503,2026-03-14 21:36:13,Delivered,Debit Card,Chennai,Tamil Nadu,56836.98,5683.7,2.0
708399,6937,2023-05-25 18:25:28,Pending,EMI,Pune,Maharashtra,1233.4,0.0,
700303,7613,2022-08-07 23:15:37,Delivered,Cash on Delivery,Jaipur,Rajasthan,51994.58,7799.19,3.0
703798,6724,2024-11-27 10:20:26,Shipped,Net Banking,Ahmedabad,Gujarat,161184.51,32236.9,
706752,6227,2022-06-11 10:15:01,Pending,EMI,Patna,Bihar,265352.09,26535.21,
703538,7758,2023-08-25 09:05:52,Delivered,Credit Card,Delhi,Delhi,6981.97,0.0,11.0
700766,6260,2026-04-27 18:08:36,Cancelled,Cash on Delivery,Ranchi,Jharkhand,25074.42,1253.72,
706520,5006,2023-06-10 12:33:39,Delivered,Cash on Delivery,Bhopal,Madhya Pradesh,42018.93,6302.84,8.0
702678,5840,2026-03-08 14:08:01,Shipped,Debit Card,Kolkata,West Bengal,10559.23,527.96,
700301,5312,2024-01-01 22:15:21,Pending,UPI,Kochi,Kerala,5104.11,765.62,
701323,7354,2024-12-16 02:34:18,Cancelled,EMI,Bangalore,Karnataka,259825.24,38973.79,
706082,5724,2026-03-12 20:28:06,Returned,Debit Card,Coimbatore,Tamil Nadu,7784.55,0.0,
700994,5665,2026-06-05 07:58:22,Pending,Cash on Delivery,Bhopal,Madhya Pradesh,57909.66,11581.93,
702444,6990,2025-02-08 06:45:48,Delivered,UPI,Bangalore,Karnataka,118289.26,23657.85,10.0
704153,5789,2024-04-16 16:00:08,Delivered,Credit Card,Coimbatore,Tamil Nadu,276966.3,0.0,3.0
700502,7326,2022-05-06 21:16:36,Delivered,UPI,Bangalore,Karnataka,17737.63,886.88,12.0
702541,7872,2025-04-11 23:19:04,Delivered,Net Banking,Surat,Gujarat,7942.95,0.0,8.0
702156,5430,2024-12-22 07:19:54,Returned,Net Banking,Coimbatore,Tamil Nadu,22954.98,0.0,
706928,5379,2024-12-30 11:49:11,Returned,UPI,Kolkata,West Bengal,7811.02,1562.2,
704588,5537,2026-06-09 20:00:15,Delivered,UPI,Lucknow,Uttar Pradesh,20002.86,0.0,12.0
704165,5017,2023-03-22 01:41:28,Returned,Net Banking,Jaipur,Rajasthan,100584.65,10058.47,
700963,7422,2022-04-29 20:14:20,Cancelled,Credit Card,Ahmedabad,Gujarat,12377.4,0.0,
705953,6226,2024-06-12 00:11:04,Shipped,Credit Card,Mumbai,Maharashtra,14771.16,2954.23,
702476,5454,2026-02-16 14:28:16,Pending,Cash on Delivery,Surat,Gujarat,7762.12,1164.32,
707163,7985,2026-03-31 01:15:30,Delivered,Net Banking,Hyderabad,Telangana,16340.04,2451.01,6.0
708422,6942,2024-01-13 05:04:34,Delivered,UPI,Patna,Bihar,33070.97,0.0,7.0
707377,7238,2025-10-27 01:58:06,Cancelled,Credit Card,Jaipur,Rajasthan,37478.91,7495.78,
706034,7874,2026-06-06 13:56:50,Delivered,EMI,Ahmedabad,Gujarat,5500.6,550.06,11.0
704691,6263,2026-02-25 18:26:36,Cancelled,Cash on Delivery,Ranchi,Jharkhand,148660.5,7433.03,
704817,5693,2022-01-14 19:39:32,Delivered,Net Banking,Hyderabad,Telangana,524563.04,0.0,1.0
700227,6618,2025-05-24 00:38:05,Delivered,Net Banking,Jaipur,Rajasthan,10587.49,1588.12,6.0
705374,7582,2022-01-13 11:44:45,Delivered,EMI,Coimbatore,Tamil Nadu,148475.2,29695.04,8.0
708452,7450,2024-10-23 20:20:56,Delivered,Cash on Delivery,Bhopal,Madhya Pradesh,53536.67,0.0,10.0
705794,7763,2024-04-13 18:53:19,Delivered,Debit Card,Lucknow,Uttar Pradesh,79379.38,11906.91,2.0
708841,6610,2024-04-19 22:04:48,Delivered,EMI,Pune,Maharashtra,41996.43,4199.64,2.0
708323,5191,2025-07-29 14:36:40,Delivered,EMI,Indore,Madhya Pradesh,28316.97,0.0,1.0
701190,5670,2022-07-05 02:15:07,Shipped,Credit Card,Kochi,Kerala,10618.22,1592.73,
708268,6773,2023-11-05 06:24:37,Cancelled,Cash on Delivery,Pune,Maharashtra,1395.72,139.57,
706594,7371,2024-11-27 05:13:27,Cancelled,Credit Card,Delhi,Delhi,29686.92,4453.04,
703899,6782,2025-09-28 07:50:23,Cancelled,Credit Card,Hyderabad,Telangana,30947.39,0.0,
707531,7167,2024-03-04 01:03:05,Returned,Cash on Delivery,Chennai,Tamil Nadu,39904.44,7980.89,
700402,7391,2025-07-25 23:16:31,Shipped,EMI,Nashik,Maharashtra,891.74,89.17,
701521,6600,2023-02-24 00:04:42,Delivered,EMI,Mumbai,Maharashtra,7084.77,0.0,10.0
705875,7930,2022-09-07 09:16:48,Shipped,Credit Card,Pune,Maharashtra,407829.92,81565.98,
705702,7568,2026-07-03 22:16:16,Returned,Debit Card,Chennai,Tamil Nadu,7650.76,1147.61,
706872,7580,2024-01-02 14:24:18,Delivered,UPI,Ahmedabad,Gujarat,67716.45,0.0,11.0
706184,7346,2025-11-04 21:39:04,Pending,Credit Card,Patna,Bihar,1790.04,179.0,
708526,6523,2024-02-01 04:49:14,Delivered,Net Banking,Pune,Maharashtra,36597.15,0.0,1.0
706370,6997,2023-08-23 10:27:03,Pending,EMI,Nagpur,Maharashtra,83209.46,8320.95,
702083,6375,2023-04-24 11:53:18,Pending,Net Banking,Hyderabad,Telangana,46685.81,2334.29,
708259,6766,2023-02-15 01:26:15,Delivered,EMI,Delhi,Delhi,257494.81,25749.48,1.0
701550,7443,2024-02-18 22:29:41,Returned,Debit Card,Pune,Maharashtra,6964.09,1044.61,
701492,5440,2025-07-02 15:04:05,Cancelled,Cash on Delivery,Ahmedabad,Gujarat,79454.88,3972.74,
707625,6887,2022-10-24 22:02:22,Returned,EMI,Hyderabad,Telangana,4027.48,402.75,
700797,5678,2023-12-01 08:13:46,Delivered,Cash on Delivery,Ahmedabad,Gujarat,4251.27,637.69,5.0
702849,6553,2022-10-11 11:20:32,Delivered,Cash on Delivery,Pune,Maharashtra,130995.63,13099.56,2.0
703812,5735,2023-05-12 22:41:43,Pending,EMI,Delhi,Delhi,23566.49,0.0,
701036,6792,2026-01-09 23:59:17,Cancelled,Net Banking,Nashik,Maharashtra,223934.61,44786.92,
707800,6148,2022-07-08 02:36:38,Delivered,UPI,Ranchi,Jharkhand,226949.58,34042.44,8.0
701498,5758,2022-05-06 20:26:58,Shipped,Cash on Delivery,Bhopal,Madhya Pradesh,57494.62,8624.19,
702105,7584,2022-12-27 06:58:48,Cancelled,Cash on Delivery,Pune,Maharashtra,519735.12,103947.02,
707870,5894,2023-06-06 23:30:25,Returned,UPI,Nashik,Maharashtra,25228.48,1261.42,
703856,6511,2024-01-29 17:18:48,Returned,Credit Card,Hyderabad,Telangana,34582.1,1729.11,
706948,5723,2024-01-15 13:13:30,Delivered,Debit Card,Delhi,Delhi,2397.44,479.49,7.0
700880,7836,2022-05-03 17:45:39,Delivered,Cash on Delivery,Hyderabad,Telangana,15052.79,2257.92,6.0
705055,6993,2022-02-08 05:20:56,Delivered,Net Banking,Nagpur,Maharashtra,201611.01,0.0,10.0
700941,5703,2025-11-08 03:23:13,Delivered,UPI,Nashik,Maharashtra,49284.63,2464.23,5.0
700234,7124,2023-04-06 11:55:07,Delivered,Cash on Delivery,Chennai,Tamil Nadu,37196.12,0.0,1.0
704054,7672,2022-11-06 19:57:46,Delivered,EMI,Jaipur,Rajasthan,297521.18,0.0,1.0
702457,5518,2022-04-26 04:49:12,Cancelled,Cash on Delivery,Patna,Bihar,2663.46,0.0,
707316,7947,2024-03-29 00:19:29,Delivered,Net Banking,Pune,Maharashtra,76068.43,7606.84,5.0
700339,7274,2025-07-18 02:21:00,Delivered,Debit Card,Patna,Bihar,282827.05,28282.71,8.0
707555,5607,2026-05-14 10:01:53,Delivered,EMI,Hyderabad,Telangana,93187.49,0.0,5.0
700829,7991,2025-03-09 16:32:57,Shipped,Debit Card,Chandigarh,Chandigarh,323458.08,0.0,
706254,5249,2023-02-16 02:30:30,Pending,Cash on Delivery,Surat,Gujarat,139498.82,20924.82,
705822,5184,2022-11-11 13:57:31,Delivered,Net Banking,Nashik,Maharashtra,25847.2,2584.72,7.0
700332,5920,2024-02-01 19:36:36,Delivered,Cash on Delivery,Bangalore,Karnataka,275035.55,41255.33,7.0
704477,6672,2023-10-31 15:11:08,Shipped,Cash on Delivery,Nagpur,Maharashtra,382105.88,38210.59,
706033,6145,2022-04-03 18:03:34,Delivered,Net Banking,Surat,Gujarat,18283.2,0.0,4.0
700107,6565,2023-04-14 16:29:26,Delivered,Credit Card,Ranchi,Jharkhand,4613.52,0.0,11.0
700860,5242,2023-08-11 18:58:23,Delivered,Credit Card,Jaipur,Rajasthan,70698.71,7069.87,10.0
707245,7283,2022-08-16 00:47:05,Pending,UPI,Kolkata,West Bengal,575942.75,0.0,
706599,5904,2025-05-06 21:27:18,Pending,Debit Card,Bhopal,Madhya Pradesh,260034.24,0.0,
701586,5497,2025-09-14 07:20:31,Delivered,UPI,Ahmedabad,Gujarat,4844.49,484.45,2.0
705788,5892,2025-10-04 07:00:03,Delivered,Credit Card,Indore,Madhya Pradesh,3231.48,0.0,7.0
705823,5691,2026-07-10 08:57:32,Pending,Net Banking,Coimbatore,Tamil Nadu,261136.03,0.0,
708991,5613,2026-05-24 14:27:36,Cancelled,Net Banking,Indore,Madhya Pradesh,44983.56,4498.36,
702914,5179,2022-03-16 17:15:36,Returned,Debit Card,Kochi,Kerala,40082.57,8016.51,
706799,7157,2022-07-05 05:57:50,Delivered,Debit Card,Indore,Madhya Pradesh,122081.15,0.0,6.0
702716,7289,2025-09-15 06:09:56,Cancelled,EMI,Coimbatore,Tamil Nadu,131881.2,6594.06,
702850,7893,2025-01-29 11:06:46,Pending,UPI,Nashik,Maharashtra,1247.77,249.55,
702148,7012,2022-05-21 20:03:08,Delivered,Net Banking,Coimbatore,Tamil Nadu,16293.02,0.0,6.0
706763,6307,2025-12-21 15:33:28,Pending,Credit Card,Coimbatore,Tamil Nadu,1080.2,54.01,
707903,5846,2023-07-09 15:35:08,Cancelled,Credit Card,Ranchi,Jharkhand,25355.32,1267.77,
702222,6471,2023-04-01 00:18:09,Delivered,Debit Card,Lucknow,Uttar Pradesh,62747.16,9412.07,7.0
704222,6020,2026-06-01 11:09:27,Delivered,UPI,Ranchi,Jharkhand,95283.08,4764.15,2.0
707320,7436,2024-12-21 05:58:21,Shipped,EMI,Kochi,Kerala,176083.99,8804.2,
702658,5269,2022-12-01 17:45:15,Returned,Debit Card,Ranchi,Jharkhand,143738.16,7186.91,
702386,7261,2022-05-08 07:14:51,Returned,Net Banking,Nashik,Maharashtra,31199.11,1559.96,
706075,7685,2022-04-30 08:17:19,Returned,UPI,Nashik,Maharashtra,237581.67,11879.08,
701545,6714,2022-11-25 19:57:05,Delivered,Net Banking,Chennai,Tamil Nadu,2400.15,0.0,5.0
701201,6179,2022-08-30 01:59:51,Delivered,UPI,Surat,Gujarat,42158.2,4215.82,3.0
705133,7745,2025-11-01 21:03:27,Pending,Credit Card,Bhopal,Madhya Pradesh,86102.42,4305.12,
701273,7563,2022-07-07 02:53:20,Delivered,Debit Card,Chennai,Tamil Nadu,28843.59,1442.18,8.0
701172,5684,2022-06-14 02:11:15,Delivered,Credit Card,Patna,Bihar,51097.58,0.0,3.0
700876,7480,2023-05-04 09:08:06,Delivered,Net Banking,Kochi,Kerala,158887.25,23833.09,12.0
704801,7898,2023-04-12 09:12:38,Shipped,Credit Card,Chandigarh,Chandigarh,6506.56,1301.31,
706238,6040,2026-03-20 20:29:47,Pending,Debit Card,Kolkata,West Bengal,10433.61,1043.36,
704790,6217,2022-02-21 12:15:44,Delivered,Cash on Delivery,Bangalore,Karnataka,16278.09,0.0,4.0
704601,6517,2026-06-16 11:24:10,Cancelled,Debit Card,Bhopal,Madhya Pradesh,15225.28,0.0,
705723,6067,2026-02-24 20:16:28,Pending,UPI,Pune,Maharashtra,57203.98,11440.8,
703911,7209,2022-10-11 00:08:38,Returned,Debit Card,Delhi,Delhi,70791.1,7079.11,
705772,6655,2023-11-05 00:06:43,Delivered,Debit Card,Mumbai,Maharashtra,64378.0,0.0,12.0
708232,6552,2026-07-31 03:11:33,Returned,EMI,Surat,Gujarat,2736.64,410.5,
706293,6917,2022-06-21 22:47:05,Delivered,Cash on Delivery,Ahmedabad,Gujarat,6065.64,0.0,4.0
708598,7456,2026-03-30 11:14:20,Delivered,Debit Card,Ahmedabad,Gujarat,21758.5,0.0,8.0
708974,6770,2022-01-08 07:16:50,Delivered,Debit Card,Indore,Madhya Pradesh,24544.53,1227.23,2.0
708221,7572,2025-03-31 23:15:36,Shipped,Cash on Delivery,Coimbatore,Tamil Nadu,356889.98,17844.5,
700991,7924,2023-11-30 21:40:11,Delivered,Debit Card,Chandigarh,Chandigarh,210277.0,10513.85,12.0
708110,5030,2024-11-12 09:57:37,Delivered,UPI,Bangalore,Karnataka,13101.28,1965.19,4.0
706794,5894,2024-07-04 20:56:01,Delivered,Debit Card,Pune,Maharashtra,169410.52,0.0,11.0
706388,5939,2024-05-17 20:14:39,Returned,UPI,Hyderabad,Telangana,12314.59,2462.92,
702282,5250,2026-03-09 21:50:57,Returned,Credit Card,Hyderabad,Telangana,97925.88,0.0,
702293,6249,2022-11-21 19:57:38,Returned,Credit Card,Kochi,Kerala,33396.9,6679.38,
706078,6569,2024-10-06 09:34:58,Cancelled,Credit Card,Lucknow,Uttar Pradesh,1921.56,192.16,
703886,7774,2026-05-14 21:39:02,Pending,Net Banking,Chandigarh,Chandigarh,14140.98,2121.15,
701031,6856,2023-08-09 13:19:52,Delivered,Net Banking,Surat,Gujarat,134158.69,20123.8,2.0
708576,7634,2025-02-01 22:07:01,Cancelled,Credit Card,Hyderabad,Telangana,41799.81,0.0,
707311,7647,2024-06-21 22:59:53,Returned,Debit Card,Ahmedabad,Gujarat,14658.04,2931.61,
705047,6916,2026-01-01 03:35:05,Delivered,UPI,Delhi,Delhi,102499.18,5124.96,3.0
703202,7482,2026-05-01 06:29:58,Delivered,Cash on Delivery,Kochi,Kerala,434922.95,21746.15,11.0
707266,6729,2025-01-07 21:55:26,Delivered,Debit Card,Kolkata,West Bengal,17346.63,0.0,2.0
707278,5801,2022-04-06 05:19:43,Shipped,Net Banking,Indore,Madhya Pradesh,1681.38,252.21,
708675,5555,2025-12-08 17:32:41,Cancelled,Net Banking,Kochi,Kerala,60793.09,12158.62,
707805,6607,2026-04-27 22:59:22,Delivered,UPI,Lucknow,Uttar Pradesh,86522.01,4326.1,12.0
705865,7347,2024-07-22 19:43:08,Cancelled,Credit Card,Mumbai,Maharashtra,66799.51,10019.93,
708629,5488,2022-10-30 06:49:49,Delivered,EMI,Nashik,Maharashtra,273112.84,13655.64,5.0
706290,6624,2022-12-21 05:21:16,Shipped,Net Banking,Indore,Madhya Pradesh,9212.28,0.0,
708889,5522,2023-12-27 02:59:58,Delivered,Debit Card,Delhi,Delhi,1136.32,0.0,12.0
703344,6361,2022-06-12 10:24:18,Shipped,Credit Card,Nagpur,Maharashtra,62549.39,3127.47,
701263,5769,2025-08-09 04:54:18,Delivered,Net Banking,Surat,Gujarat,165434.16,24815.12,2.0
702892,5781,2023-02-27 05:54:00,Returned,Net Banking,Hyderabad,Telangana,39840.94,0.0,
700281,7737,2026-04-01 09:31:46,Delivered,Credit Card,Bangalore,Karnataka,35711.19,0.0,9.0
700637,5326,2024-04-20 09:21:26,Delivered,EMI,Kolkata,West Bengal,8283.65,0.0,10.0
704751,5132,2022-06-08 03:29:12,Returned,Cash on Delivery,Chandigarh,Chandigarh,2443.15,244.32,
701828,5323,2024-07-04 14:17:34,Delivered,Net Banking,Ranchi,Jharkhand,2570.75,128.54,11.0
708381,7101,2022-01-28 15:02:24,Delivered,Cash on Delivery,Chandigarh,Chandigarh,94813.58,0.0,4.0
707669,6904,2026-05-20 22:13:02,Delivered,Net Banking,Indore,Madhya Pradesh,3196.54,479.48,7.0
704190,6664,2024-06-20 08:03:54,Delivered,Credit Card,Bhopal,Madhya Pradesh,70761.71,0.0,12.0
703644,6742,2025-05-16 06:31:16,Delivered,EMI,Surat,Gujarat,266731.9,0.0,10.0
707073,5558,2025-07-30 11:02:44,Delivered,EMI,Coimbatore,Tamil Nadu,2976.55,148.83,8.0
701240,7168,2022-03-17 16:45:35,Delivered,Debit Card,Mumbai,Maharashtra,170847.9,8542.4,3.0
708136,5671,2025-05-02 17:34:36,Cancelled,Debit Card,Chandigarh,Chandigarh,182497.05,27374.56,
706696,6770,2022-10-15 19:46:19,Cancelled,Credit Card,Mumbai,Maharashtra,23128.7,3469.3,
706288,7811,2024-09-07 13:08:12,Shipped,EMI,Nashik,Maharashtra,3817.08,763.42,
702235,6642,2022-05-16 04:13:11,Delivered,Debit Card,Ahmedabad,Gujarat,76929.77,0.0,10.0
702112,7198,2024-12-07 03:15:17,Cancelled,UPI,Pune,Maharashtra,8135.47,406.77,
703503,6107,2024-04-07 18:52:23,Shipped,Net Banking,Bhopal,Madhya Pradesh,7582.72,1516.54,
707130,6110,2024-05-24 09:39:52,Delivered,UPI,Lucknow,Uttar Pradesh,73585.52,14717.1,9.0
704795,5170,2025-08-13 22:55:39,Returned,Credit Card,Chandigarh,Chandigarh,30035.0,1501.75,
707876,6916,2022-01-24 12:25:49,Shipped,EMI,Kolkata,West Bengal,55405.01,0.0,
702487,7411,2025-12-01 18:58:53,Delivered,EMI,Lucknow,Uttar Pradesh,58418.9,8762.83,7.0
706517,5025,2026-06-17 12:35:24,Delivered,Cash on Delivery,Kolkata,West Bengal,187284.07,18728.41,1.0
708960,6042,2022-03-27 01:46:35,Pending,UPI,Delhi,Delhi,322802.25,64560.45,
706580,6226,2024-05-17 21:41:20,Shipped,Cash on Delivery,Kolkata,West Bengal,26342.34,1317.12,
708868,6071,2022-12-05 01:17:09,Delivered,UPI,Lucknow,Uttar Pradesh,249170.61,0.0,7.0
707049,6011,2025-05-21 18:49:01,Cancelled,Net Banking,Kochi,Kerala,100674.79,15101.22,
704761,7301,2026-04-18 18:55:13,Cancelled,Debit Card,Bhopal,Madhya Pradesh,20281.62,1014.08,
706729,5463,2025-04-30 12:29:50,Shipped,Net Banking,Coimbatore,Tamil Nadu,293683.6,0.0,
701769,7127,2026-05-13 09:15:30,Shipped,UPI,Bangalore,Karnataka,50437.46,0.0,
702715,7113,2025-06-12 22:52:28,Shipped,EMI,Ahmedabad,Gujarat,93899.03,0.0,
705457,5491,2025-10-17 21:02:49,Delivered,Cash on Delivery,Mumbai,Maharashtra,641.2,96.18,9.0
707091,5070,2023-09-22 03:31:22,Delivered,Credit Card,Lucknow,Uttar Pradesh,48171.63,0.0,11.0
703713,6494,2023-06-16 10:57:08,Delivered,Credit Card,Jaipur,Rajasthan,73928.06,7392.81,1.0
705600,6696,2022-08-13 12:01:21,Delivered,Net Banking,Patna,Bihar,10137.52,0.0,5.0
700170,5292,2023-08-16 18:12:37,Delivered,EMI,Kochi,Kerala,332897.4,0.0,3.0
703823,7960,2024-03-21 13:14:59,Delivered,Debit Card,Mumbai,Maharashtra,6381.78,0.0,10.0
703574,5254,2026-01-19 15:30:03,Shipped,Net Banking,Kolkata,West Bengal,409696.29,61454.44,
701857,7225,2023-12-02 03:40:56,Delivered,Cash on Delivery,Nagpur,Maharashtra,13050.51,0.0,10.0
704464,6223,2026-01-10 12:49:09,Pending,Net Banking,Patna,Bihar,30462.44,6092.49,
704694,7578,2023-03-01 15:04:25,Delivered,Cash on Delivery,Pune,Maharashtra,15891.33,0.0,10.0
700310,7561,2026-05-02 05:34:19,Delivered,EMI,Bhopal,Madhya Pradesh,158816.28,31763.26,12.0
703603,6250,2022-04-25 22:24:03,Pending,Credit Card,Chennai,Tamil Nadu,313465.25,0.0,
703069,5243,2022-06-19 21:37:58,Pending,Net Banking,Coimbatore,Tamil Nadu,2515.83,125.79,
704913,6907,2024-02-11 18:15:25,Delivered,Credit Card,Pune,Maharashtra,17202.06,0.0,10.0
702043,5399,2024-04-16 18:29:01,Delivered,Net Banking,Delhi,Delhi,54830.86,0.0,12.0
703547,6295,2025-03-16 19:15:22,Pending,Cash on Delivery,Mumbai,Maharashtra,5689.24,284.46,
708141,7213,2025-09-04 23:34:39,Delivered,EMI,Hyderabad,Telangana,7705.79,1541.16,9.0
705987,5818,2026-07-02 16:12:59,Delivered,Credit Card,Coimbatore,Tamil Nadu,73172.58,3658.63,7.0
704067,6794,2023-12-14 21:32:54,Pending,EMI,Pune,Maharashtra,2734.24,136.71,
707092,5724,2025-05-02 11:16:56,Pending,Net Banking,Ahmedabad,Gujarat,4594.62,459.46,
707240,7226,2026-04-04 14:48:16,Delivered,EMI,Indore,Madhya Pradesh,99991.75,14998.76,7.0
706631,6332,2023-12-11 20:46:23,Delivered,Cash on Delivery,Indore,Madhya Pradesh,41130.21,6169.53,10.0
702846,6052,2023-06-27 09:39:32,Delivered,Credit Card,Pune,Maharashtra,6854.54,685.45,12.0
706770,6624,2024-03-05 18:41:41,Delivered,Debit Card,Patna,Bihar,30141.48,3014.15,1.0
700729,7480,2023-10-20 20:04:12,Shipped,UPI,Jaipur,Rajasthan,29000.24,5800.05,
708349,6866,2023-04-10 20:23:01,Returned,Net Banking,Ahmedabad,Gujarat,465388.34,69808.25,
703124,6144,2023-06-27 08:24:22,Delivered,EMI,Lucknow,Uttar Pradesh,317462.24,47619.34,5.0
706208,6570,2026-07-02 17:57:03,Cancelled,Credit Card,Mumbai,Maharashtra,1428.2,142.82,
708905,5330,2024-02-16 21:17:16,Cancelled,UPI,Kolkata,West Bengal,32726.04,0.0,
707021,6824,2025-03-28 21:28:28,Returned,EMI,Hyderabad,Telangana,29259.87,0.0,
707888,6948,2022-02-25 10:52:00,Cancelled,Credit Card,Coimbatore,Tamil Nadu,17364.79,0.0,
702100,6703,2025-11-05 06:43:00,Shipped,Net Banking,Kolkata,West Bengal,43017.11,0.0,
705170,5304,2022-09-18 07:29:55,Delivered,EMI,Pune,Maharashtra,95564.0,19112.8,9.0
702296,7397,2025-11-13 11:12:23,Pending,Credit Card,Coimbatore,Tamil Nadu,30129.03,0.0,
708541,5953,2024-07-17 08:29:53,Delivered,Cash on Delivery,Patna,Bihar,43239.54,0.0,5.0
700670,6301,2023-03-24 23:24:13,Delivered,Net Banking,Lucknow,Uttar Pradesh,3613.75,361.38,4.0
703698,7772,2025-08-29 21:05:19,Cancelled,Credit Card,Ranchi,Jharkhand,161514.08,8075.7,
701281,7389,2025-12-04 12:20:51,Returned,Debit Card,Chandigarh,Chandigarh,111961.76,0.0,
708033,7989,2025-07-25 19:30:30,Cancelled,UPI,Mumbai,Maharashtra,7008.45,1401.69,
702034,5980,2024-05-26 17:46:17,Delivered,Credit Card,Chennai,Tamil Nadu,139666.55,0.0,1.0
708251,6755,2022-07-29 07:32:53,Delivered,Debit Card,Hyderabad,Telangana,236892.86,11844.64,7.0
707468,5480,2023-03-24 11:50:52,Returned,EMI,Nagpur,Maharashtra,358.66,53.8,
703623,7214,2024-01-27 02:03:55,Pending,Credit Card,Bangalore,Karnataka,10997.74,1649.66,
707141,6843,2024-10-18 06:46:05,Delivered,Net Banking,Pune,Maharashtra,77990.82,15598.16,7.0
706329,6116,2022-12-12 12:39:57,Delivered,Cash on Delivery,Hyderabad,Telangana,16740.03,1674.0,8.0
700603,7957,2026-05-25 14:49:39,Delivered,UPI,Lucknow,Uttar Pradesh,45780.33,0.0,9.0
700032,6100,2023-05-30 12:18:16,Returned,UPI,Delhi,Delhi,25738.11,2573.81,
705350,5413,2023-04-05 18:38:58,Delivered,EMI,Nashik,Maharashtra,67149.43,0.0,5.0
708847,7557,2026-04-20 19:46:17,Delivered,Cash on Delivery,Lucknow,Uttar Pradesh,2336.4,116.82,8.0
704907,5538,2023-01-03 01:26:09,Delivered,EMI,Kochi,Kerala,116900.09,11690.01,7.0
707490,6164,2023-02-13 12:59:42,Delivered,Cash on Delivery,Chennai,Tamil Nadu,4828.38,0.0,7.0
704649,5222,2024-04-16 06:02:05,Cancelled,Cash on Delivery,Nagpur,Maharashtra,32559.61,0.0,
700233,5906,2022-11-21 00:06:21,Cancelled,Net Banking,Chandigarh,Chandigarh,4708.37,0.0,
704987,5383,2022-03-13 16:14:26,Returned,Net Banking,Patna,Bihar,222396.2,33359.43,
708928,5989,2023-08-30 11:26:08,Delivered,EMI,Kolkata,West Bengal,83500.23,0.0,1.0
700935,5466,2025-12-01 12:00:03,Delivered,Credit Card,Pune,Maharashtra,228779.24,0.0,1.0
704073,5745,2023-08-17 04:49:19,Pending,UPI,Bhopal,Madhya Pradesh,75667.96,0.0,
707362,6502,2022-10-27 18:13:46,Cancelled,EMI,Surat,Gujarat,2416.28,0.0,
702589,6618,2026-07-14 22:01:37,Pending,Debit Card,Chennai,Tamil Nadu,1478.6,0.0,
702358,6480,2023-09-19 07:20:29,Delivered,Credit Card,Indore,Madhya Pradesh,58910.71,5891.07,2.0
701987,7830,2024-11-09 02:31:06,Delivered,Net Banking,Ranchi,Jharkhand,31992.72,0.0,2.0
702361,6583,2025-04-01 00:55:14,Delivered,Net Banking,Kochi,Kerala,6176.28,617.63,3.0
706472,7325,2022-02-21 10:34:07,Cancelled,Cash on Delivery,Delhi,Delhi,15213.33,0.0,
706393,6761,2022-01-15 01:53:19,Cancelled,Cash on Delivery,Patna,Bihar,151108.76,0.0,
707151,6145,2025-01-08 01:51:07,Shipped,Credit Card,Chennai,Tamil Nadu,2997.8,299.78,
702159,7172,2026-07-03 02:18:42,Cancelled,Net Banking,Ahmedabad,Gujarat,17648.36,3529.67,
701298,7482,2025-09-12 18:49:38,Cancelled,Debit Card,Nagpur,Maharashtra,17061.13,0.0,
703025,6765,2026-06-03 11:15:46,Delivered,UPI,Ranchi,Jharkhand,4011.56,0.0,6.0
700999,7427,2026-06-06 21:08:52,Delivered,Debit Card,Indore,Madhya Pradesh,10493.87,2098.77,4.0
703944,5652,2024-11-20 17:42:24,Returned,Debit Card,Kochi,Kerala,14713.5,735.68,
703426,7269,2023-07-27 19:59:12,Delivered,Credit Card,Kolkata,West Bengal,19675.42,1967.54,8.0
703839,5650,2024-09-21 06:24:24,Delivered,Cash on Delivery,Ranchi,Jharkhand,76962.38,15392.48,6.0
705627,6986,2025-07-14 15:16:13,Delivered,UPI,Ahmedabad,Gujarat,22719.03,0.0,11.0
701408,5071,2024-07-22 12:04:00,Delivered,EMI,Hyderabad,Telangana,2728.45,272.84,7.0
700152,6831,2026-01-23 00:24:06,Delivered,EMI,Bhopal,Madhya Pradesh,27273.6,1363.68,1.0
703918,6972,2023-08-26 00:14:05,Cancelled,Cash on Delivery,Ahmedabad,Gujarat,34703.83,1735.19,
702215,7281,2026-06-24 15:51:27,Returned,EMI,Hyderabad,Telangana,213213.65,10660.68,
702078,7241,2024-01-24 19:37:19,Delivered,Net Banking,Hyderabad,Telangana,2152.36,0.0,10.0
700927,5599,2024-08-05 01:10:47,Delivered,Cash on Delivery,Patna,Bihar,5435.61,271.78,9.0
702756,5957,2025-06-10 04:27:23,Delivered,Credit Card,Jaipur,Rajasthan,11407.34,2281.47,6.0
706314,6299,2026-05-08 22:14:34,Delivered,Debit Card,Nashik,Maharashtra,48790.88,9758.18,8.0
705031,6791,2023-05-18 16:36:05,Delivered,Debit Card,Jaipur,Rajasthan,9159.26,1373.89,2.0
706317,6029,2023-03-31 20:56:50,Delivered,Credit Card,Delhi,Delhi,111500.77,11150.08,5.0
706165,6583,2024-05-18 18:42:03,Cancelled,EMI,Ahmedabad,Gujarat,272456.55,0.0,
704658,7260,2022-02-02 01:46:14,Cancelled,Cash on Delivery,Chennai,Tamil Nadu,17133.05,856.65,
702334,5596,2024-08-27 22:51:09,Delivered,Cash on Delivery,Patna,Bihar,1614.27,242.14,12.0
707927,6507,2022-12-01 09:56:38,Returned,UPI,Indore,Madhya Pradesh,5532.39,276.62,
705884,6173,2024-12-28 15:55:54,Delivered,UPI,Kochi,Kerala,4090.95,818.19,12.0
701165,6179,2023-07-23 07:19:00,Delivered,Credit Card,Chandigarh,Chandigarh,2702.37,270.24,1.0
700943,6698,2022-08-18 04:28:37,Delivered,Debit Card,Patna,Bihar,3701.6,0.0,6.0
700315,7885,2023-07-21 08:52:12,Delivered,Credit Card,Ranchi,Jharkhand,170813.3,8540.66,4.0
707187,7411,2022-12-08 11:14:28,Delivered,EMI,Chennai,Tamil Nadu,36606.44,7321.29,9.0
701011,7336,2024-05-06 17:30:14,Returned,Debit Card,Ranchi,Jharkhand,14025.17,2805.03,
704215,7591,2026-02-08 12:15:09,Pending,Debit Card,Nashik,Maharashtra,102336.0,15350.4,
705871,7828,2025-03-04 11:05:02,Returned,UPI,Surat,Gujarat,188429.51,0.0,
700079,5631,2024-09-15 20:08:39,Delivered,Debit Card,Hyderabad,Telangana,6744.16,1011.62,9.0
700949,5200,2026-05-30 00:03:43,Delivered,Credit Card,Surat,Gujarat,10300.16,515.01,1.0
704360,7186,2025-10-03 22:12:21,Cancelled,Net Banking,Pune,Maharashtra,175470.41,35094.08,
706941,6258,2023-12-13 04:30:00,Pending,Cash on Delivery,Chandigarh,Chandigarh,35271.92,0.0,
704234,5129,2026-01-11 11:32:10,Cancelled,UPI,Bangalore,Karnataka,4068.25,0.0,
707828,6635,2022-02-28 18:06:32,Pending,Debit Card,Chandigarh,Chandigarh,771.08,154.22,
705789,7370,2023-09-07 17:49:55,Delivered,Cash on Delivery,Ahmedabad,Gujarat,10637.05,0.0,5.0
704228,7641,2022-04-17 00:01:42,Delivered,Cash on Delivery,Delhi,Delhi,1892.88,94.64,7.0
704835,5491,2024-05-12 20:37:58,Returned,Cash on Delivery,Indore,Madhya Pradesh,6249.47,0.0,
701473,7708,2026-07-14 10:22:52,Delivered,UPI,Kolkata,West Bengal,132401.08,0.0,4.0
707224,7404,2022-07-13 09:31:29,Returned,Net Banking,Ranchi,Jharkhand,53217.68,0.0,
702530,5170,2024-03-11 03:38:46,Delivered,EMI,Bhopal,Madhya Pradesh,22946.89,0.0,2.0
707358,6233,2026-04-11 06:05:32,Delivered,Cash on Delivery,Ranchi,Jharkhand,392578.39,0.0,2.0
700985,6725,2025-11-11 03:34:54,Cancelled,UPI,Nagpur,Maharashtra,18328.49,1832.85,
703260,5112,2024-11-01 13:45:38,Cancelled,UPI,Nagpur,Maharashtra,3184.2,0.0,
708270,6525,2022-05-20 04:52:24,Delivered,Cash on Delivery,Coimbatore,Tamil Nadu,57568.48,5756.85,1.0
706946,6706,2022-01-02 02:40:50,Delivered,UPI,Lucknow,Uttar Pradesh,45849.6,9169.92,10.0
702277,7196,2026-04-14 17:23:45,Cancelled,Credit Card,Ahmedabad,Gujarat,1648.2,329.64,
706397,5514,2025-05-03 19:16:34,Delivered,EMI,Jaipur,Rajasthan,36598.57,3659.86,7.0
708514,5033,2025-02-16 22:14:59,Delivered,UPI,Delhi,Delhi,430245.37,0.0,4.0
702013,6506,2022-02-13 23:33:47,Delivered,Credit Card,Delhi,Delhi,15377.52,1537.75,12.0
708100,6844,2023-12-08 10:47:08,Shipped,EMI,Chennai,Tamil Nadu,196278.04,19627.8,
703360,6762,2026-02-10 22:27:22,Delivered,Cash on Delivery,Ranchi,Jharkhand,162265.06,8113.25,12.0
705266,7880,2026-04-15 07:10:28,Delivered,UPI,Ahmedabad,Gujarat,216584.93,21658.49,12.0
705086,6174,2024-01-03 15:05:52,Delivered,UPI,Ranchi,Jharkhand,5172.77,0.0,11.0
706478,6810,2026-03-21 16:25:31,Delivered,Net Banking,Lucknow,Uttar Pradesh,23516.6,1175.83,7.0
706222,6373,2026-06-01 08:17:49,Returned,EMI,Surat,Gujarat,32282.08,3228.21,
706216,5480,2025-11-21 07:06:38,Cancelled,Credit Card,Ahmedabad,Gujarat,304694.63,60938.93,
700968,6742,2024-12-10 03:49:57,Returned,Debit Card,Pune,Maharashtra,39335.74,0.0,
702213,6833,2025-02-14 00:51:19,Delivered,Cash on Delivery,Nagpur,Maharashtra,17012.95,3402.59,12.0
708402,7897,2022-05-20 00:54:46,Delivered,Cash on Delivery,Nashik,Maharashtra,92733.23,0.0,9.0
702167,7604,2024-10-16 20:39:18,Delivered,UPI,Ranchi,Jharkhand,22296.3,4459.26,6.0
700415,7089,2022-03-29 18:12:59,Delivered,Net Banking,Jaipur,Rajasthan,6211.62,310.58,3.0
702874,7047,2024-06-30 05:56:10,Delivered,Credit Card,Patna,Bihar,29973.57,0.0,3.0
705139,7225,2026-05-08 07:54:19,Delivered,Cash on Delivery,Pune,Maharashtra,190281.14,0.0,8.0
700667,5094,2026-02-15 23:53:09,Shipped,Cash on Delivery,Chandigarh,Chandigarh,188237.48,37647.5,
705814,6806,2025-10-30 15:54:52,Pending,EMI,Chandigarh,Chandigarh,11511.96,0.0,
704920,5699,2023-12-01 17:41:50,Cancelled,UPI,Mumbai,Maharashtra,28958.73,0.0,
708987,7657,2025-06-05 02:58:45,Delivered,EMI,Hyderabad,Telangana,14671.5,0.0,6.0
708997,5284,2026-08-07 13:34:57,Delivered,Cash on Delivery,Nashik,Maharashtra,121124.01,0.0,3.0
705249,7051,2026-06-23 16:03:51,Delivered,Debit Card,Lucknow,Uttar Pradesh,1212.15,0.0,3.0
708490,6529,2022-01-13 10:59:52,Shipped,Debit Card,Ahmedabad,Gujarat,204194.03,10209.7,
703207,5045,2024-06-27 13:53:40,Pending,Credit Card,Chennai,Tamil Nadu,2200.44,0.0,
704305,7394,2023-03-08 03:05:53,Delivered,Net Banking,Kolkata,West Bengal,332256.62,33225.66,3.0
707553,6274,2024-05-14 10:26:56,Pending,Net Banking,Nashik,Maharashtra,14641.97,2196.3,
704919,7952,2022-04-21 09:12:10,Shipped,EMI,Patna,Bihar,303663.38,0.0,
705759,7544,2023-07-18 19:26:03,Delivered,Net Banking,Nashik,Maharashtra,5150.67,257.53,6.0
701242,5579,2023-07-15 10:44:18,Delivered,Credit Card,Bangalore,Karnataka,3817.08,190.85,1.0
704545,7721,2026-02-09 13:53:38,Returned,UPI,Hyderabad,Telangana,1669.99,167.0,
705421,5520,2023-09-14 12:27:23,Delivered,Cash on Delivery,Surat,Gujarat,266320.91,13316.05,1.0
700556,5639,2025-12-11 20:50:02,Shipped,EMI,Chennai,Tamil Nadu,56179.73,2808.99,
701737,6290,2022-04-08 11:57:09,Shipped,Net Banking,Lucknow,Uttar Pradesh,46690.09,7003.51,
702564,5108,2022-02-06 23:43:45,Delivered,Credit Card,Ranchi,Jharkhand,34295.32,5144.3,7.0
700129,7830,2024-11-26 15:38:44,Delivered,EMI,Bhopal,Madhya Pradesh,214059.96,42811.99,1.0
701975,6719,2024-06-02 02:01:07,Returned,UPI,Bhopal,Madhya Pradesh,21982.04,3297.31,
702584,5206,2023-12-15 10:04:54,Pending,UPI,Patna,Bihar,9640.2,964.02,
703006,6464,2025-12-10 15:34:19,Delivered,Cash on Delivery,Kochi,Kerala,21131.16,1056.56,3.0
705405,7231,2025-01-14 17:47:53,Returned,Credit Card,Pune,Maharashtra,55308.85,0.0,
703761,6253,2025-05-31 02:10:23,Cancelled,EMI,Chennai,Tamil Nadu,10292.96,0.0,
707952,6239,2024-07-19 18:17:25,Returned,Credit Card,Kochi,Kerala,47859.54,4785.95,
707375,5721,2025-04-28 00:37:49,Shipped,EMI,Chennai,Tamil Nadu,41300.15,2065.01,
701429,6890,2024-10-29 00:58:14,Delivered,Cash on Delivery,Nagpur,Maharashtra,18242.6,1824.26,8.0
702783,5936,2024-12-07 19:34:03,Pending,Net Banking,Mumbai,Maharashtra,144780.02,21717.0,
705787,6292,2022-07-21 06:33:16,Pending,UPI,Lucknow,Uttar Pradesh,156648.04,7832.4,
706309,7738,2023-12-23 05:47:19,Delivered,Cash on Delivery,Jaipur,Rajasthan,45311.32,9062.26,3.0
705248,7928,2023-12-28 04:05:31,Delivered,Debit Card,Nagpur,Maharashtra,10810.39,1081.04,6.0
706839,6615,2023-09-28 17:29:09,Returned,UPI,Ahmedabad,Gujarat,42834.54,8566.91,
702404,7918,2024-11-02 08:58:55,Delivered,Debit Card,Nashik,Maharashtra,21630.59,1081.53,5.0
704753,5179,2022-11-02 08:52:40,Delivered,Net Banking,Nashik,Maharashtra,156146.7,23422.0,5.0
708374,5163,2026-02-01 15:37:27,Returned,UPI,Chandigarh,Chandigarh,470319.1,47031.91,
706191,5314,2025-03-31 11:23:11,Delivered,EMI,Chandigarh,Chandigarh,6267.03,0.0,7.0
703395,6134,2025-05-02 19:02:24,Delivered,EMI,Chennai,Tamil Nadu,77779.26,11666.89,8.0
708695,5414,2026-07-05 03:14:45,Delivered,Debit Card,Patna,Bihar,101413.65,15212.05,3.0
708773,6365,2026-05-27 12:44:48,Delivered,Credit Card,Ahmedabad,Gujarat,48182.7,4818.27,5.0
707863,7359,2024-09-07 23:57:45,Delivered,Net Banking,Bangalore,Karnataka,92854.36,0.0,12.0
707916,7191,2023-04-08 11:19:53,Delivered,Debit Card,Jaipur,Rajasthan,21044.48,1052.22,12.0
703110,6561,2025-05-30 12:03:41,Pending,EMI,Jaipur,Rajasthan,2732.17,546.43,
707042,5468,2024-01-17 08:18:19,Shipped,Net Banking,Jaipur,Rajasthan,251992.83,12599.64,
700479,7567,2022-07-25 09:00:57,Delivered,Credit Card,Pune,Maharashtra,16473.97,0.0,6.0
708551,7969,2022-11-28 02:26:36,Pending,Debit Card,Ranchi,Jharkhand,30585.49,0.0,
704715,5389,2025-02-22 06:34:59,Cancelled,EMI,Patna,Bihar,62665.44,6266.54,
705866,6665,2023-03-12 18:24:08,Cancelled,Cash on Delivery,Chandigarh,Chandigarh,135478.08,13547.81,
707259,7246,2023-06-11 09:35:16,Shipped,Credit Card,Bhopal,Madhya Pradesh,80822.98,16164.6,
705384,6055,2022-02-07 04:08:30,Delivered,Debit Card,Nashik,Maharashtra,10278.68,1541.8,8.0
701082,7367,2023-04-11 12:26:35,Delivered,Net Banking,Mumbai,Maharashtra,86527.3,17305.46,2.0
705879,5069,2026-02-17 19:06:26,Pending,EMI,Bangalore,Karnataka,193954.17,19395.42,
705526,6406,2025-02-07 00:38:14,Delivered,EMI,Chandigarh,Chandigarh,260279.2,13013.96,5.0
702095,6136,2026-06-28 03:03:35,Delivered,Cash on Delivery,Pune,Maharashtra,615.89,123.18,12.0
708028,7600,2026-01-24 23:42:14,Returned,Cash on Delivery,Chandigarh,Chandigarh,286612.84,57322.57,
702873,5412,2024-02-03 20:19:01,Delivered,Debit Card,Bangalore,Karnataka,157963.8,0.0,1.0
705742,7153,2024-03-15 15:34:27,Shipped,Net Banking,Bangalore,Karnataka,219934.7,43986.94,
706083,5390,2022-07-17 03:32:21,Returned,Debit Card,Nagpur,Maharashtra,36214.96,0.0,
700596,7420,2025-11-25 05:34:11,Cancelled,EMI,Coimbatore,Tamil Nadu,58400.42,0.0,
704505,6165,2022-01-03 18:34:40,Delivered,Cash on Delivery,Patna,Bihar,62998.39,3149.92,1.0
706755,7862,2025-01-17 22:23:44,Pending,Credit Card,Pune,Maharashtra,8071.37,403.57,
702821,7325,2023-05-25 09:30:57,Delivered,Credit Card,Bhopal,Madhya Pradesh,82890.26,0.0,3.0
705125,6748,2023-04-20 02:05:07,Delivered,UPI,Kochi,Kerala,31324.28,0.0,8.0
706361,5352,2025-09-19 15:18:31,Delivered,Debit Card,Delhi,Delhi,20411.09,0.0,2.0
704326,6374,2022-02-22 19:16:50,Delivered,UPI,Bangalore,Karnataka,533.83,80.07,11.0
703343,7989,2022-02-21 02:21:41,Pending,Debit Card,Nagpur,Maharashtra,39960.48,5994.07,
708756,7217,2024-01-25 18:53:10,Returned,EMI,Nagpur,Maharashtra,49621.87,9924.37,
701161,6880,2023-05-29 03:09:27,Delivered,Net Banking,Coimbatore,Tamil Nadu,325407.5,32540.75,6.0
707394,5476,2026-02-21 14:03:36,Delivered,Debit Card,Jaipur,Rajasthan,36390.89,1819.54,2.0
702157,7683,2022-06-01 03:45:48,Returned,Cash on Delivery,Kolkata,West Bengal,1371.28,68.56,
708098,7565,2023-10-14 21:03:18,Delivered,EMI,Jaipur,Rajasthan,10178.1,1526.71,12.0
708083,7147,2025-10-23 17:14:45,Cancelled,Credit Card,Nagpur,Maharashtra,54123.46,0.0,
706986,5383,2023-07-08 02:58:42,Delivered,Debit Card,Lucknow,Uttar Pradesh,104074.36,15611.15,11.0
703410,6800,2023-03-19 20:48:57,Cancelled,Net Banking,Pune,Maharashtra,225671.43,0.0,
704525,7233,2024-06-04 03:21:03,Delivered,Net Banking,Chandigarh,Chandigarh,5043.72,0.0,4.0
706818,7449,2025-11-28 01:49:31,Returned,EMI,Kochi,Kerala,14169.2,1416.92,
708682,6383,2023-11-24 16:45:57,Shipped,Net Banking,Kolkata,West Bengal,125670.1,0.0,
707793,6824,2022-08-09 15:57:53,Delivered,Cash on Delivery,Jaipur,Rajasthan,115281.0,0.0,4.0
705550,6549,2024-09-29 21:10:52,Delivered,Net Banking,Nashik,Maharashtra,34391.6,0.0,4.0
703553,5278,2023-11-18 17:41:28,Delivered,Net Banking,Pune,Maharashtra,8922.82,1338.42,5.0
705011,7573,2026-05-11 07:33:03,Returned,EMI,Nashik,Maharashtra,21131.28,4226.26,
707446,7703,2024-02-16 09:41:04,Pending,Credit Card,Patna,Bihar,55166.72,5516.67,
705475,5489,2022-10-11 22:35:56,Delivered,Cash on Delivery,Chandigarh,Chandigarh,40255.52,0.0,3.0
701336,5640,2025-10-23 03:35:22,Returned,Cash on Delivery,Bhopal,Madhya Pradesh,53789.16,5378.92,
704563,5889,2023-05-25 10:05:21,Pending,Debit Card,Kochi,Kerala,22008.51,3301.28,
708803,7548,2026-03-24 00:47:43,Returned,Credit Card,Coimbatore,Tamil Nadu,169953.74,33990.75,
706861,6361,2023-01-03 20:11:35,Returned,UPI,Indore,Madhya Pradesh,15093.54,1509.35,
702561,5622,2026-06-28 22:52:19,Delivered,UPI,Coimbatore,Tamil Nadu,311530.68,46729.6,8.0
704631,6716,2024-01-11 15:04:09,Cancelled,EMI,Ahmedabad,Gujarat,2820.56,423.08,
707207,6291,2022-02-10 06:31:39,Delivered,Cash on Delivery,Lucknow,Uttar Pradesh,48799.42,4879.94,5.0
702290,7977,2022-09-08 06:56:09,Delivered,Cash on Delivery,Jaipur,Rajasthan,4839.26,0.0,3.0
703082,7828,2023-12-07 13:41:56,Cancelled,Net Banking,Chennai,Tamil Nadu,37680.6,1884.03,
703961,7464,2024-12-04 02:08:02,Returned,Credit Card,Mumbai,Maharashtra,482.81,72.42,
702299,7349,2024-08-10 05:17:42,Returned,Credit Card,Jaipur,Rajasthan,71726.01,0.0,
705936,5087,2023-02-09 07:51:02,Shipped,Net Banking,Nashik,Maharashtra,14809.17,1480.92,
704434,7698,2024-03-15 22:46:32,Delivered,Cash on Delivery,Hyderabad,Telangana,222150.16,0.0,7.0
703013,5080,2024-02-22 16:15:12,Shipped,Cash on Delivery,Kolkata,West Bengal,3541.52,0.0,
707943,6980,2026-03-14 03:09:03,Pending,Credit Card,Mumbai,Maharashtra,19925.92,0.0,
708063,7043,2022-01-04 17:42:51,Delivered,Cash on Delivery,Surat,Gujarat,27777.05,0.0,7.0
707785,5675,2023-03-20 14:13:35,Delivered,Net Banking,Indore,Madhya Pradesh,16049.92,3209.98,6.0
704517,7027,2023-05-16 03:17:27,Delivered,Credit Card,Indore,Madhya Pradesh,37276.34,1863.82,11.0
701967,5735,2025-09-04 20:23:53,Pending,Debit Card,Jaipur,Rajasthan,307499.82,61499.96,
702396,5419,2022-08-20 02:06:03,Delivered,Debit Card,Chennai,Tamil Nadu,100064.77,0.0,8.0
706095,5082,2024-08-12 14:18:18,Returned,Net Banking,Coimbatore,Tamil Nadu,20828.14,1041.41,
705976,7261,2024-07-05 00:23:52,Delivered,Net Banking,Indore,Madhya Pradesh,5921.21,0.0,3.0
705486,5700,2024-04-25 20:49:16,Delivered,UPI,Lucknow,Uttar Pradesh,4027.48,201.37,8.0
707485,5578,2024-03-18 23:39:21,Pending,Cash on Delivery,Jaipur,Rajasthan,85737.37,17147.47,
708881,6759,2023-09-21 05:51:16,Returned,Net Banking,Indore,Madhya Pradesh,23631.68,4726.34,
703591,7553,2026-05-12 02:05:39,Shipped,UPI,Delhi,Delhi,170216.91,0.0,
703847,7072,2023-04-14 14:35:36,Shipped,Net Banking,Kochi,Kerala,197791.95,0.0,
707822,6502,2024-08-31 22:39:45,Shipped,EMI,Chennai,Tamil Nadu,221021.31,22102.13,
705680,5541,2024-04-01 09:07:54,Delivered,UPI,Nashik,Maharashtra,69735.62,6973.56,10.0
707813,6985,2024-02-28 23:21:09,Delivered,Credit Card,Patna,Bihar,112282.15,0.0,4.0
700437,5928,2023-11-16 13:59:42,Cancelled,Net Banking,Nashik,Maharashtra,2605.88,0.0,
700483,5771,2022-10-30 14:13:19,Shipped,Cash on Delivery,Indore,Madhya Pradesh,62892.64,9433.9,
708744,5793,2023-12-19 18:27:25,Cancelled,Credit Card,Delhi,Delhi,44151.56,6622.73,
701288,6347,2025-01-17 03:08:44,Cancelled,UPI,Kolkata,West Bengal,16216.47,2432.47,
708238,7141,2023-06-18 13:17:44,Delivered,EMI,Delhi,Delhi,83174.44,16634.89,2.0
705064,7370,2023-05-11 19:17:44,Shipped,Cash on Delivery,Mumbai,Maharashtra,26686.05,5337.21,
701937,7936,2022-07-15 09:17:36,Returned,Credit Card,Ahmedabad,Gujarat,10718.82,0.0,
708590,6719,2024-07-05 15:43:11,Delivered,Credit Card,Lucknow,Uttar Pradesh,344011.59,51601.74,8.0
700185,7243,2024-09-26 22:49:32,Delivered,Debit Card,Pune,Maharashtra,20778.92,3116.84,7.0
703512,6507,2025-04-02 05:57:29,Delivered,Net Banking,Chennai,Tamil Nadu,6210.38,1242.08,6.0
704075,7087,2026-05-17 06:54:18,Returned,Net Banking,Jaipur,Rajasthan,192931.24,19293.12,
706537,6651,2022-10-08 04:32:38,Delivered,UPI,Bangalore,Karnataka,3569.92,0.0,12.0
708064,6079,2025-12-14 09:47:36,Shipped,UPI,Nashik,Maharashtra,1253.68,62.68,
700948,5998,2024-12-21 18:46:23,Returned,Cash on Delivery,Lucknow,Uttar Pradesh,50465.78,5046.58,
701889,7841,2022-04-12 06:25:43,Cancelled,Credit Card,Ahmedabad,Gujarat,36110.6,5416.59,
704124,7350,2024-04-14 13:43:31,Delivered,EMI,Kochi,Kerala,203900.81,0.0,3.0
702785,7277,2023-02-21 18:53:31,Delivered,Net Banking,Kolkata,West Bengal,161311.07,0.0,9.0
702430,6794,2024-10-09 23:30:22,Delivered,Debit Card,Nashik,Maharashtra,6755.83,675.58,6.0
706425,7287,2023-03-04 10:56:49,Cancelled,Credit Card,Nashik,Maharashtra,64212.14,0.0,
705436,6676,2022-02-08 13:19:04,Pending,EMI,Ranchi,Jharkhand,43888.91,2194.45,
708613,5383,2022-08-09 22:21:40,Delivered,UPI,Mumbai,Maharashtra,57451.67,5745.17,1.0
702896,5428,2025-05-18 05:23:56,Delivered,EMI,Coimbatore,Tamil Nadu,115018.72,0.0,2.0
704143,6102,2022-06-06 21:37:01,Pending,Net Banking,Chandigarh,Chandigarh,28263.43,0.0,
701735,6019,2022-12-11 04:09:21,Shipped,EMI,Nagpur,Maharashtra,32117.87,3211.79,
703835,6498,2025-03-18 17:14:17,Cancelled,UPI,Bhopal,Madhya Pradesh,149272.25,0.0,
706445,6689,2025-04-19 02:03:20,Delivered,EMI,Chennai,Tamil Nadu,698.64,69.86,5.0
704671,7255,2022-09-29 12:35:50,Delivered,Debit Card,Pune,Maharashtra,70179.49,14035.9,10.0
706907,5778,2025-01-18 13:21:15,Returned,Credit Card,Bangalore,Karnataka,54942.92,0.0,
701928,6193,2026-02-18 01:44:21,Cancelled,Debit Card,Hyderabad,Telangana,17972.59,1797.26,
705962,6505,2024-09-04 23:05:28,Returned,UPI,Chennai,Tamil Nadu,18454.54,0.0,
701316,5122,2024-05-07 05:04:30,Pending,UPI,Pune,Maharashtra,169452.34,25417.85,
704881,6122,2025-10-19 20:00:44,Delivered,EMI,Kolkata,West Bengal,71154.8,7115.48,10.0
705213,6199,2022-02-01 12:48:45,Cancelled,Cash on Delivery,Bangalore,Karnataka,5198.82,0.0,
704401,7538,2024-06-22 05:02:30,Delivered,EMI,Kochi,Kerala,16457.56,1645.76,4.0
700969,6788,2022-01-10 04:06:15,Delivered,UPI,Delhi,Delhi,97227.04,4861.35,6.0
704063,6896,2025-05-28 12:24:26,Cancelled,EMI,Bangalore,Karnataka,139421.14,6971.06,
705775,7558,2026-01-02 13:56:16,Delivered,Credit Card,Pune,Maharashtra,93849.13,0.0,7.0
705312,7959,2023-02-28 14:19:25,Delivered,Debit Card,Ahmedabad,Gujarat,24395.12,0.0,4.0
707912,6782,2024-06-26 05:58:13,Returned,Net Banking,Mumbai,Maharashtra,57284.96,0.0,
703563,5060,2025-10-01 01:54:51,Pending,Cash on Delivery,Nashik,Maharashtra,100793.08,5039.65,
703269,5827,2026-07-25 19:26:50,Delivered,Debit Card,Ahmedabad,Gujarat,4549.23,454.92,8.0
701721,5470,2022-02-03 12:45:17,Delivered,Debit Card,Chennai,Tamil Nadu,219330.05,10966.5,9.0
700259,5734,2025-07-25 05:41:01,Delivered,Credit Card,Coimbatore,Tamil Nadu,17147.66,857.38,9.0
704999,7264,2026-07-05 09:18:53,Pending,UPI,Bangalore,Karnataka,13337.42,1333.74,
708327,6746,2026-06-24 02:37:30,Returned,Net Banking,Bhopal,Madhya Pradesh,161020.93,0.0,
701205,7946,2022-04-28 08:02:15,Delivered,Cash on Delivery,Patna,Bihar,102898.64,10289.86,12.0
703194,6621,2025-08-13 19:04:02,Delivered,UPI,Bhopal,Madhya Pradesh,120869.07,18130.36,4.0
703102,6124,2023-01-03 04:18:24,Cancelled,Debit Card,Bhopal,Madhya Pradesh,38194.11,1909.71,
701500,6617,2024-04-13 16:39:13,Returned,UPI,Patna,Bihar,41434.16,8286.83,
702374,6901,2023-08-01 14:17:15,Cancelled,UPI,Ahmedabad,Gujarat,53834.61,8075.19,
706539,5733,2024-04-17 16:46:56,Returned,UPI,Mumbai,Maharashtra,3794.24,0.0,
701070,7806,2025-04-30 15:23:06,Shipped,Cash on Delivery,Delhi,Delhi,136960.84,27392.17,
704716,5357,2022-02-14 13:59:41,Delivered,Debit Card,Nagpur,Maharashtra,151983.22,0.0,8.0
708886,5826,2024-12-09 04:01:22,Delivered,Cash on Delivery,Delhi,Delhi,378344.26,56751.64,10.0
700601,5429,2023-01-14 07:20:03,Pending,Cash on Delivery,Ranchi,Jharkhand,76693.88,0.0,
703046,5192,2022-06-10 08:52:34,Pending,Net Banking,Bhopal,Madhya Pradesh,27210.71,0.0,
704293,6257,2022-06-20 11:25:23,Cancelled,Debit Card,Jaipur,Rajasthan,5625.42,562.54,
701989,7051,2024-04-02 09:52:20,Delivered,Credit Card,Surat,Gujarat,140773.5,28154.7,2.0
706680,6772,2023-10-10 04:26:04,Delivered,UPI,Nashik,Maharashtra,3648.64,182.43,10.0
704647,7627,2022-01-12 15:56:11,Cancelled,UPI,Bangalore,Karnataka,7899.76,0.0,
708094,7007,2023-04-06 06:44:15,Delivered,Credit Card,Jaipur,Rajasthan,96053.94,9605.39,4.0
706118,6042,2022-03-27 13:55:47,Pending,Net Banking,Chennai,Tamil Nadu,10043.99,2008.8,
702576,6145,2025-07-12 08:30:59,Shipped,Net Banking,Bangalore,Karnataka,65087.28,6508.73,
708475,6903,2024-05-01 03:46:05,Delivered,Net Banking,Kolkata,West Bengal,102951.62,20590.32,1.0
703455,7034,2025-10-01 14:51:20,Delivered,EMI,Ranchi,Jharkhand,23608.99,4721.8,5.0
704122,5272,2024-12-14 10:00:47,Delivered,Cash on Delivery,Kolkata,West Bengal,11259.93,563.0,6.0
705945,5256,2026-02-28 09:30:38,Delivered,UPI,Hyderabad,Telangana,9764.01,488.2,6.0
700984,5673,2024-10-31 01:01:15,Delivered,Debit Card,Chennai,Tamil Nadu,13070.12,1960.52,10.0
707065,7578,2023-10-12 17:01:37,Delivered,Net Banking,Nagpur,Maharashtra,143.23,0.0,5.0
706937,6247,2022-03-10 00:26:54,Delivered,Net Banking,Delhi,Delhi,31538.55,0.0,6.0
707975,5603,2026-07-28 07:57:17,Delivered,Net Banking,Coimbatore,Tamil Nadu,216909.58,0.0,4.0
701060,7089,2022-09-18 12:49:09,Delivered,UPI,Patna,Bihar,1368.32,136.83,9.0
708825,6719,2024-06-15 13:21:11,Cancelled,EMI,Ahmedabad,Gujarat,104522.74,15678.41,
701957,5135,2025-06-15 15:46:58,Pending,Debit Card,Pune,Maharashtra,246947.03,24694.7,
703632,7284,2026-05-25 03:58:09,Delivered,Debit Card,Ranchi,Jharkhand,215583.51,0.0,5.0
701113,7127,2023-01-26 15:20:58,Pending,Debit Card,Kolkata,West Bengal,136618.61,20492.79,
702294,7545,2025-02-24 16:08:35,Cancelled,UPI,Jaipur,Rajasthan,45950.17,6892.53,
700844,5302,2024-07-19 06:18:14,Delivered,UPI,Nashik,Maharashtra,326064.74,65212.95,7.0
700898,7008,2025-05-22 09:18:04,Delivered,Credit Card,Surat,Gujarat,120787.36,0.0,2.0
706779,5393,2022-08-17 14:39:18,Returned,EMI,Kochi,Kerala,164381.31,24657.2,
703912,6019,2024-03-06 17:11:25,Pending,Credit Card,Delhi,Delhi,39641.68,0.0,
704772,7169,2023-11-09 00:53:13,Shipped,UPI,Ranchi,Jharkhand,73719.99,0.0,
706251,6138,2025-08-13 06:06:57,Cancelled,Cash on Delivery,Hyderabad,Telangana,29280.86,4392.13,
703364,7182,2025-08-19 21:46:53,Delivered,Net Banking,Nagpur,Maharashtra,20321.88,0.0,7.0
705611,5755,2023-10-13 19:10:14,Pending,UPI,Patna,Bihar,107214.24,21442.85,
708493,7426,2026-01-03 19:57:27,Shipped,Cash on Delivery,Bangalore,Karnataka,23932.21,0.0,
701620,6833,2025-05-30 23:30:37,Delivered,EMI,Chandigarh,Chandigarh,3551.28,177.56,10.0
704044,5840,2023-03-12 00:02:13,Delivered,Cash on Delivery,Kolkata,West Bengal,144971.78,14497.18,9.0
705689,5501,2026-07-05 00:01:40,Delivered,Cash on Delivery,Kolkata,West Bengal,83500.23,4175.01,8.0
708806,6351,2024-04-25 07:25:58,Delivered,UPI,Surat,Gujarat,11301.42,1695.21,10.0
700805,7255,2026-07-22 03:17:54,Cancelled,Credit Card,Nashik,Maharashtra,9003.43,1350.51,
700796,6670,2025-01-24 22:05:04,Cancelled,UPI,Surat,Gujarat,27413.24,2741.32,
703062,6884,2024-06-29 16:30:17,Returned,Debit Card,Surat,Gujarat,53208.12,5320.81,
708257,7082,2024-09-02 21:36:37,Shipped,Debit Card,Delhi,Delhi,156775.92,0.0,
704682,6508,2024-02-27 10:01:25,Shipped,Debit Card,Chennai,Tamil Nadu,28472.63,0.0,
706753,6581,2023-09-23 04:42:17,Cancelled,Credit Card,Delhi,Delhi,46283.12,0.0,
708253,5169,2024-02-02 00:37:32,Pending,Credit Card,Coimbatore,Tamil Nadu,9630.76,963.08,
700334,6071,2025-12-23 20:24:45,Delivered,Debit Card,Indore,Madhya Pradesh,5518.27,551.83,8.0
703416,7462,2025-05-10 12:36:32,Delivered,Credit Card,Chennai,Tamil Nadu,42873.09,8574.62,2.0
704754,5201,2024-01-20 11:09:44,Returned,Net Banking,Delhi,Delhi,332418.51,66483.7,
704055,6207,2023-06-03 01:59:44,Returned,EMI,Surat,Gujarat,96761.6,0.0,
705851,5682,2024-07-02 11:46:23,Delivered,EMI,Kolkata,West Bengal,167179.47,8358.97,1.0
703217,5840,2023-08-06 15:33:26,Delivered,Net Banking,Hyderabad,Telangana,248460.63,24846.06,7.0
703895,7198,2022-05-16 03:48:17,Delivered,Net Banking,Surat,Gujarat,16792.59,839.63,11.0
701297,5498,2025-10-20 17:27:38,Delivered,Net Banking,Chandigarh,Chandigarh,161335.75,0.0,3.0
707169,5590,2026-04-29 00:10:45,Returned,Net Banking,Chennai,Tamil Nadu,20782.72,1039.14,
700533,6127,2023-09-06 01:02:29,Delivered,Net Banking,Hyderabad,Telangana,16399.86,3279.97,3.0
708910,6326,2024-07-05 22:46:36,Returned,EMI,Mumbai,Maharashtra,16151.8,0.0,
700816,5613,2022-12-06 21:37:43,Cancelled,Cash on Delivery,Indore,Madhya Pradesh,274535.08,41180.26,
704145,6004,2023-10-01 02:16:02,Returned,UPI,Bhopal,Madhya Pradesh,17806.32,2670.95,
700273,6404,2023-05-06 18:38:01,Delivered,Net Banking,Hyderabad,Telangana,38172.93,0.0,10.0
706725,7126,2024-10-10 06:09:52,Cancelled,Credit Card,Mumbai,Maharashtra,1804.2,90.21,
700995,6299,2025-08-08 10:50:23,Delivered,Net Banking,Bhopal,Madhya Pradesh,3074.85,614.97,3.0
702126,5510,2025-05-05 21:11:45,Cancelled,Cash on Delivery,Ahmedabad,Gujarat,39404.44,5910.67,
701021,7731,2025-07-29 15:02:15,Delivered,EMI,Ranchi,Jharkhand,170618.47,25592.77,8.0
707312,6174,2024-07-06 02:37:30,Pending,EMI,Surat,Gujarat,3390.2,0.0,
700621,5557,2022-12-01 16:32:18,Delivered,Cash on Delivery,Pune,Maharashtra,1985.28,0.0,2.0
701353,5374,2022-07-03 03:47:50,Delivered,Net Banking,Delhi,Delhi,41962.7,0.0,9.0
708573,6685,2022-09-03 16:47:12,Delivered,Net Banking,Bhopal,Madhya Pradesh,73544.35,11031.65,7.0
706069,7531,2026-05-14 01:43:08,Delivered,UPI,Bangalore,Karnataka,11908.3,2381.66,5.0
703018,7378,2026-01-31 23:50:17,Pending,Credit Card,Chennai,Tamil Nadu,439793.12,21989.66,
708970,5057,2026-07-02 10:40:21,Delivered,Cash on Delivery,Coimbatore,Tamil Nadu,1338.79,0.0,6.0
708404,7696,2022-03-10 14:32:57,Returned,Cash on Delivery,Nagpur,Maharashtra,2801.38,280.14,
706838,7972,2024-06-15 14:22:30,Delivered,Credit Card,Surat,Gujarat,3928.5,0.0,12.0
706981,5882,2025-12-21 11:33:20,Delivered,Net Banking,Delhi,Delhi,5530.6,829.59,7.0
701152,5901,2023-06-22 13:58:59,Shipped,UPI,Ahmedabad,Gujarat,46044.96,0.0,
700881,6179,2025-06-06 10:58:36,Delivered,Debit Card,Delhi,Delhi,3435.28,515.29,8.0
707318,7024,2026-05-01 02:12:24,Delivered,Credit Card,Indore,Madhya Pradesh,21361.12,3204.17,2.0
700988,6702,2026-07-02 17:17:18,Shipped,EMI,Chandigarh,Chandigarh,1053.08,105.31,
703333,7400,2023-01-21 21:33:25,Returned,Debit Card,Pune,Maharashtra,37558.85,1877.94,
700870,5540,2026-06-21 16:06:49,Delivered,Debit Card,Mumbai,Maharashtra,9891.69,1978.34,1.0
701249,6394,2025-02-22 14:10:06,Delivered,Debit Card,Ranchi,Jharkhand,19872.61,2980.89,5.0
706736,5812,2024-12-24 09:44:02,Pending,Debit Card,Jaipur,Rajasthan,778.8,0.0,
702039,6649,2025-11-20 05:27:08,Cancelled,Credit Card,Chandigarh,Chandigarh,162155.79,0.0,
701047,7050,2022-09-04 09:21:06,Shipped,Net Banking,Bangalore,Karnataka,251396.73,50279.35,
704425,7905,2025-05-19 18:26:23,Delivered,Cash on Delivery,Ranchi,Jharkhand,196587.83,39317.57,4.0
703936,5835,2022-08-25 22:41:17,Returned,Credit Card,Hyderabad,Telangana,1601.49,0.0,
701752,7957,2026-07-15 12:25:49,Cancelled,UPI,Coimbatore,Tamil Nadu,18151.71,0.0,
708872,6132,2024-12-05 00:47:42,Delivered,EMI,Coimbatore,Tamil Nadu,59892.74,11978.55,12.0
705293,7800,2025-03-05 21:58:28,Delivered,Debit Card,Bhopal,Madhya Pradesh,347366.21,52104.93,7.0
700269,5437,2023-02-22 23:05:48,Cancelled,EMI,Kolkata,West Bengal,21993.82,0.0,
701694,5760,2025-03-30 19:04:10,Delivered,EMI,Mumbai,Maharashtra,47752.64,0.0,3.0
700733,6908,2023-01-25 10:28:43,Cancelled,EMI,Nagpur,Maharashtra,123521.66,0.0,
707030,5203,2025-04-12 11:50:18,Cancelled,Debit Card,Kolkata,West Bengal,198533.23,0.0,
701464,7715,2024-12-16 21:06:47,Delivered,Debit Card,Chennai,Tamil Nadu,22686.46,1134.32,3.0
700500,7370,2026-01-11 13:55:39,Delivered,Debit Card,Mumbai,Maharashtra,1338.79,200.82,10.0
704514,7089,2023-04-07 03:28:12,Delivered,Credit Card,Coimbatore,Tamil Nadu,8551.49,1710.3,9.0
708401,7297,2023-07-15 21:07:14,Delivered,Net Banking,Kolkata,West Bengal,77715.01,7771.5,9.0
702689,5257,2025-08-01 16:44:10,Pending,Debit Card,Pune,Maharashtra,2675.22,401.28,
703588,6878,2023-02-26 04:45:30,Delivered,EMI,Jaipur,Rajasthan,352331.76,0.0,10.0
705682,5235,2023-01-12 20:14:25,Shipped,UPI,Mumbai,Maharashtra,6836.13,341.81,
704395,5960,2022-02-05 02:57:48,Returned,Cash on Delivery,Pune,Maharashtra,68593.06,6859.31,
706366,6675,2025-10-21 08:20:54,Cancelled,Debit Card,Nashik,Maharashtra,188237.26,9411.86,
703277,5425,2026-03-04 04:46:34,Delivered,Cash on Delivery,Patna,Bihar,166066.98,8303.35,3.0
700275,5086,2024-11-06 19:51:51,Returned,Debit Card,Lucknow,Uttar Pradesh,17177.28,2576.59,
708742,5589,2022-08-12 15:04:29,Returned,EMI,Kochi,Kerala,142989.57,28597.91,
703479,7494,2023-07-16 00:42:39,Cancelled,Debit Card,Patna,Bihar,13759.76,687.99,
700212,5157,2023-12-29 23:38:05,Delivered,Debit Card,Chandigarh,Chandigarh,121062.34,6053.12,2.0
702523,6752,2025-06-21 05:06:06,Delivered,Credit Card,Mumbai,Maharashtra,440596.33,66089.45,12.0
703436,5998,2023-02-02 05:32:47,Delivered,UPI,Kochi,Kerala,59992.16,0.0,10.0
707542,6453,2024-09-27 01:54:29,Delivered,Debit Card,Coimbatore,Tamil Nadu,340860.62,51129.09,9.0
706377,5249,2023-04-10 13:23:07,Delivered,Net Banking,Jaipur,Rajasthan,369.65,0.0,3.0
707429,7654,2024-03-27 22:35:05,Cancelled,Credit Card,Lucknow,Uttar Pradesh,633785.89,0.0,
700148,5326,2025-12-24 03:18:31,Delivered,Debit Card,Patna,Bihar,24903.27,0.0,4.0
705610,5171,2023-06-25 02:27:10,Cancelled,EMI,Pune,Maharashtra,98386.68,0.0,
706662,5186,2023-10-25 08:02:15,Delivered,EMI,Patna,Bihar,13015.23,650.76,5.0
702841,6076,2026-02-03 18:04:55,Delivered,EMI,Indore,Madhya Pradesh,14315.88,0.0,10.0
705525,7790,2022-03-30 00:50:31,Pending,EMI,Bhopal,Madhya Pradesh,70489.22,0.0,
704759,6601,2022-10-19 23:15:02,Returned,Net Banking,Kochi,Kerala,42507.64,4250.76,
703779,6903,2024-07-07 19:04:32,Delivered,Debit Card,Ahmedabad,Gujarat,175029.75,0.0,1.0
700296,7105,2025-11-04 09:23:02,Shipped,EMI,Nashik,Maharashtra,191402.42,28710.36,
706494,5764,2023-11-28 21:24:11,Cancelled,Cash on Delivery,Mumbai,Maharashtra,19231.29,961.56,
706516,7728,2026-03-20 07:45:31,Cancelled,Credit Card,Bhopal,Madhya Pradesh,11175.89,2235.18,
706508,7840,2022-03-08 05:56:26,Cancelled,Cash on Delivery,Mumbai,Maharashtra,337869.75,16893.49,
706157,7506,2026-05-31 04:02:59,Cancelled,Cash on Delivery,Hyderabad,Telangana,23637.01,3545.55,
708540,6867,2025-10-02 01:00:53,Pending,Debit Card,Delhi,Delhi,53890.99,10778.2,
708474,6460,2022-12-01 21:33:54,Shipped,Cash on Delivery,Jaipur,Rajasthan,36562.28,5484.34,
704279,7919,2024-01-02 05:57:39,Delivered,Net Banking,Nagpur,Maharashtra,43902.02,0.0,7.0
705519,6726,2022-07-29 10:21:08,Delivered,Debit Card,Nagpur,Maharashtra,57110.7,0.0,3.0
708952,6079,2025-12-12 06:01:37,Pending,UPI,Hyderabad,Telangana,185587.83,18558.78,
707129,6729,2025-10-22 17:31:09,Pending,Net Banking,Ranchi,Jharkhand,18840.3,0.0,
705135,7062,2022-01-18 08:33:09,Returned,UPI,Bangalore,Karnataka,195235.06,19523.51,
708929,6691,2023-10-31 21:20:07,Returned,EMI,Kolkata,West Bengal,21948.46,3292.27,
707771,7386,2024-04-08 03:13:58,Cancelled,Credit Card,Chennai,Tamil Nadu,117892.84,11789.28,
706801,5823,2026-01-11 21:40:37,Delivered,UPI,Bangalore,Karnataka,27874.02,0.0,7.0
703411,5422,2025-01-02 10:27:21,Pending,Debit Card,Bhopal,Madhya Pradesh,3061.29,612.26,
704756,6380,2025-07-11 11:34:41,Returned,EMI,Bhopal,Madhya Pradesh,6994.34,699.43,
704771,7077,2022-06-19 07:55:02,Returned,UPI,Jaipur,Rajasthan,114950.42,0.0,
702309,6481,2024-03-25 23:57:30,Cancelled,UPI,Delhi,Delhi,251961.59,0.0,
706204,5676,2026-06-01 21:05:00,Delivered,Credit Card,Mumbai,Maharashtra,29917.77,1495.89,2.0
701528,7599,2022-08-10 05:38:24,Cancelled,UPI,Chennai,Tamil Nadu,86734.81,0.0,
700175,5202,2025-06-30 07:17:14,Delivered,Credit Card,Coimbatore,Tamil Nadu,35124.12,5268.62,3.0
703268,6640,2023-07-07 08:44:40,Delivered,EMI,Patna,Bihar,147132.66,0.0,2.0
704902,5946,2022-12-30 08:56:33,Cancelled,Credit Card,Delhi,Delhi,257017.71,0.0,
701346,5616,2022-01-30 12:54:43,Cancelled,Net Banking,Bangalore,Karnataka,150239.6,0.0,
705209,7956,2023-08-20 22:55:48,Shipped,Net Banking,Bhopal,Madhya Pradesh,297580.14,29758.01,
707713,7661,2026-02-27 00:54:57,Delivered,Net Banking,Chandigarh,Chandigarh,22840.7,2284.07,3.0
703604,5326,2022-07-03 15:56:07,Delivered,UPI,Delhi,Delhi,316420.76,0.0,2.0
700450,6305,2023-09-15 13:29:21,Delivered,Debit Card,Bhopal,Madhya Pradesh,3778.79,0.0,10.0
707665,7239,2026-02-18 01:53:35,Shipped,EMI,Ahmedabad,Gujarat,1676.2,251.43,
701562,5150,2023-12-14 18:50:51,Pending,Net Banking,Lucknow,Uttar Pradesh,11290.32,1129.03,
708448,5014,2024-08-22 02:31:55,Returned,Cash on Delivery,Mumbai,Maharashtra,244105.89,24410.59,
707700,6157,2024-08-01 20:18:15,Delivered,Debit Card,Pune,Maharashtra,13335.24,666.76,9.0
705381,6622,2022-04-21 12:12:37,Cancelled,Cash on Delivery,Hyderabad,Telangana,66341.35,0.0,
703024,7346,2022-03-13 22:21:14,Cancelled,Cash on Delivery,Ranchi,Jharkhand,283859.71,0.0,
700376,6590,2026-04-06 01:13:11,Shipped,Cash on Delivery,Ranchi,Jharkhand,29580.06,2958.01,
706554,7893,2023-04-17 19:14:59,Pending,Debit Card,Delhi,Delhi,314656.0,31465.6,
703477,5513,2022-04-19 11:59:21,Returned,UPI,Ranchi,Jharkhand,189057.93,37811.59,
705725,6086,2022-09-12 07:24:46,Delivered,Credit Card,Chennai,Tamil Nadu,197304.78,19730.48,11.0
700786,5248,2025-08-24 09:25:14,Returned,UPI,Bangalore,Karnataka,166178.74,24926.81,
701981,6644,2022-06-18 17:10:28,Delivered,UPI,Delhi,Delhi,190792.75,28618.91,1.0
703014,7614,2026-05-03 18:04:15,Pending,Net Banking,Ahmedabad,Gujarat,31439.52,0.0,
707265,6961,2023-09-26 22:27:39,Delivered,Cash on Delivery,Nagpur,Maharashtra,34509.13,0.0,4.0
701102,7500,2024-12-18 20:59:50,Cancelled,UPI,Kolkata,West Bengal,110378.28,22075.66,
703298,5803,2025-10-15 16:39:59,Delivered,Credit Card,Hyderabad,Telangana,21971.37,0.0,12.0
708865,7583,2022-01-08 09:25:28,Pending,Credit Card,Indore,Madhya Pradesh,74163.71,0.0,
706282,5480,2024-12-07 15:03:03,Delivered,Debit Card,Jaipur,Rajasthan,61873.97,6187.4,3.0
705675,6652,2024-10-31 19:42:50,Returned,Credit Card,Kolkata,West Bengal,6161.53,0.0,
708080,5882,2024-11-29 17:04:18,Delivered,Credit Card,Chennai,Tamil Nadu,433442.96,65016.44,4.0
706379,5613,2025-03-20 03:57:01,Delivered,UPI,Lucknow,Uttar Pradesh,12453.96,0.0,5.0
700230,5063,2023-07-26 17:42:47,Pending,EMI,Nashik,Maharashtra,11420.78,571.04,
708192,6333,2022-06-12 12:00:33,Delivered,EMI,Ranchi,Jharkhand,17693.3,0.0,10.0
708884,5845,2026-04-03 10:57:27,Pending,Cash on Delivery,Chennai,Tamil Nadu,404.09,80.82,
706667,7095,2022-05-16 11:38:24,Delivered,EMI,Kochi,Kerala,6241.24,312.06,12.0
700685,6057,2025-08-01 12:43:18,Delivered,Credit Card,Bangalore,Karnataka,74716.98,0.0,10.0
702569,5101,2026-04-27 20:52:59,Cancelled,Cash on Delivery,Bhopal,Madhya Pradesh,15630.47,0.0,
705028,7157,2025-02-25 07:32:57,Shipped,UPI,Nagpur,Maharashtra,26670.48,0.0,
704377,7863,2024-05-02 05:21:45,Delivered,Credit Card,Bhopal,Madhya Pradesh,627.1,0.0,6.0
702995,6910,2023-12-06 11:09:21,Delivered,UPI,Coimbatore,Tamil Nadu,15921.99,0.0,9.0
704146,5464,2025-03-21 05:59:35,Delivered,Debit Card,Ranchi,Jharkhand,122967.44,6148.37,5.0
704000,6516,2024-09-15 20:27:14,Returned,Credit Card,Chandigarh,Chandigarh,2546.6,509.32,
707728,5281,2023-04-19 11:59:39,Pending,Credit Card,Chennai,Tamil Nadu,84689.07,12703.36,
701689,7309,2022-12-03 10:23:16,Pending,Debit Card,Coimbatore,Tamil Nadu,251215.77,12560.79,
707034,7514,2025-04-19 21:38:16,Pending,EMI,Pune,Maharashtra,100056.21,0.0,
705311,6642,2024-05-17 21:28:21,Returned,Cash on Delivery,Nashik,Maharashtra,16974.71,3394.94,
702183,7858,2023-06-05 00:04:54,Pending,EMI,Delhi,Delhi,69358.89,10403.83,
705367,5632,2022-05-29 11:09:25,Delivered,Debit Card,Lucknow,Uttar Pradesh,15981.68,799.08,12.0
708805,7133,2026-01-26 16:33:45,Returned,Cash on Delivery,Nashik,Maharashtra,3465.58,346.56,
705183,7210,2022-10-20 22:56:45,Pending,Credit Card,Surat,Gujarat,11081.27,0.0,
705484,6128,2026-06-27 00:20:52,Delivered,Cash on Delivery,Surat,Gujarat,52685.38,7902.81,4.0
703377,5895,2024-01-11 00:18:19,Delivered,Cash on Delivery,Nagpur,Maharashtra,137500.9,27500.18,10.0
700221,6476,2024-02-28 07:26:08,Delivered,Debit Card,Lucknow,Uttar Pradesh,10450.14,0.0,4.0
705543,5143,2024-07-14 15:36:44,Delivered,EMI,Kolkata,West Bengal,22292.07,1114.6,2.0
700176,7682,2022-11-07 09:14:10,Pending,Credit Card,Bangalore,Karnataka,4247.59,212.38,
703942,5096,2025-11-02 14:07:44,Delivered,Debit Card,Mumbai,Maharashtra,162891.5,0.0,1.0
706653,5546,2024-02-08 02:05:26,Shipped,Credit Card,Coimbatore,Tamil Nadu,16920.42,2538.06,
704235,6835,2024-12-01 12:35:53,Returned,Cash on Delivery,Ranchi,Jharkhand,119357.65,11935.76,
701742,7317,2023-09-21 19:54:33,Shipped,Cash on Delivery,Indore,Madhya Pradesh,22609.98,1130.5,
703726,5515,2026-04-09 01:41:14,Delivered,UPI,Kochi,Kerala,409232.59,0.0,6.0
703280,6838,2022-09-21 22:39:16,Delivered,Net Banking,Lucknow,Uttar Pradesh,12997.99,1949.7,5.0
702712,6136,2025-08-17 12:41:42,Returned,Credit Card,Lucknow,Uttar Pradesh,150332.44,15033.24,
704836,7706,2024-10-01 22:17:02,Cancelled,Credit Card,Kochi,Kerala,274878.55,0.0,
703670,6203,2024-12-31 11:59:28,Delivered,Cash on Delivery,Ahmedabad,Gujarat,229446.19,45889.24,7.0
707434,5648,2022-12-23 12:51:14,Delivered,Cash on Delivery,Pune,Maharashtra,81192.53,12178.88,1.0
708789,5429,2022-08-25 22:56:59,Delivered,Debit Card,Coimbatore,Tamil Nadu,41789.87,8357.97,12.0
701554,7049,2022-01-18 19:52:57,Returned,Credit Card,Mumbai,Maharashtra,6474.39,0.0,
705459,6863,2022-05-13 07:23:40,Delivered,Net Banking,Kochi,Kerala,254526.36,0.0,8.0
705114,7027,2026-06-01 00:22:30,Delivered,UPI,Bangalore,Karnataka,26564.96,5312.99,3.0
708365,5958,2026-01-08 05:49:23,Delivered,Credit Card,Coimbatore,Tamil Nadu,143379.64,7168.98,7.0
700027,6861,2026-07-28 12:35:12,Cancelled,UPI,Lucknow,Uttar Pradesh,226693.42,0.0,
701547,6140,2022-12-02 14:53:30,Returned,Credit Card,Chennai,Tamil Nadu,53789.16,0.0,
703318,7128,2025-10-07 10:09:33,Pending,UPI,Ahmedabad,Gujarat,54617.54,0.0,
707970,5954,2026-03-13 17:05:29,Delivered,UPI,Lucknow,Uttar Pradesh,46682.27,0.0,4.0
708769,7668,2024-02-29 09:07:03,Returned,UPI,Ahmedabad,Gujarat,8732.69,1309.9,
703349,7078,2022-06-11 07:54:46,Pending,Credit Card,Chennai,Tamil Nadu,73942.78,0.0,
707432,5179,2022-11-15 18:08:28,Delivered,Credit Card,Kolkata,West Bengal,21611.72,0.0,4.0
700325,6446,2025-01-04 02:51:45,Delivered,UPI,Lucknow,Uttar Pradesh,24151.68,0.0,6.0
707588,5307,2026-06-20 16:10:38,Cancelled,Credit Card,Indore,Madhya Pradesh,8111.93,811.19,
705758,5796,2022-11-15 11:27:42,Shipped,Debit Card,Bangalore,Karnataka,41444.61,4144.46,
702288,5130,2022-07-23 21:44:23,Shipped,Debit Card,Surat,Gujarat,71074.15,7107.41,
705360,5707,2024-12-22 13:06:35,Pending,Cash on Delivery,Chandigarh,Chandigarh,77369.04,7736.9,
708784,7097,2024-02-01 08:08:41,Delivered,EMI,Ahmedabad,Gujarat,78532.03,0.0,12.0
706643,5754,2022-05-13 23:50:17,Pending,UPI,Chandigarh,Chandigarh,31434.22,6286.84,
705109,7840,2026-07-19 00:27:41,Pending,EMI,Delhi,Delhi,20550.15,0.0,
705296,6739,2024-04-13 05:38:33,Cancelled,Credit Card,Nashik,Maharashtra,7008.67,1401.73,
700644,6708,2025-01-21 23:26:22,Cancelled,Debit Card,Indore,Madhya Pradesh,199000.5,9950.02,
702053,5366,2022-05-03 00:25:40,Cancelled,Credit Card,Patna,Bihar,23347.63,4669.53,
703197,7188,2022-10-30 23:54:22,Delivered,Cash on Delivery,Nagpur,Maharashtra,75879.28,0.0,4.0
706896,6650,2024-03-23 12:03:20,Delivered,EMI,Chennai,Tamil Nadu,199307.96,9965.4,7.0
701017,5955,2024-07-23 23:16:06,Delivered,Net Banking,Jaipur,Rajasthan,49688.3,9937.66,4.0
701773,7952,2025-04-19 07:49:54,Returned,Net Banking,Chandigarh,Chandigarh,3398.93,0.0,
707840,5525,2024-06-02 03:07:17,Shipped,Net Banking,Nashik,Maharashtra,24395.12,2439.51,
705934,5786,2023-09-15 11:42:51,Pending,UPI,Pune,Maharashtra,15304.08,0.0,
701394,6529,2026-03-07 19:29:42,Delivered,UPI,Bhopal,Madhya Pradesh,118434.64,11843.46,4.0
700372,5327,2022-08-09 18:05:05,Delivered,Debit Card,Hyderabad,Telangana,91080.08,18216.02,6.0
703229,5333,2023-02-16 11:15:24,Delivered,Cash on Delivery,Jaipur,Rajasthan,207859.21,10392.96,2.0
700579,6107,2023-04-17 01:10:25,Shipped,UPI,Ahmedabad,Gujarat,28173.77,1408.69,
702533,7660,2022-02-04 17:10:53,Cancelled,Net Banking,Nagpur,Maharashtra,250019.55,12500.98,
702946,5576,2023-08-12 16:10:07,Delivered,Net Banking,Indore,Madhya Pradesh,367211.85,0.0,2.0
702746,6935,2023-09-19 11:37:45,Delivered,Cash on Delivery,Chandigarh,Chandigarh,48152.37,0.0,3.0
702346,5227,2022-12-15 17:18:23,Delivered,Net Banking,Surat,Gujarat,14172.66,2834.53,2.0
705427,6597,2026-02-12 17:42:15,Pending,EMI,Jaipur,Rajasthan,227869.87,34180.48,
705662,5187,2022-04-19 10:40:53,Cancelled,Cash on Delivery,Kolkata,West Bengal,6025.61,602.56,
707584,7147,2023-12-02 02:08:15,Delivered,Cash on Delivery,Ranchi,Jharkhand,169673.38,8483.67,8.0
708634,6131,2025-08-19 02:53:22,Returned,Cash on Delivery,Ranchi,Jharkhand,70034.55,10505.18,
703108,7190,2023-05-31 06:18:55,Delivered,Cash on Delivery,Pune,Maharashtra,48198.91,9639.78,10.0
703041,6295,2022-11-11 04:03:10,Delivered,Credit Card,Chandigarh,Chandigarh,14336.04,2867.21,10.0
705654,7129,2025-03-12 04:59:41,Delivered,EMI,Jaipur,Rajasthan,5492.36,0.0,8.0
704847,7007,2022-09-11 14:07:25,Delivered,Debit Card,Lucknow,Uttar Pradesh,113948.79,0.0,11.0
702463,5893,2024-04-04 19:12:35,Delivered,Credit Card,Bangalore,Karnataka,146334.37,14633.44,4.0
705288,6468,2024-09-22 02:51:57,Shipped,Credit Card,Kochi,Kerala,358265.39,35826.54,
708592,6969,2025-11-23 02:42:42,Pending,EMI,Indore,Madhya Pradesh,46325.62,0.0,
707880,6229,2024-11-24 10:31:05,Delivered,EMI,Coimbatore,Tamil Nadu,34358.15,3435.82,4.0
701952,6618,2024-02-28 15:54:42,Shipped,Credit Card,Bhopal,Madhya Pradesh,126524.13,0.0,
708195,6127,2022-08-15 18:03:15,Delivered,Credit Card,Jaipur,Rajasthan,97303.05,4865.15,8.0
700595,7261,2024-09-16 18:41:53,Delivered,Net Banking,Kochi,Kerala,122985.24,18447.79,1.0
703917,7977,2026-05-02 21:23:04,Cancelled,Debit Card,Surat,Gujarat,31250.8,0.0,
700568,7441,2024-08-22 08:49:01,Cancelled,Net Banking,Ahmedabad,Gujarat,76487.18,11473.08,
700593,5493,2026-06-01 18:39:57,Pending,Debit Card,Lucknow,Uttar Pradesh,17147.66,857.38,
705187,6755,2022-06-17 13:42:41,Shipped,Net Banking,Ahmedabad,Gujarat,173862.37,17386.24,
707463,7238,2023-02-26 11:32:20,Returned,UPI,Nashik,Maharashtra,147610.33,29522.07,
706576,5405,2026-01-01 13:49:35,Cancelled,Net Banking,Bhopal,Madhya Pradesh,36382.37,0.0,
708848,5345,2025-01-24 11:44:55,Cancelled,EMI,Ahmedabad,Gujarat,5089.46,763.42,
708622,5083,2025-12-23 06:25:29,Cancelled,Net Banking,Kolkata,West Bengal,109845.15,0.0,
705455,7749,2023-07-01 07:43:34,Shipped,Cash on Delivery,Kolkata,West Bengal,34176.48,3417.65,
703664,7457,2024-07-04 11:04:56,Returned,EMI,Surat,Gujarat,40424.05,4042.41,
704070,7821,2023-01-30 23:50:26,Delivered,Credit Card,Kochi,Kerala,13188.92,1318.89,4.0
703750,5093,2023-03-22 16:20:48,Returned,Cash on Delivery,Delhi,Delhi,7617.86,1142.68,
708827,6716,2026-07-11 21:23:28,Shipped,Net Banking,Coimbatore,Tamil Nadu,6667.62,0.0,
700872,6502,2022-02-25 14:26:30,Delivered,UPI,Chandigarh,Chandigarh,34350.38,0.0,12.0
704139,6062,2026-05-31 10:57:13,Cancelled,Cash on Delivery,Indore,Madhya Pradesh,268246.81,53649.36,
700730,7241,2023-07-08 12:06:58,Delivered,Credit Card,Hyderabad,Telangana,1904.18,95.21,4.0
704764,7395,2024-01-06 12:10:37,Pending,Credit Card,Coimbatore,Tamil Nadu,98285.48,0.0,
703153,5635,2023-11-07 16:21:49,Returned,UPI,Chandigarh,Chandigarh,7998.18,0.0,
702829,6240,2026-07-25 03:08:07,Returned,EMI,Hyderabad,Telangana,52471.08,0.0,
701268,6302,2022-06-10 20:22:10,Delivered,Debit Card,Chennai,Tamil Nadu,242813.53,12140.68,2.0
700177,7535,2025-08-12 16:42:57,Shipped,Credit Card,Pune,Maharashtra,124276.06,18641.41,
703212,5357,2023-09-20 10:59:33,Delivered,UPI,Nashik,Maharashtra,22861.38,1143.07,1.0
708708,5173,2026-01-15 02:20:52,Delivered,Debit Card,Mumbai,Maharashtra,2442.21,488.44,3.0
706868,5920,2025-01-18 05:02:57,Delivered,UPI,Delhi,Delhi,57213.72,5721.37,3.0
701177,5052,2023-03-04 15:10:22,Delivered,Debit Card,Bhopal,Madhya Pradesh,236483.63,0.0,6.0
706469,8000,2023-10-12 08:54:55,Delivered,Debit Card,Hyderabad,Telangana,2095.92,104.8,8.0
708368,6210,2025-12-02 08:35:14,Delivered,Net Banking,Nashik,Maharashtra,23404.72,4680.94,12.0
702834,6602,2023-07-06 22:09:39,Delivered,Cash on Delivery,Ahmedabad,Gujarat,38374.23,5756.13,3.0
704183,5948,2022-08-24 20:58:55,Cancelled,Credit Card,Pune,Maharashtra,18680.88,0.0,
704239,7277,2026-06-20 09:30:14,Shipped,Net Banking,Kolkata,West Bengal,36822.4,1841.12,
703534,6442,2022-07-21 09:56:48,Delivered,Net Banking,Lucknow,Uttar Pradesh,187524.63,9376.23,10.0
704357,5670,2022-02-11 17:52:05,Delivered,Debit Card,Indore,Madhya Pradesh,10770.17,1615.53,1.0
705920,6587,2026-02-23 21:56:05,Returned,Cash on Delivery,Pune,Maharashtra,27047.91,5409.58,
708161,5105,2024-06-07 10:11:51,Returned,UPI,Nashik,Maharashtra,21021.58,0.0,
708176,6706,2022-03-22 00:05:59,Cancelled,Credit Card,Pune,Maharashtra,1847.74,0.0,
703398,7816,2022-09-01 07:08:31,Delivered,Credit Card,Bhopal,Madhya Pradesh,5976.9,1195.38,4.0
705077,5210,2022-09-11 15:36:51,Cancelled,EMI,Delhi,Delhi,58945.02,0.0,
703242,5061,2024-10-05 04:11:27,Delivered,UPI,Pune,Maharashtra,57087.22,8563.08,1.0
708350,5259,2023-09-11 07:32:35,Delivered,Net Banking,Ranchi,Jharkhand,26477.98,0.0,7.0
706356,5046,2025-12-02 19:54:07,Shipped,Credit Card,Coimbatore,Tamil Nadu,135573.85,0.0,
700249,7155,2023-01-17 09:00:44,Delivered,Net Banking,Ranchi,Jharkhand,7490.16,749.02,2.0
700395,6791,2026-08-04 07:18:44,Cancelled,Debit Card,Lucknow,Uttar Pradesh,7579.61,0.0,
700183,6531,2022-07-07 02:20:31,Returned,Net Banking,Kochi,Kerala,13995.0,1399.5,
705790,6420,2023-07-21 05:34:24,Pending,Debit Card,Surat,Gujarat,2517.82,377.67,
701227,6448,2026-05-15 00:05:42,Shipped,UPI,Bhopal,Madhya Pradesh,3897.91,0.0,
701861,5972,2023-05-19 12:26:33,Cancelled,UPI,Chennai,Tamil Nadu,12905.36,0.0,
701451,6649,2026-06-20 01:28:02,Delivered,Cash on Delivery,Surat,Gujarat,3641.68,728.34,2.0
708655,7586,2023-02-16 01:00:12,Delivered,Debit Card,Jaipur,Rajasthan,38641.0,3864.1,8.0
703935,7613,2025-05-28 22:47:29,Pending,Credit Card,Pune,Maharashtra,306507.9,61301.58,
705015,7185,2024-02-11 11:51:48,Pending,UPI,Lucknow,Uttar Pradesh,41022.5,4102.25,
707702,5087,2025-08-21 16:24:29,Cancelled,Cash on Delivery,Coimbatore,Tamil Nadu,192466.26,28869.94,
706325,6441,2026-06-16 20:21:57,Returned,EMI,Indore,Madhya Pradesh,35633.45,0.0,
707048,6905,2023-04-08 11:12:36,Cancelled,Credit Card,Ranchi,Jharkhand,84061.87,16812.37,
705099,5786,2022-07-27 15:47:38,Pending,Net Banking,Kochi,Kerala,155744.4,31148.88,
708181,5956,2026-05-05 14:17:00,Delivered,Cash on Delivery,Pune,Maharashtra,29226.93,0.0,3.0
702784,6509,2024-07-10 19:30:41,Delivered,Net Banking,Hyderabad,Telangana,34705.18,3470.52,9.0
701382,7405,2026-06-08 00:59:03,Delivered,EMI,Hyderabad,Telangana,43554.46,4355.45,6.0
705174,7723,2022-07-01 04:57:05,Cancelled,Credit Card,Nashik,Maharashtra,125066.94,0.0,
702932,5897,2025-07-15 16:47:37,Delivered,Debit Card,Kolkata,West Bengal,23021.2,1151.06,7.0
700695,7726,2022-05-20 02:45:11,Shipped,Debit Card,Nashik,Maharashtra,5187.84,0.0,
701855,7399,2023-10-19 11:37:00,Returned,Debit Card,Mumbai,Maharashtra,31438.19,3143.82,
707556,7885,2023-02-05 15:22:20,Returned,Credit Card,Hyderabad,Telangana,96180.97,0.0,
702502,5201,2022-12-13 10:24:48,Pending,EMI,Coimbatore,Tamil Nadu,3579.39,536.91,
702512,6938,2023-01-07 20:32:49,Cancelled,Net Banking,Patna,Bihar,167231.19,0.0,
704170,7493,2022-02-12 06:31:34,Returned,UPI,Delhi,Delhi,6719.32,0.0,
707451,5159,2024-04-16 03:41:34,Cancelled,UPI,Lucknow,Uttar Pradesh,32890.17,0.0,
701984,7409,2025-10-14 10:50:19,Delivered,Debit Card,Chandigarh,Chandigarh,2154.24,323.14,10.0
700875,6268,2024-05-19 12:33:30,Cancelled,Debit Card,Nashik,Maharashtra,161089.95,32217.99,
702332,7995,2023-08-29 22:24:30,Pending,UPI,Hyderabad,Telangana,326588.08,65317.62,
702335,7687,2022-11-21 04:25:31,Delivered,EMI,Chennai,Tamil Nadu,82952.72,8295.27,8.0
701844,5812,2025-10-02 22:02:13,Shipped,Cash on Delivery,Mumbai,Maharashtra,120383.42,24076.68,
702355,5644,2022-09-14 15:27:47,Delivered,Net Banking,Hyderabad,Telangana,21197.81,0.0,3.0
702198,6553,2024-12-14 23:36:25,Delivered,EMI,Hyderabad,Telangana,7832.82,0.0,12.0
702495,7574,2025-12-30 17:45:19,Delivered,Net Banking,Lucknow,Uttar Pradesh,37171.3,5575.7,3.0
706760,7035,2024-05-04 07:36:33,Delivered,UPI,Patna,Bihar,180361.78,18036.18,3.0
704562,7154,2024-01-09 16:17:39,Cancelled,UPI,Ahmedabad,Gujarat,2200.89,330.13,
705422,7705,2022-10-28 11:55:28,Pending,EMI,Kolkata,West Bengal,1314.25,262.85,
701669,7025,2022-01-11 11:58:56,Shipped,EMI,Chennai,Tamil Nadu,50027.86,2501.39,
701300,7616,2022-12-22 20:31:09,Delivered,UPI,Kochi,Kerala,361462.16,18073.11,11.0
703665,6694,2025-10-14 19:31:12,Pending,UPI,Chennai,Tamil Nadu,18926.92,1892.69,
708449,5432,2024-04-25 06:41:00,Delivered,Credit Card,Indore,Madhya Pradesh,1445.58,144.56,8.0
703283,5868,2024-09-25 09:25:46,Pending,Cash on Delivery,Nagpur,Maharashtra,2431.48,121.57,
703896,6122,2022-10-11 19:15:59,Delivered,Net Banking,Bangalore,Karnataka,64227.52,6422.75,9.0
706621,5828,2023-07-09 03:56:56,Delivered,Cash on Delivery,Ahmedabad,Gujarat,23224.0,0.0,12.0
703127,5697,2023-04-17 10:35:25,Delivered,Credit Card,Jaipur,Rajasthan,64235.76,3211.79,2.0
702928,5972,2024-11-21 16:43:58,Delivered,EMI,Ranchi,Jharkhand,142303.44,7115.17,5.0
707237,5628,2022-01-26 01:43:17,Shipped,Net Banking,Surat,Gujarat,123991.08,0.0,
703079,5562,2023-12-28 18:24:05,Delivered,Net Banking,Ahmedabad,Gujarat,37313.26,5596.99,11.0
707747,5432,2023-05-14 09:34:05,Shipped,Credit Card,Bhopal,Madhya Pradesh,19507.43,0.0,
706940,5302,2023-11-30 02:33:26,Cancelled,Cash on Delivery,Chandigarh,Chandigarh,2052.61,102.63,
708683,5170,2023-01-02 11:55:34,Delivered,Credit Card,Pune,Maharashtra,290403.9,0.0,9.0
704748,5006,2022-03-29 06:18:29,Delivered,EMI,Surat,Gujarat,231576.62,34736.49,10.0
708169,6538,2025-12-19 06:52:35,Delivered,Net Banking,Pune,Maharashtra,77661.39,0.0,4.0
701816,7914,2025-09-04 05:54:48,Delivered,Debit Card,Bhopal,Madhya Pradesh,4868.97,0.0,7.0
708500,6615,2023-05-06 22:02:15,Pending,Net Banking,Hyderabad,Telangana,159083.6,15908.36,
707406,7391,2022-10-09 09:54:12,Cancelled,Cash on Delivery,Bangalore,Karnataka,15267.46,1526.75,
705228,5378,2026-06-26 20:06:23,Delivered,Net Banking,Kochi,Kerala,63389.94,3169.5,2.0
701784,7196,2024-07-14 19:44:24,Delivered,EMI,Nagpur,Maharashtra,10458.23,2091.65,7.0
706641,7904,2026-03-03 18:01:14,Delivered,UPI,Nashik,Maharashtra,14273.28,0.0,4.0
704573,6427,2025-10-29 14:10:32,Shipped,EMI,Ahmedabad,Gujarat,288463.17,0.0,
704590,6349,2022-11-07 14:41:58,Delivered,Debit Card,Chandigarh,Chandigarh,27142.05,5428.41,3.0
706949,5499,2026-02-24 21:34:50,Delivered,Cash on Delivery,Coimbatore,Tamil Nadu,49965.13,7494.77,1.0
703235,6409,2026-06-14 05:19:48,Shipped,Credit Card,Ranchi,Jharkhand,114108.21,11410.82,
706676,7094,2026-01-07 07:47:18,Pending,Cash on Delivery,Bangalore,Karnataka,45560.05,4556.01,
704003,6596,2024-01-16 16:21:38,Pending,Credit Card,Bhopal,Madhya Pradesh,24921.56,2492.16,
705972,7768,2023-11-04 08:10:25,Pending,Cash on Delivery,Kochi,Kerala,114836.04,22967.21,
704915,5173,2025-12-28 18:05:48,Delivered,Net Banking,Ranchi,Jharkhand,23493.53,4698.71,8.0
702633,7475,2025-03-13 17:23:36,Returned,Net Banking,Delhi,Delhi,22527.87,2252.79,
705478,6932,2023-03-05 07:53:12,Pending,Cash on Delivery,Kolkata,West Bengal,7403.88,0.0,
706682,7663,2026-04-25 14:45:15,Pending,UPI,Surat,Gujarat,300747.04,60149.41,
702407,5338,2023-12-09 06:21:45,Returned,UPI,Nagpur,Maharashtra,14441.75,2166.26,
702442,6021,2022-06-06 05:33:32,Shipped,Cash on Delivery,Lucknow,Uttar Pradesh,198195.29,19819.53,
700134,7230,2022-12-21 21:19:56,Delivered,UPI,Patna,Bihar,2716.33,271.63,1.0
706457,6088,2025-05-02 10:49:47,Delivered,Credit Card,Chandigarh,Chandigarh,40686.06,8137.21,1.0
701833,7340,2024-02-15 17:35:06,Cancelled,Cash on Delivery,Pune,Maharashtra,91177.37,9117.74,
705817,7349,2024-02-13 00:09:13,Pending,Debit Card,Nashik,Maharashtra,16751.73,0.0,
701877,7230,2023-09-09 18:29:00,Delivered,Cash on Delivery,Patna,Bihar,80183.92,0.0,5.0
703915,7747,2022-07-07 01:14:31,Delivered,UPI,Coimbatore,Tamil Nadu,19962.56,0.0,12.0
702691,7932,2024-09-11 05:59:12,Delivered,UPI,Bhopal,Madhya Pradesh,60084.6,0.0,9.0
704936,5093,2026-06-28 09:35:34,Delivered,Net Banking,Patna,Bihar,8387.56,0.0,8.0
701925,6021,2023-11-23 04:46:28,Pending,Debit Card,Delhi,Delhi,1471.16,0.0,
702862,7901,2025-10-28 21:29:36,Delivered,Cash on Delivery,Kochi,Kerala,21034.58,1051.73,4.0
702646,6014,2023-10-07 03:51:39,Delivered,Credit Card,Delhi,Delhi,118290.87,0.0,11.0
708502,7568,2023-05-18 02:10:34,Cancelled,Cash on Delivery,Chandigarh,Chandigarh,21879.4,3281.91,
703584,7283,2024-04-20 02:37:29,Cancelled,Debit Card,Ranchi,Jharkhand,6010.56,1202.11,
706236,7207,2025-06-16 18:17:15,Delivered,UPI,Ahmedabad,Gujarat,30412.56,3041.26,6.0
702934,7973,2025-01-18 12:09:47,Delivered,Net Banking,Lucknow,Uttar Pradesh,5584.84,0.0,11.0
702394,6103,2025-03-20 18:43:14,Delivered,Debit Card,Ahmedabad,Gujarat,141720.96,7086.05,11.0
704233,7122,2026-01-19 08:47:13,Delivered,Net Banking,Mumbai,Maharashtra,717.32,0.0,5.0
708044,5637,2024-07-18 13:58:39,Returned,UPI,Kochi,Kerala,311855.84,15592.79,
701410,6267,2025-12-17 06:53:39,Shipped,UPI,Chandigarh,Chandigarh,20249.14,0.0,
700507,5483,2023-01-16 23:10:38,Delivered,Net Banking,Kolkata,West Bengal,19603.11,0.0,6.0
701970,6709,2026-04-16 08:02:45,Shipped,Debit Card,Bangalore,Karnataka,5616.36,561.64,
705741,7645,2023-06-04 21:57:46,Delivered,Cash on Delivery,Delhi,Delhi,377144.51,18857.23,12.0
702369,5156,2023-11-13 02:15:38,Delivered,UPI,Indore,Madhya Pradesh,1899.32,284.9,11.0
707900,5065,2026-02-11 07:45:58,Cancelled,Net Banking,Lucknow,Uttar Pradesh,3416.24,341.62,
706780,5940,2024-06-25 09:52:51,Delivered,EMI,Nashik,Maharashtra,6964.09,348.2,10.0
703544,6958,2022-03-04 20:02:40,Returned,Net Banking,Bangalore,Karnataka,13756.16,0.0,
703630,5222,2023-03-30 20:32:22,Delivered,UPI,Nagpur,Maharashtra,38278.96,7655.79,8.0
707408,6198,2024-11-18 21:41:54,Cancelled,Debit Card,Ahmedabad,Gujarat,6620.55,0.0,
705232,7840,2022-10-04 06:26:54,Delivered,UPI,Mumbai,Maharashtra,46396.4,2319.82,1.0
702176,6829,2022-10-06 22:00:48,Delivered,Credit Card,Pune,Maharashtra,4800.3,240.02,5.0
700923,6230,2024-07-31 10:37:19,Delivered,Credit Card,Bangalore,Karnataka,38406.42,0.0,12.0
701448,7847,2023-03-28 14:29:01,Delivered,Cash on Delivery,Jaipur,Rajasthan,106284.65,0.0,6.0
707396,7901,2022-01-13 20:24:51,Delivered,UPI,Chandigarh,Chandigarh,124046.36,18606.95,6.0
707944,5780,2023-02-13 14:09:03,Pending,Cash on Delivery,Bhopal,Madhya Pradesh,119072.84,0.0,
701355,6935,2023-03-30 18:48:35,Shipped,EMI,Coimbatore,Tamil Nadu,144023.16,0.0,
705012,7084,2024-03-28 13:43:58,Shipped,Net Banking,Mumbai,Maharashtra,27883.06,1394.15,
706559,6072,2022-08-03 01:21:11,Delivered,EMI,Kolkata,West Bengal,1680.21,0.0,7.0
706355,6089,2022-03-13 23:01:16,Delivered,Cash on Delivery,Kochi,Kerala,16079.66,803.98,9.0
708857,6152,2026-02-26 12:45:58,Cancelled,Net Banking,Bhopal,Madhya Pradesh,3718.38,185.92,
702636,5565,2022-04-08 22:06:30,Delivered,Debit Card,Kochi,Kerala,65669.52,3283.48,5.0
700036,6289,2026-04-27 13:16:20,Delivered,Net Banking,Indore,Madhya Pradesh,75123.03,0.0,10.0
706544,7834,2026-03-05 07:10:59,Delivered,UPI,Jaipur,Rajasthan,3805.14,0.0,10.0
700726,6660,2023-09-02 15:36:50,Delivered,EMI,Kochi,Kerala,26973.87,1348.69,4.0
704461,6480,2022-05-20 22:29:13,Delivered,EMI,Chandigarh,Chandigarh,14193.24,1419.32,7.0
706526,7115,2023-11-30 13:13:48,Delivered,Debit Card,Nagpur,Maharashtra,242516.62,48503.32,6.0
707682,5620,2024-06-06 19:44:05,Delivered,Credit Card,Mumbai,Maharashtra,99023.37,4951.17,9.0
701364,5835,2023-11-06 18:49:21,Cancelled,Net Banking,Ahmedabad,Gujarat,201721.49,0.0,
702904,6991,2026-06-25 13:57:01,Delivered,Debit Card,Kolkata,West Bengal,2779.93,416.99,8.0
704634,7162,2025-12-18 10:59:37,Delivered,Cash on Delivery,Delhi,Delhi,1673.18,250.98,2.0
701110,6881,2024-02-02 00:01:00,Delivered,Cash on Delivery,Nashik,Maharashtra,153893.1,0.0,4.0
702318,6466,2026-03-22 05:43:45,Shipped,Credit Card,Lucknow,Uttar Pradesh,59988.82,2999.44,
704555,6912,2023-09-05 20:36:17,Returned,UPI,Lucknow,Uttar Pradesh,67035.23,13407.05,
703552,7086,2026-05-25 01:00:13,Returned,Cash on Delivery,Surat,Gujarat,277847.96,0.0,
708935,5690,2025-03-10 03:24:15,Delivered,Credit Card,Hyderabad,Telangana,6519.82,1303.96,10.0
704309,6389,2022-04-09 10:06:10,Delivered,UPI,Surat,Gujarat,2116.66,211.67,5.0
707723,6130,2023-11-29 04:40:22,Delivered,Cash on Delivery,Nagpur,Maharashtra,20053.0,0.0,12.0
703854,6542,2025-04-27 12:46:22,Delivered,Debit Card,Nagpur,Maharashtra,1579.89,236.98,9.0
707853,6393,2024-04-29 05:45:28,Cancelled,UPI,Kolkata,West Bengal,136293.74,0.0,
706581,6531,2026-04-05 05:00:38,Delivered,Net Banking,Lucknow,Uttar Pradesh,30980.25,4647.04,1.0
705922,7532,2025-05-19 06:51:49,Shipped,Net Banking,Indore,Madhya Pradesh,127176.7,12717.67,
702562,6044,2023-07-02 05:54:51,Delivered,Debit Card,Hyderabad,Telangana,231941.55,23194.15,1.0
701134,6480,2023-01-05 20:13:35,Shipped,Debit Card,Kochi,Kerala,243424.03,0.0,
700709,6130,2022-08-28 16:30:12,Shipped,Debit Card,Bhopal,Madhya Pradesh,15937.35,796.87,
701258,6236,2025-06-26 03:54:23,Delivered,UPI,Bhopal,Madhya Pradesh,16645.26,832.26,8.0
704420,7862,2022-01-26 04:09:34,Cancelled,Debit Card,Ahmedabad,Gujarat,16436.96,0.0,
700067,7028,2023-10-23 13:14:37,Delivered,UPI,Delhi,Delhi,8367.65,0.0,7.0
701452,6673,2023-04-19 08:36:28,Pending,Net Banking,Pune,Maharashtra,39324.51,7864.9,
705959,5483,2022-07-23 00:27:23,Returned,Net Banking,Bangalore,Karnataka,6394.83,0.0,
704985,5073,2025-08-08 02:28:01,Delivered,UPI,Patna,Bihar,803.38,160.68,12.0
702944,7775,2022-09-20 04:12:50,Delivered,Net Banking,Indore,Madhya Pradesh,122791.79,6139.59,7.0
705302,5920,2023-05-19 13:53:33,Delivered,Credit Card,Indore,Madhya Pradesh,2467.96,0.0,7.0
700201,7570,2025-01-17 13:45:56,Delivered,UPI,Jaipur,Rajasthan,145146.57,0.0,10.0
704472,5663,2022-02-25 04:51:15,Delivered,Net Banking,Jaipur,Rajasthan,2211.26,110.56,9.0
704370,5405,2024-12-05 04:13:33,Pending,Credit Card,Surat,Gujarat,66587.91,3329.4,
700576,6018,2026-05-07 17:58:26,Cancelled,Net Banking,Coimbatore,Tamil Nadu,13973.12,0.0,
701368,6284,2024-08-13 23:19:04,Cancelled,Cash on Delivery,Delhi,Delhi,248087.01,0.0,
708065,7503,2026-02-16 11:57:51,Delivered,Credit Card,Bangalore,Karnataka,23904.51,0.0,5.0
700161,7588,2023-09-19 09:05:45,Delivered,UPI,Ranchi,Jharkhand,29812.3,5962.46,9.0
703805,6617,2025-05-22 12:07:13,Shipped,EMI,Nashik,Maharashtra,28540.93,1427.05,
700484,6632,2022-07-30 01:54:14,Delivered,EMI,Ahmedabad,Gujarat,5237.85,1047.57,9.0
708915,5519,2024-07-28 13:07:34,Shipped,Cash on Delivery,Delhi,Delhi,540.8,0.0,
706125,7430,2022-06-19 19:05:01,Delivered,Credit Card,Pune,Maharashtra,35711.19,0.0,5.0
703518,7730,2022-02-22 04:36:03,Delivered,Credit Card,Hyderabad,Telangana,2490.52,124.53,3.0
703023,7273,2024-12-27 18:33:45,Pending,Debit Card,Coimbatore,Tamil Nadu,18684.73,0.0,
706383,7148,2023-09-08 15:34:40,Cancelled,UPI,Nashik,Maharashtra,12189.24,0.0,
707452,7033,2022-02-27 04:10:46,Delivered,EMI,Kolkata,West Bengal,11931.77,0.0,9.0
704891,5901,2025-05-03 23:28:42,Pending,Credit Card,Bangalore,Karnataka,83593.86,0.0,
700054,6943,2022-07-09 05:36:42,Pending,Credit Card,Nagpur,Maharashtra,550.11,110.02,
707932,6266,2026-04-04 23:43:57,Returned,Debit Card,Indore,Madhya Pradesh,18298.02,914.9,
705058,7019,2022-01-31 01:16:26,Cancelled,UPI,Bhopal,Madhya Pradesh,3394.8,339.48,
703830,6492,2023-07-17 05:05:57,Delivered,Net Banking,Ahmedabad,Gujarat,153494.26,0.0,3.0
705763,6854,2022-12-30 21:39:15,Delivered,Credit Card,Ahmedabad,Gujarat,110972.73,11097.27,1.0
707549,6266,2025-09-14 02:19:41,Pending,Credit Card,Ranchi,Jharkhand,117805.29,23561.06,
707017,6396,2024-03-24 19:41:19,Delivered,UPI,Coimbatore,Tamil Nadu,5453.2,0.0,7.0
706014,7785,2022-07-01 06:32:06,Delivered,Credit Card,Mumbai,Maharashtra,15368.67,2305.3,12.0
703000,5313,2022-12-22 23:16:37,Delivered,UPI,Coimbatore,Tamil Nadu,46295.12,0.0,4.0
706426,6178,2025-08-27 20:28:54,Delivered,UPI,Pune,Maharashtra,804.84,0.0,12.0
707501,7865,2024-11-28 05:14:14,Pending,UPI,Delhi,Delhi,1653.52,82.68,
707536,5864,2025-08-06 10:11:47,Delivered,EMI,Hyderabad,Telangana,62576.65,6257.67,3.0
705663,6661,2023-05-23 03:59:02,Delivered,Debit Card,Delhi,Delhi,25302.61,1265.13,7.0
702224,7249,2023-06-11 00:20:49,Cancelled,UPI,Indore,Madhya Pradesh,39354.24,0.0,
704955,6247,2023-10-29 11:55:11,Delivered,UPI,Bhopal,Madhya Pradesh,49492.58,7423.89,9.0
701908,7958,2024-03-10 21:59:58,Delivered,Cash on Delivery,Nagpur,Maharashtra,42510.2,0.0,1.0
701606,6475,2022-03-25 22:02:41,Shipped,Credit Card,Delhi,Delhi,228143.09,0.0,
708482,6345,2024-07-03 15:10:25,Delivered,Debit Card,Chennai,Tamil Nadu,49698.7,4969.87,9.0
706090,6643,2022-10-11 04:19:20,Delivered,Debit Card,Mumbai,Maharashtra,15719.76,2357.96,3.0
705545,6619,2023-06-03 03:56:23,Delivered,Credit Card,Chandigarh,Chandigarh,3786.71,0.0,12.0
708039,6036,2025-09-28 02:53:11,Delivered,UPI,Ranchi,Jharkhand,36064.89,0.0,4.0
707706,6354,2025-07-15 03:55:16,Delivered,Cash on Delivery,Indore,Madhya Pradesh,86312.44,0.0,6.0
707032,6841,2024-12-30 07:33:03,Shipped,UPI,Bhopal,Madhya Pradesh,7793.82,1558.76,
703161,5256,2025-04-11 20:03:46,Delivered,Net Banking,Kolkata,West Bengal,74983.89,14996.78,7.0
706007,6837,2022-04-29 08:27:28,Delivered,Debit Card,Chandigarh,Chandigarh,116801.86,0.0,4.0
708081,7832,2026-05-19 08:42:32,Shipped,Cash on Delivery,Jaipur,Rajasthan,20734.64,4146.93,
705544,7169,2026-05-16 05:19:21,Delivered,Credit Card,Nashik,Maharashtra,37932.4,3793.24,1.0
705342,5548,2024-06-03 15:15:16,Shipped,EMI,Delhi,Delhi,48494.3,7274.14,
701345,7614,2023-06-09 21:26:59,Delivered,Debit Card,Ahmedabad,Gujarat,238461.44,23846.14,4.0
701732,7135,2026-07-09 03:16:58,Delivered,Cash on Delivery,Chandigarh,Chandigarh,88329.4,0.0,6.0
706899,7489,2024-07-24 02:31:51,Pending,EMI,Bangalore,Karnataka,109287.24,16393.09,
704315,6133,2025-01-04 02:32:46,Delivered,Cash on Delivery,Chandigarh,Chandigarh,502053.85,50205.39,9.0
700463,6805,2025-01-20 05:11:21,Pending,Credit Card,Ahmedabad,Gujarat,1356.46,203.47,
705146,5756,2024-07-14 07:54:40,Delivered,UPI,Patna,Bihar,16087.81,1608.78,4.0
707337,7999,2026-04-03 04:05:59,Cancelled,Net Banking,Nashik,Maharashtra,20364.32,3054.65,
707411,6385,2025-03-25 15:10:37,Shipped,Net Banking,Bangalore,Karnataka,381220.68,38122.07,
704739,7570,2023-12-27 07:48:20,Delivered,EMI,Lucknow,Uttar Pradesh,18777.08,3755.42,7.0
704399,7434,2025-05-01 13:39:14,Delivered,EMI,Kochi,Kerala,4924.98,0.0,4.0
705849,6195,2026-07-08 08:17:54,Delivered,Cash on Delivery,Jaipur,Rajasthan,4509.94,901.99,12.0
703356,6414,2023-06-24 21:40:08,Shipped,Net Banking,Coimbatore,Tamil Nadu,18454.43,1845.44,
702777,5941,2024-10-26 09:17:59,Shipped,Debit Card,Nagpur,Maharashtra,10987.65,549.38,
702686,5227,2023-06-12 10:05:26,Delivered,UPI,Jaipur,Rajasthan,11415.42,0.0,1.0
701109,5266,2023-02-11 20:34:15,Delivered,EMI,Kochi,Kerala,23333.29,1166.66,1.0
707043,6754,2023-07-10 01:23:28,Delivered,Credit Card,Nashik,Maharashtra,151112.61,7555.63,8.0
706656,6399,2023-08-05 17:33:12,Shipped,EMI,Patna,Bihar,7019.47,701.95,
706841,7973,2022-11-09 20:37:55,Delivered,Debit Card,Nashik,Maharashtra,195209.4,0.0,3.0
705110,5897,2025-08-19 01:09:50,Returned,Credit Card,Kolkata,West Bengal,26420.69,1321.03,
707041,6362,2025-06-14 08:49:59,Delivered,EMI,Lucknow,Uttar Pradesh,240614.46,48122.89,12.0
704017,5614,2022-06-21 13:58:20,Delivered,Debit Card,Delhi,Delhi,73071.34,14614.27,11.0
700405,6216,2022-02-18 11:06:23,Delivered,Net Banking,Delhi,Delhi,54652.28,10930.46,6.0
701747,5631,2025-01-19 10:06:58,Delivered,Cash on Delivery,Jaipur,Rajasthan,4503.96,0.0,12.0
705167,6663,2024-08-04 06:12:51,Shipped,Debit Card,Bhopal,Madhya Pradesh,297958.76,14897.94,
700331,5463,2026-05-11 21:09:00,Delivered,Debit Card,Bhopal,Madhya Pradesh,220882.26,33132.34,4.0
706299,7059,2023-02-15 14:03:06,Shipped,Cash on Delivery,Pune,Maharashtra,61832.97,9274.95,
704684,6088,2024-05-01 16:08:26,Returned,Credit Card,Lucknow,Uttar Pradesh,130835.88,13083.59,
701835,5730,2022-01-01 03:19:32,Delivered,Debit Card,Surat,Gujarat,4514.94,677.24,3.0
706548,7004,2025-12-06 03:24:46,Delivered,Credit Card,Nashik,Maharashtra,1292.98,0.0,9.0
705154,7725,2023-11-11 21:51:06,Shipped,Credit Card,Ahmedabad,Gujarat,23242.95,2324.3,
702881,7973,2024-01-01 07:21:18,Delivered,Credit Card,Coimbatore,Tamil Nadu,100289.41,10028.94,5.0
703252,7356,2025-09-05 19:59:40,Delivered,Debit Card,Surat,Gujarat,1075.76,215.15,3.0
701121,6747,2025-09-10 08:05:53,Cancelled,Debit Card,Bhopal,Madhya Pradesh,2458.78,122.94,
702668,7003,2024-06-01 11:45:06,Delivered,Debit Card,Ranchi,Jharkhand,56901.69,11380.34,3.0
708400,7908,2023-10-16 10:58:45,Delivered,Credit Card,Ranchi,Jharkhand,48235.71,2411.79,6.0
700774,5890,2023-08-01 07:34:11,Shipped,UPI,Coimbatore,Tamil Nadu,70402.08,14080.42,
704414,6663,2026-04-16 00:02:37,Delivered,Net Banking,Surat,Gujarat,28024.1,1401.2,1.0
707559,7050,2022-03-13 06:36:57,Delivered,EMI,Pune,Maharashtra,2579.84,0.0,1.0
700417,5903,2026-03-03 20:01:49,Returned,EMI,Indore,Madhya Pradesh,1425.01,142.5,
702510,6628,2023-07-25 19:49:43,Returned,Cash on Delivery,Nagpur,Maharashtra,413310.87,0.0,
706431,7824,2022-01-23 04:05:37,Returned,Debit Card,Ranchi,Jharkhand,92328.3,18465.66,
708339,6047,2025-02-06 00:22:42,Shipped,Debit Card,Nagpur,Maharashtra,4663.56,0.0,
701615,7474,2026-03-13 15:05:23,Pending,EMI,Delhi,Delhi,4979.12,497.91,
704942,5271,2024-02-08 02:10:04,Delivered,UPI,Pune,Maharashtra,48789.98,2439.5,2.0
701111,5302,2022-03-12 12:34:26,Delivered,Debit Card,Surat,Gujarat,16787.4,0.0,6.0
707590,5709,2024-05-13 13:08:54,Pending,Debit Card,Nashik,Maharashtra,33932.29,3393.23,
707305,6990,2024-05-10 07:59:37,Delivered,Credit Card,Hyderabad,Telangana,228888.24,0.0,8.0
704529,5390,2025-03-26 15:51:54,Pending,Net Banking,Kolkata,West Bengal,139554.37,0.0,
706130,6273,2025-12-16 09:33:15,Shipped,UPI,Kolkata,West Bengal,163301.87,24495.28,
705706,6089,2024-07-02 14:29:21,Delivered,Debit Card,Chennai,Tamil Nadu,61361.04,9204.16,11.0
704149,5037,2024-01-12 00:56:17,Delivered,Cash on Delivery,Pune,Maharashtra,196613.52,29492.03,4.0
704373,7688,2024-09-24 04:48:12,Returned,Debit Card,Ranchi,Jharkhand,68432.56,0.0,
705413,6144,2026-05-19 12:13:37,Shipped,Net Banking,Mumbai,Maharashtra,28577.56,0.0,
701788,7087,2026-06-23 16:35:21,Delivered,Debit Card,Ahmedabad,Gujarat,76801.52,0.0,10.0
704582,6307,2022-01-20 16:15:35,Cancelled,Cash on Delivery,Jaipur,Rajasthan,1561.74,312.35,
706823,7630,2023-10-12 11:20:52,Delivered,EMI,Bhopal,Madhya Pradesh,76311.61,11446.74,11.0
706136,5465,2025-06-19 10:50:21,Delivered,Debit Card,Bhopal,Madhya Pradesh,33839.83,0.0,3.0
703868,6476,2022-12-26 09:29:20,Returned,Credit Card,Pune,Maharashtra,181544.66,0.0,
706384,7047,2024-10-26 12:32:28,Cancelled,Net Banking,Nagpur,Maharashtra,56053.31,2802.67,
702996,5843,2023-12-20 18:43:13,Delivered,Net Banking,Lucknow,Uttar Pradesh,16486.99,824.35,1.0
704286,6812,2025-08-01 03:13:22,Shipped,EMI,Jaipur,Rajasthan,39222.14,0.0,
707271,6093,2024-01-05 18:17:17,Pending,Debit Card,Nagpur,Maharashtra,32872.93,0.0,
702244,5810,2022-09-04 01:35:07,Pending,Cash on Delivery,Indore,Madhya Pradesh,50577.0,7586.55,
702631,5952,2024-06-14 08:01:22,Delivered,Net Banking,Hyderabad,Telangana,153005.62,0.0,5.0
703156,7139,2023-10-28 07:29:17,Delivered,Net Banking,Nashik,Maharashtra,69894.64,6989.46,8.0
703270,6792,2023-03-09 07:25:14,Returned,Credit Card,Lucknow,Uttar Pradesh,103575.37,10357.54,
700225,5497,2025-05-23 08:00:16,Cancelled,UPI,Bhopal,Madhya Pradesh,4557.55,683.63,
705322,7631,2022-04-06 03:44:26,Delivered,Debit Card,Nagpur,Maharashtra,76030.75,7603.08,10.0
706854,5568,2025-03-04 22:56:57,Delivered,UPI,Bangalore,Karnataka,21988.52,3298.28,4.0
707602,7531,2023-09-21 19:32:40,Delivered,EMI,Bangalore,Karnataka,537.88,107.58,11.0
703514,7869,2025-04-18 19:04:50,Delivered,UPI,Coimbatore,Tamil Nadu,7192.69,1438.54,5.0
706629,6836,2025-10-13 01:28:33,Delivered,EMI,Hyderabad,Telangana,29465.32,0.0,7.0
708667,6119,2025-08-24 21:43:14,Shipped,Credit Card,Mumbai,Maharashtra,81818.65,12272.8,
707687,6416,2023-04-19 18:29:46,Delivered,Debit Card,Jaipur,Rajasthan,264817.71,13240.89,3.0
704148,5355,2024-12-10 11:04:40,Shipped,Debit Card,Hyderabad,Telangana,56767.32,5676.73,
702360,7293,2025-10-12 15:21:26,Returned,Debit Card,Delhi,Delhi,306610.58,30661.06,
706957,6202,2024-11-04 02:13:18,Delivered,Debit Card,Kolkata,West Bengal,235566.63,0.0,4.0
700433,7316,2022-09-14 07:41:10,Delivered,UPI,Pune,Maharashtra,116605.46,23321.09,10.0
707993,5215,2022-12-17 15:15:52,Shipped,Net Banking,Pune,Maharashtra,76572.54,0.0,
706287,6276,2024-12-20 16:24:51,Delivered,Net Banking,Chandigarh,Chandigarh,9449.0,0.0,11.0
703132,7257,2023-09-03 09:09:51,Pending,Credit Card,Pune,Maharashtra,21061.74,2106.17,
706933,6010,2024-11-28 21:26:22,Cancelled,Net Banking,Hyderabad,Telangana,43304.34,8660.87,
707149,5012,2025-05-21 15:49:18,Delivered,UPI,Lucknow,Uttar Pradesh,79935.83,7993.58,2.0
700235,7558,2026-04-04 08:47:13,Delivered,Credit Card,Mumbai,Maharashtra,14713.5,1471.35,4.0
707638,5708,2025-08-09 10:21:00,Pending,Cash on Delivery,Chennai,Tamil Nadu,25986.99,0.0,
702618,5550,2023-03-10 23:40:12,Delivered,Net Banking,Kochi,Kerala,31092.22,6218.44,5.0
707144,7521,2025-01-04 01:33:47,Shipped,Debit Card,Surat,Gujarat,34671.84,0.0,
708208,7346,2026-05-29 01:40:29,Delivered,UPI,Jaipur,Rajasthan,64992.82,0.0,5.0
701472,5129,2025-05-20 11:29:10,Cancelled,Cash on Delivery,Bangalore,Karnataka,72110.28,0.0,
705022,7227,2024-05-16 09:00:01,Pending,UPI,Indore,Madhya Pradesh,187000.13,18700.01,
701344,6633,2022-09-06 04:53:55,Delivered,Credit Card,Surat,Gujarat,1436.74,215.51,5.0
702988,7937,2022-04-04 04:33:28,Delivered,Debit Card,Mumbai,Maharashtra,6543.9,0.0,1.0
707342,6210,2022-05-18 22:14:46,Delivered,Credit Card,Chandigarh,Chandigarh,2840.79,284.08,1.0
706961,6126,2022-08-10 10:39:38,Delivered,EMI,Bhopal,Madhya Pradesh,72578.22,0.0,11.0
701911,7890,2026-01-07 15:52:06,Delivered,Debit Card,Kolkata,West Bengal,2050.68,410.14,11.0
703141,6496,2026-03-28 06:18:13,Returned,UPI,Kolkata,West Bengal,9495.62,0.0,
703709,7755,2022-06-14 18:30:56,Shipped,UPI,Nashik,Maharashtra,3709.72,556.46,
708056,6808,2024-02-16 08:12:54,Delivered,Credit Card,Bangalore,Karnataka,219152.92,21915.29,7.0
705609,6195,2025-07-03 06:06:06,Delivered,Cash on Delivery,Chennai,Tamil Nadu,4933.64,0.0,11.0
704613,7550,2023-09-29 21:22:07,Delivered,Cash on Delivery,Patna,Bihar,8173.86,817.39,2.0
705447,5644,2025-02-03 06:44:58,Cancelled,UPI,Bhopal,Madhya Pradesh,17697.73,0.0,
708811,5690,2023-11-21 05:29:47,Shipped,UPI,Ahmedabad,Gujarat,81213.5,16242.7,
707990,7090,2026-05-11 01:08:30,Cancelled,Cash on Delivery,Jaipur,Rajasthan,269168.3,0.0,
702615,7062,2023-08-26 14:49:32,Shipped,Debit Card,Bhopal,Madhya Pradesh,10588.7,0.0,
701640,6627,2023-04-26 16:16:42,Delivered,Debit Card,Kochi,Kerala,1204.29,120.43,10.0
705935,6444,2024-03-24 18:48:07,Returned,Debit Card,Delhi,Delhi,154185.2,23127.78,
707519,6283,2023-05-10 15:29:21,Delivered,UPI,Jaipur,Rajasthan,370512.08,55576.81,1.0
706057,7865,2024-11-29 22:06:13,Delivered,Credit Card,Nashik,Maharashtra,10906.4,545.32,1.0
700933,7905,2024-07-12 21:14:06,Delivered,Debit Card,Patna,Bihar,184996.78,0.0,4.0
702121,5684,2025-05-14 07:55:07,Delivered,Credit Card,Bangalore,Karnataka,27454.87,0.0,8.0
708885,7297,2025-09-15 12:39:01,Returned,Net Banking,Patna,Bihar,527.63,0.0,
705908,7916,2026-05-22 06:51:36,Delivered,UPI,Patna,Bihar,23912.72,3586.91,9.0
706475,7824,2024-10-12 11:03:51,Returned,Debit Card,Kochi,Kerala,13964.34,2792.87,
706358,7803,2025-08-17 03:21:45,Cancelled,EMI,Bangalore,Karnataka,69921.14,10488.17,
704463,6943,2022-08-18 21:39:35,Delivered,UPI,Chandigarh,Chandigarh,29418.92,4412.84,2.0
700539,5819,2026-02-18 17:40:30,Pending,Credit Card,Coimbatore,Tamil Nadu,145523.9,7276.19,
705632,7753,2023-05-02 06:57:12,Delivered,Credit Card,Kochi,Kerala,32103.12,0.0,6.0
704433,6591,2022-02-20 04:58:36,Delivered,Net Banking,Nagpur,Maharashtra,142642.06,21396.31,10.0
700614,6676,2022-08-15 08:56:32,Delivered,Net Banking,Jaipur,Rajasthan,17945.79,3589.16,11.0
707951,5501,2022-01-21 22:26:02,Delivered,Credit Card,Surat,Gujarat,283644.14,42546.62,3.0
708266,7156,2023-07-19 21:17:06,Shipped,Debit Card,Jaipur,Rajasthan,41079.2,2053.96,
701820,5536,2023-08-16 16:46:15,Delivered,Net Banking,Indore,Madhya Pradesh,107979.52,21595.9,3.0
702578,6305,2026-02-08 06:38:19,Delivered,Cash on Delivery,Ahmedabad,Gujarat,11677.48,0.0,7.0
702645,6395,2023-11-09 12:00:04,Delivered,Credit Card,Indore,Madhya Pradesh,19055.76,0.0,4.0
700493,7560,2022-12-14 13:20:59,Delivered,EMI,Chennai,Tamil Nadu,306591.05,0.0,9.0
701482,6437,2023-11-27 02:37:57,Delivered,EMI,Ranchi,Jharkhand,4434.82,0.0,4.0
707231,5726,2025-05-22 03:20:28,Delivered,Cash on Delivery,Kochi,Kerala,11370.38,1137.04,3.0
701824,7698,2026-04-19 06:47:20,Delivered,Credit Card,Chandigarh,Chandigarh,1314.19,0.0,10.0
706571,5542,2022-11-02 14:45:29,Cancelled,Debit Card,Indore,Madhya Pradesh,134580.45,0.0,
708394,6635,2025-07-16 17:34:24,Delivered,EMI,Coimbatore,Tamil Nadu,980.4,0.0,2.0
704457,6764,2024-11-14 19:31:43,Pending,Debit Card,Indore,Madhya Pradesh,7245.26,0.0,
706853,6859,2023-12-15 10:36:21,Returned,Net Banking,Mumbai,Maharashtra,568136.65,0.0,
701898,7997,2024-05-06 01:26:19,Pending,Debit Card,Chennai,Tamil Nadu,6720.73,336.04,
703818,5352,2023-12-08 16:47:01,Shipped,Debit Card,Delhi,Delhi,6065.64,303.28,
708553,5575,2024-09-28 20:51:46,Delivered,Net Banking,Lucknow,Uttar Pradesh,291682.82,0.0,8.0
700226,5095,2025-09-05 22:31:45,Pending,Debit Card,Pune,Maharashtra,33296.61,4994.49,
705255,7202,2022-11-29 01:41:21,Delivered,Credit Card,Nagpur,Maharashtra,7194.02,719.4,4.0
701332,6985,2024-07-31 02:19:31,Cancelled,UPI,Surat,Gujarat,206347.2,0.0,
708426,7300,2025-03-13 05:44:59,Delivered,UPI,Patna,Bihar,6228.85,622.89,5.0
704989,7138,2023-11-26 04:30:39,Pending,Credit Card,Chandigarh,Chandigarh,2856.27,0.0,
703324,6928,2023-11-17 10:18:52,Delivered,Net Banking,Hyderabad,Telangana,10267.46,1026.75,7.0
706245,5800,2026-02-20 23:06:02,Delivered,Cash on Delivery,Indore,Madhya Pradesh,16445.65,1644.57,2.0
707423,5713,2025-02-25 05:30:26,Delivered,Debit Card,Ranchi,Jharkhand,59141.81,5914.18,10.0
700856,6984,2023-06-21 02:43:24,Pending,Cash on Delivery,Chennai,Tamil Nadu,16441.14,3288.23,
703983,6121,2025-11-10 03:42:02,Delivered,Debit Card,Delhi,Delhi,22817.15,1140.86,9.0
701116,5253,2026-04-12 04:20:25,Delivered,Credit Card,Kolkata,West Bengal,740.04,0.0,9.0
703056,6743,2025-07-10 11:39:23,Delivered,EMI,Kolkata,West Bengal,324555.28,0.0,9.0
702051,6418,2023-02-08 22:27:11,Delivered,Debit Card,Nashik,Maharashtra,13621.18,2724.24,7.0
708020,6205,2022-10-29 15:29:37,Delivered,Net Banking,Delhi,Delhi,21586.72,3238.01,7.0
707376,7566,2022-10-11 05:56:10,Cancelled,EMI,Jaipur,Rajasthan,4336.96,867.39,
705588,6343,2022-12-29 02:47:10,Pending,Net Banking,Ranchi,Jharkhand,19351.34,967.57,
704550,6562,2023-01-31 00:27:44,Delivered,Net Banking,Kochi,Kerala,7654.74,765.47,8.0
706194,6135,2024-03-09 00:05:54,Delivered,UPI,Lucknow,Uttar Pradesh,15979.71,1597.97,3.0
706031,6344,2026-07-23 16:38:46,Delivered,Net Banking,Hyderabad,Telangana,219155.79,21915.58,4.0
707351,6490,2024-06-25 12:11:38,Pending,UPI,Nashik,Maharashtra,286.46,0.0,
700831,5455,2026-05-24 12:00:53,Returned,Net Banking,Indore,Madhya Pradesh,178084.99,0.0,
707676,5050,2026-07-05 12:21:34,Pending,Debit Card,Hyderabad,Telangana,8987.34,0.0,
701720,5408,2024-12-10 06:47:27,Delivered,Net Banking,Indore,Madhya Pradesh,13419.18,2683.84,1.0
706318,7026,2024-04-07 20:40:37,Delivered,UPI,Chennai,Tamil Nadu,35749.28,0.0,5.0
701057,7111,2025-03-27 20:25:39,Delivered,Cash on Delivery,Pune,Maharashtra,202832.55,40566.51,6.0
700284,6092,2026-05-13 21:05:09,Delivered,Cash on Delivery,Ranchi,Jharkhand,258300.22,0.0,10.0
706916,6958,2022-09-30 06:37:19,Returned,UPI,Ahmedabad,Gujarat,22920.85,1146.04,
705968,6231,2022-10-13 14:23:54,Delivered,Net Banking,Chennai,Tamil Nadu,16313.52,1631.35,6.0
708275,5991,2022-02-02 00:47:28,Cancelled,Debit Card,Mumbai,Maharashtra,6437.77,321.89,
702531,7577,2024-09-02 05:22:42,Delivered,Net Banking,Indore,Madhya Pradesh,13974.15,0.0,7.0
704956,7520,2025-01-29 04:48:00,Cancelled,Net Banking,Jaipur,Rajasthan,16019.59,800.98,
701965,5636,2026-06-13 20:42:00,Delivered,Net Banking,Pune,Maharashtra,4343.76,434.38,1.0
706998,6814,2025-10-17 08:48:30,Delivered,Credit Card,Nagpur,Maharashtra,139462.45,27892.49,10.0
700827,5805,2024-07-26 07:18:04,Returned,Net Banking,Mumbai,Maharashtra,1380.9,276.18,
701083,6152,2024-05-02 20:58:51,Delivered,Cash on Delivery,Hyderabad,Telangana,2885.76,144.29,12.0
701182,5588,2022-01-20 17:44:53,Returned,Credit Card,Nashik,Maharashtra,6662.65,0.0,
700525,7618,2024-06-07 17:50:45,Shipped,Cash on Delivery,Hyderabad,Telangana,67368.07,0.0,
704132,6504,2024-04-24 05:42:05,Delivered,UPI,Patna,Bihar,26682.04,5336.41,2.0
705121,6490,2022-12-28 09:59:59,Returned,EMI,Indore,Madhya Pradesh,181098.1,36219.62,
704501,7767,2023-06-15 15:37:55,Returned,Cash on Delivery,Patna,Bihar,5151.59,0.0,
707136,5368,2024-02-18 17:42:07,Delivered,UPI,Coimbatore,Tamil Nadu,102948.01,5147.4,5.0
703213,5529,2026-04-05 12:12:38,Delivered,EMI,Ranchi,Jharkhand,28312.66,4246.9,8.0
707550,6128,2026-07-20 01:56:35,Delivered,Net Banking,Indore,Madhya Pradesh,10391.53,1558.73,6.0
704340,6325,2023-03-16 11:48:03,Shipped,Cash on Delivery,Patna,Bihar,351.03,17.55,
705720,5116,2024-07-31 19:30:26,Delivered,EMI,Pune,Maharashtra,20790.56,4158.11,8.0
706492,5886,2022-03-15 20:54:36,Delivered,Net Banking,Ranchi,Jharkhand,5096.5,0.0,10.0
705752,5016,2025-06-03 16:05:57,Cancelled,EMI,Bhopal,Madhya Pradesh,295830.48,0.0,
708312,5188,2024-12-01 08:46:20,Pending,Credit Card,Mumbai,Maharashtra,84373.88,8437.39,
702880,5466,2024-07-20 22:49:04,Shipped,EMI,Surat,Gujarat,17327.65,866.38,
706719,5623,2026-05-17 03:31:27,Delivered,Net Banking,Mumbai,Maharashtra,2956.58,0.0,11.0
706751,6353,2024-01-20 23:09:45,Pending,Net Banking,Hyderabad,Telangana,81553.5,16310.7,
705222,5087,2025-03-06 10:44:15,Cancelled,UPI,Lucknow,Uttar Pradesh,19705.31,1970.53,
700857,6253,2022-08-19 16:45:17,Cancelled,EMI,Chandigarh,Chandigarh,18187.59,0.0,
703021,7790,2026-03-21 14:39:43,Delivered,EMI,Surat,Gujarat,61594.4,9239.16,2.0
700243,7691,2023-11-15 13:04:36,Delivered,Debit Card,Mumbai,Maharashtra,3785.76,0.0,10.0
707045,6940,2023-12-21 18:39:11,Returned,EMI,Surat,Gujarat,31707.92,6341.58,
707084,5207,2024-04-11 16:55:24,Pending,UPI,Indore,Madhya Pradesh,220366.83,0.0,
706043,6899,2023-12-28 02:15:55,Delivered,EMI,Chandigarh,Chandigarh,157907.38,15790.74,6.0
703919,5595,2025-11-25 04:37:10,Returned,Cash on Delivery,Pune,Maharashtra,160766.84,0.0,
707422,5259,2022-03-01 03:14:24,Shipped,EMI,Chandigarh,Chandigarh,184517.35,0.0,
706200,6561,2026-02-09 09:22:01,Shipped,EMI,Kochi,Kerala,152084.11,15208.41,
701709,5517,2023-09-06 14:55:13,Delivered,Debit Card,Delhi,Delhi,6727.05,0.0,10.0
707397,6249,2024-11-19 20:58:05,Pending,Net Banking,Pune,Maharashtra,5204.8,260.24,
704043,5025,2026-02-17 00:27:18,Delivered,EMI,Bangalore,Karnataka,118384.61,0.0,5.0
707887,6046,2025-05-09 01:42:40,Delivered,EMI,Hyderabad,Telangana,89627.93,4481.4,10.0
707307,5545,2025-09-22 06:19:59,Cancelled,Net Banking,Ahmedabad,Gujarat,31272.61,1563.63,
703710,6600,2025-08-22 12:25:45,Shipped,Debit Card,Patna,Bihar,220399.8,11019.99,
704905,6819,2024-07-09 07:47:12,Delivered,Debit Card,Kolkata,West Bengal,52482.9,7872.43,6.0
706372,5556,2025-03-06 03:23:01,Cancelled,UPI,Nagpur,Maharashtra,121755.93,0.0,
705346,6808,2023-02-20 12:11:06,Delivered,Net Banking,Chandigarh,Chandigarh,173207.54,8660.38,10.0
701422,6878,2024-07-02 04:49:03,Shipped,Debit Card,Bhopal,Madhya Pradesh,8050.39,1207.56,
707070,5571,2022-04-29 10:32:38,Pending,Cash on Delivery,Bhopal,Madhya Pradesh,20007.48,1000.37,
702671,7461,2023-08-30 02:22:44,Cancelled,Cash on Delivery,Surat,Gujarat,144260.44,14426.04,
708016,5226,2025-01-22 09:33:32,Returned,Debit Card,Jaipur,Rajasthan,78431.4,0.0,
702600,6483,2022-02-08 19:37:43,Pending,Credit Card,Jaipur,Rajasthan,18151.71,3630.34,
703445,6013,2023-07-02 11:43:47,Delivered,Credit Card,Surat,Gujarat,25601.65,1280.08,3.0
701653,5796,2026-06-15 22:36:22,Cancelled,EMI,Kolkata,West Bengal,89117.59,8911.76,
701534,6288,2025-06-17 08:27:33,Delivered,Cash on Delivery,Lucknow,Uttar Pradesh,145090.48,7254.52,4.0
704123,5842,2026-01-10 09:03:38,Shipped,UPI,Pune,Maharashtra,9527.13,0.0,
704207,7195,2025-01-05 03:06:32,Cancelled,Debit Card,Surat,Gujarat,26241.74,2624.17,
705804,7533,2026-06-14 16:24:05,Pending,Credit Card,Bangalore,Karnataka,40216.49,0.0,
702974,7685,2023-06-16 05:59:13,Delivered,Net Banking,Bhopal,Madhya Pradesh,330516.19,0.0,5.0
705642,6245,2025-04-22 21:13:50,Cancelled,Debit Card,Chennai,Tamil Nadu,218371.06,10918.55,
704946,6456,2022-06-09 04:41:41,Cancelled,Net Banking,Indore,Madhya Pradesh,56951.27,2847.56,
702836,7263,2022-12-20 09:10:24,Delivered,UPI,Jaipur,Rajasthan,139235.39,0.0,9.0
703952,5716,2026-01-04 07:05:19,Returned,Debit Card,Indore,Madhya Pradesh,2414.76,482.95,
701967,5735,2025-09-04 20:23:53,Pending,Debit Card,Jaipur,Rajasthan,307499.82,61499.96,
704272,6580,2025-12-13 15:28:01,Shipped,EMI,Nashik,Maharashtra,41889.83,0.0,
705354,7130,2025-06-09 19:49:19,Pending,Cash on Delivery,Pune,Maharashtra,122703.02,24540.6,
702994,6590,2022-08-05 17:45:32,Delivered,EMI,Coimbatore,Tamil Nadu,9650.91,0.0,5.0
700394,5787,2024-04-08 13:02:55,Delivered,Cash on Delivery,Pune,Maharashtra,611134.82,0.0,9.0
700736,6613,2024-02-16 16:43:46,Delivered,Net Banking,Bangalore,Karnataka,33722.52,0.0,11.0
706108,5514,2025-10-08 14:54:19,Delivered,Cash on Delivery,Coimbatore,Tamil Nadu,64383.05,0.0,7.0
706164,7459,2024-06-02 13:24:30,Cancelled,Credit Card,Nashik,Maharashtra,13236.84,1985.53,
703083,7744,2022-10-03 20:46:13,Delivered,EMI,Surat,Gujarat,42063.35,0.0,11.0
702460,7523,2024-08-19 08:51:11,Delivered,Cash on Delivery,Hyderabad,Telangana,4874.88,974.98,2.0
707496,7192,2023-09-11 21:12:47,Pending,Net Banking,Surat,Gujarat,25503.93,2550.39,
706487,7215,2022-11-12 21:25:08,Shipped,Credit Card,Surat,Gujarat,6598.26,329.91,
704275,5330,2023-04-01 11:02:10,Shipped,Cash on Delivery,Bangalore,Karnataka,2319.42,0.0,
708575,5684,2022-06-21 20:11:15,Delivered,Net Banking,Mumbai,Maharashtra,120127.03,12012.7,1.0
703397,7604,2022-04-02 13:28:18,Shipped,Credit Card,Coimbatore,Tamil Nadu,9654.35,965.44,
704749,6541,2026-02-08 12:37:05,Shipped,Credit Card,Lucknow,Uttar Pradesh,93610.75,9361.08,
705542,6161,2025-08-20 00:54:52,Cancelled,EMI,Chandigarh,Chandigarh,4780.67,956.13,
704396,6404,2022-09-06 18:02:46,Pending,Debit Card,Indore,Madhya Pradesh,117841.42,0.0,
706175,7143,2024-01-03 09:37:40,Delivered,Debit Card,Bangalore,Karnataka,17818.97,0.0,1.0
706386,5315,2025-03-27 02:09:24,Shipped,Cash on Delivery,Ahmedabad,Gujarat,2851.85,285.19,
701222,7583,2024-11-28 00:39:39,Pending,Cash on Delivery,Mumbai,Maharashtra,1728.69,86.43,
703817,5120,2024-08-17 15:13:31,Shipped,Net Banking,Delhi,Delhi,270.05,0.0,
705665,6026,2022-02-12 22:11:57,Cancelled,Net Banking,Kochi,Kerala,6566.64,0.0,
703520,5625,2025-07-05 11:33:52,Shipped,UPI,Bangalore,Karnataka,29194.95,0.0,
702356,7141,2024-09-19 19:41:18,Pending,UPI,Ranchi,Jharkhand,83531.04,8353.1,
705078,7857,2025-05-13 15:36:21,Cancelled,Net Banking,Bhopal,Madhya Pradesh,60315.08,6031.51,
707379,6194,2022-02-02 01:45:11,Delivered,Credit Card,Hyderabad,Telangana,189903.51,37980.7,1.0
701481,6341,2025-09-30 20:01:11,Delivered,Net Banking,Pune,Maharashtra,1882.66,0.0,6.0
703134,7098,2024-07-27 13:15:34,Delivered,Credit Card,Bhopal,Madhya Pradesh,6442.28,0.0,6.0
700970,5180,2023-03-03 02:24:49,Returned,Cash on Delivery,Surat,Gujarat,33653.05,0.0,
701414,6702,2022-03-04 02:43:33,Cancelled,Debit Card,Lucknow,Uttar Pradesh,29322.88,1466.14,
701406,7201,2022-05-16 22:10:29,Shipped,Cash on Delivery,Nashik,Maharashtra,170308.71,0.0,
708765,7095,2022-12-22 23:20:29,Delivered,Cash on Delivery,Mumbai,Maharashtra,154492.78,15449.28,4.0
707820,6102,2024-08-20 13:14:11,Shipped,Credit Card,Delhi,Delhi,8563.0,0.0,
707657,5690,2023-10-18 23:46:23,Returned,Debit Card,Jaipur,Rajasthan,424229.97,0.0,
700871,6973,2024-02-15 12:31:00,Delivered,Debit Card,Pune,Maharashtra,70478.72,3523.94,8.0
700016,7678,2025-04-07 16:45:18,Delivered,UPI,Bhopal,Madhya Pradesh,8468.6,423.43,6.0
708716,6786,2026-02-10 03:33:11,Delivered,UPI,Hyderabad,Telangana,1774.18,177.42,7.0
700276,6671,2024-07-30 10:38:04,Delivered,Credit Card,Coimbatore,Tamil Nadu,41553.29,8310.66,3.0
705803,5665,2022-12-06 00:15:23,Delivered,Debit Card,Chandigarh,Chandigarh,2170.87,108.54,10.0
702151,7972,2024-07-08 02:28:18,Delivered,Net Banking,Lucknow,Uttar Pradesh,2345.61,469.12,5.0
704230,7122,2025-10-15 07:44:38,Delivered,Net Banking,Delhi,Delhi,408650.87,20432.54,2.0
701301,6007,2022-09-26 20:46:36,Delivered,Credit Card,Kolkata,West Bengal,71751.09,10762.66,3.0
701601,7376,2025-01-23 04:12:11,Delivered,Cash on Delivery,Nashik,Maharashtra,172212.38,17221.24,8.0
701652,7406,2022-09-06 13:10:55,Delivered,Credit Card,Mumbai,Maharashtra,6419.28,0.0,6.0
703610,6743,2025-06-03 12:04:51,Delivered,Credit Card,Ranchi,Jharkhand,146366.06,0.0,8.0
705019,7503,2024-12-24 09:07:05,Shipped,Debit Card,Bangalore,Karnataka,4785.9,0.0,
703869,6709,2026-02-22 07:19:32,Shipped,Cash on Delivery,Kochi,Kerala,216198.76,10809.94,
700430,7364,2023-03-15 16:34:21,Cancelled,Debit Card,Lucknow,Uttar Pradesh,24291.61,3643.74,
704604,6911,2022-02-02 13:41:10,Cancelled,Net Banking,Chandigarh,Chandigarh,4828.59,724.29,
702986,6547,2024-06-05 08:17:33,Pending,UPI,Ranchi,Jharkhand,6544.35,1308.87,
703492,6323,2022-03-18 23:09:13,Cancelled,Cash on Delivery,Chennai,Tamil Nadu,276750.14,41512.52,
706101,6741,2024-04-07 11:19:21,Cancelled,Cash on Delivery,Jaipur,Rajasthan,260034.24,0.0,
700093,6552,2023-03-11 17:09:14,Delivered,Debit Card,Surat,Gujarat,20012.83,0.0,2.0
707405,5303,2023-04-15 22:51:17,Delivered,EMI,Jaipur,Rajasthan,17014.25,0.0,10.0
707837,7891,2024-07-15 18:50:31,Delivered,Cash on Delivery,Lucknow,Uttar Pradesh,6849.63,342.48,6.0
708836,5776,2024-02-24 07:58:25,Shipped,Credit Card,Indore,Madhya Pradesh,8746.86,874.69,
702870,6843,2022-03-08 04:03:48,Returned,Net Banking,Lucknow,Uttar Pradesh,23456.4,4691.28,
700901,6488,2024-03-25 05:40:04,Delivered,Net Banking,Bangalore,Karnataka,23424.85,4684.97,6.0
707123,6461,2025-09-16 21:02:43,Delivered,EMI,Delhi,Delhi,6746.65,1349.33,5.0
708539,6154,2026-04-13 12:53:34,Delivered,Debit Card,Jaipur,Rajasthan,23733.76,0.0,4.0
704531,7128,2022-01-23 03:35:59,Delivered,Net Banking,Nashik,Maharashtra,52371.87,2618.59,2.0
707966,6124,2022-11-03 17:14:37,Delivered,Debit Card,Kochi,Kerala,21512.48,2151.25,3.0
701322,5632,2025-10-06 10:33:25,Delivered,EMI,Pune,Maharashtra,101625.31,15243.8,10.0
704435,5139,2024-02-12 21:13:11,Delivered,Net Banking,Patna,Bihar,48011.03,7201.65,8.0
704690,6452,2025-12-12 03:12:27,Delivered,Cash on Delivery,Bangalore,Karnataka,138265.1,20739.76,11.0
706715,5104,2024-09-26 03:21:27,Delivered,Debit Card,Pune,Maharashtra,177256.32,8862.82,10.0
705467,5341,2022-04-23 20:04:55,Shipped,Net Banking,Hyderabad,Telangana,6788.1,1357.62,
708340,6699,2023-07-29 03:41:13,Pending,UPI,Nagpur,Maharashtra,301981.55,15099.08,
701741,6512,2025-02-16 19:07:33,Shipped,UPI,Coimbatore,Tamil Nadu,5211.72,781.76,
704652,6925,2024-05-18 07:57:17,Delivered,Cash on Delivery,Delhi,Delhi,56485.78,8472.87,10.0
706827,5292,2022-07-05 22:53:23,Delivered,Credit Card,Nagpur,Maharashtra,13014.55,2602.91,5.0
705536,7712,2026-05-07 01:37:28,Cancelled,Net Banking,Kochi,Kerala,14947.73,2989.55,
701939,7455,2025-05-21 04:23:37,Delivered,UPI,Surat,Gujarat,16224.09,1622.41,2.0
705377,7881,2024-08-29 00:58:41,Delivered,EMI,Ahmedabad,Gujarat,306023.4,30602.34,11.0
707564,6783,2025-08-05 20:18:28,Returned,Net Banking,Delhi,Delhi,30915.78,4637.37,
701949,7893,2024-11-20 11:53:30,Delivered,UPI,Patna,Bihar,214921.72,0.0,8.0
708197,7501,2024-06-28 03:09:31,Shipped,UPI,Chennai,Tamil Nadu,2437.44,365.62,
700822,5166,2023-03-17 23:18:42,Delivered,Net Banking,Jaipur,Rajasthan,162314.0,32462.8,11.0
705546,6959,2024-12-22 16:52:11,Returned,EMI,Ahmedabad,Gujarat,50420.91,5042.09,
704482,5466,2025-11-11 12:56:22,Returned,Credit Card,Lucknow,Uttar Pradesh,43839.39,2191.97,
704411,5809,2024-10-10 17:53:41,Shipped,Cash on Delivery,Ahmedabad,Gujarat,409501.26,0.0,
701068,6058,2025-08-24 05:56:59,Shipped,EMI,Ranchi,Jharkhand,13941.11,2788.22,
700423,5919,2023-03-17 23:56:24,Returned,Cash on Delivery,Lucknow,Uttar Pradesh,18092.73,904.64,
706595,6918,2025-09-13 09:27:43,Delivered,Debit Card,Jaipur,Rajasthan,82295.07,4114.75,4.0
701552,5125,2023-03-19 08:01:06,Pending,Credit Card,Ranchi,Jharkhand,11463.08,0.0,
706084,6725,2022-11-12 01:15:36,Delivered,Debit Card,Hyderabad,Telangana,59637.64,0.0,5.0
703113,7821,2026-01-27 18:50:50,Pending,Net Banking,Indore,Madhya Pradesh,265139.92,0.0,
701318,7148,2026-01-10 14:41:13,Pending,EMI,Patna,Bihar,67367.57,0.0,
707191,7476,2026-01-13 12:26:24,Delivered,Cash on Delivery,Jaipur,Rajasthan,124790.14,0.0,1.0
703499,7552,2024-06-24 10:38:20,Delivered,Debit Card,Patna,Bihar,5765.3,288.26,5.0
703390,6711,2022-09-15 06:12:27,Delivered,Net Banking,Pune,Maharashtra,12529.34,0.0,1.0
700744,6923,2023-08-09 12:40:14,Pending,Credit Card,Jaipur,Rajasthan,4519.32,903.86,
701872,7844,2023-10-24 20:18:33,Delivered,Cash on Delivery,Hyderabad,Telangana,62604.55,12520.91,2.0
702477,7660,2023-03-04 19:51:36,Shipped,EMI,Coimbatore,Tamil Nadu,71586.46,10737.97,
705766,5477,2025-02-23 22:55:09,Returned,Credit Card,Chennai,Tamil Nadu,29287.96,1464.4,
708904,7921,2025-08-05 21:29:04,Delivered,Cash on Delivery,Coimbatore,Tamil Nadu,9566.69,478.33,7.0
704436,5268,2023-04-05 09:42:57,Delivered,Cash on Delivery,Patna,Bihar,8348.0,1252.2,12.0
707945,7979,2026-07-18 10:58:32,Delivered,Net Banking,Ahmedabad,Gujarat,17276.88,2591.53,8.0
707028,5286,2023-09-30 20:48:49,Pending,UPI,Chennai,Tamil Nadu,11614.2,1161.42,
704774,7255,2022-10-11 06:31:18,Delivered,EMI,Chandigarh,Chandigarh,70867.38,10630.11,4.0
700895,5742,2022-03-19 09:18:08,Shipped,Debit Card,Jaipur,Rajasthan,168538.45,16853.85,
705473,6344,2025-06-30 18:53:10,Pending,Debit Card,Nashik,Maharashtra,17416.95,2612.54,
707524,5916,2026-02-27 03:05:45,Delivered,Credit Card,Kolkata,West Bengal,254825.08,0.0,2.0
704379,5205,2023-04-25 20:25:01,Cancelled,Net Banking,Kochi,Kerala,4764.82,0.0,
704410,6140,2026-04-12 13:49:31,Delivered,EMI,Jaipur,Rajasthan,2108.12,0.0,10.0
702136,7701,2026-06-16 05:09:58,Delivered,Debit Card,Mumbai,Maharashtra,22720.92,4544.18,3.0
705016,6298,2023-01-07 02:43:23,Delivered,Cash on Delivery,Surat,Gujarat,68784.36,6878.44,2.0
706435,5558,2025-12-07 09:27:03,Delivered,Credit Card,Jaipur,Rajasthan,22901.73,3435.26,12.0
704742,6951,2023-01-29 15:55:57,Delivered,UPI,Kolkata,West Bengal,21699.22,0.0,11.0
703325,6112,2022-04-17 04:35:27,Delivered,UPI,Nashik,Maharashtra,182319.76,18231.98,1.0
704559,6670,2022-10-21 06:05:21,Pending,UPI,Nashik,Maharashtra,32296.38,0.0,
702266,7880,2025-08-26 10:46:20,Delivered,EMI,Chennai,Tamil Nadu,37362.85,1868.14,6.0
708154,6006,2025-11-10 03:48:14,Delivered,Cash on Delivery,Kolkata,West Bengal,3822.0,573.3,5.0
700681,7425,2024-02-07 18:54:52,Delivered,Credit Card,Jaipur,Rajasthan,2400.97,0.0,4.0
706447,7838,2024-08-22 02:53:40,Delivered,UPI,Mumbai,Maharashtra,10733.75,1073.38,7.0
702937,6297,2022-09-30 20:36:32,Pending,EMI,Ranchi,Jharkhand,337642.54,16882.13,
704211,6601,2023-12-20 09:07:50,Delivered,Credit Card,Patna,Bihar,97920.1,9792.01,7.0
704378,5510,2024-01-05 02:04:50,Delivered,Credit Card,Jaipur,Rajasthan,57029.2,8554.38,5.0
704785,7199,2023-01-19 18:26:07,Delivered,Cash on Delivery,Chennai,Tamil Nadu,252052.74,50410.55,7.0
703374,6947,2025-09-14 19:43:58,Shipped,Cash on Delivery,Mumbai,Maharashtra,1800.44,90.02,
703890,7326,2025-09-22 08:52:38,Pending,Net Banking,Patna,Bihar,714.1,0.0,
701875,7900,2022-11-27 07:09:37,Delivered,EMI,Delhi,Delhi,2461.04,0.0,6.0
701892,5110,2022-08-02 17:48:42,Delivered,UPI,Bangalore,Karnataka,206479.38,0.0,4.0
701181,5166,2022-08-30 04:28:19,Delivered,EMI,Delhi,Delhi,12737.85,1273.79,1.0
703084,7443,2024-12-07 16:34:21,Pending,Credit Card,Kochi,Kerala,6594.46,1318.89,
701888,7242,2024-03-28 14:30:54,Delivered,Net Banking,Surat,Gujarat,51922.0,0.0,1.0
708817,6528,2024-03-04 14:06:52,Shipped,Cash on Delivery,Hyderabad,Telangana,35685.18,5352.78,
702725,6116,2026-01-01 14:27:03,Delivered,EMI,Jaipur,Rajasthan,41985.39,2099.27,5.0
708242,5565,2023-02-12 20:16:35,Shipped,Credit Card,Chennai,Tamil Nadu,25936.32,1296.82,
706070,5126,2024-11-20 08:42:48,Delivered,Credit Card,Nagpur,Maharashtra,17050.37,3410.07,4.0
703691,5735,2024-10-30 16:08:04,Returned,Net Banking,Hyderabad,Telangana,9650.91,482.55,
705679,6258,2023-09-13 09:25:58,Pending,Net Banking,Ranchi,Jharkhand,78096.28,11714.44,
706536,7570,2023-09-18 04:01:40,Delivered,EMI,Chandigarh,Chandigarh,33360.74,5004.11,7.0
704726,6684,2024-03-15 00:21:25,Delivered,Debit Card,Lucknow,Uttar Pradesh,38006.14,0.0,1.0
704792,5637,2024-10-14 05:39:13,Delivered,Net Banking,Surat,Gujarat,273132.12,40969.82,1.0
704678,7738,2025-04-14 06:51:07,Returned,Debit Card,Chennai,Tamil Nadu,226401.59,0.0,
707356,5862,2026-01-05 11:06:25,Delivered,Cash on Delivery,Ahmedabad,Gujarat,65069.8,3253.49,7.0
701727,7712,2024-06-24 19:48:07,Delivered,UPI,Delhi,Delhi,8378.02,837.8,3.0
704195,7266,2022-10-12 10:13:00,Cancelled,Debit Card,Ranchi,Jharkhand,50872.73,0.0,
702558,6051,2024-10-29 12:30:50,Delivered,Credit Card,Mumbai,Maharashtra,14366.58,2154.99,6.0
708906,5268,2025-01-17 15:49:27,Cancelled,Debit Card,Hyderabad,Telangana,2823.88,0.0,
700653,6562,2024-09-27 20:41:50,Delivered,Cash on Delivery,Nashik,Maharashtra,46689.18,0.0,6.0
702466,7171,2025-09-27 14:39:29,Pending,EMI,Patna,Bihar,4097.37,204.87,
705268,7561,2023-05-17 11:05:24,Delivered,UPI,Kochi,Kerala,67649.74,13529.95,2.0
708979,5810,2026-03-27 16:05:37,Pending,Net Banking,Mumbai,Maharashtra,289336.02,57867.2,
705059,5134,2024-11-26 07:35:14,Pending,Net Banking,Jaipur,Rajasthan,293040.75,14652.04,
703725,6253,2025-03-14 14:11:47,Pending,Credit Card,Kochi,Kerala,75668.12,0.0,
701963,6715,2024-07-10 07:19:33,Delivered,Cash on Delivery,Delhi,Delhi,26351.97,0.0,6.0
708190,7300,2023-01-10 06:23:56,Delivered,Net Banking,Patna,Bihar,10361.69,0.0,12.0
703647,7029,2024-06-05 07:59:06,Delivered,EMI,Kolkata,West Bengal,21311.05,0.0,2.0
707695,6145,2023-07-30 00:29:15,Delivered,Debit Card,Pune,Maharashtra,922.02,92.2,8.0
700352,6702,2023-02-06 22:21:34,Cancelled,Credit Card,Mumbai,Maharashtra,6897.64,344.88,
703668,5307,2023-05-01 14:30:47,Shipped,Net Banking,Indore,Madhya Pradesh,2321.82,0.0,
700728,6977,2026-02-25 18:11:46,Shipped,Credit Card,Patna,Bihar,52429.74,7864.46,
704422,7345,2024-10-19 03:43:58,Shipped,UPI,Kochi,Kerala,9595.88,479.79,
706406,6570,2023-01-27 14:40:22,Pending,Net Banking,Nashik,Maharashtra,262712.67,0.0,
708753,6595,2022-05-21 20:09:29,Delivered,Debit Card,Coimbatore,Tamil Nadu,6066.57,303.33,2.0
707467,5559,2022-01-18 11:17:35,Delivered,EMI,Bangalore,Karnataka,205830.68,0.0,10.0
704990,5466,2024-04-26 09:59:31,Returned,Debit Card,Ahmedabad,Gujarat,23953.58,4790.72,
703413,7882,2026-06-16 22:54:49,Delivered,Debit Card,Pune,Maharashtra,213167.91,31975.19,7.0
702085,6991,2023-06-02 07:33:21,Shipped,Credit Card,Pune,Maharashtra,49574.06,0.0,
702416,7284,2026-04-11 12:09:12,Returned,Credit Card,Pune,Maharashtra,9945.68,0.0,
705404,7015,2023-01-23 01:33:47,Shipped,Net Banking,Hyderabad,Telangana,113249.68,11324.97,
704007,7589,2022-08-12 12:46:46,Delivered,EMI,Nagpur,Maharashtra,22014.29,0.0,2.0
707095,6344,2023-12-02 07:56:51,Cancelled,Net Banking,Kolkata,West Bengal,28327.03,5665.41,
707715,5100,2024-08-04 09:10:27,Returned,Cash on Delivery,Pune,Maharashtra,163852.0,32770.4,
708909,7569,2024-08-27 19:22:15,Cancelled,Net Banking,Chennai,Tamil Nadu,110265.58,0.0,
700562,5807,2025-02-12 05:12:53,Delivered,Credit Card,Chennai,Tamil Nadu,90879.41,9087.94,3.0
702488,5199,2024-11-10 20:46:19,Delivered,Cash on Delivery,Bangalore,Karnataka,77949.97,3897.5,11.0
700826,5213,2023-04-30 15:42:11,Returned,Debit Card,Delhi,Delhi,11168.43,0.0,
705001,6256,2023-04-07 18:48:06,Delivered,Cash on Delivery,Bangalore,Karnataka,24888.51,0.0,8.0
704796,6352,2023-03-25 20:32:55,Pending,Net Banking,Bhopal,Madhya Pradesh,326568.77,0.0,
708469,5396,2024-01-01 08:38:57,Delivered,EMI,Surat,Gujarat,221968.88,11098.44,5.0
707725,7541,2022-03-01 09:28:01,Cancelled,EMI,Indore,Madhya Pradesh,18390.64,3678.13,
706547,7226,2023-11-16 21:30:47,Delivered,Cash on Delivery,Mumbai,Maharashtra,296148.31,59229.66,3.0
704310,7057,2025-08-01 21:20:46,Delivered,EMI,Bangalore,Karnataka,2514.3,251.43,1.0
707643,7284,2024-10-04 21:58:24,Pending,Cash on Delivery,Bangalore,Karnataka,55038.98,0.0,
705358,6401,2022-05-27 09:10:52,Delivered,EMI,Ranchi,Jharkhand,32215.84,0.0,6.0
704621,5556,2026-02-28 00:24:30,Delivered,Net Banking,Chennai,Tamil Nadu,342652.13,51397.82,5.0
707335,5264,2026-01-17 07:04:06,Delivered,UPI,Indore,Madhya Pradesh,300323.32,0.0,2.0
703807,7167,2025-07-16 21:58:30,Delivered,EMI,Nagpur,Maharashtra,651.47,0.0,12.0
703028,5190,2024-09-22 23:09:41,Delivered,EMI,Nagpur,Maharashtra,32662.72,6532.54,6.0
700223,6624,2022-04-19 07:38:20,Delivered,EMI,Delhi,Delhi,3402.8,170.14,5.0
700894,5983,2022-11-28 07:46:27,Delivered,Debit Card,Kolkata,West Bengal,1784.64,178.46,12.0
700832,7613,2023-03-31 08:23:51,Delivered,Cash on Delivery,Mumbai,Maharashtra,3259.86,488.98,3.0
701936,7814,2022-09-07 11:45:17,Delivered,UPI,Nashik,Maharashtra,11718.75,0.0,12.0
701929,6801,2025-08-28 16:18:07,Cancelled,Credit Card,Bangalore,Karnataka,52469.95,0.0,
702752,5617,2025-08-14 07:23:38,Pending,Cash on Delivery,Kochi,Kerala,1614.27,161.43,
701719,5422,2022-12-12 14:39:28,Delivered,UPI,Chennai,Tamil Nadu,42478.87,0.0,5.0
707298,6809,2025-11-28 05:36:39,Delivered,Debit Card,Chennai,Tamil Nadu,266709.12,13335.46,9.0
704978,7461,2023-05-10 09:02:45,Delivered,EMI,Coimbatore,Tamil Nadu,16340.92,1634.09,6.0
705636,5493,2024-10-15 03:10:05,Shipped,Debit Card,Ahmedabad,Gujarat,70616.17,10592.43,
708248,6242,2025-05-20 03:37:56,Delivered,Debit Card,Patna,Bihar,372.66,74.53,1.0
707248,6594,2026-07-07 06:17:33,Pending,Cash on Delivery,Mumbai,Maharashtra,132305.17,26461.03,
706569,6344,2025-04-08 17:25:05,Delivered,EMI,Chennai,Tamil Nadu,1737.95,347.59,11.0
702357,5134,2023-03-05 20:21:31,Delivered,Credit Card,Indore,Madhya Pradesh,71636.72,0.0,8.0
703323,5053,2025-09-07 01:04:10,Delivered,Credit Card,Pune,Maharashtra,19284.85,0.0,10.0
700494,5071,2022-11-04 11:39:06,Delivered,Credit Card,Bangalore,Karnataka,15093.54,1509.35,6.0
706387,7737,2023-11-07 03:38:12,Pending,EMI,Chandigarh,Chandigarh,93405.4,14010.81,
707783,5682,2025-08-26 22:10:06,Shipped,Credit Card,Bhopal,Madhya Pradesh,6162.21,616.22,
704316,5317,2024-04-24 00:23:53,Pending,UPI,Ahmedabad,Gujarat,13228.49,2645.7,
703064,6569,2022-09-15 15:18:27,Delivered,Credit Card,Coimbatore,Tamil Nadu,615.89,92.38,5.0
702106,7315,2025-08-22 05:20:09,Delivered,Net Banking,Jaipur,Rajasthan,89728.23,8972.82,10.0
701864,5139,2025-03-17 15:31:39,Cancelled,UPI,Lucknow,Uttar Pradesh,129791.04,19468.66,
706649,7726,2022-03-09 15:57:43,Shipped,Debit Card,Ahmedabad,Gujarat,84233.6,0.0,
700165,6961,2023-08-20 22:42:17,Delivered,UPI,Delhi,Delhi,2402.55,360.38,6.0
705010,5698,2024-12-01 09:12:04,Delivered,Net Banking,Jaipur,Rajasthan,57195.94,0.0,3.0
708431,5145,2025-09-17 08:50:53,Pending,Debit Card,Ahmedabad,Gujarat,24822.02,1241.1,
702055,7706,2022-03-06 17:01:18,Returned,Credit Card,Chennai,Tamil Nadu,271088.68,27108.87,
704504,6374,2023-01-10 00:26:12,Delivered,EMI,Kochi,Kerala,202522.44,0.0,7.0
701879,5771,2025-02-14 18:33:46,Cancelled,Net Banking,Kolkata,West Bengal,95559.27,0.0,
701998,6470,2024-11-18 07:19:39,Cancelled,Credit Card,Hyderabad,Telangana,380753.7,57113.06,
707450,6086,2025-04-07 16:23:11,Delivered,Debit Card,Indore,Madhya Pradesh,19073.89,2861.08,6.0
708147,7848,2022-02-17 23:02:29,Cancelled,EMI,Nagpur,Maharashtra,4949.46,0.0,
701404,5169,2023-06-21 22:37:34,Pending,UPI,Chandigarh,Chandigarh,3711.49,0.0,
706035,5515,2022-09-30 21:31:47,Delivered,Debit Card,Patna,Bihar,361689.99,54253.5,6.0
708375,6222,2023-03-31 21:17:09,Returned,Cash on Delivery,Nagpur,Maharashtra,18058.28,2708.74,
703791,7747,2023-04-24 21:15:20,Delivered,UPI,Hyderabad,Telangana,54360.57,10872.11,8.0
704541,7572,2026-04-28 12:35:42,Delivered,UPI,Nashik,Maharashtra,297071.97,14853.6,10.0
707393,6853,2024-01-28 03:28:48,Shipped,Cash on Delivery,Hyderabad,Telangana,15804.33,0.0,
704657,7632,2022-09-18 08:12:50,Cancelled,Debit Card,Nashik,Maharashtra,107289.43,16093.41,
702660,5093,2024-11-24 00:43:26,Delivered,Credit Card,Bhopal,Madhya Pradesh,11575.0,2315.0,6.0
701838,6825,2022-01-05 05:18:55,Delivered,Cash on Delivery,Kolkata,West Bengal,47736.58,9547.32,8.0
706167,5991,2024-01-29 19:07:48,Delivered,EMI,Nagpur,Maharashtra,4797.94,239.9,1.0
701053,6819,2025-07-29 00:15:52,Cancelled,UPI,Pune,Maharashtra,57982.91,5798.29,
706850,7530,2024-01-29 02:29:37,Pending,Net Banking,Hyderabad,Telangana,1168.47,175.27,
702425,6021,2026-01-08 09:51:31,Delivered,Debit Card,Chandigarh,Chandigarh,13236.27,661.81,7.0
703516,5471,2024-03-12 20:20:35,Delivered,Net Banking,Mumbai,Maharashtra,15005.31,3001.06,10.0
700535,5211,2025-03-03 15:40:26,Delivered,Cash on Delivery,Kolkata,West Bengal,10473.9,2094.78,5.0
706148,5043,2025-12-03 11:42:31,Delivered,Credit Card,Ahmedabad,Gujarat,5679.48,567.95,10.0
705177,7752,2026-07-02 04:53:54,Delivered,Credit Card,Delhi,Delhi,35921.37,0.0,9.0
707495,6754,2022-04-05 16:44:58,Pending,Credit Card,Delhi,Delhi,1212.27,242.45,
703206,6797,2024-06-02 17:16:17,Delivered,UPI,Surat,Gujarat,196400.12,39280.02,4.0
708620,7833,2023-04-02 21:23:36,Returned,Credit Card,Pune,Maharashtra,180166.03,18016.6,
708120,7866,2025-10-11 10:30:16,Pending,UPI,Lucknow,Uttar Pradesh,41876.31,4187.63,
703718,7158,2025-03-15 07:12:43,Delivered,Credit Card,Delhi,Delhi,73456.78,7345.68,2.0
703493,7340,2026-03-01 22:44:21,Shipped,EMI,Hyderabad,Telangana,25267.12,2526.71,
706256,7936,2023-06-08 17:20:09,Delivered,EMI,Coimbatore,Tamil Nadu,15398.49,1539.85,10.0
707842,7715,2024-07-30 10:47:09,Delivered,UPI,Ahmedabad,Gujarat,126848.28,6342.41,1.0
705397,5763,2024-11-11 23:21:47,Pending,UPI,Ahmedabad,Gujarat,11877.62,593.88,
708822,7077,2022-06-02 01:04:11,Pending,Credit Card,Kochi,Kerala,2731.26,136.56,
703653,6715,2023-04-22 16:35:31,Cancelled,EMI,Patna,Bihar,1672.78,0.0,
701256,6834,2024-04-25 11:14:04,Delivered,EMI,Chandigarh,Chandigarh,43108.15,4310.82,3.0
704450,5632,2022-10-11 04:11:14,Delivered,Cash on Delivery,Ahmedabad,Gujarat,289.77,57.95,9.0
707925,6958,2024-09-17 05:17:24,Returned,UPI,Pune,Maharashtra,11337.11,0.0,
708580,5625,2025-03-29 13:28:34,Pending,Credit Card,Ranchi,Jharkhand,686.4,102.96,
704578,7804,2022-08-02 09:54:45,Delivered,EMI,Nagpur,Maharashtra,19677.12,2951.57,9.0
708388,6127,2022-01-07 17:21:29,Cancelled,Credit Card,Nagpur,Maharashtra,44575.42,6686.31,
706169,6718,2025-03-23 00:03:57,Cancelled,Debit Card,Hyderabad,Telangana,248319.67,0.0,
707950,5744,2025-11-30 15:14:39,Delivered,Credit Card,Ahmedabad,Gujarat,20565.22,4113.04,6.0
700473,7499,2022-05-07 23:36:57,Delivered,Credit Card,Mumbai,Maharashtra,7516.0,375.8,5.0
708082,7906,2026-04-08 17:39:38,Delivered,EMI,Chandigarh,Chandigarh,20612.79,4122.56,7.0
703614,6134,2025-09-27 04:43:07,Delivered,Cash on Delivery,Kolkata,West Bengal,152592.16,0.0,12.0
703775,5891,2024-04-11 20:12:28,Delivered,Credit Card,Chandigarh,Chandigarh,1819.0,0.0,5.0
703491,6882,2025-05-26 18:25:51,Delivered,Credit Card,Bhopal,Madhya Pradesh,30203.26,6040.65,10.0
700265,6342,2026-04-08 04:44:21,Delivered,Net Banking,Ahmedabad,Gujarat,262601.46,52520.29,2.0
703352,5306,2025-07-28 21:59:01,Delivered,Cash on Delivery,Bangalore,Karnataka,131602.43,19740.36,1.0
707333,5875,2024-12-12 22:19:45,Delivered,Cash on Delivery,Hyderabad,Telangana,41803.84,4180.38,5.0
708134,5441,2022-04-16 09:11:28,Delivered,Cash on Delivery,Patna,Bihar,370.02,55.5,3.0
706572,6734,2022-03-24 23:39:11,Cancelled,UPI,Chennai,Tamil Nadu,6833.99,0.0,
706566,6715,2025-02-02 10:40:52,Delivered,UPI,Nashik,Maharashtra,108462.77,0.0,12.0
703191,5012,2023-09-11 23:27:01,Delivered,EMI,Lucknow,Uttar Pradesh,179281.22,0.0,9.0
701688,7457,2024-08-23 11:34:40,Returned,EMI,Jaipur,Rajasthan,70023.97,3501.2,
708189,5094,2023-04-28 01:21:19,Delivered,Credit Card,Bhopal,Madhya Pradesh,55766.12,2788.31,2.0
703288,6266,2025-11-14 13:10:43,Delivered,Debit Card,Kochi,Kerala,37656.08,0.0,3.0
704072,6251,2025-10-17 20:19:49,Returned,Net Banking,Coimbatore,Tamil Nadu,2132.54,426.51,
701010,6128,2022-02-27 18:14:34,Delivered,Credit Card,Mumbai,Maharashtra,480.9,24.05,8.0
700092,6063,2022-06-15 20:03:33,Delivered,Debit Card,Indore,Madhya Pradesh,21059.61,0.0,11.0
705956,5097,2025-04-14 19:43:32,Delivered,EMI,Indore,Madhya Pradesh,22903.88,4580.78,12.0
702107,6375,2022-05-25 06:43:57,Delivered,Debit Card,Lucknow,Uttar Pradesh,86368.55,4318.43,5.0
703703,7247,2022-03-15 00:49:31,Delivered,Credit Card,Delhi,Delhi,33186.77,0.0,1.0
702010,5442,2023-04-14 16:42:45,Pending,Cash on Delivery,Nagpur,Maharashtra,16147.57,0.0,
700571,5201,2026-06-26 17:02:34,Cancelled,Debit Card,Patna,Bihar,90502.49,0.0,
705967,5057,2025-10-28 07:37:18,Delivered,Debit Card,Patna,Bihar,211096.58,0.0,2.0
702344,7544,2024-07-29 10:49:36,Cancelled,Cash on Delivery,Jaipur,Rajasthan,254101.55,0.0,
703622,6966,2022-11-02 09:17:25,Delivered,Cash on Delivery,Patna,Bihar,1673.18,0.0,5.0
707971,5624,2025-05-13 15:21:55,Pending,Net Banking,Mumbai,Maharashtra,143297.46,21494.62,
703740,5855,2023-04-10 14:17:31,Delivered,EMI,Lucknow,Uttar Pradesh,157355.67,15735.57,10.0
702403,5953,2025-11-20 15:49:28,Delivered,Credit Card,Kolkata,West Bengal,12389.56,1858.43,11.0
706051,5431,2025-07-19 12:48:51,Returned,EMI,Bhopal,Madhya Pradesh,105532.58,5276.63,
703677,7616,2023-05-16 08:35:19,Shipped,Credit Card,Delhi,Delhi,18993.53,2849.03,
705033,5894,2026-05-28 22:31:56,Delivered,Debit Card,Nashik,Maharashtra,129179.86,19376.98,8.0
708048,5213,2022-09-19 01:03:59,Delivered,EMI,Delhi,Delhi,15660.95,1566.1,3.0
701637,7837,2025-01-16 06:25:32,Shipped,UPI,Delhi,Delhi,239906.91,23990.69,
707774,6768,2023-09-20 10:52:45,Delivered,EMI,Ranchi,Jharkhand,145054.8,0.0,10.0
707852,6277,2022-06-24 12:10:43,Returned,Net Banking,Indore,Madhya Pradesh,5888.69,0.0,
706402,5100,2022-11-22 06:33:17,Pending,UPI,Indore,Madhya Pradesh,119814.06,0.0,
701176,7600,2023-09-15 12:51:10,Returned,Net Banking,Lucknow,Uttar Pradesh,8119.84,405.99,
701090,7286,2022-08-11 22:32:15,Delivered,Cash on Delivery,Coimbatore,Tamil Nadu,77042.48,11556.37,4.0
706281,6492,2025-06-15 07:17:07,Delivered,UPI,Lucknow,Uttar Pradesh,2576.46,386.47,10.0
708280,5589,2026-02-14 08:29:08,Delivered,EMI,Pune,Maharashtra,226722.51,34008.38,11.0
701264,6961,2022-02-18 02:33:31,Delivered,EMI,Nashik,Maharashtra,2514.3,0.0,4.0
707660,5471,2024-06-05 01:15:15,Shipped,Net Banking,Lucknow,Uttar Pradesh,19484.62,2922.69,
702657,7653,2023-12-10 14:26:35,Cancelled,Credit Card,Pune,Maharashtra,7069.29,0.0,
708870,7502,2026-02-07 11:30:08,Delivered,EMI,Chennai,Tamil Nadu,8433.91,0.0,2.0
707637,6007,2022-11-19 11:03:34,Delivered,Cash on Delivery,Delhi,Delhi,76307.14,0.0,5.0
706840,5784,2025-02-10 09:43:32,Delivered,Debit Card,Pune,Maharashtra,320851.3,0.0,8.0
708792,5794,2025-05-20 00:25:52,Delivered,Net Banking,Nashik,Maharashtra,43121.37,0.0,4.0
706623,5696,2023-09-09 15:18:08,Cancelled,Credit Card,Nagpur,Maharashtra,13307.41,665.37,
703838,5619,2024-10-26 19:24:46,Shipped,Debit Card,Nashik,Maharashtra,22231.63,0.0,
700492,5193,2024-08-09 01:41:09,Cancelled,Cash on Delivery,Lucknow,Uttar Pradesh,79589.13,11938.37,
708791,6828,2026-01-26 13:18:37,Pending,UPI,Delhi,Delhi,270928.65,40639.3,
703921,5610,2024-01-05 23:22:35,Shipped,Debit Card,Lucknow,Uttar Pradesh,332125.63,0.0,
700707,5608,2024-11-09 16:08:06,Delivered,EMI,Ranchi,Jharkhand,95764.25,14364.64,11.0
704133,7149,2022-08-19 07:21:04,Shipped,Net Banking,Chandigarh,Chandigarh,175823.16,0.0,
700210,7400,2025-10-13 09:40:55,Returned,Debit Card,Patna,Bihar,18541.52,0.0,
708274,7552,2026-06-14 15:25:37,Delivered,EMI,Bhopal,Madhya Pradesh,33764.41,3376.44,8.0
703159,5717,2024-04-19 18:12:58,Returned,Debit Card,Lucknow,Uttar Pradesh,3856.8,0.0,
700684,6900,2024-06-29 12:00:07,Shipped,Credit Card,Surat,Gujarat,699.08,69.91,
706468,6218,2026-01-26 03:30:12,Pending,Debit Card,Nashik,Maharashtra,90804.97,18160.99,
701021,7731,2025-07-29 15:02:15,Delivered,EMI,Ranchi,Jharkhand,170618.47,25592.77,8.0
700589,6364,2022-04-07 17:50:45,Shipped,Debit Card,Bangalore,Karnataka,281211.99,0.0,
705477,6175,2023-06-16 00:48:49,Pending,EMI,Chennai,Tamil Nadu,35636.48,0.0,
700068,7232,2025-07-31 13:46:09,Delivered,Net Banking,Mumbai,Maharashtra,27430.6,5486.12,7.0
704717,7670,2026-03-25 00:18:28,Returned,Debit Card,Kochi,Kerala,17356.93,2603.54,
700045,5066,2022-12-20 16:45:24,Delivered,UPI,Kolkata,West Bengal,1331.76,0.0,12.0
706300,7977,2023-08-07 12:53:31,Shipped,Credit Card,Pune,Maharashtra,6964.09,1392.82,
702749,6988,2023-05-13 09:34:54,Cancelled,Credit Card,Bangalore,Karnataka,23890.62,1194.53,
700289,7178,2022-04-15 20:57:08,Delivered,Debit Card,Chandigarh,Chandigarh,9618.39,1923.68,9.0
707500,7911,2026-06-29 05:55:40,Delivered,UPI,Coimbatore,Tamil Nadu,20768.66,4153.73,4.0
702982,5760,2022-09-20 12:18:14,Delivered,EMI,Nagpur,Maharashtra,9100.52,0.0,4.0
707483,6167,2022-03-23 00:13:20,Returned,EMI,Kochi,Kerala,40400.3,4040.03,
701799,5903,2025-01-19 05:11:38,Delivered,Cash on Delivery,Delhi,Delhi,39582.56,7916.51,2.0
703486,6020,2023-11-06 01:36:22,Returned,Credit Card,Pune,Maharashtra,1040.55,52.03,
705108,6268,2022-09-23 21:39:27,Delivered,UPI,Coimbatore,Tamil Nadu,72107.56,14421.51,6.0
707902,6772,2022-04-17 19:39:34,Shipped,UPI,Delhi,Delhi,4682.11,234.11,
701502,7535,2024-10-16 19:34:50,Delivered,Net Banking,Coimbatore,Tamil Nadu,9124.02,1824.8,12.0
705454,6834,2022-03-06 18:41:42,Returned,Cash on Delivery,Hyderabad,Telangana,4347.6,652.14,
703415,5264,2026-02-11 11:59:04,Delivered,Debit Card,Delhi,Delhi,111869.72,5593.49,2.0
705054,5160,2023-07-27 22:07:17,Delivered,Net Banking,Nagpur,Maharashtra,186273.16,0.0,10.0
706912,6542,2023-10-08 02:54:11,Cancelled,EMI,Coimbatore,Tamil Nadu,112347.86,22469.57,
700280,7988,2022-12-04 05:45:31,Shipped,Net Banking,Jaipur,Rajasthan,167046.47,33409.29,
707648,5929,2022-07-22 06:26:12,Cancelled,Cash on Delivery,Mumbai,Maharashtra,8745.23,1311.78,
702231,5133,2022-07-04 02:10:28,Returned,Debit Card,Bhopal,Madhya Pradesh,126030.39,0.0,
706246,5655,2025-03-04 10:41:15,Delivered,Cash on Delivery,Patna,Bihar,29685.68,0.0,8.0
700677,7965,2023-05-30 13:28:39,Delivered,Credit Card,Ranchi,Jharkhand,28424.43,0.0,11.0
703844,7063,2022-11-01 19:58:33,Delivered,EMI,Surat,Gujarat,57272.79,8590.92,11.0
700761,6328,2022-09-22 01:31:51,Delivered,Cash on Delivery,Kochi,Kerala,339970.45,67994.09,11.0
707180,5788,2022-07-14 11:48:40,Delivered,EMI,Pune,Maharashtra,27133.54,2713.35,12.0
703276,7578,2023-02-03 21:56:35,Delivered,Debit Card,Bangalore,Karnataka,10273.17,513.66,2.0
700569,5231,2022-09-28 22:35:02,Returned,Credit Card,Hyderabad,Telangana,1795.34,89.77,
707547,5122,2025-10-26 21:18:05,Returned,Credit Card,Lucknow,Uttar Pradesh,150324.08,30064.82,
702639,7182,2024-10-21 00:28:05,Shipped,Debit Card,Coimbatore,Tamil Nadu,810.51,40.53,
708380,5440,2023-02-23 00:00:55,Returned,Debit Card,Kochi,Kerala,4113.09,411.31,
706460,5651,2024-07-11 20:27:34,Shipped,EMI,Lucknow,Uttar Pradesh,14281.57,1428.16,
707708,6009,2022-06-22 09:30:31,Returned,Credit Card,Chennai,Tamil Nadu,36548.94,5482.34,
708608,7375,2026-01-30 01:08:46,Returned,Credit Card,Jaipur,Rajasthan,51750.22,0.0,
705085,5337,2023-10-11 22:05:21,Delivered,Cash on Delivery,Mumbai,Maharashtra,1799.52,89.98,7.0
702693,5355,2023-07-30 02:32:39,Delivered,UPI,Mumbai,Maharashtra,12737.85,1910.68,1.0
703737,5160,2022-07-02 07:52:18,Delivered,EMI,Pune,Maharashtra,36826.55,5523.98,3.0
703880,7199,2025-08-06 12:22:43,Delivered,Credit Card,Chandigarh,Chandigarh,3466.58,346.66,2.0
706247,6003,2025-02-07 00:58:53,Delivered,Credit Card,Kolkata,West Bengal,358.66,53.8,12.0
707276,5374,2022-01-07 12:28:38,Cancelled,UPI,Jaipur,Rajasthan,29530.17,0.0,
703319,7484,2023-12-19 14:02:09,Shipped,Net Banking,Jaipur,Rajasthan,2447.39,489.48,
701048,7642,2024-11-25 22:04:02,Cancelled,Debit Card,Jaipur,Rajasthan,20470.85,4094.17,
704971,7644,2026-06-10 13:09:05,Returned,Credit Card,Bangalore,Karnataka,167797.6,0.0,
704802,5215,2025-04-17 08:33:26,Delivered,Cash on Delivery,Chandigarh,Chandigarh,61341.13,0.0,7.0
707321,7955,2025-09-13 02:25:46,Delivered,Net Banking,Ranchi,Jharkhand,7796.1,1169.41,12.0
703007,5651,2025-01-06 23:27:40,Delivered,EMI,Nashik,Maharashtra,23785.7,1189.29,12.0
702526,5398,2023-03-28 04:29:58,Delivered,EMI,Mumbai,Maharashtra,126365.65,25273.13,2.0
700855,6353,2025-06-26 22:18:09,Delivered,Credit Card,Mumbai,Maharashtra,295910.7,44386.61,8.0
702620,7366,2023-01-17 11:40:37,Pending,Credit Card,Bangalore,Karnataka,300278.81,0.0,
701608,6638,2024-07-27 21:38:05,Delivered,EMI,Kolkata,West Bengal,4819.44,481.94,5.0
707126,7282,2023-01-04 08:09:51,Delivered,Net Banking,Chandigarh,Chandigarh,55826.82,0.0,10.0
705698,7563,2026-05-03 06:42:33,Returned,UPI,Delhi,Delhi,28721.84,5744.37,
702610,6839,2023-01-27 09:41:49,Delivered,Cash on Delivery,Nashik,Maharashtra,10909.96,1636.49,7.0
707334,7779,2023-01-07 18:53:02,Pending,EMI,Jaipur,Rajasthan,12872.04,2574.41,
700428,5617,2024-12-16 16:24:41,Pending,EMI,Pune,Maharashtra,13928.31,1392.83,
700074,6900,2022-10-24 22:23:53,Delivered,Debit Card,Ahmedabad,Gujarat,24779.12,0.0,5.0
704584,6012,2024-05-12 21:05:30,Returned,Net Banking,Delhi,Delhi,60101.6,0.0,
706241,5344,2024-10-29 14:44:11,Cancelled,EMI,Mumbai,Maharashtra,209111.13,10455.56,
707319,6656,2022-12-26 03:40:34,Cancelled,Net Banking,Patna,Bihar,193237.18,0.0,
706733,6662,2022-12-06 14:28:05,Delivered,Cash on Delivery,Pune,Maharashtra,69537.28,13907.46,12.0
702815,7035,2022-07-14 10:40:50,Delivered,Net Banking,Hyderabad,Telangana,12195.97,2439.19,8.0
705317,7444,2026-02-05 21:19:45,Cancelled,Debit Card,Ranchi,Jharkhand,16642.0,0.0,
708464,7526,2024-02-02 21:32:01,Cancelled,Debit Card,Kolkata,West Bengal,99881.65,0.0,
706835,5028,2022-05-20 21:59:02,Cancelled,Credit Card,Surat,Gujarat,77937.24,0.0,
705499,5684,2022-07-24 10:41:53,Delivered,Cash on Delivery,Patna,Bihar,111561.72,0.0,1.0
702679,5234,2024-05-05 21:14:40,Shipped,Credit Card,Surat,Gujarat,253251.06,50650.21,
701607,7113,2025-08-23 05:01:47,Cancelled,UPI,Coimbatore,Tamil Nadu,3208.73,0.0,
700103,7378,2022-01-21 11:21:20,Cancelled,Credit Card,Nagpur,Maharashtra,143868.36,28773.67,
703111,5467,2024-03-28 10:20:29,Delivered,Cash on Delivery,Chandigarh,Chandigarh,15677.84,2351.68,9.0
701403,6020,2026-05-05 22:35:14,Delivered,EMI,Delhi,Delhi,49906.1,0.0,2.0
706115,5857,2025-03-07 22:43:51,Delivered,Net Banking,Kochi,Kerala,31373.56,4706.03,10.0
704741,7759,2024-12-22 12:44:13,Shipped,Cash on Delivery,Hyderabad,Telangana,186805.91,0.0,
700431,7984,2022-09-10 03:41:02,Delivered,Net Banking,Ahmedabad,Gujarat,2263.43,113.17,9.0
700701,7445,2024-04-02 21:22:34,Shipped,Net Banking,Pune,Maharashtra,4871.2,730.68,
706209,5561,2022-04-08 12:08:08,Delivered,Cash on Delivery,Surat,Gujarat,113758.26,5687.91,12.0
706543,6163,2022-06-22 02:52:07,Shipped,Debit Card,Ranchi,Jharkhand,93509.07,9350.91,
706748,5746,2022-05-12 01:25:58,Pending,Net Banking,Mumbai,Maharashtra,39464.66,3946.47,
707836,7372,2025-06-08 15:44:37,Returned,UPI,Chennai,Tamil Nadu,194171.5,0.0,
700091,5818,2024-01-04 03:11:49,Delivered,Net Banking,Coimbatore,Tamil Nadu,152687.47,0.0,1.0
708801,7625,2022-12-08 21:50:47,Delivered,Cash on Delivery,Ranchi,Jharkhand,124089.52,0.0,12.0
708109,7860,2024-09-16 00:17:18,Delivered,EMI,Mumbai,Maharashtra,2330.12,233.01,4.0
700232,7403,2024-08-01 09:55:40,Delivered,Debit Card,Patna,Bihar,10380.45,1557.07,4.0
701678,5774,2023-06-14 20:40:09,Delivered,UPI,Bhopal,Madhya Pradesh,17677.38,883.87,11.0
704784,6554,2026-01-21 20:03:45,Delivered,Net Banking,Bangalore,Karnataka,24362.48,0.0,9.0
701817,7989,2022-12-31 16:45:15,Delivered,Net Banking,Chandigarh,Chandigarh,24310.73,0.0,1.0
702641,5712,2025-02-17 01:21:07,Delivered,EMI,Kochi,Kerala,6681.92,668.19,6.0
703861,7500,2022-07-20 04:23:40,Cancelled,UPI,Indore,Madhya Pradesh,18644.19,1864.42,
704164,5765,2024-12-14 02:11:54,Cancelled,Debit Card,Jaipur,Rajasthan,343699.57,34369.96,
708545,7699,2022-08-29 07:59:22,Returned,EMI,Bangalore,Karnataka,21056.11,0.0,
708940,5957,2022-07-06 16:20:08,Delivered,Credit Card,Bhopal,Madhya Pradesh,28774.21,2877.42,11.0
706219,5699,2024-03-28 13:27:50,Pending,Net Banking,Bhopal,Madhya Pradesh,97653.3,0.0,
708024,7676,2023-05-06 08:33:07,Returned,Cash on Delivery,Hyderabad,Telangana,2368.39,473.68,
701960,5078,2024-11-24 07:56:49,Cancelled,EMI,Bangalore,Karnataka,7453.15,0.0,
703558,6730,2022-09-19 14:30:16,Delivered,Cash on Delivery,Mumbai,Maharashtra,118782.94,17817.44,8.0
701883,7568,2024-06-20 09:01:37,Delivered,Net Banking,Kochi,Kerala,281641.26,28164.13,4.0
708419,7173,2025-05-06 10:22:54,Pending,UPI,Coimbatore,Tamil Nadu,18484.59,2772.69,
706531,7707,2024-11-06 18:26:36,Returned,EMI,Ranchi,Jharkhand,9178.49,0.0,
704263,6635,2023-06-05 02:50:04,Shipped,Debit Card,Ranchi,Jharkhand,1159.08,231.82,
704850,6364,2025-01-08 07:08:09,Delivered,UPI,Indore,Madhya Pradesh,21632.92,1081.65,5.0
703177,5872,2024-10-16 03:36:18,Cancelled,UPI,Ranchi,Jharkhand,194221.21,0.0,
706276,5243,2022-02-28 12:36:42,Pending,UPI,Lucknow,Uttar Pradesh,210996.35,42199.27,
706545,5706,2022-12-11 22:43:51,Delivered,Cash on Delivery,Coimbatore,Tamil Nadu,2602.4,0.0,1.0
707075,6343,2022-02-22 23:47:42,Shipped,Credit Card,Chandigarh,Chandigarh,3942.16,197.11,
703172,6390,2022-11-29 22:26:47,Delivered,UPI,Lucknow,Uttar Pradesh,7509.3,375.46,6.0
702473,7020,2024-09-01 15:04:56,Delivered,Net Banking,Pune,Maharashtra,9665.34,1933.07,7.0
700791,5964,2023-09-01 10:39:22,Pending,Debit Card,Delhi,Delhi,162343.76,16234.38,
704386,7707,2026-03-07 15:20:24,Returned,Debit Card,Lucknow,Uttar Pradesh,282979.79,0.0,
704740,6695,2022-04-21 09:57:34,Delivered,UPI,Patna,Bihar,19634.43,0.0,9.0
703482,5282,2023-04-25 17:15:16,Delivered,Cash on Delivery,Indore,Madhya Pradesh,249779.86,24977.99,6.0
700934,6991,2025-05-30 06:48:03,Delivered,Credit Card,Coimbatore,Tamil Nadu,118336.12,5916.81,5.0
701378,5975,2023-01-14 17:22:15,Returned,Credit Card,Mumbai,Maharashtra,9385.92,1407.89,
702813,5982,2023-07-26 13:33:36,Delivered,Credit Card,Bangalore,Karnataka,138962.71,13896.27,7.0
706611,7750,2026-03-04 22:53:28,Delivered,Cash on Delivery,Indore,Madhya Pradesh,8229.64,0.0,6.0
700267,7293,2022-10-29 13:00:45,Delivered,Cash on Delivery,Mumbai,Maharashtra,83283.78,0.0,7.0
702154,7869,2025-07-13 22:12:57,Delivered,Debit Card,Chennai,Tamil Nadu,105608.27,5280.41,5.0
703776,6147,2022-09-28 00:16:07,Shipped,Credit Card,Nashik,Maharashtra,245061.78,24506.18,
705846,7703,2023-09-01 14:34:21,Delivered,EMI,Ahmedabad,Gujarat,133674.38,26734.88,8.0
702809,7439,2022-11-26 10:35:50,Pending,Debit Card,Nashik,Maharashtra,13150.16,2630.03,
704638,7161,2024-11-23 08:08:02,Delivered,Cash on Delivery,Coimbatore,Tamil Nadu,294480.49,14724.02,4.0
706681,7720,2026-03-22 03:13:02,Delivered,UPI,Lucknow,Uttar Pradesh,16162.78,808.14,8.0
701805,7784,2022-01-25 23:18:51,Delivered,UPI,Jaipur,Rajasthan,222331.44,44466.29,9.0
704810,6099,2024-04-07 00:52:20,Cancelled,EMI,Delhi,Delhi,4620.67,231.03,
704269,7498,2023-06-25 05:38:19,Delivered,UPI,Jaipur,Rajasthan,56522.16,8478.32,7.0
701679,7240,2026-02-21 07:08:32,Returned,Debit Card,Chennai,Tamil Nadu,41756.04,8351.21,
702071,5227,2024-05-02 23:11:55,Delivered,Net Banking,Hyderabad,Telangana,8824.18,0.0,9.0
703745,6985,2026-02-22 05:03:38,Cancelled,Net Banking,Coimbatore,Tamil Nadu,254652.42,25465.24,
704082,6372,2023-01-28 13:49:01,Delivered,UPI,Jaipur,Rajasthan,141360.93,0.0,7.0
700979,6378,2022-08-31 08:39:26,Delivered,Net Banking,Bangalore,Karnataka,183144.33,27471.65,2.0
704814,7479,2023-07-13 00:40:44,Delivered,Credit Card,Pune,Maharashtra,6092.12,913.82,9.0
707381,7683,2022-09-29 07:48:20,Delivered,Debit Card,Chennai,Tamil Nadu,90522.02,9052.2,4.0
707919,7387,2022-10-30 22:52:17,Returned,UPI,Nagpur,Maharashtra,23664.36,3549.65,
707731,6567,2023-07-03 16:13:58,Delivered,Net Banking,Nagpur,Maharashtra,30500.49,6100.1,5.0
706820,7092,2023-03-01 15:14:18,Shipped,Cash on Delivery,Bhopal,Madhya Pradesh,228549.65,0.0,
708392,7472,2023-10-04 10:41:08,Delivered,Net Banking,Chennai,Tamil Nadu,2753.44,137.67,12.0
704359,5971,2025-12-20 22:28:48,Cancelled,UPI,Lucknow,Uttar Pradesh,196499.06,0.0,
707562,5347,2023-04-20 01:20:10,Shipped,UPI,Lucknow,Uttar Pradesh,21981.48,3297.22,
707631,6652,2022-04-22 16:03:10,Delivered,Debit Card,Ahmedabad,Gujarat,35132.96,1756.65,10.0
708739,7507,2024-04-03 06:10:53,Delivered,Debit Card,Chennai,Tamil Nadu,482.81,96.56,10.0
705191,6174,2024-01-11 17:52:48,Delivered,Debit Card,Delhi,Delhi,33074.44,4961.17,12.0
705137,6377,2024-01-24 15:33:49,Returned,EMI,Nashik,Maharashtra,14462.57,723.13,
700081,5080,2022-06-20 23:55:31,Cancelled,Cash on Delivery,Patna,Bihar,66269.04,0.0,
708843,6705,2022-05-11 03:16:43,Delivered,Credit Card,Ranchi,Jharkhand,40832.92,0.0,4.0
707838,6922,2022-10-17 07:46:20,Pending,Credit Card,Coimbatore,Tamil Nadu,170220.62,0.0,
701588,5228,2025-12-06 18:34:09,Delivered,Credit Card,Nagpur,Maharashtra,85914.12,12887.12,11.0
706879,5471,2024-10-26 04:45:21,Delivered,Cash on Delivery,Bhopal,Madhya Pradesh,18801.92,2820.29,1.0
703746,7928,2022-07-05 08:31:32,Cancelled,Net Banking,Indore,Madhya Pradesh,110517.08,22103.42,
708146,5039,2025-06-02 21:57:52,Delivered,Credit Card,Mumbai,Maharashtra,15080.74,3016.15,1.0
705489,7737,2026-02-15 00:14:08,Cancelled,EMI,Coimbatore,Tamil Nadu,276396.09,27639.61,
707857,7981,2025-02-07 17:12:46,Delivered,Credit Card,Chennai,Tamil Nadu,47978.52,7196.78,11.0
706560,7952,2023-03-21 07:47:55,Pending,Net Banking,Ahmedabad,Gujarat,35368.99,5305.35,
708532,5878,2024-12-12 23:01:19,Delivered,Credit Card,Ranchi,Jharkhand,47364.72,7104.71,8.0
703882,7816,2023-04-04 01:14:48,Cancelled,EMI,Pune,Maharashtra,239755.78,47951.16,
706936,5613,2023-06-05 00:44:36,Returned,EMI,Chennai,Tamil Nadu,63470.7,12694.14,
703864,7940,2025-11-10 20:53:20,Shipped,Debit Card,Surat,Gujarat,1142.34,228.47,
707443,7594,2025-08-02 09:41:54,Returned,UPI,Nagpur,Maharashtra,10328.03,0.0,
702439,6421,2023-02-12 15:45:00,Delivered,UPI,Bangalore,Karnataka,7005.47,0.0,7.0
703981,6107,2023-12-25 03:36:15,Cancelled,Debit Card,Kochi,Kerala,282073.58,28207.36,
707105,7306,2022-04-27 00:23:03,Returned,EMI,Indore,Madhya Pradesh,3566.96,0.0,
707166,6868,2024-05-03 04:36:07,Shipped,EMI,Bangalore,Karnataka,2673.46,267.35,
702741,6515,2022-10-29 17:46:05,Returned,Net Banking,Nagpur,Maharashtra,37018.34,1850.92,
708288,5920,2022-03-10 16:21:21,Delivered,EMI,Surat,Gujarat,4043.63,202.18,5.0
703783,5597,2025-09-06 08:29:28,Pending,UPI,Kochi,Kerala,6748.4,1349.68,
700163,7997,2022-03-24 11:42:15,Delivered,Cash on Delivery,Lucknow,Uttar Pradesh,34568.39,1728.42,9.0
705044,5560,2023-05-18 18:25:12,Delivered,UPI,Pune,Maharashtra,12387.45,2477.49,6.0
708310,6982,2025-09-19 04:31:30,Pending,EMI,Nashik,Maharashtra,61815.15,0.0,
703388,5342,2022-12-29 14:40:54,Delivered,UPI,Coimbatore,Tamil Nadu,23991.83,2399.18,8.0
706695,7326,2025-10-02 04:28:14,Pending,Credit Card,Coimbatore,Tamil Nadu,290650.33,43597.55,
706947,7324,2024-03-22 10:25:55,Pending,EMI,Kochi,Kerala,473211.58,94642.32,
707383,5679,2023-08-05 07:23:04,Delivered,Debit Card,Coimbatore,Tamil Nadu,6594.46,0.0,6.0
708151,7714,2024-11-26 11:24:55,Returned,Debit Card,Ranchi,Jharkhand,123921.55,0.0,
703881,5367,2024-06-20 20:54:34,Delivered,UPI,Pune,Maharashtra,217392.75,43478.55,3.0
708317,7368,2026-02-26 09:23:49,Returned,Credit Card,Chandigarh,Chandigarh,22559.12,0.0,
704994,6913,2024-12-18 14:13:43,Delivered,EMI,Ranchi,Jharkhand,12805.59,640.28,3.0
706407,5990,2022-04-06 18:35:39,Delivered,Cash on Delivery,Lucknow,Uttar Pradesh,35929.67,3592.97,10.0
704611,5377,2023-10-03 21:02:12,Cancelled,EMI,Kolkata,West Bengal,72551.07,0.0,
702165,6358,2022-12-27 09:51:48,Cancelled,UPI,Hyderabad,Telangana,5557.71,277.89,
708207,7654,2023-11-03 13:39:09,Shipped,UPI,Jaipur,Rajasthan,25755.83,0.0,
700828,6771,2024-01-11 06:27:35,Cancelled,Net Banking,Ahmedabad,Gujarat,248943.07,37341.46,
708506,6431,2025-11-12 19:43:07,Delivered,Cash on Delivery,Surat,Gujarat,34894.09,6978.82,2.0
701071,6919,2023-06-06 03:50:32,Delivered,Credit Card,Jaipur,Rajasthan,74173.93,0.0,2.0
702591,5080,2025-04-21 21:59:22,Delivered,Credit Card,Jaipur,Rajasthan,11302.89,0.0,1.0
705810,5037,2024-01-16 00:45:44,Pending,Cash on Delivery,Nagpur,Maharashtra,16174.3,0.0,
704407,6952,2023-11-20 01:03:07,Pending,Net Banking,Hyderabad,Telangana,40173.15,0.0,
704760,7246,2023-11-09 19:20:05,Cancelled,Cash on Delivery,Nagpur,Maharashtra,36660.82,7332.16,
704793,5431,2025-08-21 18:09:51,Delivered,Cash on Delivery,Ahmedabad,Gujarat,22470.02,1123.5,8.0
700248,7383,2024-03-17 13:18:26,Delivered,Debit Card,Jaipur,Rajasthan,197752.83,29662.92,10.0
704954,7285,2024-10-08 17:35:56,Delivered,Credit Card,Pune,Maharashtra,55613.24,0.0,2.0
702761,6269,2026-01-11 09:54:31,Delivered,UPI,Delhi,Delhi,2274.94,227.49,2.0
708619,7431,2023-06-29 10:04:35,Cancelled,Net Banking,Pune,Maharashtra,16606.32,2490.95,
703131,7184,2025-01-06 23:40:25,Pending,Net Banking,Kolkata,West Bengal,971.26,194.25,
703735,5908,2024-10-17 09:53:06,Delivered,Cash on Delivery,Chandigarh,Chandigarh,78916.74,11837.51,10.0
707389,6571,2026-02-21 08:02:19,Delivered,Credit Card,Ahmedabad,Gujarat,7115.0,355.75,1.0
706555,6272,2024-07-14 01:02:14,Delivered,Debit Card,Nashik,Maharashtra,242213.2,24221.32,12.0
700486,5791,2024-11-03 08:58:20,Delivered,Net Banking,Jaipur,Rajasthan,35548.42,5332.26,5.0
707864,7483,2025-07-23 11:18:21,Delivered,UPI,Bhopal,Madhya Pradesh,317737.78,0.0,4.0
705132,6121,2026-03-16 12:10:11,Delivered,Credit Card,Kochi,Kerala,88249.77,8824.98,12.0
701599,6467,2022-08-04 01:34:06,Delivered,Net Banking,Indore,Madhya Pradesh,336689.05,50503.36,8.0
701479,6783,2024-07-22 02:00:33,Delivered,Credit Card,Kochi,Kerala,240796.46,36119.47,9.0
704448,5668,2025-06-25 04:28:04,Pending,Credit Card,Jaipur,Rajasthan,150556.03,30111.21,
705163,6363,2023-11-10 08:40:58,Pending,Debit Card,Kolkata,West Bengal,42021.19,6303.18,
702878,5843,2022-08-23 18:23:48,Cancelled,Net Banking,Jaipur,Rajasthan,161811.09,24271.66,
702275,7398,2026-07-29 20:23:52,Delivered,Cash on Delivery,Kochi,Kerala,127197.48,25439.5,10.0
706012,5249,2023-07-21 10:03:21,Delivered,UPI,Kochi,Kerala,39910.0,0.0,1.0
702329,7084,2022-01-31 21:19:52,Returned,UPI,Kochi,Kerala,18048.06,902.4,
708757,5867,2025-08-05 08:14:12,Shipped,UPI,Nashik,Maharashtra,7220.86,1444.17,
701308,5058,2025-04-18 17:34:28,Returned,Cash on Delivery,Delhi,Delhi,5221.88,522.19,
705119,7106,2023-07-17 20:52:49,Delivered,Credit Card,Nagpur,Maharashtra,42012.55,6301.88,9.0
706817,6622,2025-07-19 14:47:49,Delivered,Cash on Delivery,Delhi,Delhi,32365.63,4854.84,8.0
702022,5826,2022-08-27 13:56:09,Delivered,Credit Card,Pune,Maharashtra,45413.82,0.0,4.0
708959,7404,2022-03-31 10:03:28,Cancelled,EMI,Coimbatore,Tamil Nadu,213027.97,0.0,
705199,7418,2025-05-16 03:27:51,Delivered,EMI,Lucknow,Uttar Pradesh,73974.2,11096.13,9.0
706133,5133,2023-07-27 20:44:05,Pending,Net Banking,Ranchi,Jharkhand,11804.63,0.0,
705903,5809,2026-04-29 19:44:12,Delivered,UPI,Pune,Maharashtra,1085.36,217.07,4.0
702542,6600,2025-04-10 18:42:50,Cancelled,EMI,Indore,Madhya Pradesh,1204.67,240.93,
702579,6374,2023-05-08 11:07:06,Delivered,EMI,Patna,Bihar,10909.9,545.5,7.0
708775,7297,2025-12-19 01:08:03,Shipped,Debit Card,Bangalore,Karnataka,10316.13,515.81,
701042,7862,2024-10-16 15:36:40,Delivered,EMI,Indore,Madhya Pradesh,82110.75,8211.08,11.0
702008,5372,2022-05-25 21:07:42,Delivered,Cash on Delivery,Nagpur,Maharashtra,43600.12,0.0,11.0
704911,7320,2022-06-05 20:43:14,Pending,Cash on Delivery,Kolkata,West Bengal,183733.94,9186.7,
707374,5568,2022-12-29 15:47:29,Pending,Net Banking,Bhopal,Madhya Pradesh,440877.18,0.0,
705631,6939,2026-03-30 21:36:58,Delivered,Net Banking,Hyderabad,Telangana,142957.06,14295.71,3.0
701045,6107,2025-10-10 10:07:01,Shipped,UPI,Lucknow,Uttar Pradesh,198247.75,9912.39,
704443,7893,2024-04-26 16:24:21,Delivered,Credit Card,Kolkata,West Bengal,11286.64,564.33,8.0
701313,6753,2025-11-30 11:43:45,Pending,UPI,Bhopal,Madhya Pradesh,23397.07,1169.85,
700312,6304,2025-06-13 04:51:19,Shipped,Credit Card,Surat,Gujarat,43166.46,2158.32,
707521,5996,2025-09-06 12:45:59,Delivered,Cash on Delivery,Nashik,Maharashtra,137687.96,20653.19,3.0
706283,5622,2026-04-12 12:41:37,Shipped,EMI,Jaipur,Rajasthan,127295.15,19094.27,
706679,6154,2024-07-12 06:11:59,Delivered,Cash on Delivery,Ranchi,Jharkhand,16987.6,2548.14,12.0
703938,7727,2024-07-03 03:49:28,Delivered,UPI,Bhopal,Madhya Pradesh,6480.1,0.0,4.0
703947,6187,2026-04-01 20:26:10,Cancelled,Debit Card,Patna,Bihar,109329.28,10932.93,
708738,7512,2023-03-04 19:45:03,Pending,UPI,Coimbatore,Tamil Nadu,59820.12,8973.02,
708302,7734,2025-09-16 15:25:47,Delivered,Net Banking,Chandigarh,Chandigarh,22714.49,0.0,2.0
702485,6661,2024-06-10 22:24:23,Delivered,Debit Card,Jaipur,Rajasthan,284350.3,56870.06,2.0
700758,5852,2023-05-14 23:09:04,Delivered,Cash on Delivery,Kochi,Kerala,233010.02,23301.0,2.0
708010,6123,2023-05-28 10:20:09,Shipped,Credit Card,Bhopal,Madhya Pradesh,212371.51,0.0,
704782,5786,2024-12-31 12:55:43,Delivered,Cash on Delivery,Kolkata,West Bengal,1518.45,151.84,12.0
708283,6568,2026-07-25 03:15:31,Pending,EMI,Indore,Madhya Pradesh,161811.09,0.0,
706972,5816,2026-07-31 07:36:20,Cancelled,Net Banking,Lucknow,Uttar Pradesh,57456.31,2872.82,
708669,7785,2023-06-06 11:01:32,Returned,Credit Card,Ranchi,Jharkhand,77516.7,11627.5,
702955,6825,2024-06-04 20:18:34,Pending,EMI,Delhi,Delhi,216104.48,10805.22,
703848,7282,2025-07-03 01:17:42,Cancelled,EMI,Pune,Maharashtra,214191.52,0.0,
705246,6061,2024-12-24 04:28:15,Delivered,UPI,Bangalore,Karnataka,129934.15,6496.71,4.0
702172,6045,2023-11-11 05:07:50,Delivered,Credit Card,Coimbatore,Tamil Nadu,46717.66,0.0,5.0
704859,6203,2024-01-11 07:39:45,Returned,Net Banking,Hyderabad,Telangana,20658.33,2065.83,
705411,7901,2024-02-29 06:11:26,Delivered,UPI,Nashik,Maharashtra,21069.02,3160.35,5.0
707083,5058,2024-10-19 05:32:31,Shipped,EMI,Kochi,Kerala,1031.16,154.67,
706600,7716,2023-10-13 02:39:22,Delivered,UPI,Patna,Bihar,14788.16,739.41,9.0
703774,7780,2023-02-15 08:50:12,Delivered,Cash on Delivery,Hyderabad,Telangana,1261.24,63.06,9.0
708175,5900,2024-02-08 04:44:03,Pending,Net Banking,Kolkata,West Bengal,54693.84,10938.77,
705151,7589,2024-07-19 13:41:49,Returned,Debit Card,Hyderabad,Telangana,10395.28,519.76,
701751,7607,2025-01-06 02:09:41,Delivered,EMI,Hyderabad,Telangana,56147.13,11229.43,10.0
704405,5130,2022-10-15 00:08:42,Cancelled,UPI,Ahmedabad,Gujarat,124335.39,18650.31,
706343,7094,2024-06-03 01:17:03,Delivered,EMI,Ranchi,Jharkhand,54598.96,2729.95,9.0
702800,7194,2023-07-28 01:19:27,Returned,EMI,Ahmedabad,Gujarat,3238.25,0.0,
705791,7487,2023-12-05 20:02:11,Delivered,Credit Card,Lucknow,Uttar Pradesh,48861.55,9772.31,12.0
708521,5562,2022-06-02 08:14:36,Delivered,Credit Card,Bangalore,Karnataka,405974.77,60896.22,4.0
701334,5006,2024-02-22 12:12:07,Delivered,UPI,Bhopal,Madhya Pradesh,14364.54,1436.45,10.0
708129,7794,2025-09-21 00:39:06,Delivered,UPI,Kochi,Kerala,34814.85,1740.74,5.0
707353,6564,2025-07-09 04:13:40,Delivered,Net Banking,Patna,Bihar,56457.45,2822.87,7.0
707780,6587,2024-01-30 18:33:42,Delivered,UPI,Bhopal,Madhya Pradesh,231040.09,46208.02,4.0
704467,5189,2023-01-28 12:54:11,Delivered,Credit Card,Chandigarh,Chandigarh,371457.77,55718.67,7.0
707497,6087,2022-10-19 23:15:09,Returned,Net Banking,Pune,Maharashtra,105202.11,10520.21,
705112,5293,2026-06-26 05:58:01,Shipped,Debit Card,Ranchi,Jharkhand,526.49,105.3,
701139,6441,2026-03-09 14:16:34,Delivered,Net Banking,Ranchi,Jharkhand,101992.08,0.0,10.0
708267,6519,2026-03-07 07:00:02,Delivered,UPI,Lucknow,Uttar Pradesh,62654.08,6265.41,11.0
700972,8000,2022-11-22 18:56:02,Delivered,Net Banking,Lucknow,Uttar Pradesh,584270.3,0.0,12.0
704591,6094,2026-04-01 00:05:04,Delivered,EMI,Pune,Maharashtra,286.46,0.0,12.0
707476,5415,2024-01-25 02:58:37,Shipped,Net Banking,Coimbatore,Tamil Nadu,192624.12,0.0,
705510,7304,2024-01-05 05:29:49,Delivered,EMI,Kochi,Kerala,27561.89,5512.38,6.0
706107,6101,2022-12-17 22:59:51,Pending,Credit Card,Jaipur,Rajasthan,405614.19,0.0,
704576,6932,2024-05-07 06:01:28,Cancelled,Debit Card,Mumbai,Maharashtra,76853.91,7685.39,
703923,5460,2025-07-26 17:16:03,Delivered,Debit Card,Ahmedabad,Gujarat,73658.57,0.0,3.0
703304,5685,2026-03-02 00:16:17,Delivered,Net Banking,Kochi,Kerala,4116.26,0.0,3.0
703840,7793,2024-04-01 05:43:53,Cancelled,EMI,Indore,Madhya Pradesh,284543.22,0.0,
703834,7745,2026-06-23 00:13:49,Pending,Credit Card,Chandigarh,Chandigarh,3100.86,0.0,
708358,6086,2023-05-19 16:56:34,Delivered,Cash on Delivery,Indore,Madhya Pradesh,20835.92,3125.39,12.0
703050,5178,2022-07-13 12:12:12,Delivered,Credit Card,Nashik,Maharashtra,114123.92,0.0,11.0
701411,5698,2025-09-03 11:03:04,Delivered,Credit Card,Kochi,Kerala,17603.4,880.17,5.0
708447,7436,2025-09-05 01:34:19,Delivered,EMI,Patna,Bihar,7417.76,1483.55,9.0
704105,6741,2024-08-09 12:08:37,Returned,Credit Card,Nashik,Maharashtra,188472.56,18847.26,
701544,6505,2026-04-15 21:30:42,Delivered,Cash on Delivery,Chennai,Tamil Nadu,20323.76,1016.19,12.0
703615,7679,2025-05-13 09:18:09,Delivered,Debit Card,Chandigarh,Chandigarh,256848.56,12842.43,1.0
706024,5603,2025-04-27 10:44:20,Pending,UPI,Delhi,Delhi,42963.44,0.0,
701836,5273,2023-09-26 06:01:19,Cancelled,UPI,Nashik,Maharashtra,34106.83,3410.68,
701713,6428,2023-09-27 06:25:15,Shipped,Credit Card,Bhopal,Madhya Pradesh,3115.2,311.52,
705940,6093,2024-05-20 00:50:01,Pending,Net Banking,Hyderabad,Telangana,18838.64,0.0,
704972,5364,2022-11-30 18:53:16,Delivered,Credit Card,Nashik,Maharashtra,483090.25,48309.03,8.0
708354,6325,2022-12-12 15:31:03,Delivered,Cash on Delivery,Delhi,Delhi,136135.85,20420.38,8.0
707515,5898,2025-11-06 06:16:48,Cancelled,Credit Card,Hyderabad,Telangana,107712.43,21542.49,
705674,5265,2024-09-27 22:01:26,Delivered,UPI,Bangalore,Karnataka,250500.93,25050.09,1.0
701551,7170,2022-08-16 09:26:08,Cancelled,Cash on Delivery,Ranchi,Jharkhand,45660.73,2283.04,
707135,5071,2022-11-01 14:23:18,Delivered,Net Banking,Chennai,Tamil Nadu,1165.02,0.0,2.0
700591,7078,2024-01-09 17:38:26,Shipped,Credit Card,Nashik,Maharashtra,36447.3,3644.73,
701020,7268,2023-06-04 07:03:13,Delivered,Cash on Delivery,Ahmedabad,Gujarat,4862.96,972.59,4.0
705428,7751,2023-12-08 11:05:12,Shipped,EMI,Pune,Maharashtra,20790.56,0.0,
702604,7525,2024-08-31 14:30:44,Delivered,Net Banking,Bhopal,Madhya Pradesh,219114.7,32867.21,7.0
705634,6254,2023-10-02 17:01:34,Returned,UPI,Delhi,Delhi,35251.96,5287.79,
700413,7898,2024-02-06 10:00:58,Returned,Credit Card,Kolkata,West Bengal,142351.78,21352.77,
702987,7431,2025-05-07 15:04:10,Returned,Cash on Delivery,Ahmedabad,Gujarat,186061.51,37212.3,
707688,7510,2024-12-18 10:44:44,Delivered,Debit Card,Chandigarh,Chandigarh,47519.44,0.0,5.0
700169,5147,2024-08-04 17:00:32,Delivered,Debit Card,Bhopal,Madhya Pradesh,60216.42,0.0,5.0
706754,6022,2026-06-02 15:51:57,Shipped,UPI,Lucknow,Uttar Pradesh,188934.6,0.0,
702118,7194,2026-01-07 13:46:39,Delivered,UPI,Chennai,Tamil Nadu,142420.19,28484.04,5.0
708096,5173,2023-07-13 11:35:14,Delivered,Debit Card,Patna,Bihar,466202.21,46620.22,5.0
708342,5952,2025-08-19 10:41:43,Returned,Net Banking,Bhopal,Madhya Pradesh,5164.4,1032.88,
707630,5824,2024-05-03 10:35:48,Delivered,Net Banking,Coimbatore,Tamil Nadu,651.47,0.0,6.0
701882,7541,2026-02-17 03:03:15,Cancelled,Net Banking,Indore,Madhya Pradesh,285660.35,0.0,
705094,5368,2025-06-23 18:46:30,Shipped,EMI,Chandigarh,Chandigarh,311898.21,46784.73,
707722,7023,2022-09-30 21:11:14,Returned,Cash on Delivery,Jaipur,Rajasthan,10261.23,513.06,
702155,5911,2026-03-26 04:56:07,Returned,Credit Card,Indore,Madhya Pradesh,19277.19,1927.72,
700104,7625,2024-06-22 21:49:18,Delivered,EMI,Bangalore,Karnataka,3805.14,0.0,10.0
704368,7820,2022-07-19 22:01:40,Delivered,Cash on Delivery,Bangalore,Karnataka,2070.48,207.05,2.0
707955,7914,2024-08-12 02:50:06,Delivered,Debit Card,Indore,Madhya Pradesh,179662.79,8983.14,1.0
703751,7028,2023-10-07 08:34:43,Pending,EMI,Delhi,Delhi,28649.91,4297.49,
703635,7522,2023-06-03 16:19:10,Shipped,UPI,Lucknow,Uttar Pradesh,9458.71,0.0,
705361,6774,2023-06-04 02:35:24,Delivered,Net Banking,Kolkata,West Bengal,2663.46,266.35,8.0
705331,5906,2022-11-29 09:35:58,Cancelled,Credit Card,Pune,Maharashtra,14130.24,2826.05,
705649,6676,2022-03-22 07:34:14,Cancelled,Net Banking,Mumbai,Maharashtra,34625.74,6925.15,
705981,7943,2022-06-05 07:37:56,Shipped,EMI,Nagpur,Maharashtra,21438.87,0.0,
705782,6275,2025-05-27 00:38:08,Cancelled,Net Banking,Kochi,Kerala,11757.01,1763.55,
701964,7857,2024-01-13 14:47:28,Delivered,Net Banking,Jaipur,Rajasthan,40611.93,6091.79,8.0
706932,5083,2023-05-24 16:45:09,Delivered,UPI,Jaipur,Rajasthan,5874.23,587.42,12.0
702965,6326,2022-07-18 22:43:15,Delivered,Debit Card,Hyderabad,Telangana,94637.57,0.0,1.0
708196,7059,2024-12-13 23:51:51,Returned,Net Banking,Lucknow,Uttar Pradesh,22755.75,0.0,
705008,6906,2022-02-08 19:04:34,Delivered,EMI,Indore,Madhya Pradesh,460856.42,69128.46,1.0
707581,7777,2024-11-02 10:33:48,Delivered,Debit Card,Nagpur,Maharashtra,24457.63,1222.88,9.0
708205,7904,2022-01-18 03:30:26,Delivered,Net Banking,Hyderabad,Telangana,190580.4,28587.06,10.0
705431,7465,2022-03-15 14:07:05,Delivered,Credit Card,Bhopal,Madhya Pradesh,73651.54,11047.73,5.0
708607,7692,2024-08-27 18:06:11,Delivered,Cash on Delivery,Pune,Maharashtra,16737.07,1673.71,9.0
705243,6020,2025-06-11 22:47:47,Delivered,Net Banking,Kochi,Kerala,308444.67,61688.93,9.0
706439,5130,2023-04-21 00:57:34,Shipped,EMI,Chandigarh,Chandigarh,29547.36,1477.37,
703089,6000,2025-04-05 03:27:54,Delivered,UPI,Delhi,Delhi,151324.68,0.0,8.0
700813,7116,2023-02-08 10:03:42,Cancelled,UPI,Nashik,Maharashtra,188986.56,37797.31,
701717,5630,2026-05-24 03:12:00,Delivered,EMI,Nashik,Maharashtra,1811.87,181.19,1.0
705792,7595,2024-01-03 23:25:10,Delivered,Credit Card,Chennai,Tamil Nadu,259115.01,38867.25,10.0
701702,7247,2023-10-19 02:53:58,Returned,UPI,Bangalore,Karnataka,14439.78,2887.96,
702598,7180,2025-02-25 20:31:10,Delivered,Debit Card,Nagpur,Maharashtra,5282.79,1056.56,4.0
702545,6412,2024-06-14 22:31:29,Delivered,EMI,Hyderabad,Telangana,52086.51,7812.98,8.0
701243,7243,2022-06-07 17:54:30,Shipped,Cash on Delivery,Nashik,Maharashtra,46605.89,9321.18,
700922,5217,2024-07-26 05:46:35,Delivered,Debit Card,Kochi,Kerala,80439.68,4021.98,8.0
701421,5626,2026-05-03 11:18:26,Returned,Debit Card,Lucknow,Uttar Pradesh,2573.8,257.38,
707488,6308,2022-09-28 20:01:17,Pending,UPI,Pune,Maharashtra,12019.82,0.0,
708981,7200,2025-01-05 07:06:35,Delivered,Credit Card,Surat,Gujarat,1077.16,107.72,10.0
700435,7473,2022-01-20 03:54:01,Pending,UPI,Mumbai,Maharashtra,35139.28,0.0,
701792,7855,2024-11-01 12:08:33,Shipped,EMI,Pune,Maharashtra,259482.32,12974.12,
708581,7230,2025-01-15 05:17:18,Returned,Cash on Delivery,Coimbatore,Tamil Nadu,60305.99,12061.2,
707064,6339,2022-05-24 13:57:57,Delivered,Credit Card,Coimbatore,Tamil Nadu,114933.35,22986.67,12.0
708761,7748,2022-08-20 07:32:56,Delivered,Debit Card,Lucknow,Uttar Pradesh,68188.9,0.0,9.0
700313,7574,2024-12-16 20:17:31,Pending,Cash on Delivery,Chennai,Tamil Nadu,38518.16,0.0,
701056,6950,2024-03-18 22:06:57,Delivered,Cash on Delivery,Nagpur,Maharashtra,36957.81,0.0,11.0
701408,5071,2024-07-22 12:04:00,Delivered,EMI,Hyderabad,Telangana,2728.45,272.84,7.0
707784,6328,2023-06-25 11:24:27,Pending,Cash on Delivery,Hyderabad,Telangana,201729.32,40345.86,
708996,7886,2024-04-27 09:05:08,Delivered,Debit Card,Ahmedabad,Gujarat,3373.76,337.38,6.0
702433,6690,2022-10-08 09:08:53,Cancelled,UPI,Mumbai,Maharashtra,28699.75,0.0,
706798,5583,2025-04-13 18:22:16,Delivered,Credit Card,Surat,Gujarat,33767.06,6753.41,5.0
705633,5990,2023-09-15 14:34:29,Cancelled,Net Banking,Mumbai,Maharashtra,161489.11,32297.82,
708297,7193,2026-03-09 00:45:37,Shipped,UPI,Nashik,Maharashtra,118572.51,0.0,
701759,7382,2022-07-09 10:15:04,Returned,Credit Card,Indore,Madhya Pradesh,2776.98,0.0,
708567,7392,2023-09-02 01:51:27,Delivered,Debit Card,Chennai,Tamil Nadu,334954.36,50243.15,4.0
700116,5676,2024-07-01 15:34:39,Delivered,UPI,Patna,Bihar,33615.71,5042.36,4.0
707508,7970,2025-07-20 20:14:59,Delivered,EMI,Ahmedabad,Gujarat,702.06,140.41,7.0
704137,5662,2024-12-16 15:39:39,Cancelled,Cash on Delivery,Ahmedabad,Gujarat,1773.94,88.7,
702650,6622,2025-04-03 13:01:56,Delivered,Cash on Delivery,Chennai,Tamil Nadu,29686.92,0.0,6.0
703702,6051,2025-03-13 13:19:42,Delivered,UPI,Ahmedabad,Gujarat,2507.36,0.0,8.0
704589,5494,2023-02-03 01:12:20,Shipped,Net Banking,Jaipur,Rajasthan,925.05,92.5,
708903,6311,2024-02-12 15:09:13,Returned,Cash on Delivery,Delhi,Delhi,21368.28,0.0,
707013,7269,2025-01-28 10:47:09,Delivered,Credit Card,Patna,Bihar,61067.84,3053.39,8.0
703162,7367,2024-07-17 09:48:27,Shipped,EMI,Nashik,Maharashtra,17145.75,857.29,
706829,6331,2024-12-12 16:24:45,Returned,EMI,Indore,Madhya Pradesh,8443.8,422.19,
708630,7853,2024-12-28 22:40:09,Delivered,Net Banking,Coimbatore,Tamil Nadu,80093.84,4004.69,4.0
704097,6936,2025-04-25 04:39:48,Delivered,UPI,Jaipur,Rajasthan,164345.53,0.0,9.0
704428,5105,2022-10-02 21:24:39,Delivered,EMI,Nashik,Maharashtra,349269.92,52390.49,6.0
700266,5073,2026-07-12 07:30:51,Delivered,EMI,Kolkata,West Bengal,1653.63,82.68,1.0
708524,6231,2024-05-04 23:45:39,Cancelled,Debit Card,Indore,Madhya Pradesh,46268.04,6940.21,
702529,7359,2024-03-10 16:32:58,Pending,Credit Card,Patna,Bihar,7051.98,1057.8,
708499,6604,2024-04-30 13:38:47,Shipped,UPI,Indore,Madhya Pradesh,346424.69,51963.7,
707477,5806,2026-06-19 20:05:23,Returned,Cash on Delivery,Ranchi,Jharkhand,1581.14,0.0,
708593,5845,2024-06-28 12:19:35,Pending,EMI,Surat,Gujarat,4694.18,704.13,
704929,5587,2025-10-11 07:13:22,Delivered,Net Banking,Bangalore,Karnataka,79733.16,15946.63,9.0
700351,7795,2022-04-17 01:24:42,Delivered,Debit Card,Patna,Bihar,53785.68,5378.57,12.0
700407,7396,2024-01-25 23:32:31,Pending,Net Banking,Delhi,Delhi,101820.15,0.0,
705640,6208,2023-03-12 20:25:26,Shipped,UPI,Ahmedabad,Gujarat,86864.64,13029.7,
701309,6313,2022-03-05 21:10:56,Shipped,Net Banking,Ahmedabad,Gujarat,13534.77,2706.95,
706351,5856,2023-02-16 09:29:30,Cancelled,EMI,Coimbatore,Tamil Nadu,27374.03,5474.81,
700599,7004,2024-02-22 04:09:45,Delivered,Net Banking,Jaipur,Rajasthan,225059.79,0.0,6.0
707907,7372,2026-06-19 03:58:37,Delivered,Credit Card,Coimbatore,Tamil Nadu,4937.16,0.0,3.0
702627,6469,2025-09-28 22:08:55,Delivered,UPI,Lucknow,Uttar Pradesh,20587.72,0.0,6.0
708509,6785,2026-01-02 01:39:26,Shipped,Debit Card,Delhi,Delhi,25275.58,3791.34,
707481,6464,2025-09-10 00:11:24,Delivered,EMI,Jaipur,Rajasthan,3928.77,589.32,10.0
701114,5206,2023-10-13 05:37:12,Returned,EMI,Chennai,Tamil Nadu,114100.11,17115.02,
704338,7511,2026-03-01 02:48:43,Delivered,UPI,Mumbai,Maharashtra,115576.05,0.0,2.0
702793,6581,2023-07-12 08:54:07,Delivered,Debit Card,Chennai,Tamil Nadu,288245.88,0.0,8.0
704730,7330,2024-01-24 10:25:28,Shipped,EMI,Kochi,Kerala,15011.63,2251.74,
706374,6866,2026-04-16 02:04:30,Pending,Cash on Delivery,Hyderabad,Telangana,2536.87,0.0,
707677,7640,2026-02-28 02:16:56,Delivered,Cash on Delivery,Chandigarh,Chandigarh,60968.08,3048.4,6.0
703620,7042,2024-04-11 20:03:03,Delivered,Credit Card,Patna,Bihar,88545.03,8854.5,1.0
704806,6644,2022-06-05 14:08:11,Delivered,Cash on Delivery,Ahmedabad,Gujarat,137291.93,13729.19,4.0
702185,6628,2025-05-10 04:33:18,Returned,Net Banking,Surat,Gujarat,28813.45,0.0,
707282,5729,2023-11-04 07:15:44,Returned,EMI,Lucknow,Uttar Pradesh,226708.72,0.0,
702587,7817,2025-02-02 13:34:04,Delivered,Credit Card,Mumbai,Maharashtra,47657.09,4765.71,9.0
706307,5975,2023-05-27 22:13:31,Cancelled,EMI,Ahmedabad,Gujarat,41258.6,4125.86,
706672,7313,2022-06-27 00:39:28,Delivered,UPI,Chandigarh,Chandigarh,122003.41,0.0,1.0
706131,6917,2024-02-04 08:42:45,Pending,EMI,Lucknow,Uttar Pradesh,225915.17,33887.28,
705190,6569,2022-05-27 02:25:54,Delivered,Credit Card,Nagpur,Maharashtra,15466.78,1546.68,7.0
702388,5713,2023-10-08 11:14:16,Cancelled,Credit Card,Kolkata,West Bengal,267755.26,13387.76,
700602,5858,2023-10-03 15:07:22,Delivered,Cash on Delivery,Pune,Maharashtra,26729.16,1336.46,6.0
704707,7613,2026-08-02 20:22:00,Delivered,Debit Card,Patna,Bihar,31590.68,0.0,1.0
707613,5159,2022-02-06 02:58:43,Cancelled,Cash on Delivery,Lucknow,Uttar Pradesh,321390.78,16069.54,
705408,5283,2023-02-27 19:07:44,Cancelled,UPI,Ahmedabad,Gujarat,69242.93,3462.15,
700262,5008,2023-07-03 21:36:19,Delivered,Debit Card,Kochi,Kerala,106582.08,15987.31,5.0
705692,6498,2024-08-24 08:19:16,Delivered,Cash on Delivery,Patna,Bihar,100293.37,5014.67,7.0
703125,5100,2024-02-01 05:10:57,Shipped,EMI,Ahmedabad,Gujarat,73514.11,14702.82,
704992,7401,2023-01-06 01:04:13,Delivered,UPI,Delhi,Delhi,98749.32,0.0,8.0
707624,7724,2026-02-19 10:42:07,Cancelled,EMI,Pune,Maharashtra,74697.88,7469.79,
700648,5519,2023-10-03 01:01:18,Cancelled,Debit Card,Pune,Maharashtra,374065.17,0.0,
708816,7549,2024-07-18 21:59:51,Delivered,Credit Card,Jaipur,Rajasthan,75872.44,0.0,3.0
700830,6439,2025-01-28 14:11:32,Delivered,EMI,Jaipur,Rajasthan,66484.04,13296.81,9.0
703418,6283,2022-02-19 23:17:34,Returned,UPI,Pune,Maharashtra,438945.8,21947.29,
700550,7707,2024-10-07 20:13:48,Pending,EMI,Kolkata,West Bengal,54427.48,0.0,
708588,7577,2023-07-05 08:26:43,Pending,EMI,Delhi,Delhi,39053.03,1952.65,
706897,6968,2023-11-13 20:22:48,Cancelled,UPI,Hyderabad,Telangana,414266.22,0.0,
702202,6863,2025-05-01 06:52:16,Pending,Debit Card,Hyderabad,Telangana,46418.23,0.0,
706404,6414,2024-05-09 10:56:32,Delivered,Cash on Delivery,Lucknow,Uttar Pradesh,30249.86,6049.97,8.0
700544,6994,2023-09-19 06:51:03,Delivered,Cash on Delivery,Coimbatore,Tamil Nadu,58694.57,0.0,1.0
703052,7211,2023-06-12 01:43:39,Shipped,Credit Card,Bangalore,Karnataka,89169.26,4458.46,
703993,5319,2024-10-20 19:15:13,Shipped,Net Banking,Ranchi,Jharkhand,3121.78,0.0,
707832,7524,2025-05-28 03:31:54,Delivered,Debit Card,Ahmedabad,Gujarat,8229.64,411.48,8.0
700057,5754,2022-03-10 00:46:12,Cancelled,UPI,Chandigarh,Chandigarh,49159.53,9831.91,
700309,6676,2022-09-08 14:34:17,Delivered,Debit Card,Nagpur,Maharashtra,182918.27,36583.65,8.0
704062,6844,2026-05-20 18:42:10,Delivered,Cash on Delivery,Bangalore,Karnataka,508271.33,50827.13,6.0
706111,7727,2022-10-18 03:50:26,Delivered,Debit Card,Surat,Gujarat,32351.72,1617.59,6.0
706409,6814,2025-02-05 03:45:41,Returned,EMI,Chennai,Tamil Nadu,144792.58,0.0,
707015,7626,2024-06-07 11:50:47,Delivered,Debit Card,Jaipur,Rajasthan,395332.58,79066.52,8.0
707260,7741,2025-04-19 14:33:50,Cancelled,Cash on Delivery,Mumbai,Maharashtra,204531.09,0.0,
704028,7944,2025-10-05 16:22:08,Shipped,UPI,Mumbai,Maharashtra,20802.08,3120.31,
700966,7410,2025-07-17 17:16:37,Delivered,Debit Card,Kolkata,West Bengal,3618.31,180.92,12.0
707367,7068,2023-06-09 05:17:25,Delivered,UPI,Bangalore,Karnataka,6854.54,0.0,5.0
708548,5956,2024-12-12 03:32:34,Cancelled,UPI,Indore,Madhya Pradesh,95682.9,14352.43,
702763,5932,2024-07-01 00:02:47,Pending,Debit Card,Coimbatore,Tamil Nadu,35860.57,5379.09,
701655,6411,2024-12-16 14:20:29,Shipped,Credit Card,Mumbai,Maharashtra,162390.72,0.0,
707133,7972,2024-05-01 13:23:16,Delivered,Credit Card,Pune,Maharashtra,82333.3,16466.66,3.0
703832,7023,2022-05-28 13:08:39,Pending,Credit Card,Kolkata,West Bengal,194340.02,0.0,
707554,5251,2025-01-27 08:16:42,Delivered,Net Banking,Jaipur,Rajasthan,14082.04,1408.2,7.0
701697,7484,2026-03-20 04:15:55,Cancelled,Cash on Delivery,Chennai,Tamil Nadu,33221.6,3322.16,
702251,6464,2025-10-24 00:27:30,Returned,Debit Card,Lucknow,Uttar Pradesh,6175.72,1235.14,
708994,6735,2023-10-29 15:41:30,Delivered,UPI,Pune,Maharashtra,3236.32,485.45,12.0
702791,6681,2023-10-02 10:26:14,Delivered,UPI,Nagpur,Maharashtra,252247.63,37837.14,1.0
707969,7103,2022-04-07 18:13:02,Returned,Debit Card,Ahmedabad,Gujarat,2398.97,0.0,
707875,5502,2023-09-23 01:01:26,Shipped,Debit Card,Chennai,Tamil Nadu,16797.48,0.0,
708002,6950,2022-05-30 21:27:33,Delivered,Net Banking,Nashik,Maharashtra,17120.5,3424.1,6.0
707183,5009,2025-06-02 10:48:57,Delivered,EMI,Nagpur,Maharashtra,29385.44,1469.27,2.0
701520,7528,2024-04-30 01:13:33,Delivered,Credit Card,Patna,Bihar,61676.03,6167.6,7.0
704845,6479,2024-05-13 01:20:56,Delivered,UPI,Surat,Gujarat,1312.94,0.0,2.0
702348,5929,2022-07-19 18:24:57,Delivered,EMI,Ranchi,Jharkhand,162683.45,0.0,1.0
703322,5338,2025-05-28 12:03:24,Delivered,Cash on Delivery,Nashik,Maharashtra,22698.0,3404.7,11.0
702860,5015,2024-11-21 17:08:26,Shipped,Cash on Delivery,Lucknow,Uttar Pradesh,9817.36,0.0,
707747,5432,2023-05-14 09:34:05,Shipped,Credit Card,Bhopal,Madhya Pradesh,19507.43,0.0,
700770,5970,2023-12-01 16:15:20,Delivered,EMI,Mumbai,Maharashtra,355496.31,0.0,9.0
705248,7928,2023-12-28 04:05:31,Delivered,Debit Card,Nagpur,Maharashtra,10810.39,1081.04,6.0
708117,6258,2024-11-24 17:38:19,Delivered,EMI,Nashik,Maharashtra,8102.54,810.25,9.0
704335,7848,2025-04-02 03:09:04,Delivered,Net Banking,Delhi,Delhi,167622.42,8381.12,8.0
702478,6114,2023-03-16 15:46:19,Cancelled,UPI,Nagpur,Maharashtra,16463.91,823.2,
702314,6111,2024-02-01 07:35:48,Delivered,Debit Card,Kochi,Kerala,14838.05,2225.71,11.0
701494,6184,2023-11-14 05:18:18,Pending,UPI,Chennai,Tamil Nadu,34306.47,1715.32,
704508,7105,2023-05-27 11:56:41,Cancelled,Cash on Delivery,Kochi,Kerala,7275.61,363.78,
708507,6137,2022-05-14 15:43:37,Delivered,Cash on Delivery,Nagpur,Maharashtra,169884.72,25482.71,8.0
705164,5280,2022-09-26 12:44:27,Delivered,Debit Card,Nashik,Maharashtra,56663.98,5666.4,11.0
701307,7578,2022-05-02 14:31:58,Cancelled,Debit Card,Kochi,Kerala,196176.38,39235.28,
706694,6636,2023-08-18 01:29:17,Delivered,Credit Card,Mumbai,Maharashtra,15073.67,0.0,8.0
708747,7129,2022-05-23 07:47:32,Delivered,Net Banking,Patna,Bihar,55444.1,0.0,4.0
700514,7937,2024-04-16 12:05:34,Delivered,EMI,Patna,Bihar,13014.87,0.0,5.0
704121,7581,2022-12-19 16:42:31,Shipped,EMI,Bhopal,Madhya Pradesh,136675.04,6833.75,
704612,6994,2024-02-04 02:24:54,Cancelled,Credit Card,Kochi,Kerala,341889.34,17094.47,
704084,5114,2025-12-13 21:05:03,Pending,EMI,Delhi,Delhi,50711.71,7606.76,
701846,5807,2022-11-17 02:51:15,Delivered,Debit Card,Hyderabad,Telangana,5401.51,810.23,4.0
703663,7686,2024-07-01 23:20:58,Delivered,Net Banking,Kochi,Kerala,6043.2,906.48,3.0
702616,6136,2026-04-05 06:01:59,Delivered,Credit Card,Chandigarh,Chandigarh,256586.87,38488.03,1.0
704950,6882,2023-09-17 05:05:57,Delivered,Credit Card,Coimbatore,Tamil Nadu,3762.6,188.13,3.0
706636,7516,2022-11-04 00:10:44,Cancelled,Cash on Delivery,Ahmedabad,Gujarat,23659.9,4731.98,
706056,7374,2022-12-12 01:28:40,Pending,Credit Card,Nagpur,Maharashtra,103395.7,5169.78,
700362,6094,2024-10-20 20:48:16,Returned,EMI,Mumbai,Maharashtra,43170.48,4317.05,
708366,6473,2022-10-26 10:57:31,Delivered,EMI,Nashik,Maharashtra,188221.74,37644.35,6.0
707962,5307,2022-04-09 06:22:46,Delivered,Credit Card,Nashik,Maharashtra,41095.28,8219.06,12.0
701381,6852,2022-06-18 23:13:51,Returned,UPI,Jaipur,Rajasthan,10443.76,1044.38,
706535,6867,2025-01-24 23:06:32,Pending,Credit Card,Ranchi,Jharkhand,18838.64,941.93,
708130,7083,2023-02-22 13:27:31,Delivered,Cash on Delivery,Nagpur,Maharashtra,76614.07,0.0,12.0
703295,6657,2025-02-05 12:21:26,Delivered,Cash on Delivery,Mumbai,Maharashtra,334954.36,0.0,12.0
706969,5823,2025-04-09 12:32:53,Cancelled,UPI,Delhi,Delhi,5221.55,0.0,
708586,5247,2024-04-16 18:50:51,Delivered,EMI,Chennai,Tamil Nadu,54794.82,10958.96,9.0
705691,5905,2022-08-15 22:39:36,Delivered,Credit Card,Nashik,Maharashtra,137704.58,0.0,3.0
700432,7886,2024-11-05 13:39:45,Delivered,Cash on Delivery,Delhi,Delhi,156514.54,0.0,11.0
700099,5405,2025-11-28 21:43:55,Shipped,Credit Card,Kolkata,West Bengal,8210.06,410.5,
702623,6368,2024-11-29 02:33:51,Delivered,Credit Card,Jaipur,Rajasthan,37725.9,3772.59,3.0
707267,5769,2026-06-19 10:46:49,Cancelled,Debit Card,Bangalore,Karnataka,7207.65,1441.53,
703937,6369,2025-02-07 16:08:17,Returned,UPI,Coimbatore,Tamil Nadu,3432.89,171.64,
702001,6307,2026-07-23 11:55:00,Pending,UPI,Pune,Maharashtra,237003.48,47400.7,
702177,5343,2024-01-07 21:17:30,Returned,Net Banking,Coimbatore,Tamil Nadu,9347.36,0.0,
708167,7773,2024-07-13 01:49:02,Delivered,EMI,Bhopal,Madhya Pradesh,25478.05,5095.61,3.0
708111,6558,2022-09-01 00:43:06,Delivered,Credit Card,Patna,Bihar,735.53,0.0,5.0
707427,7838,2025-03-16 13:34:40,Shipped,EMI,Lucknow,Uttar Pradesh,16000.91,3200.18,
701902,7722,2022-06-05 09:28:13,Cancelled,Net Banking,Patna,Bihar,26735.24,2673.52,
703508,7382,2024-06-08 01:51:03,Shipped,Net Banking,Patna,Bihar,15376.66,768.83,
708703,6185,2022-10-03 04:25:58,Delivered,Credit Card,Surat,Gujarat,308746.24,0.0,9.0
701350,5313,2026-04-17 04:19:30,Delivered,Debit Card,Chandigarh,Chandigarh,7297.28,1459.46,10.0
702573,6858,2024-10-21 23:44:30,Delivered,Cash on Delivery,Coimbatore,Tamil Nadu,89191.01,4459.55,11.0
705362,7321,2024-11-13 22:33:59,Delivered,Credit Card,Surat,Gujarat,115676.27,5783.81,6.0
702029,5494,2024-07-13 16:04:54,Delivered,Net Banking,Surat,Gujarat,405003.31,81000.66,12.0
706344,6170,2026-07-02 14:22:52,Delivered,Net Banking,Bangalore,Karnataka,9907.86,1981.57,8.0
708654,7664,2023-04-14 12:47:18,Delivered,Net Banking,Ahmedabad,Gujarat,9644.24,964.42,6.0
706864,7249,2025-05-12 10:45:52,Delivered,Net Banking,Kolkata,West Bengal,119911.87,5995.59,1.0
700268,6628,2024-10-30 12:12:51,Delivered,UPI,Pune,Maharashtra,3475.49,0.0,4.0
706925,7517,2023-06-11 15:07:55,Cancelled,Net Banking,Kochi,Kerala,215263.19,10763.16,
706114,6547,2024-04-05 02:30:50,Shipped,Debit Card,Chandigarh,Chandigarh,209359.91,0.0,
706341,7605,2025-08-11 03:46:30,Cancelled,EMI,Pune,Maharashtra,238079.33,23807.93,
708442,7981,2023-08-06 00:42:02,Shipped,UPI,Mumbai,Maharashtra,27816.52,0.0,
703901,6324,2024-08-28 14:16:54,Delivered,EMI,Nagpur,Maharashtra,84742.29,8474.23,3.0
707498,5504,2024-05-05 21:44:53,Delivered,UPI,Nagpur,Maharashtra,34780.55,0.0,4.0
703870,6196,2022-10-03 17:18:16,Delivered,Debit Card,Surat,Gujarat,15642.13,0.0,7.0
706830,6733,2023-06-25 07:21:01,Delivered,Cash on Delivery,Coimbatore,Tamil Nadu,56030.64,0.0,6.0
704161,7074,2022-04-28 07:10:16,Cancelled,Credit Card,Chandigarh,Chandigarh,172.35,17.23,
706833,7848,2024-06-13 00:38:55,Delivered,Net Banking,Bhopal,Madhya Pradesh,941.33,0.0,8.0
702827,7443,2022-05-24 11:50:45,Delivered,Credit Card,Lucknow,Uttar Pradesh,12824.52,1923.68,3.0
700366,5499,2022-11-26 00:08:24,Pending,UPI,Kolkata,West Bengal,1294.58,258.92,
701097,5797,2023-03-16 20:00:30,Shipped,Credit Card,Bhopal,Madhya Pradesh,57136.9,11427.38,
707208,5892,2026-07-20 02:45:52,Shipped,EMI,Bhopal,Madhya Pradesh,7832.24,391.61,
704224,5997,2024-12-09 03:33:02,Delivered,Debit Card,Patna,Bihar,48905.8,7335.87,3.0
702471,6711,2024-09-24 18:15:18,Delivered,UPI,Kochi,Kerala,32309.76,0.0,11.0
708124,7932,2024-01-25 22:01:57,Pending,UPI,Patna,Bihar,86193.16,0.0,
701004,5837,2026-06-04 13:37:39,Shipped,Credit Card,Chennai,Tamil Nadu,149298.79,0.0,
708770,5673,2026-06-10 01:08:18,Delivered,Cash on Delivery,Bangalore,Karnataka,13551.78,2032.77,12.0
700335,7572,2024-06-24 01:55:07,Delivered,Cash on Delivery,Pune,Maharashtra,178790.74,0.0,5.0
700077,6402,2022-03-17 15:57:08,Returned,UPI,Chennai,Tamil Nadu,10840.25,0.0,
701887,6758,2024-07-25 03:32:06,Delivered,Net Banking,Patna,Bihar,950.98,0.0,8.0
703673,6271,2023-11-23 03:11:57,Returned,Net Banking,Chennai,Tamil Nadu,179626.6,0.0,
706255,5896,2026-03-12 04:14:47,Pending,Credit Card,Nashik,Maharashtra,21626.21,4325.24,
700173,7413,2023-12-20 14:46:36,Cancelled,Credit Card,Bangalore,Karnataka,101554.73,15233.21,
704475,5404,2022-08-16 19:06:22,Delivered,UPI,Ranchi,Jharkhand,2412.39,241.24,1.0
702338,7999,2026-04-16 07:43:20,Cancelled,EMI,Bhopal,Madhya Pradesh,28174.88,0.0,
703101,5040,2024-01-11 04:32:11,Cancelled,Cash on Delivery,Bangalore,Karnataka,922.02,92.2,
708951,7751,2022-06-20 14:38:35,Delivered,Net Banking,Pune,Maharashtra,50807.73,7621.16,12.0
707403,7853,2025-05-03 19:49:03,Delivered,Credit Card,Chandigarh,Chandigarh,39749.7,7949.94,10.0
706988,7099,2023-04-15 23:44:50,Delivered,Cash on Delivery,Pune,Maharashtra,204281.85,0.0,1.0
703820,6235,2022-12-01 00:29:44,Delivered,Debit Card,Indore,Madhya Pradesh,714.3,35.71,9.0
702509,7416,2023-07-31 18:13:30,Cancelled,UPI,Bhopal,Madhya Pradesh,17820.76,891.04,
704083,6852,2023-11-09 19:34:42,Delivered,Debit Card,Delhi,Delhi,77941.39,15588.28,1.0
703450,6828,2023-07-30 06:30:42,Delivered,Net Banking,Bhopal,Madhya Pradesh,24248.33,2424.83,12.0
707317,5926,2024-08-14 00:34:09,Delivered,Net Banking,Ranchi,Jharkhand,37168.68,3716.87,1.0
703858,6828,2025-04-02 04:34:48,Delivered,Debit Card,Surat,Gujarat,15160.56,3032.11,6.0
708121,5252,2022-06-25 10:04:12,Delivered,UPI,Bhopal,Madhya Pradesh,90169.64,13525.45,7.0
705409,7770,2025-05-07 06:58:30,Pending,UPI,Delhi,Delhi,20567.78,0.0,
704518,6471,2026-04-08 06:25:15,Delivered,Debit Card,Hyderabad,Telangana,10404.57,1040.46,11.0
708092,6802,2024-02-22 12:36:29,Returned,EMI,Ahmedabad,Gujarat,9786.46,489.32,
707867,5184,2023-12-22 01:28:46,Returned,UPI,Delhi,Delhi,526.49,78.97,
700218,6104,2022-01-12 03:31:13,Pending,Credit Card,Kolkata,West Bengal,929.92,139.49,
707978,7175,2024-01-13 13:42:02,Delivered,Net Banking,Chandigarh,Chandigarh,249160.41,24916.04,10.0
704924,6859,2025-01-07 16:12:55,Shipped,Cash on Delivery,Bhopal,Madhya Pradesh,134754.1,6737.71,
708568,5896,2025-05-24 03:21:45,Pending,Cash on Delivery,Jaipur,Rajasthan,9899.74,1979.95,
700523,5333,2026-05-22 08:07:45,Returned,Cash on Delivery,Surat,Gujarat,45981.42,0.0,
706305,7922,2023-04-07 07:59:07,Pending,UPI,Kolkata,West Bengal,173880.34,0.0,
704783,5315,2025-02-24 10:25:12,Pending,Cash on Delivery,Surat,Gujarat,21597.8,4319.56,
700389,5909,2025-02-09 12:52:38,Returned,Credit Card,Patna,Bihar,9706.95,0.0,
708750,6664,2023-11-21 08:57:34,Delivered,Credit Card,Lucknow,Uttar Pradesh,22761.99,0.0,3.0
705493,7013,2023-10-04 04:48:41,Pending,Debit Card,Kolkata,West Bengal,213714.23,32057.13,
700060,7757,2022-08-28 21:52:40,Delivered,Credit Card,Pune,Maharashtra,16772.97,1677.3,9.0
705134,5130,2026-04-17 07:18:56,Delivered,Credit Card,Pune,Maharashtra,7207.65,0.0,12.0
701657,7639,2024-04-21 21:07:35,Cancelled,EMI,Jaipur,Rajasthan,2481.88,496.38,
708440,7076,2025-07-15 02:43:35,Delivered,Cash on Delivery,Ranchi,Jharkhand,2200.44,0.0,8.0
708352,6961,2025-02-06 14:29:58,Delivered,Cash on Delivery,Patna,Bihar,452114.09,0.0,5.0
703785,5854,2026-05-08 12:04:53,Cancelled,Net Banking,Bhopal,Madhya Pradesh,41896.41,2094.82,
703515,6634,2025-03-04 07:23:20,Cancelled,Debit Card,Mumbai,Maharashtra,41856.36,4185.64,
701921,6465,2024-12-28 12:26:05,Delivered,Cash on Delivery,Bhopal,Madhya Pradesh,6410.47,641.05,10.0
704349,5354,2025-07-07 04:48:35,Pending,Cash on Delivery,Delhi,Delhi,26029.14,2602.91,
702089,6697,2023-12-16 13:25:33,Pending,EMI,Delhi,Delhi,1053.26,210.65,
708785,7131,2024-03-25 05:20:43,Delivered,Net Banking,Nashik,Maharashtra,151647.95,30329.59,6.0
700810,5352,2025-11-07 18:35:07,Delivered,Debit Card,Pune,Maharashtra,49956.44,0.0,10.0
707440,5850,2024-03-05 16:56:32,Delivered,Cash on Delivery,Indore,Madhya Pradesh,137883.88,13788.39,9.0
700443,7046,2022-01-01 02:54:05,Delivered,Credit Card,Kochi,Kerala,432016.96,0.0,12.0
707626,6870,2026-05-17 11:58:01,Pending,UPI,Jaipur,Rajasthan,141538.12,0.0,
706637,5349,2024-10-26 04:51:17,Returned,Debit Card,Jaipur,Rajasthan,3284.48,0.0,
706154,6280,2022-03-12 20:06:40,Delivered,Debit Card,Chandigarh,Chandigarh,65195.02,3259.75,11.0
707855,7039,2024-05-08 11:23:12,Delivered,Credit Card,Kolkata,West Bengal,35092.83,7018.57,9.0
707858,7171,2025-10-20 08:32:21,Cancelled,UPI,Surat,Gujarat,49677.63,9935.53,
701101,7290,2022-06-09 00:12:03,Pending,Net Banking,Indore,Madhya Pradesh,74468.1,0.0,
701971,6555,2025-04-23 19:43:09,Pending,Credit Card,Patna,Bihar,1647.88,82.39,
703852,7706,2023-01-22 17:36:37,Pending,Cash on Delivery,Bangalore,Karnataka,2605.88,260.59,
703225,7280,2023-10-17 02:45:38,Returned,Cash on Delivery,Chandigarh,Chandigarh,1052.98,0.0,
705315,7344,2023-02-13 02:41:59,Returned,UPI,Hyderabad,Telangana,21040.16,0.0,
700661,7154,2024-08-13 22:16:38,Delivered,EMI,Indore,Madhya Pradesh,129518.6,25903.72,6.0
703969,7555,2025-07-12 03:42:59,Delivered,Debit Card,Indore,Madhya Pradesh,69208.65,10381.3,1.0
708954,6761,2024-09-17 13:19:04,Delivered,EMI,Ranchi,Jharkhand,27727.62,2772.76,2.0
701979,7863,2026-04-03 22:02:40,Delivered,Debit Card,Hyderabad,Telangana,128383.67,0.0,4.0
705281,5957,2022-01-01 04:26:04,Delivered,Credit Card,Jaipur,Rajasthan,71571.34,3578.57,2.0
707400,5807,2024-09-09 21:49:07,Cancelled,Debit Card,Chennai,Tamil Nadu,49410.03,4941.0,
701324,7985,2022-09-26 21:07:19,Pending,Cash on Delivery,Bangalore,Karnataka,18935.4,1893.54,
701895,5545,2024-01-18 00:30:26,Delivered,Credit Card,Nashik,Maharashtra,998.3,0.0,12.0
704979,5175,2022-08-12 23:07:47,Pending,Debit Card,Mumbai,Maharashtra,88816.3,0.0,
708480,7396,2022-01-07 18:25:54,Pending,UPI,Coimbatore,Tamil Nadu,1652.31,330.46,
708172,5737,2022-02-21 16:13:06,Pending,Cash on Delivery,Ranchi,Jharkhand,120091.59,6004.58,
706308,5554,2026-03-16 09:16:40,Delivered,Debit Card,Surat,Gujarat,3494.36,698.87,9.0
703219,6807,2023-01-05 14:51:10,Cancelled,Debit Card,Ahmedabad,Gujarat,23061.49,0.0,
708595,5984,2026-05-13 04:28:28,Delivered,Cash on Delivery,Kolkata,West Bengal,34006.55,0.0,6.0
701424,7553,2024-11-18 21:31:17,Delivered,Net Banking,Coimbatore,Tamil Nadu,103444.28,20688.86,8.0
707250,7652,2023-10-08 20:41:17,Delivered,Credit Card,Delhi,Delhi,1783.48,178.35,10.0
708511,7441,2025-05-19 06:07:58,Delivered,Cash on Delivery,Jaipur,Rajasthan,18258.3,3651.66,8.0
706952,5878,2022-05-23 19:55:28,Pending,UPI,Surat,Gujarat,42516.63,4251.66,
705502,6460,2025-08-09 13:01:13,Delivered,UPI,Patna,Bihar,53229.64,5322.96,4.0
704173,6938,2025-03-23 15:10:29,Delivered,Net Banking,Chandigarh,Chandigarh,48688.03,4868.8,6.0
708972,7568,2022-03-31 00:14:13,Delivered,Cash on Delivery,Bangalore,Karnataka,140557.12,14055.71,10.0
706227,5244,2024-01-23 21:55:28,Pending,UPI,Nagpur,Maharashtra,48083.43,9616.69,
706971,6796,2026-06-16 06:59:30,Delivered,Net Banking,Chennai,Tamil Nadu,391071.4,0.0,8.0
707824,7948,2022-10-20 18:15:40,Cancelled,EMI,Ranchi,Jharkhand,196875.76,29531.36,
700741,6795,2022-03-16 07:48:30,Returned,Credit Card,Patna,Bihar,13462.1,0.0,
707894,6547,2023-08-15 08:32:40,Delivered,Cash on Delivery,Bhopal,Madhya Pradesh,17545.62,0.0,10.0
703096,5608,2022-04-17 11:38:59,Cancelled,Debit Card,Ahmedabad,Gujarat,23053.37,1152.67,
700089,6662,2026-01-04 23:20:05,Shipped,Credit Card,Ranchi,Jharkhand,66144.64,9921.7,
700224,7732,2023-10-20 23:00:44,Pending,UPI,Coimbatore,Tamil Nadu,196915.21,29537.28,
706642,5671,2025-02-09 15:25:07,Delivered,UPI,Hyderabad,Telangana,33071.21,4960.68,9.0
701413,7194,2023-11-05 00:12:03,Delivered,Cash on Delivery,Delhi,Delhi,206543.35,0.0,10.0
708611,5452,2022-07-09 21:30:10,Delivered,UPI,Chennai,Tamil Nadu,36702.06,1835.1,3.0
700524,6483,2025-10-27 02:25:50,Shipped,Credit Card,Kochi,Kerala,20275.04,1013.75,
707425,7108,2023-07-23 13:13:49,Delivered,Debit Card,Coimbatore,Tamil Nadu,24199.0,0.0,6.0
700050,6967,2023-07-07 21:59:01,Cancelled,Credit Card,Delhi,Delhi,26431.11,5286.22,
706764,6172,2022-06-30 14:51:05,Shipped,UPI,Patna,Bihar,687.77,34.39,
705273,6079,2025-07-31 17:07:40,Delivered,Net Banking,Bhopal,Madhya Pradesh,65257.4,0.0,5.0
705485,7296,2026-07-08 00:41:17,Delivered,Debit Card,Ahmedabad,Gujarat,32244.76,1612.24,10.0
708061,5053,2026-08-07 01:39:10,Delivered,UPI,Nashik,Maharashtra,15297.76,0.0,11.0
702081,6445,2025-10-02 22:03:55,Shipped,UPI,Bangalore,Karnataka,58027.8,2901.39,
705658,6629,2025-08-19 13:30:54,Returned,EMI,Kochi,Kerala,4461.74,892.35,
704643,7092,2024-10-25 01:04:21,Delivered,Cash on Delivery,Indore,Madhya Pradesh,36655.59,0.0,10.0
705955,6089,2026-06-01 21:03:15,Cancelled,EMI,Ahmedabad,Gujarat,114971.86,0.0,
701127,6142,2023-08-07 02:42:17,Delivered,Debit Card,Kolkata,West Bengal,5730.76,0.0,2.0
701163,7229,2022-07-14 21:23:48,Pending,Net Banking,Nashik,Maharashtra,47197.78,0.0,
706183,5825,2023-02-25 13:46:51,Pending,Net Banking,Indore,Madhya Pradesh,26065.29,3909.79,
700019,7875,2026-05-06 16:32:25,Cancelled,Credit Card,Bhopal,Madhya Pradesh,35110.63,5266.59,
702230,5457,2022-03-01 15:43:53,Delivered,Net Banking,Nagpur,Maharashtra,238122.63,35718.39,4.0
705599,6131,2025-03-21 19:38:06,Cancelled,UPI,Hyderabad,Telangana,73143.29,0.0,
705929,7445,2025-05-09 00:59:08,Delivered,UPI,Nashik,Maharashtra,234298.19,23429.82,5.0
700401,5350,2025-06-23 21:11:52,Delivered,Cash on Delivery,Indore,Madhya Pradesh,194564.27,0.0,7.0
702048,6628,2026-06-28 17:41:16,Delivered,Cash on Delivery,Coimbatore,Tamil Nadu,178032.4,17803.24,3.0
706332,7351,2023-10-30 11:11:55,Shipped,Net Banking,Ranchi,Jharkhand,370225.55,55533.83,
707871,5535,2022-08-17 07:35:32,Shipped,Debit Card,Ahmedabad,Gujarat,66609.04,13321.81,
703771,5239,2024-04-05 11:09:48,Returned,EMI,Kochi,Kerala,427.72,85.54,
703456,6321,2025-01-21 15:52:23,Shipped,UPI,Lucknow,Uttar Pradesh,165925.66,33185.13,
704877,5758,2022-05-23 11:10:43,Returned,EMI,Kochi,Kerala,16791.08,0.0,
704910,7602,2023-10-31 22:27:23,Cancelled,Debit Card,Mumbai,Maharashtra,228437.37,11421.87,
701461,5503,2023-04-29 13:30:31,Delivered,Net Banking,Chandigarh,Chandigarh,60321.46,6032.15,5.0
704412,6808,2022-09-29 15:27:49,Delivered,UPI,Ahmedabad,Gujarat,15949.42,0.0,6.0
706886,7062,2025-05-26 02:43:47,Cancelled,UPI,Indore,Madhya Pradesh,13249.9,662.5,
706645,5512,2025-11-04 16:36:38,Shipped,UPI,Bhopal,Madhya Pradesh,174233.3,34846.66,
705713,5597,2024-09-12 17:44:25,Shipped,Net Banking,Bangalore,Karnataka,28346.86,0.0,
700287,5948,2025-10-31 14:52:00,Delivered,Cash on Delivery,Pune,Maharashtra,9773.82,1954.76,12.0
701716,5507,2023-09-06 20:08:16,Delivered,EMI,Kolkata,West Bengal,210079.89,0.0,5.0
706159,7304,2025-08-01 03:17:25,Shipped,Net Banking,Nagpur,Maharashtra,47660.63,9532.13,
704828,5643,2025-03-18 03:40:29,Shipped,Cash on Delivery,Nashik,Maharashtra,4140.96,414.1,
706102,6050,2025-01-03 05:54:17,Pending,EMI,Ahmedabad,Gujarat,21020.91,2102.09,
704975,6600,2024-11-26 18:52:53,Cancelled,Net Banking,Kolkata,West Bengal,84337.11,8433.71,
703420,6118,2024-04-16 02:44:16,Cancelled,Credit Card,Lucknow,Uttar Pradesh,37167.76,0.0,
708810,6422,2022-04-17 19:12:56,Returned,Credit Card,Hyderabad,Telangana,4050.56,0.0,
705732,5295,2023-12-21 16:59:26,Delivered,Cash on Delivery,Indore,Madhya Pradesh,20455.2,0.0,7.0
707280,5754,2025-08-11 10:33:28,Pending,Net Banking,Bhopal,Madhya Pradesh,50927.63,10185.53,
702592,5059,2024-04-22 20:38:10,Cancelled,Credit Card,Indore,Madhya Pradesh,1718.83,0.0,
705142,5363,2026-05-12 00:46:48,Shipped,Credit Card,Indore,Madhya Pradesh,4287.81,857.56,
708897,5053,2025-06-04 18:46:34,Delivered,Credit Card,Jaipur,Rajasthan,443.92,22.2,5.0
707155,7602,2022-02-23 08:16:39,Cancelled,UPI,Bangalore,Karnataka,1165.02,0.0,
706910,5779,2023-10-21 11:26:32,Delivered,Net Banking,Nagpur,Maharashtra,212112.85,0.0,4.0
708768,6160,2022-08-14 00:00:27,Delivered,Credit Card,Mumbai,Maharashtra,603.34,0.0,4.0
700295,7075,2024-01-11 18:53:20,Returned,Credit Card,Indore,Madhya Pradesh,21065.69,0.0,
708265,6195,2024-09-15 19:09:49,Delivered,Debit Card,Coimbatore,Tamil Nadu,8263.88,0.0,11.0
707167,5132,2023-02-08 23:36:39,Shipped,UPI,Chennai,Tamil Nadu,7806.12,1170.92,
700117,7834,2023-10-11 01:06:08,Delivered,Credit Card,Patna,Bihar,11272.32,0.0,3.0
702663,6845,2022-11-04 20:11:31,Delivered,Net Banking,Ranchi,Jharkhand,61848.67,9277.3,5.0
705671,6773,2023-06-15 07:37:46,Delivered,Net Banking,Mumbai,Maharashtra,159316.74,7965.84,7.0
708723,7059,2024-07-12 11:45:02,Returned,EMI,Delhi,Delhi,44844.95,4484.49,
707239,5811,2023-06-10 12:32:25,Returned,EMI,Lucknow,Uttar Pradesh,129220.34,6461.02,
701239,5853,2026-04-30 13:17:26,Delivered,Net Banking,Nagpur,Maharashtra,4892.46,0.0,4.0
708123,5518,2025-06-07 23:59:03,Delivered,UPI,Ranchi,Jharkhand,15173.75,2276.06,1.0
706708,7584,2026-06-23 13:54:28,Shipped,UPI,Mumbai,Maharashtra,21214.59,0.0,
701938,5763,2026-06-28 05:22:21,Pending,Cash on Delivery,Hyderabad,Telangana,14130.54,2826.11,
703263,5331,2023-02-05 08:10:57,Cancelled,UPI,Kochi,Kerala,6806.64,340.33,
707751,7835,2022-10-25 23:04:22,Pending,Net Banking,Coimbatore,Tamil Nadu,130763.57,13076.36,
701251,5069,2025-02-05 15:14:03,Delivered,Net Banking,Pune,Maharashtra,26615.57,0.0,2.0
703328,6501,2022-08-12 17:05:13,Delivered,EMI,Jaipur,Rajasthan,14757.9,2213.68,12.0
700718,6268,2022-02-27 19:53:27,Pending,Cash on Delivery,Indore,Madhya Pradesh,45414.05,4541.4,
705952,7335,2025-06-05 17:40:29,Cancelled,Net Banking,Pune,Maharashtra,159971.29,0.0,
706605,7380,2022-01-17 05:47:20,Delivered,Net Banking,Nashik,Maharashtra,36063.66,1803.18,3.0
703607,7832,2025-05-04 01:51:57,Delivered,Net Banking,Lucknow,Uttar Pradesh,3785.76,378.58,11.0
704330,7749,2026-02-23 13:16:43,Delivered,Cash on Delivery,Lucknow,Uttar Pradesh,243302.34,0.0,8.0
703536,7420,2025-08-15 17:30:58,Delivered,Debit Card,Patna,Bihar,27754.48,1387.72,7.0
705225,5461,2022-05-10 12:10:34,Cancelled,Cash on Delivery,Chennai,Tamil Nadu,22455.46,0.0,
702926,7412,2026-05-26 00:50:19,Cancelled,Net Banking,Hyderabad,Telangana,53056.76,2652.84,
707164,5581,2026-06-14 02:13:38,Delivered,Cash on Delivery,Indore,Madhya Pradesh,12441.58,0.0,12.0
706895,6929,2022-08-19 15:25:12,Returned,Credit Card,Jaipur,Rajasthan,9849.52,0.0,
706085,6149,2026-05-09 01:45:25,Delivered,Credit Card,Pune,Maharashtra,32788.46,6557.69,5.0
702434,5132,2025-06-04 07:27:27,Delivered,Net Banking,Patna,Bihar,431874.92,21593.75,7.0
708183,5329,2022-02-18 23:00:48,Pending,Credit Card,Kolkata,West Bengal,804.84,40.24,
702349,6143,2026-06-10 11:09:55,Cancelled,Credit Card,Kolkata,West Bengal,3009.96,150.5,
702973,7050,2022-05-07 18:40:42,Delivered,UPI,Chennai,Tamil Nadu,380060.11,0.0,1.0
703239,6280,2023-09-09 16:20:11,Delivered,Credit Card,Patna,Bihar,45720.01,9144.0,4.0
706747,7890,2024-02-26 06:56:34,Shipped,Net Banking,Bhopal,Madhya Pradesh,33696.97,0.0,
702004,7197,2022-02-23 21:32:06,Shipped,Net Banking,Mumbai,Maharashtra,217854.45,0.0,
708177,6257,2026-06-22 03:43:14,Shipped,EMI,Kochi,Kerala,237865.93,11893.3,
708322,7278,2022-09-14 15:51:27,Delivered,Cash on Delivery,Coimbatore,Tamil Nadu,58316.46,11663.29,12.0
708862,7234,2023-12-21 16:04:55,Pending,EMI,Patna,Bihar,61998.57,0.0,
700247,7563,2024-11-10 07:07:33,Shipped,Debit Card,Kolkata,West Bengal,47859.6,2392.98,
705989,7006,2023-05-20 12:21:47,Delivered,Cash on Delivery,Kochi,Kerala,1960.36,392.07,1.0
702097,7402,2026-03-25 13:03:25,Delivered,UPI,Chennai,Tamil Nadu,43424.04,0.0,1.0
706280,7455,2022-08-17 11:57:57,Delivered,UPI,Patna,Bihar,88772.68,4438.63,8.0
708596,7009,2024-03-14 15:46:26,Pending,EMI,Chennai,Tamil Nadu,193597.25,38719.45,
704276,5681,2023-06-22 21:06:57,Delivered,EMI,Pune,Maharashtra,19278.82,3855.76,5.0
708787,7271,2022-08-19 22:32:18,Shipped,Net Banking,Patna,Bihar,39203.22,0.0,
707711,6843,2024-06-08 02:50:37,Delivered,UPI,Chennai,Tamil Nadu,29345.94,5869.19,6.0
708105,5284,2026-02-03 06:41:07,Delivered,UPI,Mumbai,Maharashtra,20928.62,3139.29,10.0
702796,5195,2023-02-07 15:44:20,Delivered,Credit Card,Kolkata,West Bengal,385.54,38.55,11.0
705552,7831,2022-03-26 15:18:26,Returned,UPI,Nashik,Maharashtra,169838.55,0.0,
704880,7818,2022-05-01 02:40:05,Delivered,EMI,Mumbai,Maharashtra,65666.08,6566.61,5.0
703766,7671,2023-01-03 05:57:04,Shipped,UPI,Lucknow,Uttar Pradesh,30387.44,6077.49,
704440,5496,2023-12-17 22:00:24,Cancelled,Credit Card,Bhopal,Madhya Pradesh,172636.51,0.0,
707750,5801,2024-08-24 23:13:07,Delivered,Credit Card,Nagpur,Maharashtra,428416.14,85683.23,3.0
700990,6444,2024-05-30 12:26:44,Cancelled,Net Banking,Delhi,Delhi,4646.28,464.63,
704736,5865,2025-12-01 12:50:34,Returned,Debit Card,Kochi,Kerala,4786.33,717.95,
706451,5687,2025-07-09 20:35:35,Returned,Cash on Delivery,Mumbai,Maharashtra,31608.83,0.0,
705969,5354,2022-03-07 22:09:16,Pending,EMI,Hyderabad,Telangana,59864.88,8979.73,
706400,7446,2025-04-28 12:00:44,Returned,Net Banking,Ranchi,Jharkhand,2351.0,470.2,
703438,7747,2023-05-14 20:09:38,Returned,Debit Card,Chandigarh,Chandigarh,11343.4,1701.51,
701012,6395,2025-08-10 04:59:51,Delivered,Credit Card,Nagpur,Maharashtra,46134.54,9226.91,6.0
704046,7562,2025-05-19 01:08:10,Shipped,UPI,Hyderabad,Telangana,32400.3,6480.06,
703070,7708,2024-10-28 08:49:44,Delivered,Cash on Delivery,Ahmedabad,Gujarat,7072.66,353.63,7.0
704336,7753,2024-12-24 11:51:35,Cancelled,Cash on Delivery,Surat,Gujarat,9612.39,1922.48,
700290,5420,2022-12-22 07:20:40,Shipped,Net Banking,Surat,Gujarat,89080.84,0.0,
708301,6353,2022-02-11 09:54:45,Shipped,EMI,Chandigarh,Chandigarh,77725.89,15545.18,
701065,6858,2025-05-10 11:26:28,Delivered,EMI,Pune,Maharashtra,47682.26,4768.23,1.0
700914,7058,2025-12-11 01:13:27,Delivered,Credit Card,Coimbatore,Tamil Nadu,59425.68,0.0,2.0
708030,7014,2025-01-26 14:00:15,Pending,UPI,Bhopal,Madhya Pradesh,313355.2,47003.28,
707523,6433,2024-09-18 17:27:22,Delivered,UPI,Bangalore,Karnataka,13636.8,2727.36,8.0
708357,7223,2025-03-09 00:07:25,Delivered,Net Banking,Chandigarh,Chandigarh,150239.6,7511.98,2.0
703005,6712,2025-01-07 00:39:59,Delivered,UPI,Lucknow,Uttar Pradesh,33630.16,3363.02,11.0
707819,5018,2024-07-19 09:55:42,Returned,Debit Card,Pune,Maharashtra,45390.85,0.0,
708439,7263,2026-06-08 11:25:51,Shipped,EMI,Ahmedabad,Gujarat,53909.63,0.0,
706176,5441,2024-07-27 00:54:48,Cancelled,EMI,Indore,Madhya Pradesh,23416.35,4683.27,
704217,6621,2023-01-11 15:47:28,Delivered,Cash on Delivery,Surat,Gujarat,4068.48,203.42,6.0
700490,7936,2026-05-12 01:02:20,Shipped,Net Banking,Lucknow,Uttar Pradesh,9227.04,922.7,
702111,6504,2025-10-21 11:37:03,Delivered,UPI,Surat,Gujarat,32343.8,0.0,11.0
702983,7878,2026-02-07 03:32:11,Cancelled,UPI,Coimbatore,Tamil Nadu,172.35,25.85,
701433,5627,2023-12-31 06:17:09,Delivered,UPI,Pune,Maharashtra,131385.7,13138.57,9.0
700978,7708,2025-07-29 22:19:33,Pending,Debit Card,Coimbatore,Tamil Nadu,542.68,27.13,
700608,6329,2022-02-14 18:38:08,Delivered,EMI,Kochi,Kerala,1833.66,91.68,3.0
708127,7203,2023-07-09 07:49:29,Returned,EMI,Bhopal,Madhya Pradesh,16016.2,800.81,
704408,5744,2023-12-12 11:58:52,Pending,EMI,Pune,Maharashtra,31236.69,6247.34,
703228,5339,2023-03-09 14:54:03,Pending,Debit Card,Nashik,Maharashtra,160351.96,32070.39,
707766,6958,2026-01-31 17:44:35,Returned,Net Banking,Kolkata,West Bengal,68265.45,13653.09,
700977,5114,2022-02-24 01:20:46,Returned,UPI,Chandigarh,Chandigarh,223733.11,11186.66,
702875,6321,2022-07-16 13:10:45,Delivered,EMI,Bangalore,Karnataka,7375.07,737.51,5.0
700752,7532,2023-01-18 08:18:32,Shipped,Net Banking,Bhopal,Madhya Pradesh,463.08,0.0,
703953,6342,2026-05-05 07:20:51,Returned,EMI,Coimbatore,Tamil Nadu,20609.09,4121.82,
708410,6331,2026-02-01 00:39:23,Cancelled,Net Banking,Delhi,Delhi,11290.32,1129.03,
708584,6797,2026-02-11 17:01:55,Pending,Net Banking,Bhopal,Madhya Pradesh,37417.18,1870.86,
703402,7275,2025-10-31 11:55:21,Shipped,Credit Card,Bhopal,Madhya Pradesh,19247.8,0.0,
703708,6103,2022-12-02 10:01:45,Delivered,Net Banking,Ranchi,Jharkhand,13510.14,2702.03,11.0
706055,6789,2023-05-01 04:50:38,Cancelled,Debit Card,Jaipur,Rajasthan,7013.73,1402.75,
706562,7808,2023-09-13 08:33:32,Delivered,Net Banking,Hyderabad,Telangana,1101.54,0.0,10.0
700548,7299,2023-04-06 01:12:10,Delivered,Debit Card,Kolkata,West Bengal,27281.51,2728.15,2.0
703739,5763,2023-09-05 01:51:06,Delivered,Cash on Delivery,Ahmedabad,Gujarat,5930.53,593.05,3.0
702102,5592,2025-01-27 21:11:42,Delivered,Debit Card,Hyderabad,Telangana,14891.24,0.0,8.0
704358,5606,2022-11-24 01:40:37,Delivered,Net Banking,Bangalore,Karnataka,540819.92,0.0,6.0
700342,7216,2025-04-29 12:25:00,Returned,Credit Card,Delhi,Delhi,477.7,47.77,
700702,6765,2022-07-06 15:08:15,Delivered,EMI,Mumbai,Maharashtra,40020.6,8004.12,9.0
706731,5945,2023-06-17 02:38:05,Cancelled,Debit Card,Ranchi,Jharkhand,314619.05,62923.81,
707162,5583,2023-07-07 09:30:50,Returned,UPI,Chennai,Tamil Nadu,28283.41,2828.34,
702902,6422,2024-10-12 02:00:34,Delivered,Debit Card,Indore,Madhya Pradesh,4940.2,741.03,7.0
702771,6625,2026-07-18 13:43:50,Delivered,Cash on Delivery,Hyderabad,Telangana,15412.68,0.0,10.0
706470,6507,2026-03-09 08:36:12,Cancelled,EMI,Bhopal,Madhya Pradesh,4271.54,0.0,
705652,6555,2024-12-20 07:18:41,Delivered,Cash on Delivery,Nashik,Maharashtra,45157.43,0.0,10.0
705123,7365,2022-06-29 09:01:39,Cancelled,Debit Card,Jaipur,Rajasthan,305733.35,0.0,
702820,6820,2023-07-28 12:18:36,Delivered,Cash on Delivery,Delhi,Delhi,2470.23,0.0,12.0
700743,6159,2025-12-26 07:55:04,Delivered,Debit Card,Nashik,Maharashtra,63364.8,12672.96,5.0
706423,7626,2023-02-12 08:24:41,Pending,Debit Card,Coimbatore,Tamil Nadu,230005.56,34500.83,
702239,5630,2023-07-14 17:06:04,Delivered,Debit Card,Kochi,Kerala,65581.75,3279.09,4.0
705575,6743,2026-04-24 17:53:29,Shipped,Cash on Delivery,Indore,Madhya Pradesh,88705.6,17741.12,
707503,6004,2025-12-31 02:51:18,Delivered,EMI,Nashik,Maharashtra,270834.72,27083.47,8.0
700565,5999,2026-01-10 21:01:12,Delivered,Credit Card,Jaipur,Rajasthan,123256.31,0.0,9.0
703048,5238,2026-05-31 12:30:15,Returned,UPI,Kochi,Kerala,29882.93,4482.44,
708163,5381,2025-06-08 20:16:56,Pending,Cash on Delivery,Patna,Bihar,718.37,71.84,
706421,6471,2022-04-22 16:17:44,Delivered,Net Banking,Kochi,Kerala,5789.06,0.0,3.0
706437,5244,2022-12-31 10:14:03,Cancelled,Cash on Delivery,Surat,Gujarat,18549.49,0.0,
700293,5741,2023-06-23 19:27:52,Returned,Debit Card,Patna,Bihar,26340.64,3951.1,
706128,6345,2022-10-24 06:18:28,Delivered,Net Banking,Surat,Gujarat,28129.72,2812.97,5.0
701276,6630,2023-08-06 02:05:39,Cancelled,EMI,Surat,Gujarat,129911.92,0.0,
702514,6760,2026-01-26 17:23:35,Delivered,Credit Card,Ahmedabad,Gujarat,78509.93,0.0,8.0
700184,6311,2026-05-05 15:54:58,Delivered,Net Banking,Kolkata,West Bengal,865.78,0.0,8.0
701508,7659,2023-02-16 23:39:27,Delivered,EMI,Lucknow,Uttar Pradesh,118409.76,17761.46,7.0
707119,7916,2026-03-06 03:34:43,Delivered,UPI,Indore,Madhya Pradesh,143262.21,0.0,7.0
702129,7255,2022-07-30 02:44:11,Delivered,Net Banking,Ranchi,Jharkhand,1055.89,0.0,3.0
705095,5803,2024-09-26 07:43:05,Cancelled,Credit Card,Nashik,Maharashtra,22644.44,0.0,
701397,7107,2022-10-30 17:15:25,Delivered,Net Banking,Ahmedabad,Gujarat,565825.67,28291.28,10.0
703926,7705,2026-06-04 19:55:35,Delivered,Credit Card,Coimbatore,Tamil Nadu,9831.93,1966.39,2.0
703497,7241,2024-02-22 11:30:00,Delivered,Debit Card,Kochi,Kerala,13543.61,2031.54,8.0
707113,5139,2024-03-25 22:26:33,Delivered,UPI,Ahmedabad,Gujarat,16535.31,2480.3,8.0
704367,7085,2022-03-15 23:26:22,Delivered,Net Banking,Chandigarh,Chandigarh,13840.56,692.03,2.0
706086,5534,2024-06-12 20:40:53,Delivered,Credit Card,Indore,Madhya Pradesh,7137.12,713.71,5.0
702810,6586,2024-07-16 14:01:48,Returned,Credit Card,Surat,Gujarat,21389.3,4277.86,
700981,7738,2022-06-23 09:04:03,Delivered,UPI,Ahmedabad,Gujarat,231527.84,23152.78,11.0
701577,7626,2022-06-06 12:44:50,Delivered,EMI,Bangalore,Karnataka,13014.22,2602.84,1.0
705836,6532,2024-08-02 13:22:22,Shipped,UPI,Ranchi,Jharkhand,33849.76,0.0,
701884,7146,2026-04-19 01:42:28,Delivered,Net Banking,Coimbatore,Tamil Nadu,656.47,32.82,5.0
701216,7115,2023-05-01 08:03:31,Cancelled,Credit Card,Nashik,Maharashtra,15549.07,777.45,
702248,7837,2025-05-23 17:55:34,Delivered,Credit Card,Chennai,Tamil Nadu,180464.03,27069.6,8.0
702208,5224,2025-10-27 02:05:43,Delivered,Debit Card,Pune,Maharashtra,282021.63,0.0,7.0
703097,7150,2024-12-06 03:51:56,Pending,Debit Card,Kolkata,West Bengal,36401.06,3640.11,
703261,6251,2023-03-24 12:36:15,Shipped,Net Banking,Bhopal,Madhya Pradesh,43848.13,0.0,
706686,6550,2024-01-26 03:45:30,Delivered,Cash on Delivery,Ahmedabad,Gujarat,21360.04,1068.0,7.0
707461,6620,2023-06-19 08:11:00,Cancelled,Credit Card,Coimbatore,Tamil Nadu,327080.06,32708.01,
702451,6811,2024-05-20 10:54:30,Delivered,Net Banking,Bangalore,Karnataka,27583.36,5516.67,7.0
703714,7699,2023-04-09 06:59:54,Shipped,UPI,Patna,Bihar,40219.84,6032.98,
700328,5827,2024-02-10 18:12:35,Returned,Debit Card,Nagpur,Maharashtra,24077.34,1203.87,
703599,5202,2025-08-31 18:49:58,Delivered,EMI,Hyderabad,Telangana,34998.72,0.0,3.0
703250,7358,2024-11-07 17:41:03,Delivered,EMI,Kolkata,West Bengal,3310.19,0.0,6.0
708412,6677,2024-06-20 09:05:37,Cancelled,Debit Card,Kolkata,West Bengal,1771.04,177.1,
707466,6360,2024-05-21 13:09:21,Delivered,Debit Card,Delhi,Delhi,1185.94,0.0,12.0
707650,7245,2025-11-11 10:28:05,Delivered,Cash on Delivery,Jaipur,Rajasthan,12299.44,614.97,8.0
700258,6928,2022-05-11 12:55:59,Delivered,Credit Card,Nashik,Maharashtra,16751.02,3350.2,6.0
705343,7652,2024-08-23 12:21:37,Delivered,Debit Card,Patna,Bihar,4407.21,0.0,6.0
704074,6922,2022-10-08 03:01:57,Delivered,UPI,Hyderabad,Telangana,328255.09,65651.02,11.0
707980,6395,2023-04-04 18:19:37,Pending,Debit Card,Chandigarh,Chandigarh,232799.23,0.0,
702452,5502,2023-07-14 12:11:22,Cancelled,EMI,Chandigarh,Chandigarh,25387.37,3808.11,
701810,6083,2025-10-27 23:56:11,Delivered,UPI,Mumbai,Maharashtra,16222.19,2433.33,7.0
708498,6012,2026-02-11 16:51:32,Delivered,Credit Card,Pune,Maharashtra,59068.36,0.0,8.0
706565,6875,2024-02-24 09:45:31,Cancelled,Credit Card,Mumbai,Maharashtra,62568.15,0.0,
707817,6224,2023-01-29 00:35:34,Delivered,Debit Card,Nagpur,Maharashtra,225809.45,0.0,10.0
700383,5942,2022-07-01 21:54:31,Delivered,Cash on Delivery,Delhi,Delhi,23235.83,0.0,8.0
705577,7687,2024-10-17 02:46:48,Cancelled,Credit Card,Ranchi,Jharkhand,309349.74,0.0,
705052,6808,2023-09-29 18:32:43,Shipped,EMI,Mumbai,Maharashtra,78846.16,7884.62,
700350,6023,2024-10-25 02:19:28,Delivered,EMI,Lucknow,Uttar Pradesh,194686.86,0.0,6.0
706112,5412,2022-02-13 01:28:02,Delivered,EMI,Bhopal,Madhya Pradesh,6260.64,939.1,10.0
703631,6051,2024-01-04 18:26:33,Returned,Credit Card,Jaipur,Rajasthan,52599.62,2629.98,
701943,6102,2022-10-27 17:43:55,Delivered,Net Banking,Hyderabad,Telangana,7137.12,713.71,5.0
704853,7292,2022-08-31 23:59:58,Delivered,Cash on Delivery,Kolkata,West Bengal,2410.14,361.52,9.0
707288,6585,2023-08-28 21:57:24,Delivered,EMI,Chennai,Tamil Nadu,20353.09,0.0,1.0
707067,7948,2023-08-08 09:36:42,Shipped,Net Banking,Ahmedabad,Gujarat,128705.91,6435.3,
701013,5779,2023-10-01 18:55:53,Shipped,Debit Card,Chandigarh,Chandigarh,29833.4,2983.34,
706416,7897,2023-10-21 16:54:57,Delivered,UPI,Bangalore,Karnataka,2534.77,0.0,8.0
701999,5178,2025-05-25 22:47:12,Pending,Debit Card,Ahmedabad,Gujarat,37402.94,7480.59,
703077,6226,2025-08-16 00:54:09,Cancelled,Debit Card,Delhi,Delhi,7664.9,0.0,
703687,6816,2025-09-06 08:00:08,Delivered,Debit Card,Ahmedabad,Gujarat,7429.51,371.48,8.0
701049,5699,2024-07-27 22:24:05,Delivered,UPI,Lucknow,Uttar Pradesh,118307.87,5915.39,4.0
704495,5409,2025-06-18 12:36:58,Shipped,Debit Card,Jaipur,Rajasthan,12894.06,0.0,
706993,7801,2023-11-18 15:16:46,Shipped,Credit Card,Surat,Gujarat,20279.72,2027.97,
702050,6372,2025-12-19 19:13:38,Delivered,EMI,Kolkata,West Bengal,152191.46,0.0,2.0
704404,6437,2022-03-09 09:30:50,Delivered,Cash on Delivery,Coimbatore,Tamil Nadu,24314.81,0.0,8.0
703931,5371,2022-02-02 06:47:30,Delivered,EMI,Indore,Madhya Pradesh,2115.48,317.32,2.0
701365,7115,2023-08-30 10:35:07,Delivered,Cash on Delivery,Delhi,Delhi,18943.2,2841.48,7.0
702218,6824,2023-10-24 08:56:33,Delivered,UPI,Hyderabad,Telangana,168533.94,25280.09,10.0
706973,5912,2022-07-28 13:18:58,Delivered,Credit Card,Bangalore,Karnataka,112476.37,22495.27,12.0
706262,7910,2025-12-23 22:49:01,Delivered,Cash on Delivery,Patna,Bihar,5365.27,804.79,5.0
708917,5558,2026-03-25 18:43:49,Delivered,UPI,Chennai,Tamil Nadu,6988.46,698.85,11.0
704362,5330,2025-08-06 00:20:16,Delivered,Credit Card,Mumbai,Maharashtra,211840.87,10592.04,12.0
701942,6790,2026-07-13 17:18:30,Returned,Cash on Delivery,Hyderabad,Telangana,95059.82,19011.96,
702984,7221,2026-04-19 03:16:36,Delivered,Cash on Delivery,Bhopal,Madhya Pradesh,14089.88,2113.48,5.0
703120,7750,2026-05-17 17:39:05,Delivered,Credit Card,Lucknow,Uttar Pradesh,11910.82,595.54,3.0
701261,5138,2023-02-02 17:01:53,Returned,UPI,Delhi,Delhi,91085.88,0.0,
703020,6701,2023-02-25 19:22:34,Shipped,Net Banking,Chennai,Tamil Nadu,51241.41,0.0,
706892,7603,2024-11-23 09:51:24,Delivered,Net Banking,Chandigarh,Chandigarh,29781.02,4467.15,3.0
706919,6929,2024-09-05 03:12:51,Delivered,UPI,Nagpur,Maharashtra,265433.38,0.0,12.0
706793,5768,2023-07-26 18:24:03,Pending,Net Banking,Kolkata,West Bengal,106863.33,16029.5,
705131,6548,2022-06-30 05:25:20,Returned,UPI,Pune,Maharashtra,195376.23,29306.43,
700903,7445,2022-05-18 04:54:58,Cancelled,Debit Card,Chennai,Tamil Nadu,78036.56,7803.66,
707973,6562,2025-09-12 22:36:35,Returned,Net Banking,Nagpur,Maharashtra,128570.07,0.0,
703985,7332,2023-02-15 11:24:42,Pending,UPI,Delhi,Delhi,40308.03,8061.61,
706174,5643,2026-01-13 18:52:37,Delivered,Credit Card,Hyderabad,Telangana,109308.3,5465.41,5.0
708042,7763,2025-05-05 20:46:31,Delivered,Credit Card,Nashik,Maharashtra,10006.02,1500.9,8.0
700207,7528,2022-08-27 09:35:05,Returned,Debit Card,Lucknow,Uttar Pradesh,5472.29,1094.46,
705798,6984,2025-10-20 07:32:28,Pending,Credit Card,Chennai,Tamil Nadu,26746.22,4011.93,
705050,5192,2025-10-02 10:32:31,Delivered,Debit Card,Coimbatore,Tamil Nadu,16958.62,1695.86,6.0
706453,6174,2025-08-16 16:02:58,Delivered,Debit Card,Ahmedabad,Gujarat,6436.02,321.8,12.0
707917,6608,2026-06-14 10:29:37,Shipped,Cash on Delivery,Nashik,Maharashtra,960.32,144.05,
701770,6284,2025-04-19 17:30:47,Delivered,UPI,Indore,Madhya Pradesh,238589.84,0.0,9.0
705066,6255,2022-10-02 20:17:33,Shipped,Net Banking,Pune,Maharashtra,36486.66,7297.33,
708518,7657,2024-04-13 09:47:22,Delivered,Debit Card,Coimbatore,Tamil Nadu,371143.47,0.0,3.0
700410,5341,2026-07-28 11:11:18,Delivered,EMI,Nagpur,Maharashtra,78400.66,3920.03,2.0
700332,5920,2024-02-01 19:36:36,Delivered,Cash on Delivery,Bangalore,Karnataka,275035.55,41255.33,7.0
700965,6167,2023-06-27 07:43:44,Cancelled,Credit Card,Pune,Maharashtra,259526.8,38929.02,
705496,5744,2024-06-04 13:18:52,Shipped,Debit Card,Ranchi,Jharkhand,753.39,37.67,
706145,6279,2022-12-11 03:37:19,Returned,Net Banking,Hyderabad,Telangana,5723.95,1144.79,
700469,7562,2024-10-23 15:03:28,Cancelled,UPI,Chandigarh,Chandigarh,1053.08,157.96,
704182,5988,2025-04-05 11:48:45,Returned,Credit Card,Delhi,Delhi,132183.94,0.0,
707235,6872,2024-12-17 16:07:28,Shipped,Debit Card,Ahmedabad,Gujarat,222685.94,11134.3,
708777,6458,2022-08-06 06:02:15,Cancelled,Debit Card,Pune,Maharashtra,16293.32,0.0,
701787,6737,2022-04-10 14:25:11,Cancelled,Debit Card,Bhopal,Madhya Pradesh,10840.33,0.0,
704409,5316,2023-02-23 14:41:16,Delivered,EMI,Bhopal,Madhya Pradesh,2181.45,327.22,1.0
703431,6262,2025-02-28 16:26:32,Delivered,Debit Card,Patna,Bihar,13875.74,0.0,7.0
708665,6876,2024-12-23 05:59:08,Delivered,Net Banking,Kolkata,West Bengal,5901.24,885.19,8.0
703526,5836,2025-11-04 20:19:44,Delivered,Cash on Delivery,Bangalore,Karnataka,9106.58,0.0,8.0
701501,6546,2025-05-25 00:39:19,Delivered,Debit Card,Mumbai,Maharashtra,694548.0,0.0,5.0
707001,7197,2023-07-08 02:13:48,Delivered,UPI,Indore,Madhya Pradesh,44782.26,6717.34,11.0
702953,6899,2023-10-27 04:15:33,Delivered,Debit Card,Hyderabad,Telangana,11087.4,554.37,10.0
706410,7929,2022-10-11 03:20:24,Delivered,Net Banking,Pune,Maharashtra,43537.08,2176.85,2.0
706701,5826,2025-10-03 10:31:52,Delivered,UPI,Mumbai,Maharashtra,119864.66,5993.23,11.0
705743,6008,2022-02-01 12:13:56,Returned,Credit Card,Bangalore,Karnataka,118023.48,0.0,
703309,6188,2022-02-10 17:31:11,Delivered,Debit Card,Lucknow,Uttar Pradesh,201034.49,30155.17,7.0
701852,6830,2023-06-21 12:30:42,Delivered,UPI,Hyderabad,Telangana,32918.56,6583.71,7.0
707738,7701,2022-01-09 14:32:11,Returned,Net Banking,Indore,Madhya Pradesh,32518.55,1625.93,
706776,5461,2025-02-18 19:34:12,Shipped,EMI,Chennai,Tamil Nadu,190651.41,0.0,
702682,6737,2023-05-28 16:39:11,Cancelled,UPI,Kochi,Kerala,7356.75,1103.51,
706723,7687,2025-05-10 12:02:37,Delivered,Cash on Delivery,Delhi,Delhi,22051.87,0.0,5.0
705097,5760,2026-02-11 09:36:56,Delivered,Net Banking,Indore,Madhya Pradesh,2219.84,0.0,3.0
703209,5237,2024-08-21 19:49:41,Delivered,Credit Card,Mumbai,Maharashtra,16443.79,0.0,6.0
708415,7156,2024-12-15 16:41:19,Pending,Debit Card,Jaipur,Rajasthan,180497.21,9024.86,
708624,7088,2024-08-10 02:47:58,Returned,Cash on Delivery,Chandigarh,Chandigarh,1771.53,0.0,
702681,6287,2022-09-19 03:29:43,Delivered,Debit Card,Kolkata,West Bengal,183273.93,9163.7,12.0
701808,5567,2025-01-23 08:10:19,Shipped,UPI,Hyderabad,Telangana,2447.8,0.0,
701203,6021,2022-02-13 14:04:30,Delivered,EMI,Mumbai,Maharashtra,7322.42,366.12,1.0
705571,7286,2024-09-28 11:31:01,Returned,Debit Card,Chandigarh,Chandigarh,15899.64,3179.93,
708021,5009,2024-03-13 06:20:36,Delivered,Debit Card,Chennai,Tamil Nadu,1233.4,246.68,12.0
707769,5039,2025-07-01 14:54:51,Pending,Credit Card,Lucknow,Uttar Pradesh,220490.44,33073.57,
702500,6352,2023-06-26 05:21:02,Delivered,EMI,Nagpur,Maharashtra,10830.63,0.0,9.0
707541,6335,2024-02-15 23:19:51,Pending,Credit Card,Chandigarh,Chandigarh,4797.94,0.0,
708059,5942,2024-04-24 07:04:34,Cancelled,UPI,Lucknow,Uttar Pradesh,380829.84,0.0,
702560,5952,2022-11-18 14:13:01,Returned,Cash on Delivery,Nagpur,Maharashtra,1901.96,380.39,
704528,7131,2025-07-30 22:01:15,Delivered,Cash on Delivery,Pune,Maharashtra,13487.51,0.0,7.0
708867,6759,2023-12-31 10:02:59,Pending,Credit Card,Pune,Maharashtra,71099.36,3554.97,
706185,7594,2022-05-13 23:05:32,Delivered,UPI,Ahmedabad,Gujarat,52738.55,2636.93,9.0
700444,5135,2022-01-30 17:34:57,Shipped,UPI,Lucknow,Uttar Pradesh,45058.78,2252.94,
700348,7403,2024-09-24 10:28:46,Cancelled,Debit Card,Bangalore,Karnataka,10124.41,1518.66,
708099,7414,2024-11-08 02:51:23,Returned,Net Banking,Lucknow,Uttar Pradesh,210208.51,0.0,
706533,5161,2026-07-02 22:18:47,Delivered,Debit Card,Mumbai,Maharashtra,20257.48,0.0,7.0
703836,6445,2024-03-31 10:48:40,Delivered,Net Banking,Pune,Maharashtra,320488.59,64097.72,2.0
700086,6319,2023-02-08 07:32:28,Cancelled,Credit Card,Surat,Gujarat,6011.97,601.2,
700727,5801,2025-08-07 10:07:02,Delivered,Debit Card,Ahmedabad,Gujarat,8205.26,0.0,2.0
702408,6627,2023-04-13 08:30:24,Delivered,Cash on Delivery,Kochi,Kerala,299217.84,0.0,12.0
706712,6149,2022-08-05 11:11:56,Returned,Cash on Delivery,Hyderabad,Telangana,8803.05,880.3,
707788,6939,2025-12-08 14:08:12,Shipped,Net Banking,Ranchi,Jharkhand,42429.61,6364.44,
708601,7912,2023-08-25 02:30:30,Delivered,Credit Card,Lucknow,Uttar Pradesh,9943.71,994.37,4.0
704244,6567,2022-10-21 19:59:52,Returned,Credit Card,Hyderabad,Telangana,154159.64,15415.96,
707346,6649,2023-09-19 22:40:35,Cancelled,EMI,Jaipur,Rajasthan,33166.02,0.0,
707402,5192,2022-01-06 16:43:08,Delivered,Debit Card,Bangalore,Karnataka,7610.28,761.03,2.0
701745,7728,2026-01-04 06:49:42,Cancelled,Cash on Delivery,Lucknow,Uttar Pradesh,153589.76,15358.98,
703884,7768,2026-05-24 05:56:17,Delivered,UPI,Kochi,Kerala,245491.8,0.0,7.0
700180,5067,2024-05-05 23:58:56,Delivered,Credit Card,Bhopal,Madhya Pradesh,20004.36,4000.87,2.0
702303,7267,2026-05-08 04:20:44,Pending,Net Banking,Kolkata,West Bengal,192821.53,0.0,
704855,5971,2026-03-03 03:44:28,Shipped,Debit Card,Bangalore,Karnataka,98133.2,14719.98,
702153,7531,2022-01-25 08:51:16,Cancelled,Net Banking,Pune,Maharashtra,24445.51,1222.28,
708606,7376,2024-05-04 02:44:42,Cancelled,Cash on Delivery,Jaipur,Rajasthan,17603.4,0.0,
705612,6251,2025-08-26 12:19:14,Delivered,EMI,Chennai,Tamil Nadu,210190.58,21019.06,9.0
701695,6161,2022-06-16 08:04:32,Delivered,Cash on Delivery,Coimbatore,Tamil Nadu,1899.32,0.0,2.0
701707,7194,2025-03-02 14:51:20,Returned,UPI,Patna,Bihar,228172.89,34225.93,
706524,6540,2022-04-17 01:43:47,Delivered,EMI,Kolkata,West Bengal,9484.39,474.22,11.0
704755,7283,2024-04-07 09:10:57,Delivered,Debit Card,Bangalore,Karnataka,38325.1,1916.26,4.0
701328,7954,2025-09-21 12:01:09,Returned,Credit Card,Bhopal,Madhya Pradesh,17283.72,2592.56,
701543,5075,2024-03-15 04:19:48,Delivered,UPI,Kolkata,West Bengal,2023.92,303.59,7.0
702363,5210,2025-07-26 09:31:28,Shipped,EMI,Pune,Maharashtra,4412.09,661.81,
706362,5052,2024-04-01 16:53:49,Delivered,UPI,Patna,Bihar,42994.56,0.0,2.0
706071,7404,2025-10-29 00:35:10,Delivered,EMI,Bhopal,Madhya Pradesh,20352.33,3052.85,10.0
708229,6738,2022-08-15 11:11:17,Delivered,EMI,Lucknow,Uttar Pradesh,137864.79,20679.72,10.0
703271,5166,2024-04-05 06:12:54,Delivered,UPI,Nagpur,Maharashtra,71547.41,0.0,1.0
706951,6344,2025-01-04 03:29:52,Shipped,UPI,Kolkata,West Bengal,588.62,117.72,
704846,6054,2022-09-01 08:17:25,Delivered,Net Banking,Lucknow,Uttar Pradesh,1294.58,0.0,9.0
703502,6265,2023-07-18 14:44:36,Delivered,Cash on Delivery,Nagpur,Maharashtra,7089.1,354.46,2.0
707285,6312,2025-02-15 19:03:11,Delivered,Debit Card,Nagpur,Maharashtra,45619.87,6842.98,4.0
708556,7401,2024-07-01 12:17:19,Delivered,UPI,Pune,Maharashtra,31171.42,6234.28,3.0
701701,5683,2025-04-09 09:12:22,Delivered,UPI,Ranchi,Jharkhand,3667.32,0.0,6.0
701736,5273,2024-10-12 12:28:04,Returned,Credit Card,Delhi,Delhi,17055.17,852.76,
700765,6913,2023-08-16 06:33:08,Returned,UPI,Patna,Bihar,97342.69,0.0,
701832,6491,2025-02-06 23:02:05,Shipped,Credit Card,Kochi,Kerala,297467.74,44620.16,
701969,5508,2026-04-19 07:18:05,Delivered,Cash on Delivery,Patna,Bihar,2822.58,564.52,4.0
708691,6296,2023-12-20 01:32:16,Delivered,UPI,Pune,Maharashtra,11555.64,1155.56,12.0
702913,7494,2024-07-03 14:34:44,Delivered,Cash on Delivery,Surat,Gujarat,85514.11,17102.82,1.0
704089,5633,2022-01-26 21:09:30,Delivered,Debit Card,Pune,Maharashtra,12354.13,1235.41,4.0
700564,5084,2024-04-28 04:09:38,Returned,UPI,Surat,Gujarat,28682.02,4302.3,
707941,7923,2025-06-14 23:28:33,Shipped,Credit Card,Nashik,Maharashtra,12269.61,2453.92,
705388,5443,2023-10-25 03:54:35,Delivered,Credit Card,Jaipur,Rajasthan,18166.2,1816.62,10.0
703241,5900,2022-02-07 11:42:58,Delivered,UPI,Delhi,Delhi,14456.62,0.0,3.0
705717,6882,2023-10-20 14:56:02,Delivered,EMI,Chennai,Tamil Nadu,33766.12,0.0,5.0
702131,7920,2022-02-03 16:06:58,Cancelled,Credit Card,Surat,Gujarat,42180.02,4218.0,
701284,5805,2025-12-24 04:41:40,Pending,Debit Card,Hyderabad,Telangana,23338.13,4667.63,
700713,7686,2024-02-23 22:11:46,Delivered,Credit Card,Chennai,Tamil Nadu,335340.18,16767.01,10.0
706553,7704,2022-05-17 19:48:25,Cancelled,UPI,Ahmedabad,Gujarat,88976.4,8897.64,
708986,7765,2022-03-22 15:58:09,Delivered,UPI,Surat,Gujarat,47842.9,0.0,9.0
708156,7743,2024-03-24 10:04:00,Delivered,Credit Card,Kolkata,West Bengal,13059.84,0.0,5.0
701654,6349,2023-06-24 14:54:50,Delivered,EMI,Lucknow,Uttar Pradesh,192163.03,9608.15,10.0
700638,5895,2022-01-12 16:15:48,Delivered,EMI,Pune,Maharashtra,19677.12,1967.71,9.0
702020,5050,2022-02-28 14:15:15,Shipped,EMI,Kochi,Kerala,15171.72,0.0,
701133,5714,2026-05-21 06:47:43,Delivered,Debit Card,Mumbai,Maharashtra,143889.08,14388.91,3.0
700302,7251,2026-05-31 22:12:43,Delivered,UPI,Kochi,Kerala,54721.74,0.0,1.0
705316,6860,2026-03-06 13:54:51,Delivered,Net Banking,Bhopal,Madhya Pradesh,6411.81,1282.36,3.0
704890,7750,2022-02-08 11:52:34,Pending,Debit Card,Pune,Maharashtra,19087.47,3817.49,
703359,5147,2025-03-26 17:23:59,Delivered,Credit Card,Nashik,Maharashtra,284117.26,0.0,4.0
706954,5319,2023-03-01 08:09:07,Delivered,Debit Card,Lucknow,Uttar Pradesh,11284.37,0.0,11.0
707255,5448,2024-08-08 02:44:44,Returned,EMI,Bhopal,Madhya Pradesh,33419.87,6683.97,
705204,6734,2024-08-08 22:32:28,Shipped,EMI,Indore,Madhya Pradesh,31071.07,6214.21,
706773,7076,2026-06-29 12:51:33,Shipped,EMI,Chandigarh,Chandigarh,4642.77,464.28,
703689,6780,2024-06-13 14:29:46,Delivered,Net Banking,Coimbatore,Tamil Nadu,55188.52,11037.7,10.0
700416,5050,2024-10-20 14:53:14,Pending,Debit Card,Chandigarh,Chandigarh,103731.46,10373.15,
707953,5600,2023-12-23 18:09:47,Cancelled,Debit Card,Pune,Maharashtra,92812.06,0.0,
706052,7074,2025-09-14 12:42:51,Delivered,Cash on Delivery,Bhopal,Madhya Pradesh,103029.44,10302.94,12.0
704374,6263,2024-06-22 20:28:25,Delivered,Net Banking,Delhi,Delhi,1215.74,121.57,5.0
703387,5243,2023-03-08 08:21:34,Shipped,Debit Card,Pune,Maharashtra,1586.61,237.99,
702907,7400,2025-10-11 21:31:35,Returned,UPI,Surat,Gujarat,317935.22,15896.76,
705340,7948,2026-06-22 03:37:57,Delivered,Cash on Delivery,Kolkata,West Bengal,2003.76,400.75,6.0
708731,7576,2024-11-18 23:42:20,Shipped,Net Banking,Kolkata,West Bengal,224371.32,33655.7,
705715,7802,2022-08-07 23:44:21,Delivered,Net Banking,Patna,Bihar,15811.4,0.0,2.0
703825,7933,2022-06-26 17:43:11,Delivered,Net Banking,Ahmedabad,Gujarat,36171.55,1808.58,3.0
706177,6738,2023-09-26 20:46:49,Delivered,Cash on Delivery,Ranchi,Jharkhand,14589.95,1459.0,10.0
703748,5471,2023-01-12 08:27:28,Cancelled,Cash on Delivery,Lucknow,Uttar Pradesh,13551.29,0.0,
705933,6792,2026-03-12 03:13:27,Shipped,Net Banking,Nagpur,Maharashtra,67505.87,0.0,
706172,6041,2023-12-19 01:54:10,Pending,Credit Card,Jaipur,Rajasthan,21081.03,0.0,
706040,5054,2022-05-11 17:37:51,Shipped,Cash on Delivery,Jaipur,Rajasthan,11787.9,2357.58,
705264,6722,2023-03-02 12:39:27,Pending,Credit Card,Ahmedabad,Gujarat,34671.84,6934.37,
703017,7778,2025-10-27 05:33:22,Delivered,Net Banking,Jaipur,Rajasthan,239570.96,47914.19,1.0
706413,5836,2024-06-30 05:20:02,Returned,Debit Card,Coimbatore,Tamil Nadu,980.18,196.04,
700551,7871,2023-01-29 16:25:58,Returned,Cash on Delivery,Ahmedabad,Gujarat,169632.89,33926.58,
702617,6608,2026-02-22 11:58:25,Returned,Debit Card,Chandigarh,Chandigarh,4484.7,672.7,
707281,5853,2025-04-05 21:26:45,Cancelled,Debit Card,Jaipur,Rajasthan,59967.25,11993.45,
702438,5704,2022-04-26 14:00:17,Delivered,Net Banking,Nashik,Maharashtra,18025.79,901.29,5.0
707458,5962,2023-03-05 11:32:42,Shipped,Debit Card,Hyderabad,Telangana,389171.92,0.0,
702770,6004,2026-05-17 10:09:11,Delivered,Credit Card,Lucknow,Uttar Pradesh,323318.43,48497.76,12.0
708564,7748,2023-01-05 00:27:36,Delivered,Debit Card,Ranchi,Jharkhand,78542.25,11781.34,5.0
707743,5310,2023-06-11 00:27:18,Cancelled,EMI,Nagpur,Maharashtra,152065.54,0.0,
708696,7851,2022-05-05 14:04:53,Pending,Debit Card,Ahmedabad,Gujarat,20732.02,0.0,
708643,5987,2024-11-12 14:58:59,Pending,Debit Card,Delhi,Delhi,8794.36,0.0,
702794,6275,2023-05-19 10:27:06,Delivered,UPI,Bhopal,Madhya Pradesh,16828.16,3365.63,12.0
703873,5777,2025-10-05 19:40:17,Delivered,Net Banking,Ahmedabad,Gujarat,3556.39,0.0,2.0
704037,7520,2025-06-30 15:45:05,Cancelled,Debit Card,Ahmedabad,Gujarat,249681.2,0.0,
702760,6850,2024-05-15 13:31:30,Pending,UPI,Delhi,Delhi,493261.61,98652.32,
700543,7763,2022-04-06 02:23:51,Delivered,EMI,Indore,Madhya Pradesh,85644.65,17128.93,3.0
704150,6133,2024-09-13 12:05:44,Cancelled,UPI,Bangalore,Karnataka,5595.82,839.37,
707044,7435,2024-06-24 01:16:18,Delivered,Credit Card,Hyderabad,Telangana,35093.31,1754.67,1.0
700075,5641,2026-03-07 08:20:26,Cancelled,Net Banking,Coimbatore,Tamil Nadu,5148.51,772.28,
704486,7000,2024-01-21 04:19:56,Delivered,UPI,Chennai,Tamil Nadu,922.02,138.3,3.0
700359,7393,2026-07-30 14:30:44,Returned,UPI,Pune,Maharashtra,6678.28,0.0,
701840,5261,2025-12-11 00:28:56,Pending,Cash on Delivery,Chennai,Tamil Nadu,428921.68,64338.25,
707620,7923,2025-10-16 04:36:55,Returned,Credit Card,Patna,Bihar,19212.72,3842.54,
705719,6703,2026-06-20 05:25:15,Delivered,EMI,Surat,Gujarat,10025.39,1503.81,1.0
701596,6474,2022-02-11 04:59:34,Delivered,Credit Card,Chennai,Tamil Nadu,57942.9,0.0,2.0
707272,7398,2024-06-28 05:40:53,Returned,Debit Card,Jaipur,Rajasthan,91895.97,4594.8,
700584,6852,2023-05-24 07:10:52,Delivered,Cash on Delivery,Pune,Maharashtra,75990.87,7599.09,10.0
706749,6055,2025-06-03 21:38:28,Returned,UPI,Bangalore,Karnataka,5255.4,788.31,
704430,5013,2025-08-20 21:32:00,Delivered,EMI,Coimbatore,Tamil Nadu,274784.06,27478.41,1.0
703068,6193,2024-10-20 18:58:35,Returned,Credit Card,Delhi,Delhi,16227.4,2434.11,
705261,7421,2024-09-08 12:09:41,Delivered,Credit Card,Nashik,Maharashtra,33730.71,0.0,10.0
708642,6334,2024-05-05 10:39:06,Returned,UPI,Chennai,Tamil Nadu,28793.44,5758.69,
702885,5860,2024-04-18 02:10:26,Shipped,Cash on Delivery,Hyderabad,Telangana,1618.16,161.82,
708276,6462,2025-12-06 19:07:19,Returned,EMI,Indore,Madhya Pradesh,95047.96,0.0,
708128,7316,2026-05-15 17:28:26,Delivered,UPI,Ranchi,Jharkhand,104708.51,15706.28,3.0
701649,6837,2025-11-19 02:15:41,Shipped,Credit Card,Pune,Maharashtra,44637.63,0.0,
707016,7793,2025-03-05 21:53:15,Delivered,EMI,Kochi,Kerala,49028.34,0.0,5.0
701168,6588,2023-09-19 06:49:25,Returned,Cash on Delivery,Ranchi,Jharkhand,86243.25,4312.16,
703661,6679,2026-06-08 09:17:42,Delivered,EMI,Hyderabad,Telangana,263.27,13.16,3.0
702603,5086,2024-03-09 14:07:13,Delivered,Net Banking,Bangalore,Karnataka,36829.74,1841.49,2.0
706292,5739,2024-07-17 14:44:43,Shipped,Net Banking,Kochi,Kerala,7935.18,0.0,
707160,7151,2024-01-21 00:44:05,Cancelled,Credit Card,Chandigarh,Chandigarh,23030.06,2303.01,
701972,6015,2026-02-27 14:56:47,Shipped,EMI,Patna,Bihar,3977.47,198.87,
703701,5630,2025-10-12 09:34:49,Returned,Cash on Delivery,Indore,Madhya Pradesh,226121.16,45224.23,
701659,5185,2026-05-30 11:46:06,Delivered,Debit Card,Bhopal,Madhya Pradesh,4993.86,998.77,10.0
706277,5432,2024-04-01 02:49:19,Shipped,UPI,Jaipur,Rajasthan,51583.42,0.0,
701112,7651,2024-05-13 02:30:06,Delivered,Cash on Delivery,Jaipur,Rajasthan,302856.4,15142.82,10.0
704596,5940,2024-07-10 11:05:11,Delivered,EMI,Patna,Bihar,90900.34,0.0,8.0
707693,6110,2026-03-22 02:51:17,Delivered,Credit Card,Patna,Bihar,227700.96,45540.19,7.0
702866,7145,2022-12-09 07:40:33,Delivered,Credit Card,Chennai,Tamil Nadu,50191.82,2509.59,8.0
700815,5024,2024-12-19 00:20:36,Returned,Cash on Delivery,Kolkata,West Bengal,22395.16,4479.03,
705356,5635,2022-03-29 18:40:42,Delivered,UPI,Delhi,Delhi,15323.3,1532.33,7.0
708583,5723,2022-08-26 06:38:06,Shipped,Credit Card,Jaipur,Rajasthan,29416.2,1470.81,
702563,7063,2022-03-07 03:25:21,Delivered,UPI,Delhi,Delhi,208874.34,0.0,11.0
701026,5438,2024-04-20 04:04:46,Delivered,Net Banking,Jaipur,Rajasthan,2712.92,542.58,9.0
702279,5586,2023-01-19 15:10:45,Shipped,UPI,Indore,Madhya Pradesh,7850.28,0.0,
708856,7288,2024-05-07 05:37:16,Pending,Credit Card,Lucknow,Uttar Pradesh,1460.14,73.01,
708170,7030,2025-03-28 06:58:20,Shipped,UPI,Chennai,Tamil Nadu,4801.69,0.0,
706264,5093,2024-09-28 07:12:57,Cancelled,Credit Card,Bangalore,Karnataka,62007.47,12401.49,
707326,6521,2023-03-15 02:29:09,Shipped,UPI,Patna,Bihar,126303.04,6315.15,
703027,5082,2022-08-19 16:46:26,Delivered,Net Banking,Coimbatore,Tamil Nadu,32381.94,1619.1,9.0
700839,5866,2025-04-07 22:23:48,Delivered,Cash on Delivery,Indore,Madhya Pradesh,29736.64,4460.5,9.0
701233,7865,2023-01-04 13:51:04,Returned,Cash on Delivery,Kolkata,West Bengal,142620.87,14262.09,
701041,6758,2022-06-12 09:46:40,Returned,Net Banking,Nagpur,Maharashtra,146347.46,7317.37,
704392,7241,2023-06-18 22:23:27,Pending,Net Banking,Bangalore,Karnataka,93334.53,0.0,
703266,5384,2026-05-12 04:28:05,Delivered,EMI,Kolkata,West Bengal,1541.71,154.17,6.0
701247,7650,2023-04-19 12:33:05,Cancelled,UPI,Patna,Bihar,28819.59,0.0,
705990,6879,2022-10-24 03:55:00,Cancelled,Debit Card,Chandigarh,Chandigarh,588.62,29.43,
702544,7504,2026-02-17 08:52:27,Delivered,Cash on Delivery,Kolkata,West Bengal,10591.26,1059.13,8.0
707227,6099,2025-06-29 23:58:34,Delivered,UPI,Hyderabad,Telangana,17452.43,3490.49,2.0
702698,5335,2022-03-19 18:25:57,Delivered,Net Banking,Chandigarh,Chandigarh,43191.52,0.0,2.0
706815,7470,2024-06-19 23:38:23,Shipped,Cash on Delivery,Pune,Maharashtra,2336.4,467.28,
708478,7497,2022-07-31 09:30:25,Cancelled,Cash on Delivery,Chandigarh,Chandigarh,3534.47,0.0,
705605,6016,2024-05-25 09:52:29,Delivered,Credit Card,Chennai,Tamil Nadu,19979.52,1997.95,8.0
708011,6144,2022-03-15 23:59:36,Delivered,EMI,Indore,Madhya Pradesh,31148.65,3114.86,7.0
702164,5398,2024-11-29 20:01:05,Delivered,UPI,Hyderabad,Telangana,32568.62,0.0,11.0
704053,5652,2023-03-10 20:58:17,Delivered,EMI,Chennai,Tamil Nadu,35381.5,3538.15,9.0
708305,7897,2025-12-02 20:09:03,Delivered,Credit Card,Kochi,Kerala,11902.77,595.14,2.0
702612,5512,2024-11-01 08:24:54,Returned,EMI,Chennai,Tamil Nadu,61379.03,9206.85,
704937,7083,2025-11-04 08:39:48,Delivered,UPI,Surat,Gujarat,8322.14,1248.32,11.0
701682,5281,2026-01-01 16:46:38,Delivered,UPI,Pune,Maharashtra,63443.23,3172.16,5.0
708554,6922,2023-05-04 20:05:55,Delivered,UPI,Nashik,Maharashtra,379847.85,18992.39,9.0
703449,5318,2022-08-16 03:27:29,Returned,EMI,Coimbatore,Tamil Nadu,8074.3,807.43,
706340,6430,2025-03-01 10:37:48,Delivered,Cash on Delivery,Ahmedabad,Gujarat,34947.89,0.0,4.0
703075,7927,2024-11-24 09:24:49,Returned,UPI,Bangalore,Karnataka,13440.88,0.0,
705670,6787,2024-06-25 06:08:21,Cancelled,Debit Card,Patna,Bihar,52571.71,7885.76,
701674,6039,2025-06-08 12:12:04,Cancelled,Net Banking,Nagpur,Maharashtra,23641.79,0.0,
701711,7615,2023-07-19 05:58:53,Delivered,UPI,Nashik,Maharashtra,303338.29,30333.83,11.0
701085,5165,2026-07-30 23:39:30,Delivered,Net Banking,Patna,Bihar,20831.11,0.0,7.0
702059,7378,2024-08-15 04:14:04,Pending,Debit Card,Nashik,Maharashtra,28575.82,0.0,
701395,7612,2025-01-26 21:38:28,Delivered,Net Banking,Chennai,Tamil Nadu,31412.58,1570.63,7.0
700211,7883,2024-05-20 18:39:15,Delivered,Cash on Delivery,Lucknow,Uttar Pradesh,10716.02,535.8,9.0
706324,6862,2024-06-12 15:02:51,Delivered,Debit Card,Indore,Madhya Pradesh,90676.67,4533.83,9.0
703694,7540,2024-03-28 16:22:55,Delivered,Debit Card,Hyderabad,Telangana,1517.94,0.0,7.0
704238,6170,2024-03-11 16:44:33,Pending,UPI,Mumbai,Maharashtra,70458.71,7045.87,
703970,7461,2026-06-19 07:31:48,Delivered,EMI,Mumbai,Maharashtra,286998.51,14349.93,5.0
704812,7716,2023-11-28 02:52:59,Returned,Debit Card,Coimbatore,Tamil Nadu,150221.04,0.0,
704646,7512,2022-04-29 14:14:04,Delivered,Net Banking,Hyderabad,Telangana,5570.5,557.05,6.0
704387,7615,2026-01-06 04:00:58,Delivered,Credit Card,Jaipur,Rajasthan,12222.71,0.0,12.0
706843,5424,2024-01-07 03:59:34,Returned,Credit Card,Hyderabad,Telangana,218011.39,0.0,
706670,7958,2026-06-26 01:15:15,Returned,Net Banking,Mumbai,Maharashtra,10375.86,1037.59,
700051,7028,2026-03-18 04:12:59,Shipped,UPI,Surat,Gujarat,19783.25,989.16,
705375,5725,2024-05-03 20:58:05,Delivered,Net Banking,Coimbatore,Tamil Nadu,66144.28,0.0,7.0
703001,7929,2023-01-24 18:29:55,Cancelled,EMI,Jaipur,Rajasthan,168092.84,33618.57,
703768,5409,2024-09-27 14:57:56,Delivered,Cash on Delivery,Kochi,Kerala,27858.54,1392.93,10.0
708486,6147,2023-03-06 07:10:54,Delivered,EMI,Ranchi,Jharkhand,101276.6,5063.83,7.0
701714,5072,2025-03-15 02:44:12,Delivered,UPI,Coimbatore,Tamil Nadu,1387.4,69.37,5.0
706742,6947,2023-08-14 05:25:38,Delivered,Cash on Delivery,Nashik,Maharashtra,4135.94,413.59,6.0
705208,5108,2022-01-21 07:08:34,Shipped,Credit Card,Hyderabad,Telangana,20123.88,1006.19,
702201,7369,2023-06-06 17:53:17,Cancelled,EMI,Chennai,Tamil Nadu,19960.79,3992.16,
707694,5462,2025-09-03 18:52:25,Delivered,Debit Card,Indore,Madhya Pradesh,120502.71,0.0,2.0
704931,5780,2023-07-01 13:46:52,Shipped,Debit Card,Kolkata,West Bengal,347386.98,34738.7,
704178,7866,2024-12-13 10:51:06,Delivered,Debit Card,Chandigarh,Chandigarh,154546.57,23181.99,10.0
707698,6693,2023-08-19 21:41:39,Shipped,Net Banking,Kolkata,West Bengal,263.27,0.0,
700336,7962,2024-10-07 01:58:52,Shipped,Cash on Delivery,Nashik,Maharashtra,14464.84,0.0,
707306,7610,2024-12-10 06:55:23,Delivered,UPI,Surat,Gujarat,48501.1,0.0,5.0
701058,6411,2025-06-25 13:26:29,Delivered,Debit Card,Jaipur,Rajasthan,38969.24,7793.85,10.0
708479,7424,2022-09-17 08:49:38,Delivered,Cash on Delivery,Pune,Maharashtra,154809.61,0.0,12.0
708648,5312,2022-02-20 04:18:12,Shipped,Cash on Delivery,Patna,Bihar,8533.23,853.32,
706093,6303,2024-05-16 19:54:00,Delivered,Net Banking,Patna,Bihar,334347.33,16717.37,1.0
707453,6228,2026-02-16 05:06:18,Delivered,Credit Card,Coimbatore,Tamil Nadu,29827.92,0.0,4.0
703469,6266,2024-10-12 21:26:04,Pending,Credit Card,Ahmedabad,Gujarat,21800.36,3270.05,
702245,6977,2025-08-14 16:25:34,Cancelled,Cash on Delivery,Ahmedabad,Gujarat,9024.61,1353.69,
705854,6763,2022-07-04 20:44:00,Delivered,Net Banking,Delhi,Delhi,1558.53,311.71,1.0
706730,7510,2026-04-02 06:47:47,Delivered,Credit Card,Kolkata,West Bengal,29073.01,0.0,4.0
701369,5543,2022-10-27 04:38:40,Delivered,Cash on Delivery,Nagpur,Maharashtra,99038.72,14855.81,2.0
703158,6973,2025-04-12 16:49:50,Delivered,Net Banking,Chandigarh,Chandigarh,3512.06,351.21,1.0
707194,6768,2024-04-23 16:03:17,Cancelled,Credit Card,Coimbatore,Tamil Nadu,7196.91,0.0,
702719,7263,2023-09-23 16:42:37,Cancelled,UPI,Delhi,Delhi,5854.07,0.0,
701638,5127,2024-01-02 06:28:25,Delivered,Cash on Delivery,Patna,Bihar,23363.13,4672.63,3.0
702969,6542,2025-11-23 09:10:17,Delivered,Net Banking,Bhopal,Madhya Pradesh,228543.7,22854.37,5.0
704650,6372,2026-05-04 06:32:24,Pending,Net Banking,Chennai,Tamil Nadu,177646.11,0.0,
702727,7180,2025-08-29 07:02:34,Shipped,EMI,Bangalore,Karnataka,24053.56,1202.68,
708120,7866,2025-10-11 10:30:16,Pending,UPI,Lucknow,Uttar Pradesh,41876.31,4187.63,
700253,6484,2022-05-09 10:00:53,Delivered,Debit Card,Mumbai,Maharashtra,129151.05,6457.55,7.0
702079,7121,2023-08-13 12:56:19,Delivered,Cash on Delivery,Surat,Gujarat,12737.85,0.0,10.0
703361,5944,2024-03-02 11:03:19,Delivered,EMI,Nashik,Maharashtra,244271.53,0.0,11.0
706328,6213,2024-09-28 01:43:49,Delivered,Debit Card,Pune,Maharashtra,36112.83,1805.64,9.0
707770,6036,2025-08-12 20:41:55,Cancelled,Cash on Delivery,Kolkata,West Bengal,12718.36,1271.84,
702028,6836,2025-05-30 10:11:03,Delivered,Credit Card,Nagpur,Maharashtra,496017.44,99203.49,6.0
702379,7898,2023-08-29 23:02:57,Returned,Debit Card,Ranchi,Jharkhand,37327.5,7465.5,
706225,6030,2026-04-02 10:11:33,Delivered,EMI,Jaipur,Rajasthan,4140.96,414.1,12.0
707178,6209,2022-07-31 13:28:16,Delivered,Cash on Delivery,Kolkata,West Bengal,5344.88,801.73,12.0
703914,5225,2022-12-12 22:34:41,Delivered,Debit Card,Lucknow,Uttar Pradesh,17708.24,2656.24,1.0
707666,5638,2026-03-04 20:43:44,Cancelled,Net Banking,Bhopal,Madhya Pradesh,2521.48,0.0,
701899,5548,2023-05-15 22:25:35,Delivered,Credit Card,Jaipur,Rajasthan,304608.66,0.0,10.0
707484,5831,2026-03-27 02:44:31,Shipped,Cash on Delivery,Ranchi,Jharkhand,3707.56,741.51,
706326,7139,2026-01-04 06:23:30,Cancelled,Credit Card,Ahmedabad,Gujarat,24077.34,0.0,
702513,7777,2023-12-24 04:03:10,Pending,Cash on Delivery,Nagpur,Maharashtra,50337.69,0.0,
700393,6138,2025-12-23 08:13:11,Returned,UPI,Pune,Maharashtra,32122.91,0.0,
703566,6139,2024-09-03 15:51:08,Cancelled,EMI,Kochi,Kerala,2140.75,321.11,
703071,5186,2026-05-27 03:30:50,Delivered,Cash on Delivery,Mumbai,Maharashtra,56734.86,11346.97,7.0
704553,7759,2026-02-20 05:57:13,Shipped,Net Banking,Nashik,Maharashtra,22633.11,2263.31,
702905,5157,2022-02-16 12:33:47,Delivered,Net Banking,Bhopal,Madhya Pradesh,63956.43,3197.82,5.0
707093,6036,2025-08-26 07:49:10,Shipped,Net Banking,Coimbatore,Tamil Nadu,7206.28,360.31,
700076,5510,2024-01-18 04:05:30,Delivered,Net Banking,Chennai,Tamil Nadu,14210.16,0.0,1.0
703594,6535,2024-02-08 06:55:17,Returned,UPI,Coimbatore,Tamil Nadu,167020.54,25053.08,
708519,6867,2022-02-16 06:09:45,Cancelled,Credit Card,Jaipur,Rajasthan,106503.63,0.0,
704839,5191,2022-11-17 13:47:57,Delivered,EMI,Indore,Madhya Pradesh,702.06,140.41,4.0
700231,7330,2022-10-21 04:13:59,Delivered,EMI,Patna,Bihar,29252.04,4387.81,5.0
705075,7990,2024-10-07 08:55:54,Returned,Net Banking,Bhopal,Madhya Pradesh,122878.96,12287.9,
707691,6976,2026-05-03 20:33:36,Delivered,EMI,Pune,Maharashtra,232483.15,0.0,6.0
702483,6144,2022-05-30 00:31:23,Shipped,Cash on Delivery,Mumbai,Maharashtra,24993.69,0.0,
704047,6001,2022-10-18 06:00:06,Cancelled,Debit Card,Delhi,Delhi,16103.94,805.2,
701955,7837,2023-08-07 10:19:05,Delivered,Cash on Delivery,Mumbai,Maharashtra,7318.06,0.0,5.0
707921,7822,2023-03-02 17:13:31,Delivered,UPI,Nashik,Maharashtra,2507.36,0.0,5.0
703507,6547,2023-10-18 07:27:11,Delivered,Debit Card,Patna,Bihar,28289.07,5657.81,6.0
706440,7322,2023-02-13 23:07:08,Delivered,EMI,Chandigarh,Chandigarh,46699.95,7004.99,7.0
700819,6249,2025-09-29 06:56:05,Delivered,UPI,Mumbai,Maharashtra,12197.56,2439.51,6.0
708546,6799,2024-12-10 10:12:05,Returned,Net Banking,Bhopal,Madhya Pradesh,2111.78,316.77,
702012,7428,2023-07-29 06:34:48,Delivered,Net Banking,Surat,Gujarat,22069.4,1103.47,12.0
700110,7175,2023-03-04 11:37:26,Delivered,Net Banking,Chennai,Tamil Nadu,101945.69,0.0,1.0
708779,6331,2022-05-11 23:00:40,Shipped,Net Banking,Bangalore,Karnataka,346100.36,0.0,
708236,5349,2023-07-05 11:01:57,Delivered,Cash on Delivery,Indore,Madhya Pradesh,17822.92,0.0,11.0
702857,5925,2022-08-24 11:21:27,Cancelled,UPI,Coimbatore,Tamil Nadu,28013.68,5602.74,
700155,5883,2022-10-14 02:30:49,Delivered,UPI,Surat,Gujarat,292374.63,29237.46,1.0
702448,5919,2024-01-29 08:58:01,Shipped,Cash on Delivery,Chennai,Tamil Nadu,45227.88,0.0,
705643,5264,2025-04-16 01:55:00,Cancelled,Net Banking,Delhi,Delhi,31781.52,4767.23,
703043,5439,2022-03-14 13:11:22,Delivered,Debit Card,Ranchi,Jharkhand,3158.82,0.0,1.0
708179,7949,2022-03-03 04:52:53,Returned,UPI,Nashik,Maharashtra,82360.52,0.0,
701148,5481,2023-01-21 07:58:17,Cancelled,Net Banking,Kochi,Kerala,5042.19,0.0,
705753,5694,2023-04-25 02:37:22,Delivered,Credit Card,Coimbatore,Tamil Nadu,5548.31,0.0,4.0
701915,6123,2024-07-10 15:15:32,Delivered,Cash on Delivery,Nashik,Maharashtra,176031.23,17603.12,4.0
704429,7523,2025-02-25 12:41:01,Delivered,Cash on Delivery,Delhi,Delhi,8557.62,427.88,5.0
701162,6491,2022-02-02 05:26:35,Delivered,EMI,Nagpur,Maharashtra,156190.07,0.0,7.0
705859,7181,2025-06-10 16:30:05,Shipped,Cash on Delivery,Mumbai,Maharashtra,84383.9,8438.39,
702781,5487,2025-11-05 09:03:37,Delivered,Net Banking,Nagpur,Maharashtra,29503.81,5900.76,11.0
707914,5864,2025-10-29 03:23:49,Shipped,Net Banking,Chandigarh,Chandigarh,334905.44,0.0,
703100,6613,2023-10-01 05:15:23,Delivered,Cash on Delivery,Coimbatore,Tamil Nadu,136187.9,0.0,3.0
705837,5662,2022-11-12 15:06:23,Shipped,Cash on Delivery,Nashik,Maharashtra,56522.16,5652.22,
708222,6758,2026-06-01 06:23:45,Cancelled,Cash on Delivery,Lucknow,Uttar Pradesh,25403.76,5080.75,
700318,6044,2024-05-14 20:28:51,Delivered,UPI,Bhopal,Madhya Pradesh,9617.6,961.76,8.0
701210,7247,2025-10-10 06:41:47,Returned,Cash on Delivery,Jaipur,Rajasthan,11872.2,2374.44,
705240,7801,2022-06-22 15:18:02,Cancelled,Cash on Delivery,Mumbai,Maharashtra,135846.03,0.0,
700427,7050,2026-05-18 02:52:24,Pending,EMI,Coimbatore,Tamil Nadu,142299.7,28459.94,
707760,7555,2022-05-10 04:43:57,Delivered,Credit Card,Coimbatore,Tamil Nadu,3345.91,0.0,12.0
700453,6290,2025-09-07 13:47:16,Pending,Credit Card,Nagpur,Maharashtra,31628.88,0.0,
707297,7296,2023-04-10 04:31:40,Shipped,UPI,Nashik,Maharashtra,90402.99,13560.45,
705722,6217,2025-09-24 04:39:37,Delivered,UPI,Nashik,Maharashtra,13336.92,2000.54,7.0
702428,5418,2022-06-14 14:29:04,Delivered,Cash on Delivery,Bangalore,Karnataka,1442.12,0.0,5.0
707904,6771,2023-01-19 18:46:07,Returned,Debit Card,Delhi,Delhi,206248.56,0.0,
701371,6377,2023-05-22 20:26:57,Delivered,Cash on Delivery,Kochi,Kerala,3942.75,394.28,12.0
702872,5526,2025-08-12 17:51:52,Pending,Debit Card,Chandigarh,Chandigarh,2676.16,0.0,
702889,6938,2023-08-17 15:37:06,Delivered,UPI,Coimbatore,Tamil Nadu,59533.99,0.0,5.0
703183,6042,2025-05-28 07:12:53,Delivered,Credit Card,Mumbai,Maharashtra,209482.98,41896.6,7.0
703883,5734,2022-08-24 05:52:28,Returned,Net Banking,Delhi,Delhi,193568.83,29035.32,
701574,7383,2024-08-02 02:43:02,Cancelled,Debit Card,Mumbai,Maharashtra,28437.76,2843.78,
705049,5078,2025-02-17 21:38:33,Delivered,Credit Card,Indore,Madhya Pradesh,116317.96,5815.9,12.0
700307,6329,2023-07-27 03:33:25,Delivered,UPI,Patna,Bihar,144723.79,28944.76,9.0
706446,5450,2023-04-01 08:36:57,Pending,Cash on Delivery,Ahmedabad,Gujarat,11181.34,559.07,
708978,7602,2025-11-12 08:05:25,Returned,Credit Card,Kolkata,West Bengal,31855.19,1592.76,
701063,5799,2023-11-19 18:44:52,Delivered,Credit Card,Chennai,Tamil Nadu,28795.49,1439.77,10.0
700853,5361,2023-02-28 22:30:43,Delivered,EMI,Kolkata,West Bengal,426565.39,0.0,11.0
707036,6047,2023-02-19 14:18:37,Delivered,Debit Card,Ranchi,Jharkhand,12505.72,0.0,10.0
708303,5301,2025-11-09 14:44:25,Pending,Credit Card,Delhi,Delhi,7606.74,1141.01,
705034,6161,2025-08-10 17:49:36,Delivered,UPI,Lucknow,Uttar Pradesh,8621.09,0.0,5.0
705483,7536,2023-03-09 10:00:10,Delivered,Credit Card,Mumbai,Maharashtra,8502.54,1275.38,1.0
705451,5227,2025-12-25 20:30:09,Cancelled,Debit Card,Bhopal,Madhya Pradesh,94535.47,9453.55,
703155,5071,2023-11-28 21:07:23,Delivered,Debit Card,Surat,Gujarat,31410.86,4711.63,4.0
708157,6313,2025-12-10 01:34:00,Delivered,UPI,Chennai,Tamil Nadu,64261.26,0.0,3.0
706471,6153,2025-12-17 06:12:23,Delivered,Cash on Delivery,Ranchi,Jharkhand,599.84,59.98,10.0
708517,6072,2022-05-06 11:53:11,Delivered,EMI,Bangalore,Karnataka,49547.95,7432.19,3.0
705620,7158,2024-09-16 20:10:28,Delivered,EMI,Ranchi,Jharkhand,170519.38,17051.94,11.0
704175,5978,2022-08-05 10:51:04,Returned,Net Banking,Surat,Gujarat,8077.95,0.0,
701208,7768,2024-06-03 22:19:13,Returned,UPI,Pune,Maharashtra,246824.87,0.0,
706203,5659,2025-10-23 15:59:04,Delivered,Credit Card,Kochi,Kerala,64997.64,0.0,3.0
700001,5848,2025-12-04 06:23:55,Delivered,UPI,Nashik,Maharashtra,64676.68,3233.83,1.0
705433,6724,2022-05-16 10:45:45,Delivered,Net Banking,Lucknow,Uttar Pradesh,26366.29,0.0,10.0
708119,7452,2026-02-17 06:33:55,Delivered,Debit Card,Bhopal,Madhya Pradesh,113843.25,0.0,9.0
702383,5556,2025-12-22 02:35:40,Pending,Net Banking,Mumbai,Maharashtra,91713.37,9171.34,
707314,5431,2024-01-15 23:19:27,Returned,Credit Card,Delhi,Delhi,66900.24,10035.04,
708113,5435,2024-10-02 22:15:26,Cancelled,Cash on Delivery,Delhi,Delhi,16601.8,3320.36,
700817,6129,2025-02-02 09:02:29,Shipped,UPI,Chandigarh,Chandigarh,15833.49,1583.35,
705647,6486,2025-05-21 14:56:55,Shipped,Debit Card,Indore,Madhya Pradesh,2110.52,422.1,
704361,6798,2025-01-18 21:23:24,Delivered,Cash on Delivery,Nagpur,Maharashtra,4797.94,239.9,7.0
706878,5426,2026-05-14 15:22:49,Cancelled,Credit Card,Hyderabad,Telangana,118944.95,17841.74,
702792,7757,2022-12-05 09:47:24,Delivered,EMI,Kolkata,West Bengal,246907.68,12345.38,4.0
707430,7492,2025-05-24 07:01:21,Delivered,Credit Card,Nashik,Maharashtra,16161.76,0.0,6.0
707834,7289,2025-01-10 08:30:49,Shipped,Cash on Delivery,Bangalore,Karnataka,75609.31,15121.86,
707196,6052,2022-08-13 15:37:11,Delivered,Net Banking,Jaipur,Rajasthan,46233.34,4623.33,10.0
700721,6910,2023-06-17 08:55:43,Cancelled,Net Banking,Chennai,Tamil Nadu,96440.13,9644.01,
704958,6971,2025-06-19 09:09:09,Pending,Cash on Delivery,Bangalore,Karnataka,118555.53,0.0,
708733,6554,2022-02-02 22:32:18,Delivered,UPI,Bangalore,Karnataka,120254.35,18038.15,8.0
706898,5395,2024-12-12 07:45:00,Shipped,Net Banking,Nashik,Maharashtra,35037.06,7007.41,
708057,5667,2024-01-20 02:57:04,Cancelled,Net Banking,Indore,Madhya Pradesh,154143.54,0.0,
704058,6780,2023-09-07 05:16:06,Shipped,Credit Card,Surat,Gujarat,52418.62,0.0,
702653,7164,2023-06-02 15:25:05,Delivered,Credit Card,Lucknow,Uttar Pradesh,216001.4,0.0,4.0
702382,6717,2024-02-18 13:51:42,Delivered,Net Banking,Delhi,Delhi,4322.24,216.11,7.0
708741,5873,2024-11-29 05:43:47,Shipped,Debit Card,Surat,Gujarat,20983.99,0.0,
706906,6566,2025-05-09 17:38:20,Delivered,Net Banking,Ranchi,Jharkhand,45978.14,4597.81,1.0
700560,6844,2022-05-16 18:56:51,Pending,EMI,Mumbai,Maharashtra,81314.6,0.0,
702721,5519,2023-02-28 17:21:58,Shipped,Net Banking,Surat,Gujarat,21334.75,4266.95,
705258,7608,2022-10-23 08:40:12,Shipped,Credit Card,Patna,Bihar,12089.76,2417.95,
703495,6030,2023-07-24 05:21:38,Delivered,UPI,Delhi,Delhi,11633.89,1163.39,5.0
704618,6627,2025-07-04 02:25:38,Pending,Net Banking,Ranchi,Jharkhand,47356.15,0.0,
701354,5704,2025-01-16 14:30:51,Delivered,UPI,Coimbatore,Tamil Nadu,274671.98,27467.2,4.0
701641,5533,2024-12-16 00:47:40,Cancelled,EMI,Lucknow,Uttar Pradesh,233.58,0.0,
703112,5252,2023-12-30 08:39:28,Pending,Credit Card,Lucknow,Uttar Pradesh,202240.93,20224.09,
703675,7119,2022-08-09 18:56:52,Delivered,Debit Card,Jaipur,Rajasthan,5150.08,257.5,4.0
702927,7402,2022-04-11 05:33:23,Delivered,Credit Card,Chandigarh,Chandigarh,133789.69,13378.97,10.0
705345,6958,2025-06-04 09:10:56,Pending,Cash on Delivery,Nagpur,Maharashtra,10058.95,0.0,
701916,7835,2026-01-14 21:40:12,Delivered,UPI,Kochi,Kerala,120179.19,6008.96,4.0
704473,7985,2023-01-14 00:18:20,Delivered,Debit Card,Nashik,Maharashtra,19744.8,0.0,1.0
703787,6209,2023-12-16 02:14:26,Cancelled,Debit Card,Ranchi,Jharkhand,7445.62,0.0,
701873,7871,2024-06-27 08:31:40,Delivered,Debit Card,Delhi,Delhi,27402.48,1370.12,6.0
700820,6848,2022-08-24 23:27:53,Shipped,Debit Card,Pune,Maharashtra,35468.5,0.0,
700306,7223,2023-12-31 16:20:45,Delivered,Credit Card,Indore,Madhya Pradesh,62127.62,3106.38,3.0
701876,5737,2022-12-28 02:35:16,Delivered,UPI,Indore,Madhya Pradesh,16003.02,2400.45,4.0
704225,5016,2023-06-27 06:33:03,Delivered,EMI,Bangalore,Karnataka,3062.28,459.34,2.0
702622,5317,2022-05-25 04:14:24,Delivered,UPI,Surat,Gujarat,12413.67,620.68,5.0
705917,5612,2025-02-18 16:33:41,Pending,Credit Card,Delhi,Delhi,206935.99,0.0,
707995,5126,2025-01-31 18:40:56,Delivered,Cash on Delivery,Ahmedabad,Gujarat,6885.15,0.0,8.0
706735,6682,2023-06-22 01:20:32,Returned,Cash on Delivery,Kochi,Kerala,29472.17,0.0,
708496,5508,2026-06-18 02:30:52,Delivered,Net Banking,Chandigarh,Chandigarh,11238.82,2247.76,1.0
705303,6096,2022-12-06 02:58:46,Delivered,EMI,Ranchi,Jharkhand,47672.96,0.0,12.0
702654,5257,2024-06-21 03:15:53,Shipped,UPI,Ahmedabad,Gujarat,1778.91,88.95,
700311,6976,2023-01-09 22:37:40,Delivered,Debit Card,Hyderabad,Telangana,119026.89,5951.34,8.0
701569,6791,2023-11-09 19:36:07,Delivered,UPI,Nashik,Maharashtra,22254.84,3338.23,8.0
702328,5549,2025-11-24 06:18:06,Delivered,UPI,Nagpur,Maharashtra,13096.2,654.81,12.0
701791,5896,2026-04-19 10:37:58,Delivered,Debit Card,Ranchi,Jharkhand,67453.16,3372.66,7.0
706785,5420,2022-07-04 18:17:50,Delivered,Credit Card,Indore,Madhya Pradesh,1652.31,82.62,2.0
706979,7285,2025-12-30 00:41:09,Delivered,UPI,Chennai,Tamil Nadu,237040.66,23704.07,4.0
703592,7132,2025-05-07 23:17:58,Shipped,Credit Card,Bhopal,Madhya Pradesh,145941.06,0.0,
705533,5566,2024-09-07 11:40:05,Delivered,Net Banking,Indore,Madhya Pradesh,335297.18,33529.72,12.0
707329,7082,2022-09-08 13:57:07,Shipped,EMI,Delhi,Delhi,8414.34,420.72,
701212,5613,2026-01-03 01:22:21,Delivered,Cash on Delivery,Coimbatore,Tamil Nadu,59162.23,2958.11,7.0
701639,6587,2026-05-16 16:58:30,Shipped,Credit Card,Ranchi,Jharkhand,308473.21,0.0,
708947,5507,2023-02-24 08:38:10,Delivered,Cash on Delivery,Lucknow,Uttar Pradesh,10169.71,1016.97,5.0
703076,6955,2025-09-06 18:43:23,Delivered,UPI,Surat,Gujarat,2546.6,381.99,8.0
702009,6778,2026-05-09 02:12:27,Shipped,Cash on Delivery,Mumbai,Maharashtra,101689.79,0.0,
700124,5262,2023-02-23 09:25:55,Cancelled,EMI,Chennai,Tamil Nadu,2546.6,509.32,
704879,5138,2025-07-13 18:50:27,Returned,Cash on Delivery,Lucknow,Uttar Pradesh,11924.76,2384.95,
707007,5350,2023-08-09 08:30:17,Delivered,Credit Card,Chandigarh,Chandigarh,11903.53,2380.71,9.0
702710,7065,2022-10-05 14:51:09,Shipped,Debit Card,Pune,Maharashtra,328868.83,65773.77,
704794,6204,2025-12-15 13:58:00,Delivered,Credit Card,Mumbai,Maharashtra,155042.11,7752.11,2.0
705797,7847,2023-01-01 05:38:56,Pending,UPI,Nagpur,Maharashtra,12251.38,1225.14,
700811,6343,2022-03-13 20:08:31,Shipped,Net Banking,Bangalore,Karnataka,3641.73,0.0,
703403,5807,2022-10-22 13:28:49,Delivered,EMI,Bhopal,Madhya Pradesh,8297.8,1659.56,4.0
705197,6453,2023-07-20 23:34:35,Cancelled,Debit Card,Hyderabad,Telangana,130139.6,26027.92,
708599,7577,2025-04-11 04:40:26,Pending,Net Banking,Jaipur,Rajasthan,15346.96,0.0,
702701,7247,2025-10-19 10:54:01,Delivered,Debit Card,Jaipur,Rajasthan,9731.62,1459.74,12.0
708859,7698,2024-11-10 19:35:31,Pending,UPI,Ranchi,Jharkhand,1581.09,237.16,
707915,6718,2023-09-18 17:07:40,Delivered,Debit Card,Jaipur,Rajasthan,48235.44,7235.32,3.0
707392,6602,2026-05-16 07:56:54,Returned,Cash on Delivery,Nashik,Maharashtra,246361.35,12318.07,
703139,5604,2023-10-31 03:47:51,Pending,Net Banking,Hyderabad,Telangana,82640.12,0.0,
708715,6323,2025-04-28 18:46:23,Delivered,Net Banking,Indore,Madhya Pradesh,69617.62,3480.88,5.0
701539,7705,2023-10-31 19:18:57,Cancelled,Debit Card,Nashik,Maharashtra,23512.45,2351.25,
703674,6861,2025-04-07 14:06:57,Cancelled,Credit Card,Ahmedabad,Gujarat,88861.71,0.0,
705233,5692,2022-12-26 01:15:08,Delivered,Credit Card,Hyderabad,Telangana,31825.86,1591.29,1.0
708360,6979,2022-12-27 17:39:40,Pending,Credit Card,Hyderabad,Telangana,72309.31,10846.4,
705906,7109,2024-09-09 17:47:10,Delivered,Credit Card,Chandigarh,Chandigarh,30646.37,1532.32,9.0
704793,5431,2025-08-21 18:09:51,Delivered,Cash on Delivery,Ahmedabad,Gujarat,22470.02,1123.5,8.0
702206,7088,2026-03-22 01:19:18,Delivered,UPI,Kochi,Kerala,26052.49,1302.62,11.0
706978,5574,2025-12-14 13:27:01,Cancelled,Net Banking,Surat,Gujarat,470223.72,0.0,
701982,5674,2023-10-19 00:20:53,Delivered,Net Banking,Hyderabad,Telangana,9768.84,1465.33,8.0
700219,5510,2026-03-21 04:00:59,Delivered,Debit Card,Delhi,Delhi,8584.66,858.47,9.0
704692,7983,2023-02-26 16:12:07,Shipped,Net Banking,Bhopal,Madhya Pradesh,106879.12,0.0,
704982,5440,2026-03-01 17:09:32,Cancelled,Cash on Delivery,Chennai,Tamil Nadu,202718.2,10135.91,
705162,5120,2023-07-19 00:02:49,Delivered,Debit Card,Chandigarh,Chandigarh,15399.37,1539.94,8.0
703801,6722,2023-11-21 12:25:23,Delivered,Cash on Delivery,Kochi,Kerala,91360.99,9136.1,2.0
702528,6791,2024-10-26 16:57:33,Delivered,UPI,Chandigarh,Chandigarh,37008.82,0.0,11.0
705687,7695,2024-10-04 00:16:05,Returned,Credit Card,Patna,Bihar,4604.45,690.67,
703946,5752,2024-08-06 00:31:28,Shipped,Debit Card,Kochi,Kerala,185550.74,27832.61,
708728,6523,2026-05-05 00:06:19,Returned,EMI,Nagpur,Maharashtra,193746.05,0.0,
704030,5065,2024-07-18 00:52:57,Cancelled,Cash on Delivery,Ahmedabad,Gujarat,10909.74,1636.46,
703140,7646,2026-07-20 14:13:54,Cancelled,Cash on Delivery,Indore,Madhya Pradesh,326432.44,65286.49,
703247,7999,2026-03-13 05:07:02,Shipped,Credit Card,Mumbai,Maharashtra,25838.33,0.0,
700241,5164,2023-04-01 21:34:20,Delivered,Credit Card,Chennai,Tamil Nadu,91728.38,18345.68,8.0
706199,6995,2023-02-22 19:39:29,Cancelled,EMI,Pune,Maharashtra,89976.41,0.0,
702114,5038,2022-10-19 11:11:12,Returned,Net Banking,Patna,Bihar,7000.25,350.01,
704114,7233,2023-11-10 09:28:35,Delivered,EMI,Coimbatore,Tamil Nadu,34765.98,0.0,1.0
700919,7621,2023-05-04 05:17:53,Returned,Cash on Delivery,Chennai,Tamil Nadu,247682.51,12384.13,
701230,6958,2023-11-13 18:35:21,Delivered,Net Banking,Pune,Maharashtra,37168.67,0.0,12.0
705883,5200,2026-01-22 13:27:24,Pending,Credit Card,Chennai,Tamil Nadu,155867.33,15586.73,
704695,6106,2024-02-19 04:26:23,Pending,Debit Card,Ranchi,Jharkhand,16082.53,1608.25,
702465,6738,2024-01-09 19:07:26,Pending,Debit Card,Kochi,Kerala,47755.86,0.0,
708710,6156,2025-12-25 17:55:24,Returned,Debit Card,Nagpur,Maharashtra,31352.88,4702.93,
707039,5270,2025-05-09 19:13:43,Shipped,Credit Card,Patna,Bihar,7495.11,1499.02,
702599,5783,2025-01-03 03:40:03,Delivered,UPI,Patna,Bihar,7725.12,386.26,2.0
701581,5008,2025-12-08 11:39:02,Cancelled,Debit Card,Chennai,Tamil Nadu,5472.44,820.87,
703353,5178,2022-07-27 02:06:13,Pending,UPI,Ahmedabad,Gujarat,308.72,15.44,
700404,5923,2022-01-09 22:08:02,Pending,Credit Card,Kolkata,West Bengal,26887.87,0.0,
708983,5904,2023-10-20 16:22:24,Delivered,Cash on Delivery,Lucknow,Uttar Pradesh,3580.08,537.01,11.0
708924,5508,2023-05-05 23:34:28,Delivered,EMI,Hyderabad,Telangana,20192.61,2019.26,12.0
702368,7045,2026-07-05 00:29:55,Cancelled,Credit Card,Mumbai,Maharashtra,354797.63,35479.76,
705161,7539,2024-10-28 14:53:43,Pending,Debit Card,Bangalore,Karnataka,462368.76,0.0,
701986,5250,2024-10-05 18:42:45,Delivered,UPI,Chandigarh,Chandigarh,197333.71,0.0,12.0
701959,6134,2025-04-16 20:02:51,Delivered,EMI,Ranchi,Jharkhand,137471.38,0.0,3.0
700434,7031,2022-05-10 20:01:18,Returned,Credit Card,Nagpur,Maharashtra,16235.34,2435.3,
700324,5436,2023-10-06 13:15:03,Cancelled,Debit Card,Lucknow,Uttar Pradesh,213798.83,10689.94,
704549,5968,2024-12-31 08:28:22,Delivered,Cash on Delivery,Patna,Bihar,84021.81,0.0,6.0
704026,6548,2022-09-09 02:32:51,Cancelled,Net Banking,Bhopal,Madhya Pradesh,33910.7,3391.07,
708405,5236,2022-01-04 23:23:11,Returned,EMI,Coimbatore,Tamil Nadu,1676.84,335.37,
705583,6540,2023-07-15 14:25:48,Delivered,EMI,Ahmedabad,Gujarat,4922.08,246.1,7.0
701985,6941,2026-02-24 14:47:52,Cancelled,Net Banking,Ranchi,Jharkhand,34808.28,0.0,
706214,5006,2025-01-22 17:15:27,Returned,Credit Card,Nashik,Maharashtra,393016.78,0.0,
707956,6811,2023-11-01 12:39:56,Delivered,Credit Card,Kolkata,West Bengal,49193.8,4919.38,7.0
707981,7143,2024-07-06 09:56:44,Delivered,Net Banking,Delhi,Delhi,74888.7,3744.43,7.0
700139,6728,2024-07-17 02:54:00,Pending,Debit Card,Nashik,Maharashtra,3114.03,0.0,
700136,6584,2026-06-25 05:55:18,Delivered,Cash on Delivery,Chandigarh,Chandigarh,32931.57,1646.58,7.0
705333,6945,2025-05-03 18:46:59,Delivered,UPI,Lucknow,Uttar Pradesh,2089.01,208.9,12.0
705966,6014,2025-10-01 19:27:27,Returned,Cash on Delivery,Patna,Bihar,6790.29,1358.06,
702803,7250,2023-07-03 16:54:55,Cancelled,Net Banking,Jaipur,Rajasthan,40840.16,0.0,
702835,5970,2023-04-12 02:26:20,Shipped,EMI,Ahmedabad,Gujarat,17954.29,2693.14,
702188,6177,2025-03-11 23:14:12,Shipped,EMI,Indore,Madhya Pradesh,43458.22,4345.82,
707115,7211,2024-01-29 08:10:33,Pending,Credit Card,Lucknow,Uttar Pradesh,960.32,96.03,
706186,6697,2024-02-08 01:13:06,Shipped,Net Banking,Lucknow,Uttar Pradesh,102596.49,0.0,
706507,6888,2023-05-13 07:43:12,Delivered,Cash on Delivery,Lucknow,Uttar Pradesh,74147.91,3707.4,5.0
704930,5947,2025-10-08 14:58:50,Delivered,EMI,Kochi,Kerala,283471.67,56694.33,1.0
700468,5719,2024-08-15 04:17:22,Returned,Debit Card,Mumbai,Maharashtra,4170.59,417.06,
703875,6087,2023-08-12 00:43:56,Delivered,Debit Card,Nashik,Maharashtra,359673.84,0.0,4.0
700066,5732,2025-02-04 23:31:54,Delivered,Net Banking,Hyderabad,Telangana,92993.31,13949.0,1.0
700806,7196,2024-10-14 13:47:55,Pending,UPI,Coimbatore,Tamil Nadu,25173.77,5034.75,
708727,7878,2024-04-09 02:26:52,Shipped,EMI,Indore,Madhya Pradesh,23119.51,4623.9,
703948,6807,2024-11-17 10:31:46,Delivered,Credit Card,Nashik,Maharashtra,338376.96,67675.39,9.0
704681,5349,2025-10-17 16:11:50,Cancelled,UPI,Surat,Gujarat,2007.3,100.37,
700214,6730,2026-07-21 19:36:01,Cancelled,UPI,Hyderabad,Telangana,40679.11,0.0,
702527,6042,2025-05-20 00:45:47,Delivered,Net Banking,Patna,Bihar,12040.67,1204.07,1.0
705821,7603,2022-06-19 00:25:44,Shipped,EMI,Chennai,Tamil Nadu,83961.31,8396.13,
705728,7210,2025-12-20 20:17:37,Returned,Cash on Delivery,Mumbai,Maharashtra,8482.42,424.12,
705423,6819,2023-11-17 07:02:00,Returned,UPI,Mumbai,Maharashtra,75125.43,11268.81,
704630,5367,2025-12-16 13:27:53,Cancelled,UPI,Nashik,Maharashtra,7095.6,709.56,
701575,5688,2022-05-28 00:41:48,Delivered,Credit Card,Mumbai,Maharashtra,106268.64,15940.3,9.0
704184,5773,2025-10-28 18:11:50,Pending,Credit Card,Patna,Bihar,271285.44,27128.54,
707899,6967,2025-03-03 17:46:48,Cancelled,EMI,Kochi,Kerala,56916.02,5691.6,
703379,7914,2025-10-26 06:56:53,Delivered,Cash on Delivery,Patna,Bihar,45184.39,4518.44,1.0
707000,6753,2025-01-05 20:06:47,Returned,Debit Card,Delhi,Delhi,16322.49,1632.25,
700365,7649,2026-02-14 07:57:30,Returned,EMI,Kochi,Kerala,70266.69,0.0,
700606,7459,2026-01-29 11:58:52,Cancelled,Credit Card,Bangalore,Karnataka,22154.29,0.0,
704775,6084,2023-11-14 09:31:58,Shipped,UPI,Bangalore,Karnataka,31522.9,0.0,
703684,6180,2024-03-23 11:26:41,Pending,Credit Card,Ahmedabad,Gujarat,72214.52,10832.18,
703719,6215,2023-09-07 18:22:13,Cancelled,Debit Card,Chennai,Tamil Nadu,241222.4,0.0,
700035,5160,2024-06-22 16:23:58,Delivered,Credit Card,Chandigarh,Chandigarh,292792.59,14639.63,6.0
707701,5542,2024-05-04 02:08:21,Returned,Net Banking,Lucknow,Uttar Pradesh,271725.02,0.0,
700171,6686,2024-10-25 21:10:40,Delivered,Debit Card,Bhopal,Madhya Pradesh,28709.09,5741.82,12.0
707799,5247,2026-07-19 18:19:13,Cancelled,Credit Card,Indore,Madhya Pradesh,40039.39,0.0,
702492,7207,2026-01-18 11:16:36,Delivered,Debit Card,Ranchi,Jharkhand,33066.36,0.0,8.0
702879,5637,2025-07-01 06:07:03,Pending,Debit Card,Surat,Gujarat,266822.34,13341.12,
702054,7609,2022-05-15 03:11:02,Cancelled,Debit Card,Hyderabad,Telangana,150452.69,22567.9,
708036,5903,2022-12-03 13:38:40,Delivered,EMI,Jaipur,Rajasthan,75872.44,11380.87,4.0
708676,5330,2024-10-10 18:00:59,Returned,Credit Card,Nashik,Maharashtra,21636.51,0.0,
704964,5007,2025-06-16 16:50:00,Shipped,Cash on Delivery,Surat,Gujarat,8502.54,850.25,
703182,5818,2025-07-04 15:00:57,Pending,UPI,Ranchi,Jharkhand,1375.54,206.33,
703613,6208,2024-01-17 07:34:56,Cancelled,Debit Card,Ranchi,Jharkhand,5637.22,0.0,
704628,7922,2025-02-13 13:46:10,Shipped,UPI,Coimbatore,Tamil Nadu,63142.19,0.0,
706289,6850,2022-04-21 02:19:55,Cancelled,EMI,Kochi,Kerala,247816.87,0.0,
708214,5348,2024-11-06 06:01:40,Shipped,Net Banking,Ranchi,Jharkhand,156216.5,15621.65,
703146,5662,2023-07-14 17:39:27,Shipped,Net Banking,Pune,Maharashtra,11291.35,0.0,
705617,7256,2025-08-26 14:22:16,Delivered,Debit Card,Nagpur,Maharashtra,885.52,132.83,11.0
701234,7566,2025-02-23 19:23:45,Delivered,Debit Card,Pune,Maharashtra,58843.1,5884.31,1.0
708333,7877,2024-10-11 02:56:00,Delivered,Credit Card,Chennai,Tamil Nadu,74219.82,14843.96,4.0
707578,6997,2022-02-06 22:59:15,Delivered,Net Banking,Chennai,Tamil Nadu,19872.81,3974.56,6.0
705400,6801,2025-02-09 06:34:58,Pending,Debit Card,Chennai,Tamil Nadu,7008.95,700.9,
706096,6702,2023-05-09 11:35:05,Pending,UPI,Hyderabad,Telangana,6752.0,0.0,
705747,6694,2024-03-19 22:14:08,Shipped,Cash on Delivery,Patna,Bihar,64060.88,6406.09,
707431,5127,2024-03-22 04:21:28,Delivered,Cash on Delivery,Bhopal,Madhya Pradesh,60536.61,6053.66,6.0
708893,6971,2022-08-08 11:17:04,Pending,Cash on Delivery,Hyderabad,Telangana,10530.08,1053.01,
700420,7670,2026-03-24 23:28:04,Returned,Net Banking,Chennai,Tamil Nadu,9270.63,1390.59,
702387,6923,2024-02-16 20:43:58,Delivered,UPI,Ahmedabad,Gujarat,34668.24,5200.24,11.0
701829,5399,2022-03-09 04:25:18,Delivered,Credit Card,Ahmedabad,Gujarat,1794.05,179.41,8.0
706482,6099,2024-10-28 07:46:39,Delivered,UPI,Ranchi,Jharkhand,243065.94,0.0,9.0
700128,5909,2022-07-27 00:28:43,Delivered,Cash on Delivery,Hyderabad,Telangana,257988.32,51597.66,12.0
700476,7723,2023-11-01 09:27:22,Delivered,Credit Card,Nagpur,Maharashtra,176693.92,17669.39,11.0
706640,5840,2023-02-24 21:21:50,Shipped,Cash on Delivery,Hyderabad,Telangana,196471.05,29470.66,
704832,7898,2022-01-19 15:43:41,Delivered,Credit Card,Jaipur,Rajasthan,123455.11,0.0,7.0
708234,7553,2022-09-09 14:54:40,Cancelled,UPI,Bangalore,Karnataka,5983.0,1196.6,
701108,5034,2023-10-02 16:18:58,Delivered,Credit Card,Nashik,Maharashtra,31818.4,1590.92,4.0
700798,7328,2025-08-20 10:33:33,Delivered,EMI,Kochi,Kerala,230942.78,0.0,2.0
700837,7112,2025-08-23 15:12:07,Cancelled,EMI,Nashik,Maharashtra,36296.49,5444.47,
706380,7335,2024-02-26 11:45:20,Pending,EMI,Mumbai,Maharashtra,106549.19,0.0,
707573,7223,2022-11-30 11:33:18,Cancelled,UPI,Ahmedabad,Gujarat,3387.87,169.39,
702178,6302,2026-07-05 04:45:32,Delivered,UPI,Chandigarh,Chandigarh,20984.73,3147.71,2.0
704128,6003,2024-02-07 12:18:39,Delivered,Debit Card,Chennai,Tamil Nadu,61267.17,6126.72,3.0
700236,7675,2022-01-07 01:15:21,Cancelled,Cash on Delivery,Patna,Bihar,2371.59,474.32,
700426,7992,2025-02-28 21:42:25,Delivered,Net Banking,Ranchi,Jharkhand,8737.56,0.0,3.0
706347,6045,2025-08-06 15:42:14,Delivered,Net Banking,Coimbatore,Tamil Nadu,49721.6,0.0,4.0
703575,5727,2025-11-22 23:36:39,Pending,EMI,Nagpur,Maharashtra,41469.21,4146.92,
706671,7828,2022-07-01 03:06:26,Delivered,UPI,Kolkata,West Bengal,39940.43,7988.09,7.0
705988,7904,2022-07-05 00:52:08,Pending,Cash on Delivery,Ranchi,Jharkhand,32956.76,3295.68,
708149,7480,2026-05-06 04:06:01,Delivered,EMI,Coimbatore,Tamil Nadu,5043.72,504.37,2.0
705348,5359,2026-07-28 16:02:00,Pending,Cash on Delivery,Ahmedabad,Gujarat,18042.5,902.12,
703099,6597,2022-05-16 14:38:24,Delivered,UPI,Patna,Bihar,16606.9,0.0,11.0
702802,7475,2025-04-23 07:56:51,Delivered,Debit Card,Bangalore,Karnataka,10841.25,2168.25,9.0
703874,7766,2023-05-19 05:19:04,Shipped,Cash on Delivery,Bhopal,Madhya Pradesh,128970.4,6448.52,
700652,5784,2023-09-06 03:08:55,Cancelled,Credit Card,Lucknow,Uttar Pradesh,179260.46,26889.07,
703287,7994,2023-10-20 15:06:45,Delivered,UPI,Coimbatore,Tamil Nadu,25054.44,2505.44,3.0
701412,7191,2025-03-01 12:30:39,Pending,Cash on Delivery,Jaipur,Rajasthan,29483.47,2948.35,
703734,7143,2022-05-22 07:04:03,Delivered,Debit Card,Hyderabad,Telangana,217264.86,43452.97,7.0
706903,6441,2025-07-23 18:12:32,Shipped,Credit Card,Chandigarh,Chandigarh,790.53,39.53,
702412,6211,2022-11-08 03:16:45,Delivered,Debit Card,Mumbai,Maharashtra,231324.96,11566.25,11.0
708324,7588,2022-12-14 18:17:47,Delivered,Cash on Delivery,Delhi,Delhi,97738.3,9773.83,7.0
707022,6929,2022-04-25 14:30:25,Shipped,EMI,Chennai,Tamil Nadu,47102.82,0.0,
700480,5252,2025-06-08 22:13:17,Delivered,Cash on Delivery,Pune,Maharashtra,58152.64,0.0,12.0
702367,5704,2022-10-17 17:10:24,Cancelled,Debit Card,Patna,Bihar,96097.86,19219.57,
704895,5245,2024-06-11 22:10:56,Shipped,Cash on Delivery,Jaipur,Rajasthan,259664.43,51932.89,
705079,6821,2023-06-29 06:59:55,Delivered,Cash on Delivery,Patna,Bihar,220964.82,11048.24,5.0
706153,6242,2023-10-20 02:52:44,Cancelled,EMI,Bangalore,Karnataka,6402.87,1280.57,
707371,7469,2025-07-26 15:03:03,Delivered,EMI,Chandigarh,Chandigarh,6062.68,303.13,6.0
703382,7626,2024-05-31 11:05:59,Delivered,Net Banking,Surat,Gujarat,33655.91,5048.39,9.0
704896,5394,2024-06-09 14:21:20,Shipped,Cash on Delivery,Chandigarh,Chandigarh,8734.84,0.0,
707078,6992,2024-04-06 23:23:36,Cancelled,Debit Card,Patna,Bihar,32765.0,6553.0,
703596,6053,2026-03-15 00:17:35,Delivered,UPI,Hyderabad,Telangana,187622.95,9381.15,9.0
702570,6022,2023-03-17 19:32:04,Delivered,Credit Card,Jaipur,Rajasthan,524849.58,78727.44,12.0
707489,7122,2022-05-12 04:28:58,Delivered,Credit Card,Ahmedabad,Gujarat,25608.44,5121.69,12.0
704034,5414,2022-03-26 07:07:39,Delivered,Cash on Delivery,Surat,Gujarat,35362.95,0.0,5.0
705004,6258,2024-06-30 22:55:02,Shipped,Cash on Delivery,Jaipur,Rajasthan,8870.77,443.54,
700846,7072,2023-01-09 17:56:04,Cancelled,Debit Card,Ahmedabad,Gujarat,38798.21,7759.64,
701758,6350,2022-06-28 08:42:24,Delivered,Credit Card,Surat,Gujarat,1861.41,0.0,12.0
704162,6356,2023-06-16 16:51:06,Shipped,Debit Card,Nashik,Maharashtra,254930.61,38239.59,
701200,7911,2026-05-29 05:33:19,Delivered,UPI,Bangalore,Karnataka,38082.77,5712.42,6.0
703231,6562,2022-10-03 16:42:33,Delivered,Net Banking,Kochi,Kerala,431007.03,21550.35,10.0
707850,5547,2026-06-10 12:40:20,Shipped,Cash on Delivery,Kolkata,West Bengal,375601.66,75120.33,
705800,5352,2023-12-24 06:09:49,Pending,EMI,Ahmedabad,Gujarat,31390.1,0.0,
702170,7776,2023-08-07 09:49:33,Cancelled,Cash on Delivery,Surat,Gujarat,24757.61,0.0,
705819,6978,2024-06-11 23:02:51,Pending,UPI,Jaipur,Rajasthan,8492.6,1273.89,
706382,6367,2023-04-14 22:07:26,Shipped,Net Banking,Nagpur,Maharashtra,96800.56,14520.08,
703732,5553,2024-12-28 21:11:42,Delivered,Debit Card,Indore,Madhya Pradesh,27258.12,2725.81,2.0
705709,7202,2023-02-09 17:43:31,Delivered,Credit Card,Patna,Bihar,62310.72,0.0,6.0
703618,7400,2023-10-28 06:33:39,Delivered,Debit Card,Ahmedabad,Gujarat,76872.24,3843.61,12.0
705576,7727,2023-12-05 03:14:25,Delivered,Debit Card,Nagpur,Maharashtra,361035.2,54155.28,8.0
703330,7554,2023-01-01 08:46:25,Cancelled,EMI,Lucknow,Uttar Pradesh,30431.69,1521.58,
706797,7525,2025-04-29 17:18:45,Delivered,UPI,Kochi,Kerala,287236.36,43085.45,3.0
701192,7468,2024-03-14 12:45:34,Shipped,Cash on Delivery,Patna,Bihar,74704.7,3735.24,
706819,7998,2024-06-07 23:10:12,Cancelled,Credit Card,Indore,Madhya Pradesh,43731.76,4373.18,
701294,7319,2024-04-12 20:22:58,Cancelled,Debit Card,Surat,Gujarat,152464.62,7623.23,
703757,5993,2024-07-14 03:03:20,Shipped,Credit Card,Pune,Maharashtra,37643.8,1882.19,
705514,7289,2022-01-08 04:41:34,Delivered,UPI,Pune,Maharashtra,174957.51,26243.63,10.0
700064,5703,2022-09-10 07:35:03,Delivered,EMI,Patna,Bihar,9775.08,1466.26,10.0
706935,6691,2023-12-11 06:21:30,Returned,Cash on Delivery,Nagpur,Maharashtra,12697.46,1904.62,
702280,5180,2026-01-04 14:28:14,Cancelled,Net Banking,Mumbai,Maharashtra,3877.69,387.77,
701538,7077,2023-10-15 07:13:31,Delivered,Cash on Delivery,Chandigarh,Chandigarh,110095.83,0.0,10.0
701220,5610,2025-07-29 05:42:33,Pending,EMI,Kochi,Kerala,432209.24,86441.85,
702498,7919,2024-04-15 07:20:11,Delivered,Credit Card,Lucknow,Uttar Pradesh,165678.52,33135.7,8.0
700586,7591,2025-01-12 16:23:09,Delivered,Debit Card,Nagpur,Maharashtra,102934.72,20586.94,10.0
702968,6671,2023-03-18 14:16:24,Pending,UPI,Ranchi,Jharkhand,29232.04,5846.41,
700804,7640,2023-10-11 06:31:11,Delivered,Cash on Delivery,Patna,Bihar,109959.25,0.0,3.0
703806,5900,2025-09-28 21:17:01,Cancelled,UPI,Indore,Madhya Pradesh,84974.99,0.0,
703421,6923,2025-12-07 00:37:49,Cancelled,Cash on Delivery,Nagpur,Maharashtra,95728.43,19145.69,
701019,5936,2022-06-21 15:27:02,Pending,Debit Card,Delhi,Delhi,18355.62,917.78,
704882,6145,2026-04-27 04:53:04,Delivered,Cash on Delivery,Nagpur,Maharashtra,195894.12,0.0,5.0
705185,6994,2024-01-18 06:28:55,Pending,Debit Card,Delhi,Delhi,42933.03,2146.65,
704116,7340,2023-03-25 11:48:21,Shipped,Net Banking,Jaipur,Rajasthan,548323.0,0.0,
705193,6179,2024-08-07 07:19:55,Delivered,Credit Card,Pune,Maharashtra,7852.89,0.0,11.0
705751,7823,2023-02-01 05:58:02,Delivered,Net Banking,Lucknow,Uttar Pradesh,184866.09,36973.22,4.0
708279,7009,2025-09-24 14:23:28,Pending,Net Banking,Pune,Maharashtra,40231.24,4023.12,
702479,5941,2024-09-25 03:35:58,Delivered,Net Banking,Kochi,Kerala,925.05,92.5,10.0
708421,6735,2023-12-01 04:57:53,Delivered,Credit Card,Ahmedabad,Gujarat,17444.28,3488.86,11.0
704496,7266,2025-10-04 02:47:50,Returned,Credit Card,Lucknow,Uttar Pradesh,39996.56,1999.83,
701339,6493,2023-09-23 13:40:19,Shipped,Cash on Delivery,Kochi,Kerala,380569.81,57085.47,
705748,5535,2022-10-22 18:09:15,Cancelled,Net Banking,Mumbai,Maharashtra,134621.58,26924.32,
705985,6145,2023-06-26 14:51:28,Delivered,Debit Card,Indore,Madhya Pradesh,286738.94,43010.84,5.0
708759,5679,2024-04-11 02:06:39,Returned,Credit Card,Nagpur,Maharashtra,8480.58,0.0,
702624,6543,2024-12-18 02:11:30,Delivered,Net Banking,Kochi,Kerala,4646.28,696.94,5.0
707110,5615,2024-09-27 07:32:23,Shipped,UPI,Nagpur,Maharashtra,70921.26,0.0,
708866,7511,2025-11-08 03:16:02,Returned,EMI,Nagpur,Maharashtra,17334.32,2600.15,
706207,7304,2023-08-27 02:31:38,Delivered,Debit Card,Pune,Maharashtra,43458.94,4345.89,1.0
703462,5432,2023-03-23 11:08:26,Cancelled,EMI,Indore,Madhya Pradesh,43503.17,2175.16,
700517,6303,2022-05-27 03:29:15,Delivered,UPI,Ahmedabad,Gujarat,42030.03,6304.5,8.0
701150,6644,2022-12-17 17:21:47,Delivered,Cash on Delivery,Pune,Maharashtra,35139.28,5270.89,2.0
700274,5813,2024-03-09 19:49:48,Cancelled,EMI,Mumbai,Maharashtra,238920.44,23892.04,
708849,5524,2026-02-16 01:58:30,Returned,Cash on Delivery,Indore,Madhya Pradesh,27759.92,0.0,
701250,5581,2022-10-20 16:00:23,Delivered,Credit Card,Chandigarh,Chandigarh,9245.78,462.29,6.0
701675,5480,2024-10-17 17:09:25,Returned,UPI,Jaipur,Rajasthan,263900.12,0.0,
705983,6276,2023-05-02 02:37:55,Delivered,EMI,Delhi,Delhi,14418.69,0.0,5.0
705181,6375,2024-11-05 05:34:37,Returned,Credit Card,Jaipur,Rajasthan,13556.11,0.0,
700041,5407,2022-08-30 07:49:41,Returned,UPI,Patna,Bihar,40163.52,8032.7,
701897,6611,2024-03-05 15:45:50,Shipped,Cash on Delivery,Kochi,Kerala,396189.61,79237.92,
706016,6473,2025-12-20 21:34:58,Shipped,EMI,Pune,Maharashtra,31267.3,1563.37,
705872,7900,2026-05-08 03:49:56,Shipped,UPI,Chennai,Tamil Nadu,8645.44,0.0,
700053,5558,2023-05-20 12:29:22,Delivered,Cash on Delivery,Ranchi,Jharkhand,26992.88,5398.58,2.0
704341,5038,2025-09-26 21:54:35,Delivered,Credit Card,Pune,Maharashtra,57012.9,8551.94,12.0
703957,5505,2025-07-07 06:42:28,Delivered,Cash on Delivery,Patna,Bihar,51107.69,7666.15,9.0
702778,6341,2024-03-13 04:34:59,Delivered,UPI,Nagpur,Maharashtra,7847.37,0.0,9.0
702173,6960,2026-07-08 15:42:52,Delivered,EMI,Nagpur,Maharashtra,83986.76,0.0,5.0
700298,7471,2023-09-15 08:48:54,Delivered,Net Banking,Hyderabad,Telangana,98779.14,9877.91,4.0
705067,5285,2025-12-28 19:20:35,Delivered,EMI,Bhopal,Madhya Pradesh,153325.94,15332.59,11.0
703249,7359,2024-10-22 23:20:41,Pending,Cash on Delivery,Kolkata,West Bengal,9960.12,1494.02,
700666,5680,2025-12-13 01:40:23,Delivered,Net Banking,Bangalore,Karnataka,214937.27,0.0,11.0
706975,7330,2022-02-08 06:59:43,Delivered,Cash on Delivery,Chennai,Tamil Nadu,7597.22,0.0,3.0
700620,5947,2024-03-07 23:12:13,Pending,UPI,Pune,Maharashtra,5402.93,1080.59,
706074,5501,2026-03-03 02:56:44,Delivered,Net Banking,Surat,Gujarat,96184.14,4809.21,3.0
701312,5447,2023-01-03 19:36:31,Cancelled,Cash on Delivery,Bhopal,Madhya Pradesh,24160.21,0.0,
708174,7455,2025-11-24 01:15:14,Delivered,EMI,Jaipur,Rajasthan,25762.96,1288.15,8.0
705806,6767,2024-02-06 20:50:45,Delivered,Cash on Delivery,Surat,Gujarat,48207.32,4820.73,2.0
701095,5864,2023-09-19 08:04:57,Pending,Cash on Delivery,Chennai,Tamil Nadu,188760.37,18876.04,
705102,7696,2025-01-23 09:43:44,Delivered,Debit Card,Kolkata,West Bengal,208709.28,10435.46,3.0
705608,5531,2026-07-31 08:37:50,Returned,Cash on Delivery,Coimbatore,Tamil Nadu,4677.28,0.0,
707439,5323,2024-03-29 18:55:22,Cancelled,EMI,Chandigarh,Chandigarh,90577.66,9057.77,
705696,5641,2025-02-06 14:25:25,Delivered,Credit Card,Delhi,Delhi,9766.1,488.31,9.0
701352,7256,2024-01-08 07:00:03,Pending,Debit Card,Patna,Bihar,31292.67,0.0,
703934,7492,2025-09-04 23:27:07,Delivered,Credit Card,Bhopal,Madhya Pradesh,137351.22,27470.24,5.0
707470,5406,2023-11-09 22:33:44,Delivered,EMI,Nagpur,Maharashtra,62735.95,12547.19,2.0
706745,7136,2024-08-18 21:32:08,Cancelled,Cash on Delivery,Bangalore,Karnataka,315740.58,0.0,
703730,6870,2024-02-01 10:01:39,Returned,Net Banking,Mumbai,Maharashtra,6112.34,0.0,
702915,5596,2024-12-19 14:15:38,Pending,Credit Card,Ranchi,Jharkhand,24942.44,3741.37,
703821,5926,2024-04-05 06:56:19,Delivered,Cash on Delivery,Coimbatore,Tamil Nadu,21752.37,0.0,6.0
702104,5330,2023-03-03 22:19:28,Pending,Cash on Delivery,Jaipur,Rajasthan,22460.67,2246.07,
707366,7458,2025-06-19 06:05:59,Delivered,Debit Card,Ahmedabad,Gujarat,1684.58,252.69,9.0
706994,5062,2026-03-05 12:26:31,Delivered,Cash on Delivery,Kochi,Kerala,84611.95,12691.79,7.0
705796,7055,2022-04-14 08:43:28,Cancelled,Net Banking,Bangalore,Karnataka,3608.4,360.84,
704155,6431,2024-11-07 13:44:53,Shipped,EMI,Coimbatore,Tamil Nadu,14841.8,742.09,
708376,7543,2024-04-07 19:48:30,Delivered,Net Banking,Chandigarh,Chandigarh,26540.44,0.0,4.0
702015,5772,2023-06-16 20:34:39,Delivered,Cash on Delivery,Jaipur,Rajasthan,23956.72,1197.84,1.0
708780,7517,2024-09-17 07:46:46,Delivered,Credit Card,Lucknow,Uttar Pradesh,4389.04,0.0,10.0
705802,6926,2026-04-27 15:56:43,Delivered,Credit Card,Mumbai,Maharashtra,21980.07,4396.01,6.0
703602,5332,2022-02-27 06:12:27,Delivered,UPI,Ahmedabad,Gujarat,343138.96,17156.95,5.0
704400,6808,2025-09-24 00:03:29,Delivered,EMI,Bangalore,Karnataka,156995.24,0.0,5.0
705538,5974,2022-07-22 13:27:39,Delivered,Net Banking,Nagpur,Maharashtra,9005.03,900.5,6.0
706092,6340,2025-06-21 06:06:05,Pending,Cash on Delivery,Chandigarh,Chandigarh,952.09,0.0,
704678,7738,2025-04-14 06:51:07,Returned,Debit Card,Chennai,Tamil Nadu,226401.59,0.0,
705950,6627,2023-05-12 16:29:28,Delivered,Net Banking,Nagpur,Maharashtra,145887.04,0.0,10.0
702429,6119,2025-06-20 23:32:48,Delivered,Net Banking,Kochi,Kerala,64706.8,0.0,10.0
705613,7981,2024-04-04 05:24:38,Returned,Debit Card,Coimbatore,Tamil Nadu,1540.34,0.0,
704449,6416,2023-11-04 11:20:42,Delivered,EMI,Kochi,Kerala,30155.0,0.0,2.0
700877,6366,2025-04-03 13:05:44,Pending,EMI,Indore,Madhya Pradesh,8250.33,0.0,
707249,7099,2026-01-29 17:40:47,Pending,UPI,Lucknow,Uttar Pradesh,31986.4,6397.28,
701668,5717,2022-10-12 23:54:06,Delivered,Cash on Delivery,Indore,Madhya Pradesh,198038.5,29705.77,11.0
704823,7779,2023-04-06 04:14:01,Cancelled,Cash on Delivery,Bhopal,Madhya Pradesh,66571.65,0.0,
703666,5944,2022-05-21 12:25:57,Returned,Net Banking,Pune,Maharashtra,25588.34,5117.67,
705595,7515,2024-09-08 21:59:14,Cancelled,Net Banking,Coimbatore,Tamil Nadu,13447.29,672.36,
705909,6200,2024-07-15 18:25:59,Delivered,UPI,Nagpur,Maharashtra,151677.68,15167.77,12.0
701815,7359,2024-09-20 11:19:32,Pending,Net Banking,Pune,Maharashtra,190742.64,0.0,
703428,7281,2025-11-28 14:27:14,Delivered,Cash on Delivery,Lucknow,Uttar Pradesh,159989.68,15998.97,10.0
707328,7809,2024-02-01 17:56:44,Pending,Cash on Delivery,Surat,Gujarat,1100.63,220.13,
700358,7050,2026-01-02 14:58:52,Pending,Cash on Delivery,Ranchi,Jharkhand,121882.67,12188.27,
702225,6175,2023-06-22 21:45:39,Delivered,Debit Card,Pune,Maharashtra,4555.88,683.38,6.0
700717,6942,2026-05-31 21:05:23,Delivered,UPI,Chandigarh,Chandigarh,10627.55,0.0,11.0
708746,5485,2026-07-27 07:03:01,Delivered,Debit Card,Lucknow,Uttar Pradesh,51055.24,7658.29,8.0
702406,7279,2025-06-30 20:11:13,Delivered,Net Banking,Jaipur,Rajasthan,112524.68,0.0,9.0
703527,7246,2024-07-22 03:06:24,Delivered,Cash on Delivery,Lucknow,Uttar Pradesh,37005.09,5550.76,12.0
704382,7581,2023-08-16 08:12:16,Returned,EMI,Nagpur,Maharashtra,338802.24,0.0,
703943,5159,2026-03-27 05:16:18,Shipped,Debit Card,Hyderabad,Telangana,56688.84,8503.33,
708609,6934,2026-05-13 09:48:47,Delivered,Net Banking,Kochi,Kerala,25255.45,0.0,8.0
707947,6782,2023-08-31 01:56:18,Shipped,Credit Card,Ranchi,Jharkhand,55786.88,0.0,
708990,5653,2022-02-04 21:02:38,Cancelled,Credit Card,Patna,Bihar,100864.66,10086.47,
706938,7037,2026-07-21 08:41:40,Returned,Debit Card,Surat,Gujarat,25584.42,5116.88,
702284,5487,2023-12-24 13:11:30,Delivered,Cash on Delivery,Jaipur,Rajasthan,193867.56,38773.51,8.0
702227,7676,2022-03-26 20:02:01,Pending,Credit Card,Delhi,Delhi,45128.56,0.0,
702084,7094,2024-12-31 20:43:34,Delivered,Debit Card,Indore,Madhya Pradesh,41493.16,4149.32,12.0
707293,7744,2024-02-10 09:17:48,Delivered,Credit Card,Surat,Gujarat,10537.64,0.0,11.0
701587,7444,2023-04-09 01:49:41,Pending,EMI,Kochi,Kerala,470035.38,0.0,
703984,5934,2025-11-17 19:13:46,Delivered,Credit Card,Hyderabad,Telangana,371144.53,18557.23,12.0
700858,7033,2024-07-13 19:37:45,Cancelled,Credit Card,Bangalore,Karnataka,28269.68,0.0,
704227,6307,2025-07-27 20:23:01,Delivered,UPI,Chandigarh,Chandigarh,52686.73,5268.67,11.0
700938,5162,2024-12-12 01:24:41,Delivered,Debit Card,Patna,Bihar,110450.12,0.0,10.0
700373,5304,2024-04-16 00:58:29,Delivered,Cash on Delivery,Nagpur,Maharashtra,24919.47,2491.95,1.0
703199,7650,2023-05-08 17:33:03,Delivered,UPI,Hyderabad,Telangana,31432.36,0.0,4.0
700330,5103,2024-08-25 12:50:03,Shipped,Cash on Delivery,Bhopal,Madhya Pradesh,13019.5,1301.95,
705508,5523,2024-12-18 08:20:48,Cancelled,EMI,Ranchi,Jharkhand,107874.06,10787.41,
703581,5651,2023-03-17 16:44:45,Delivered,Credit Card,Nashik,Maharashtra,64151.75,3207.59,10.0
707418,6487,2025-01-17 16:11:31,Cancelled,Net Banking,Chandigarh,Chandigarh,204834.64,20483.46,
706523,5943,2025-07-18 01:30:30,Returned,Debit Card,Patna,Bihar,54364.22,8154.63,
700663,6955,2025-08-14 23:13:54,Pending,EMI,Kochi,Kerala,242606.77,36391.02,
703638,7663,2022-07-14 22:18:52,Delivered,Credit Card,Kochi,Kerala,5241.54,0.0,12.0
707233,5302,2023-03-20 04:07:23,Delivered,Cash on Delivery,Chandigarh,Chandigarh,44534.26,8906.85,9.0
703973,5627,2022-04-24 05:19:59,Returned,Net Banking,Ranchi,Jharkhand,5004.66,0.0,
704615,6688,2025-01-29 16:02:45,Delivered,UPI,Ahmedabad,Gujarat,19757.21,1975.72,7.0
708734,5222,2024-08-05 05:37:55,Delivered,Net Banking,Ranchi,Jharkhand,117719.17,11771.92,3.0
701285,6762,2022-09-01 19:57:32,Delivered,EMI,Bhopal,Madhya Pradesh,130794.82,0.0,3.0
708331,5652,2023-08-16 18:57:11,Delivered,EMI,Kolkata,West Bengal,16766.36,3353.27,6.0
702240,7708,2025-11-23 12:47:00,Shipped,Debit Card,Ranchi,Jharkhand,67153.72,0.0,
704166,5250,2022-11-16 00:13:05,Delivered,UPI,Pune,Maharashtra,50082.55,7512.38,4.0
701372,6261,2022-01-12 23:49:13,Delivered,Debit Card,Coimbatore,Tamil Nadu,56311.01,0.0,12.0
702436,5942,2023-03-18 09:13:30,Delivered,Debit Card,Patna,Bihar,112734.04,5636.7,12.0
706707,6988,2025-08-11 07:04:07,Delivered,Cash on Delivery,Chandigarh,Chandigarh,167199.24,16719.92,8.0
703704,7190,2026-03-16 05:00:56,Delivered,Cash on Delivery,Mumbai,Maharashtra,3031.47,606.29,2.0
704829,6861,2023-08-20 09:42:10,Pending,Credit Card,Coimbatore,Tamil Nadu,165587.18,0.0,
704976,5715,2025-08-02 14:37:18,Delivered,UPI,Jaipur,Rajasthan,3371.88,168.59,2.0
705471,7552,2026-02-09 02:51:28,Delivered,Net Banking,Pune,Maharashtra,14061.76,2812.35,2.0
707928,7759,2025-06-05 01:58:12,Delivered,EMI,Chennai,Tamil Nadu,37793.37,0.0,8.0
706922,5917,2023-10-19 19:16:38,Delivered,Debit Card,Chandigarh,Chandigarh,82120.45,12318.07,3.0
702031,6596,2024-05-13 22:06:52,Cancelled,Credit Card,Nagpur,Maharashtra,168368.46,25255.27,
708812,5179,2024-05-23 13:37:38,Cancelled,UPI,Bhopal,Madhya Pradesh,9717.81,0.0,
705707,7912,2024-09-28 03:23:55,Returned,EMI,Kolkata,West Bengal,88019.53,0.0,
704689,7275,2026-02-25 00:02:19,Shipped,Credit Card,Surat,Gujarat,280433.77,0.0,
706918,7035,2022-12-21 22:05:51,Delivered,Credit Card,Jaipur,Rajasthan,60534.46,0.0,4.0
707473,6930,2023-01-28 19:20:06,Delivered,Cash on Delivery,Delhi,Delhi,9753.12,487.66,2.0
704546,5153,2023-02-05 23:57:05,Delivered,Credit Card,Bhopal,Madhya Pradesh,232530.64,0.0,9.0
701559,6294,2026-07-22 03:27:27,Pending,Debit Card,Surat,Gujarat,19986.12,2997.92,
704818,7336,2025-02-18 20:17:43,Delivered,Cash on Delivery,Pune,Maharashtra,54745.6,10949.12,9.0
703590,6278,2025-04-28 13:58:59,Delivered,Credit Card,Coimbatore,Tamil Nadu,110006.15,0.0,12.0
702411,6796,2025-02-18 10:50:43,Pending,Debit Card,Hyderabad,Telangana,104005.47,10400.55,
706626,5896,2024-01-22 17:31:30,Delivered,Cash on Delivery,Bhopal,Madhya Pradesh,64555.26,12911.05,12.0
707361,7227,2026-05-10 02:40:22,Delivered,EMI,Nagpur,Maharashtra,6633.78,663.38,11.0
708137,6652,2024-03-12 10:24:11,Cancelled,EMI,Ahmedabad,Gujarat,11010.51,0.0,
708892,5642,2026-05-22 04:59:03,Delivered,EMI,Coimbatore,Tamil Nadu,334813.48,33481.35,1.0
701519,5156,2025-03-15 04:09:47,Delivered,EMI,Jaipur,Rajasthan,344030.75,17201.54,9.0
702724,5839,2024-08-09 01:08:08,Delivered,EMI,Nashik,Maharashtra,125736.41,6286.82,9.0
705480,6896,2026-02-09 04:24:55,Delivered,Credit Card,Chandigarh,Chandigarh,220719.2,0.0,4.0
702840,5987,2026-01-22 22:28:32,Delivered,UPI,Chennai,Tamil Nadu,36077.95,0.0,10.0
700300,7428,2026-08-05 09:53:04,Pending,Credit Card,Surat,Gujarat,78333.54,0.0,
701390,6153,2024-01-20 02:46:33,Returned,EMI,Hyderabad,Telangana,22219.9,2221.99,
707991,7174,2025-12-10 09:33:18,Pending,Debit Card,Chennai,Tamil Nadu,3236.32,323.63,
708850,7726,2024-04-12 23:34:55,Delivered,EMI,Indore,Madhya Pradesh,2242.35,0.0,8.0
706098,7182,2023-09-11 06:59:55,Shipped,UPI,Delhi,Delhi,17723.9,2658.59,
705006,7689,2024-02-15 16:28:47,Delivered,Net Banking,Bangalore,Karnataka,25335.56,0.0,12.0
707096,6659,2026-03-31 23:39:37,Cancelled,Cash on Delivery,Kolkata,West Bengal,406928.91,61039.34,
706932,5083,2023-05-24 16:45:09,Delivered,UPI,Jaipur,Rajasthan,5874.23,587.42,12.0
702197,7495,2025-01-09 15:51:44,Pending,Credit Card,Nashik,Maharashtra,136375.26,20456.29,
703067,6829,2025-08-08 15:44:02,Delivered,Net Banking,Mumbai,Maharashtra,18409.93,920.5,3.0
701834,5231,2024-06-21 08:34:19,Shipped,UPI,Ranchi,Jharkhand,88549.52,0.0,
706628,7716,2025-02-16 13:50:55,Delivered,EMI,Surat,Gujarat,7219.53,721.95,6.0
700238,6421,2025-03-14 06:49:40,Delivered,EMI,Bhopal,Madhya Pradesh,30028.05,4504.21,8.0
703731,6343,2022-11-13 13:08:46,Delivered,UPI,Pune,Maharashtra,9325.72,1865.14,12.0
707098,5454,2023-11-12 22:05:59,Delivered,EMI,Chennai,Tamil Nadu,160106.02,32021.2,4.0
702524,5015,2022-06-09 04:58:03,Delivered,Credit Card,Patna,Bihar,364373.49,0.0,8.0
704048,7577,2025-12-29 11:23:44,Shipped,Net Banking,Kolkata,West Bengal,150425.75,15042.58,
708182,6034,2025-10-02 07:37:01,Pending,Net Banking,Nashik,Maharashtra,27691.62,0.0,
703522,5596,2023-04-02 19:03:42,Returned,UPI,Indore,Madhya Pradesh,173356.16,0.0,
706691,7019,2022-05-19 03:33:45,Delivered,Credit Card,Indore,Madhya Pradesh,196831.72,19683.17,12.0
702504,5129,2026-07-27 06:36:39,Delivered,Debit Card,Patna,Bihar,261449.79,0.0,7.0
704167,6395,2025-09-25 17:00:25,Delivered,UPI,Delhi,Delhi,230759.76,46151.95,12.0
700292,7669,2022-10-30 17:54:16,Delivered,Cash on Delivery,Nashik,Maharashtra,50400.88,0.0,6.0
700025,7564,2022-12-30 04:03:09,Pending,Cash on Delivery,Nagpur,Maharashtra,523598.71,78539.81,
701996,5438,2025-10-26 13:49:16,Pending,Net Banking,Jaipur,Rajasthan,1669.99,83.5,
705156,5008,2022-03-11 00:04:07,Delivered,Debit Card,Ahmedabad,Gujarat,37406.14,7481.23,10.0
706765,7316,2024-10-05 05:28:57,Pending,Debit Card,Nashik,Maharashtra,77905.9,15581.18,
706443,5439,2025-12-15 10:27:19,Delivered,Credit Card,Surat,Gujarat,35010.21,5251.53,3.0
700899,5288,2022-01-02 04:42:51,Returned,Debit Card,Ahmedabad,Gujarat,7659.15,1148.87,
701781,5900,2023-07-12 16:29:13,Shipped,UPI,Kochi,Kerala,35389.03,0.0,
704066,5685,2025-12-23 16:12:32,Returned,UPI,Nagpur,Maharashtra,28739.25,5747.85,
704125,7128,2025-02-24 05:54:41,Pending,UPI,Ranchi,Jharkhand,91494.68,4574.73,
703334,6145,2023-04-07 14:01:04,Shipped,Debit Card,Nagpur,Maharashtra,13601.29,2720.26,
702375,6006,2024-08-28 16:46:25,Pending,Cash on Delivery,Patna,Bihar,170952.67,8547.63,
704031,5267,2025-02-07 16:33:51,Delivered,Debit Card,Hyderabad,Telangana,4484.8,224.24,4.0
708414,6187,2025-06-03 03:30:16,Delivered,EMI,Coimbatore,Tamil Nadu,12997.44,0.0,9.0
701795,5042,2022-04-02 03:34:34,Shipped,Credit Card,Ranchi,Jharkhand,15445.96,0.0,
704298,6532,2025-03-09 04:38:26,Cancelled,UPI,Indore,Madhya Pradesh,32379.14,0.0,
706632,5060,2022-05-24 16:44:07,Returned,UPI,Bhopal,Madhya Pradesh,36499.36,0.0,
702449,5684,2022-08-03 06:41:51,Returned,UPI,Nagpur,Maharashtra,7843.39,392.17,
700546,6897,2023-10-19 01:59:10,Shipped,Credit Card,Kochi,Kerala,155203.32,0.0,
706792,5933,2025-01-01 07:00:41,Returned,Cash on Delivery,Nashik,Maharashtra,8495.76,849.58,
707005,6337,2024-02-01 11:39:18,Pending,Net Banking,Mumbai,Maharashtra,429.69,85.94,
703554,6585,2022-11-21 04:05:09,Cancelled,Net Banking,Mumbai,Maharashtra,22925.12,3438.77,
703755,6997,2023-07-10 00:15:06,Delivered,UPI,Bhopal,Madhya Pradesh,220.16,33.02,8.0
706622,5751,2026-07-23 09:35:15,Shipped,EMI,Bhopal,Madhya Pradesh,69196.18,3459.81,
700542,5117,2024-07-23 17:12:54,Delivered,Cash on Delivery,Kolkata,West Bengal,410877.83,20543.89,3.0
706893,6114,2023-01-22 06:38:53,Cancelled,Credit Card,Bangalore,Karnataka,173543.16,34708.63,
703463,7277,2022-04-12 12:34:07,Delivered,Debit Card,Ahmedabad,Gujarat,15290.46,1529.05,2.0
707442,6848,2024-11-01 23:22:21,Delivered,Credit Card,Lucknow,Uttar Pradesh,7844.65,1176.7,6.0
707269,5090,2023-01-06 13:25:01,Delivered,Credit Card,Coimbatore,Tamil Nadu,15145.11,757.26,3.0
707505,6336,2022-05-29 13:06:10,Delivered,EMI,Lucknow,Uttar Pradesh,6310.3,0.0,4.0
704927,7616,2025-08-19 17:29:14,Pending,Debit Card,Lucknow,Uttar Pradesh,70832.3,0.0,
705082,5021,2022-03-23 10:23:03,Pending,Cash on Delivery,Delhi,Delhi,173700.34,0.0,
704668,7515,2022-03-01 16:19:20,Delivered,Cash on Delivery,Ahmedabad,Gujarat,49152.06,7372.81,10.0
700575,7801,2024-09-18 12:59:23,Returned,Credit Card,Pune,Maharashtra,8224.15,1233.62,
708793,5511,2023-12-22 04:16:18,Delivered,Net Banking,Patna,Bihar,11462.79,1146.28,4.0
702125,5685,2026-02-22 05:41:22,Returned,UPI,Nagpur,Maharashtra,98272.5,0.0,
704375,7013,2024-02-25 06:16:29,Cancelled,Debit Card,Chandigarh,Chandigarh,37628.75,3762.88,
704056,5203,2026-04-22 20:38:37,Delivered,Net Banking,Delhi,Delhi,62985.85,9447.88,10.0
702702,5065,2024-06-06 20:00:25,Delivered,Credit Card,Chandigarh,Chandigarh,12625.28,1893.79,9.0
700251,5597,2022-05-02 14:25:00,Shipped,EMI,Nashik,Maharashtra,130985.37,0.0,
706795,5520,2023-06-23 17:56:09,Cancelled,Cash on Delivery,Kolkata,West Bengal,20621.36,3093.2,
707258,5849,2026-02-06 07:37:04,Delivered,UPI,Bangalore,Karnataka,31942.97,0.0,9.0
705949,7458,2022-03-21 22:36:24,Returned,Cash on Delivery,Nashik,Maharashtra,44173.48,0.0,
707597,5941,2025-03-18 02:04:06,Delivered,Cash on Delivery,Lucknow,Uttar Pradesh,237568.55,0.0,7.0
705645,6028,2023-05-20 16:12:28,Delivered,EMI,Mumbai,Maharashtra,2514.3,0.0,3.0
706474,5495,2025-03-12 18:35:00,Cancelled,Credit Card,Coimbatore,Tamil Nadu,273849.93,0.0,
707825,5152,2022-12-25 17:48:53,Delivered,Credit Card,Chandigarh,Chandigarh,186508.29,27976.24,12.0
700072,7330,2026-02-02 15:07:36,Delivered,Cash on Delivery,Chennai,Tamil Nadu,80597.87,4029.89,11.0
700145,6444,2026-03-27 12:28:10,Returned,Credit Card,Coimbatore,Tamil Nadu,12742.09,0.0,
702325,6133,2023-08-05 05:44:33,Delivered,Net Banking,Kochi,Kerala,50432.33,5043.23,5.0
707059,7548,2023-04-04 11:36:12,Returned,UPI,Hyderabad,Telangana,125502.9,12550.29,
705153,5028,2025-11-11 00:33:57,Returned,Net Banking,Lucknow,Uttar Pradesh,4193.12,419.31,
706156,7622,2026-01-28 15:08:49,Pending,EMI,Jaipur,Rajasthan,511.67,0.0,
700100,7787,2025-11-12 05:50:53,Cancelled,Cash on Delivery,Jaipur,Rajasthan,77219.98,0.0,
705777,7161,2024-05-17 22:25:44,Pending,Net Banking,Nagpur,Maharashtra,40341.87,0.0,
704104,7775,2022-10-25 01:10:58,Returned,Net Banking,Nagpur,Maharashtra,18181.18,909.06,
702985,5345,2024-10-10 02:40:28,Pending,Debit Card,Pune,Maharashtra,143059.98,0.0,
708621,6704,2023-09-01 18:03:28,Delivered,EMI,Coimbatore,Tamil Nadu,2508.04,501.61,5.0
701624,7359,2023-06-11 13:26:49,Delivered,UPI,Bangalore,Karnataka,52440.07,5244.01,8.0
708233,6251,2022-12-11 00:28:22,Delivered,Cash on Delivery,Bhopal,Madhya Pradesh,10398.26,519.91,3.0
703571,7907,2023-03-04 20:28:20,Cancelled,UPI,Coimbatore,Tamil Nadu,2231.68,223.17,
700209,6745,2025-11-24 19:58:00,Delivered,Debit Card,Jaipur,Rajasthan,8013.38,400.67,1.0
704061,7649,2022-09-23 21:49:42,Pending,Debit Card,Bhopal,Madhya Pradesh,1516.41,303.28,
700008,7736,2023-04-20 06:00:56,Shipped,Cash on Delivery,Kochi,Kerala,327033.92,65406.78,
705155,7595,2024-12-27 13:51:51,Delivered,UPI,Nagpur,Maharashtra,116488.72,0.0,7.0
704776,5162,2022-10-30 02:58:43,Delivered,Debit Card,Bhopal,Madhya Pradesh,3516.08,351.61,5.0
701098,6727,2022-07-02 16:00:39,Delivered,Cash on Delivery,Kochi,Kerala,55160.84,0.0,3.0
705885,6419,2022-10-25 11:36:15,Cancelled,Net Banking,Nashik,Maharashtra,48740.93,0.0,
707190,5421,2023-12-18 05:31:40,Cancelled,Credit Card,Patna,Bihar,99792.4,14968.86,
705532,5621,2022-04-22 09:53:20,Delivered,UPI,Nagpur,Maharashtra,112020.71,0.0,10.0
701746,7655,2024-04-23 16:05:28,Returned,Cash on Delivery,Mumbai,Maharashtra,61157.24,0.0,
708009,7541,2023-09-22 12:28:45,Delivered,Cash on Delivery,Chennai,Tamil Nadu,4495.14,0.0,8.0
705795,5462,2025-04-26 08:47:19,Delivered,Credit Card,Nashik,Maharashtra,25649.57,5129.91,10.0
704957,6829,2025-11-08 15:07:39,Delivered,EMI,Surat,Gujarat,267508.2,0.0,5.0
707879,6911,2024-11-30 09:25:54,Delivered,Credit Card,Kolkata,West Bengal,3856.8,578.52,9.0
701206,6025,2022-12-29 23:08:38,Pending,UPI,Hyderabad,Telangana,7177.24,0.0,
708920,6287,2025-08-01 12:38:39,Shipped,Cash on Delivery,Kochi,Kerala,11280.18,2256.04,
704100,5429,2024-12-02 20:21:06,Returned,Debit Card,Surat,Gujarat,57881.18,11576.24,
700915,7365,2023-11-06 23:33:13,Returned,Cash on Delivery,Lucknow,Uttar Pradesh,28260.45,1413.02,
700111,7805,2025-04-25 05:16:17,Delivered,UPI,Ahmedabad,Gujarat,7376.16,368.81,6.0
707909,6822,2026-07-28 10:58:06,Cancelled,Cash on Delivery,Surat,Gujarat,217231.13,0.0,
706702,6841,2025-10-13 09:36:50,Pending,Net Banking,Nashik,Maharashtra,2515.26,377.29,
700936,6779,2025-02-03 18:09:38,Delivered,Net Banking,Chandigarh,Chandigarh,190207.37,38041.47,8.0
701819,7163,2026-01-02 06:12:08,Delivered,UPI,Patna,Bihar,47340.36,0.0,6.0
704012,7562,2022-10-08 06:22:53,Delivered,Debit Card,Pune,Maharashtra,269771.9,13488.6,3.0
704534,6578,2025-12-07 12:48:03,Delivered,Debit Card,Kochi,Kerala,18353.14,0.0,7.0
705116,6825,2026-06-06 06:45:15,Delivered,Debit Card,Nashik,Maharashtra,210972.87,0.0,12.0
706944,6619,2022-06-28 09:47:26,Delivered,Debit Card,Mumbai,Maharashtra,310348.54,31034.85,1.0
701631,6470,2023-12-31 01:13:59,Cancelled,Debit Card,Ahmedabad,Gujarat,24041.94,4808.39,
707558,6923,2025-09-24 05:43:49,Delivered,Net Banking,Kolkata,West Bengal,101270.65,10127.07,11.0
706193,7050,2024-07-21 16:23:09,Delivered,Net Banking,Mumbai,Maharashtra,196202.27,0.0,8.0
701146,5059,2024-03-14 01:23:10,Shipped,Debit Card,Delhi,Delhi,13200.75,2640.15,
702137,5923,2024-09-01 19:24:27,Returned,EMI,Jaipur,Rajasthan,84772.38,12715.86,
700555,5786,2026-05-18 21:38:12,Returned,Cash on Delivery,Chandigarh,Chandigarh,15083.19,2262.48,
702779,7762,2023-07-24 22:49:50,Pending,Net Banking,Hyderabad,Telangana,240847.55,36127.13,
706105,6438,2022-12-18 13:42:11,Delivered,EMI,Surat,Gujarat,10586.96,0.0,10.0
703504,5032,2026-04-15 21:26:35,Returned,Debit Card,Jaipur,Rajasthan,42634.78,0.0,
705630,7491,2023-04-04 10:23:57,Returned,Net Banking,Nashik,Maharashtra,24809.5,1240.48,
704709,7644,2024-02-17 20:17:32,Shipped,Net Banking,Ranchi,Jharkhand,61087.28,12217.46,
707934,5681,2023-05-03 05:46:48,Cancelled,Net Banking,Surat,Gujarat,24630.78,4926.16,
707445,7196,2025-01-09 18:24:53,Delivered,UPI,Coimbatore,Tamil Nadu,633.98,0.0,5.0
702052,7975,2025-05-20 14:22:16,Returned,EMI,Ranchi,Jharkhand,58415.09,8762.26,
701513,5693,2024-01-20 22:24:57,Delivered,Net Banking,Nagpur,Maharashtra,20118.71,0.0,6.0
700825,5139,2022-04-25 19:59:58,Delivered,Debit Card,Chandigarh,Chandigarh,158710.01,23806.5,11.0
703488,5414,2024-06-09 13:52:09,Delivered,Debit Card,Hyderabad,Telangana,6964.09,348.2,1.0
701347,6850,2022-06-09 03:57:55,Cancelled,UPI,Ahmedabad,Gujarat,5502.96,275.15,
702256,7244,2022-08-20 20:31:30,Shipped,EMI,Nagpur,Maharashtra,36671.5,0.0,
702608,7086,2025-06-03 19:55:20,Cancelled,Cash on Delivery,Lucknow,Uttar Pradesh,292242.53,14612.13,
702289,6177,2024-03-13 04:54:14,Shipped,Debit Card,Hyderabad,Telangana,101870.26,5093.51,
705021,6912,2024-11-29 02:18:05,Pending,EMI,Coimbatore,Tamil Nadu,246361.35,36954.2,
702063,6753,2023-04-21 00:17:44,Delivered,EMI,Coimbatore,Tamil Nadu,135947.31,6797.37,3.0
701593,7995,2024-06-06 21:41:07,Delivered,EMI,Jaipur,Rajasthan,94373.29,0.0,4.0
704598,7284,2024-07-24 03:54:03,Delivered,Cash on Delivery,Jaipur,Rajasthan,125291.32,0.0,5.0
701710,5701,2026-07-31 11:01:52,Shipped,Cash on Delivery,Nashik,Maharashtra,28918.88,0.0,
704041,5816,2022-01-12 20:17:00,Delivered,Debit Card,Bangalore,Karnataka,626.84,0.0,11.0
701564,7316,2023-12-21 13:02:17,Cancelled,EMI,Pune,Maharashtra,6813.47,681.35,
702352,7390,2025-05-21 04:47:36,Cancelled,Debit Card,Kochi,Kerala,24521.58,4904.32,
702535,6461,2023-09-10 21:49:07,Pending,EMI,Kolkata,West Bengal,65980.02,9897.0,
706072,6068,2025-03-26 08:07:40,Shipped,Cash on Delivery,Bangalore,Karnataka,753.39,75.34,
700850,7364,2025-11-19 06:36:50,Delivered,EMI,Chandigarh,Chandigarh,25852.25,2585.23,9.0
702455,5379,2022-05-17 22:32:27,Delivered,UPI,Lucknow,Uttar Pradesh,231081.8,0.0,1.0
708027,7313,2023-12-28 19:50:34,Delivered,EMI,Ranchi,Jharkhand,58904.1,0.0,7.0
706268,7646,2026-06-04 10:03:51,Delivered,Credit Card,Indore,Madhya Pradesh,20884.06,0.0,4.0
706596,5450,2025-03-13 02:23:42,Returned,UPI,Nashik,Maharashtra,102500.66,10250.07,
706224,6837,2024-08-05 12:02:47,Shipped,UPI,Ahmedabad,Gujarat,37685.76,0.0,
708045,5144,2024-05-16 13:44:32,Delivered,UPI,Delhi,Delhi,384033.53,57605.03,9.0
701684,5744,2023-02-07 03:12:04,Returned,Cash on Delivery,Patna,Bihar,124352.86,12435.29,
701469,5765,2023-06-17 09:51:08,Delivered,Net Banking,Pune,Maharashtra,189252.2,28387.83,4.0
702472,5940,2023-01-28 02:11:01,Delivered,Cash on Delivery,Hyderabad,Telangana,53150.03,7972.5,3.0
705740,5530,2023-08-31 11:45:43,Returned,Debit Card,Ranchi,Jharkhand,202914.5,0.0,
705062,5413,2024-09-01 23:37:08,Returned,Cash on Delivery,Nagpur,Maharashtra,870.03,130.5,
702042,6168,2026-01-18 01:20:00,Delivered,Debit Card,Mumbai,Maharashtra,280862.14,56172.43,11.0
700491,5295,2024-04-23 14:07:00,Returned,Net Banking,Indore,Madhya Pradesh,3579.0,0.0,
708649,6587,2023-02-01 09:13:38,Cancelled,Credit Card,Nagpur,Maharashtra,22665.04,0.0,
708145,7142,2024-11-07 07:47:03,Delivered,Credit Card,Nagpur,Maharashtra,15122.04,0.0,7.0
708717,5076,2025-10-30 22:39:38,Delivered,EMI,Jaipur,Rajasthan,16247.76,0.0,8.0
706463,6786,2024-07-31 09:48:47,Delivered,Cash on Delivery,Surat,Gujarat,55765.26,5576.53,9.0
704302,5291,2023-08-26 11:22:19,Pending,EMI,Jaipur,Rajasthan,18726.17,2808.93,
707407,6091,2025-12-27 22:27:37,Delivered,Credit Card,Patna,Bihar,61122.58,9168.39,7.0
705395,7250,2025-09-20 05:31:44,Delivered,Debit Card,Patna,Bihar,61517.64,0.0,3.0
703303,6908,2024-05-19 18:47:42,Delivered,EMI,Chandigarh,Chandigarh,320295.8,64059.16,8.0
707218,5353,2024-09-25 20:06:10,Delivered,Debit Card,Kolkata,West Bengal,87138.25,0.0,4.0
700665,7279,2022-12-25 03:39:30,Pending,Net Banking,Hyderabad,Telangana,52686.24,10537.25,
701131,5788,2026-07-26 13:32:42,Delivered,UPI,Ranchi,Jharkhand,13959.56,697.98,12.0
704556,6428,2025-01-18 05:07:06,Delivered,Credit Card,Hyderabad,Telangana,52040.68,10408.14,4.0
700583,7042,2022-12-03 11:53:48,Delivered,Credit Card,Bangalore,Karnataka,97938.8,4896.94,8.0
701621,7092,2022-02-15 02:49:08,Shipped,Credit Card,Bangalore,Karnataka,37915.64,3791.56,
702747,7725,2024-11-16 20:22:24,Delivered,EMI,Pune,Maharashtra,41476.12,2073.81,7.0
706575,7250,2022-06-18 22:23:58,Returned,Net Banking,Delhi,Delhi,19647.29,0.0,
700080,6186,2022-01-17 05:09:36,Cancelled,UPI,Indore,Madhya Pradesh,50558.94,7583.84,
700208,6933,2024-12-01 07:25:29,Delivered,Credit Card,Kochi,Kerala,1557.6,0.0,6.0
706601,7595,2024-11-16 19:35:42,Delivered,Debit Card,Jaipur,Rajasthan,9600.6,480.03,9.0
700392,7770,2024-04-04 12:31:17,Delivered,UPI,Kochi,Kerala,149646.71,7482.34,11.0
702729,7420,2024-05-27 08:33:33,Pending,Debit Card,Hyderabad,Telangana,33142.19,4971.33,
701683,5790,2024-05-13 21:14:26,Pending,Debit Card,Coimbatore,Tamil Nadu,32225.45,1611.27,
702238,7838,2022-04-23 10:51:30,Cancelled,Credit Card,Chandigarh,Chandigarh,102209.63,0.0,
705951,5287,2023-10-21 15:09:38,Delivered,Debit Card,Lucknow,Uttar Pradesh,255668.98,38350.35,11.0
702804,7921,2024-01-16 02:05:47,Shipped,Debit Card,Surat,Gujarat,14888.29,2233.24,
708563,5260,2025-12-10 00:05:53,Delivered,Debit Card,Ahmedabad,Gujarat,23384.42,4676.88,11.0
705414,6276,2024-03-13 14:14:17,Returned,UPI,Kochi,Kerala,5156.3,257.81,
704579,5096,2025-01-25 17:23:20,Delivered,Credit Card,Bangalore,Karnataka,507010.82,0.0,8.0
703889,6839,2022-04-05 03:06:14,Pending,UPI,Ahmedabad,Gujarat,10399.48,519.97,
701396,5615,2023-12-05 21:09:44,Delivered,Net Banking,Jaipur,Rajasthan,163611.44,0.0,11.0
708591,5703,2022-02-13 08:33:30,Shipped,Net Banking,Nagpur,Maharashtra,64760.38,12952.08,
708470,6890,2025-11-23 18:34:51,Delivered,Debit Card,Bhopal,Madhya Pradesh,66779.1,0.0,8.0
705685,7431,2023-11-09 00:49:15,Delivered,UPI,Lucknow,Uttar Pradesh,12810.15,2562.03,2.0
700841,7686,2024-10-07 14:38:35,Cancelled,EMI,Hyderabad,Telangana,86254.62,17250.92,
708900,7406,2022-10-05 19:05:00,Delivered,UPI,Delhi,Delhi,17290.88,0.0,4.0
703128,5399,2022-07-15 21:35:37,Delivered,Credit Card,Bhopal,Madhya Pradesh,26260.37,0.0,8.0
705957,5431,2023-11-09 23:46:22,Pending,UPI,Delhi,Delhi,8264.9,1239.73,
708766,6765,2025-11-06 01:08:19,Delivered,EMI,Indore,Madhya Pradesh,22755.75,0.0,8.0
707572,5138,2022-09-09 20:09:21,Pending,Credit Card,Bhopal,Madhya Pradesh,18571.54,0.0,
704413,7759,2023-07-06 12:28:16,Delivered,Net Banking,Ahmedabad,Gujarat,219430.18,32914.53,10.0
704738,5381,2022-06-26 02:58:52,Delivered,Credit Card,Patna,Bihar,33817.02,3381.7,5.0
702844,5828,2024-04-19 06:37:33,Delivered,Net Banking,Nagpur,Maharashtra,240958.47,48191.69,1.0
705812,5947,2024-03-18 06:18:20,Cancelled,Net Banking,Nagpur,Maharashtra,39545.76,0.0,
703038,7312,2025-04-19 23:53:23,Delivered,Credit Card,Mumbai,Maharashtra,24318.95,2431.89,11.0
704312,7452,2023-08-29 15:12:59,Delivered,Cash on Delivery,Bhopal,Madhya Pradesh,169515.34,8475.77,6.0
705517,5694,2026-02-11 13:35:23,Delivered,Credit Card,Surat,Gujarat,123662.1,0.0,8.0
703365,7027,2024-07-30 11:43:31,Delivered,Credit Card,Lucknow,Uttar Pradesh,7578.79,378.94,11.0
706867,5377,2025-05-17 02:56:59,Delivered,UPI,Coimbatore,Tamil Nadu,9444.53,944.45,3.0
708751,5652,2026-05-03 17:18:50,Returned,Net Banking,Nagpur,Maharashtra,84292.45,8429.25,
701064,6923,2025-06-20 15:01:17,Shipped,Credit Card,Bangalore,Karnataka,19274.14,3854.83,
703154,5329,2024-02-23 14:22:48,Shipped,UPI,Coimbatore,Tamil Nadu,264784.87,0.0,
700499,7344,2023-01-16 16:29:43,Pending,Debit Card,Kolkata,West Bengal,10228.08,0.0,
703061,7005,2024-01-15 00:22:00,Shipped,Credit Card,Bhopal,Madhya Pradesh,4468.13,0.0,
704758,5963,2024-10-08 12:31:00,Cancelled,Credit Card,Chandigarh,Chandigarh,714.91,0.0,
705326,5329,2024-04-17 07:42:09,Returned,Credit Card,Ranchi,Jharkhand,268234.28,53646.86,
703299,5920,2022-07-26 03:35:28,Delivered,Cash on Delivery,Bangalore,Karnataka,45033.24,2251.66,1.0
701286,6368,2024-01-07 09:55:20,Delivered,Debit Card,Bhopal,Madhya Pradesh,19737.34,0.0,7.0
707139,6370,2025-12-04 23:21:28,Shipped,Debit Card,Indore,Madhya Pradesh,357501.38,17875.07,
705513,6779,2025-07-12 05:39:43,Returned,Cash on Delivery,Mumbai,Maharashtra,16787.4,1678.74,
707145,7042,2026-01-18 05:59:13,Shipped,Debit Card,Pune,Maharashtra,102704.14,10270.41,
700799,7346,2024-03-14 01:24:09,Shipped,UPI,Coimbatore,Tamil Nadu,12041.77,0.0,
704130,5007,2025-02-02 14:53:20,Cancelled,Debit Card,Nashik,Maharashtra,193277.67,38655.53,
700845,7349,2022-03-10 05:26:02,Shipped,Cash on Delivery,Kolkata,West Bengal,8745.56,1749.11,
700610,5548,2022-01-06 15:20:11,Returned,Net Banking,Hyderabad,Telangana,365150.16,36515.02,
708890,7550,2025-05-11 17:57:47,Returned,Debit Card,Nashik,Maharashtra,21887.4,4377.48,
700246,7360,2025-06-10 08:03:19,Returned,UPI,Lucknow,Uttar Pradesh,980.18,147.03,
700692,5162,2025-11-27 10:40:12,Pending,UPI,Pune,Maharashtra,61966.82,0.0,
703598,7792,2026-03-04 11:03:30,Delivered,Credit Card,Surat,Gujarat,15777.33,788.87,6.0
707421,6963,2025-05-20 23:00:30,Cancelled,Net Banking,Delhi,Delhi,256711.32,25671.13,
708078,5954,2025-04-22 05:51:36,Shipped,Net Banking,Bhopal,Madhya Pradesh,244733.11,0.0,
703251,5492,2026-06-18 09:55:23,Pending,Cash on Delivery,Bhopal,Madhya Pradesh,11603.88,1740.58,
700655,6303,2023-10-26 18:08:45,Delivered,Net Banking,Chandigarh,Chandigarh,4932.17,739.83,3.0
705831,5583,2026-02-11 16:15:33,Delivered,Cash on Delivery,Hyderabad,Telangana,5347.32,267.37,1.0
702666,6999,2026-03-27 02:45:32,Delivered,EMI,Delhi,Delhi,83321.97,4166.1,9.0
702732,6822,2023-06-14 05:29:08,Pending,Net Banking,Nagpur,Maharashtra,33789.39,0.0,
708326,7689,2024-11-10 05:04:27,Shipped,EMI,Bangalore,Karnataka,177101.79,26565.27,
708690,6143,2022-10-21 16:08:16,Returned,Net Banking,Nagpur,Maharashtra,1861.22,93.06,
705308,6708,2025-05-14 16:55:43,Returned,Cash on Delivery,Nashik,Maharashtra,6667.62,333.38,
706943,7700,2024-11-29 07:16:27,Shipped,UPI,Mumbai,Maharashtra,220549.55,0.0,
708032,6136,2025-09-21 04:43:10,Pending,UPI,Chennai,Tamil Nadu,13285.92,0.0,
704258,7001,2024-04-25 02:02:17,Delivered,Credit Card,Nagpur,Maharashtra,1638.08,0.0,12.0
705669,6818,2024-02-21 03:14:19,Delivered,Cash on Delivery,Patna,Bihar,80654.21,12098.13,12.0
705337,5906,2026-02-22 07:31:23,Pending,Debit Card,Coimbatore,Tamil Nadu,19399.92,0.0,
705357,7951,2024-10-17 11:06:07,Pending,Credit Card,Nashik,Maharashtra,161572.37,32314.47,
704444,7385,2026-01-27 13:47:17,Delivered,Net Banking,Bangalore,Karnataka,265814.91,0.0,12.0
700764,6426,2022-06-27 20:23:18,Shipped,UPI,Nagpur,Maharashtra,448421.56,0.0,
708334,7538,2025-07-25 07:58:59,Delivered,Debit Card,Lucknow,Uttar Pradesh,13014.04,1952.11,6.0
704347,6022,2024-06-03 11:37:04,Shipped,Cash on Delivery,Delhi,Delhi,12435.59,2487.12,
705217,5845,2022-03-22 04:34:57,Delivered,Debit Card,Mumbai,Maharashtra,142751.96,28550.39,4.0
707008,6116,2022-05-05 16:19:53,Shipped,Debit Card,Ranchi,Jharkhand,5153.62,1030.72,
703285,6168,2025-08-26 11:00:34,Returned,Credit Card,Hyderabad,Telangana,7462.48,0.0,
703851,7365,2022-04-08 16:26:58,Delivered,Net Banking,Coimbatore,Tamil Nadu,11094.43,0.0,1.0
700987,6894,2026-06-23 09:42:05,Delivered,Net Banking,Hyderabad,Telangana,17406.81,1740.68,4.0
707089,6140,2025-01-14 01:25:18,Returned,Credit Card,Bhopal,Madhya Pradesh,11851.64,0.0,
706782,5769,2025-04-21 16:08:46,Delivered,Credit Card,Bangalore,Karnataka,2386.26,0.0,1.0
702711,5289,2025-01-28 14:33:09,Returned,Debit Card,Mumbai,Maharashtra,346.04,0.0,
704763,7661,2024-01-01 16:41:52,Cancelled,Net Banking,Bangalore,Karnataka,14881.56,744.08,
701712,6340,2023-06-27 02:31:11,Returned,Debit Card,Ranchi,Jharkhand,232823.31,0.0,
702168,6615,2024-08-06 16:00:30,Pending,Net Banking,Patna,Bihar,35428.51,0.0,
702450,5452,2023-06-20 06:11:27,Delivered,Credit Card,Jaipur,Rajasthan,88555.45,17711.09,9.0
708031,7179,2024-11-10 04:58:22,Delivered,EMI,Jaipur,Rajasthan,58014.37,0.0,9.0
708600,7895,2025-04-24 12:12:55,Delivered,UPI,Indore,Madhya Pradesh,253177.65,12658.88,1.0
700849,5690,2023-02-08 22:06:20,Returned,Debit Card,Patna,Bihar,31841.74,0.0,
702877,5097,2025-01-11 13:11:47,Pending,Cash on Delivery,Bhopal,Madhya Pradesh,222793.69,44558.74,
705096,5411,2026-01-27 02:13:56,Shipped,UPI,Ranchi,Jharkhand,51730.85,2586.54,
705750,6179,2022-10-02 11:05:50,Returned,Cash on Delivery,Nashik,Maharashtra,21159.75,2115.97,
704242,5098,2024-06-09 16:41:42,Delivered,Debit Card,Coimbatore,Tamil Nadu,66188.9,0.0,10.0
700738,7672,2025-09-21 03:53:51,Pending,Credit Card,Patna,Bihar,43675.07,0.0,
706788,5959,2023-01-08 10:44:11,Delivered,Cash on Delivery,Pune,Maharashtra,346924.7,17346.24,7.0
703481,5509,2024-02-01 02:52:50,Delivered,UPI,Chennai,Tamil Nadu,113896.39,22779.28,5.0
703828,5048,2022-08-22 16:30:19,Shipped,Net Banking,Nashik,Maharashtra,15795.76,0.0,
701194,5074,2026-07-29 23:43:36,Delivered,UPI,Kochi,Kerala,9588.29,0.0,2.0
703695,7493,2023-12-01 23:56:27,Delivered,Net Banking,Chandigarh,Chandigarh,239257.24,47851.45,4.0
703012,6683,2024-02-02 23:49:59,Pending,EMI,Lucknow,Uttar Pradesh,11246.85,562.34,
708140,6946,2024-05-19 05:00:41,Delivered,Net Banking,Hyderabad,Telangana,20328.52,4065.7,7.0
708582,6081,2025-01-07 03:02:26,Cancelled,UPI,Bangalore,Karnataka,44300.65,8860.13,
703652,5649,2024-03-14 23:06:27,Delivered,Net Banking,Kochi,Kerala,22969.97,1148.5,6.0
700127,7572,2024-11-13 17:19:11,Cancelled,UPI,Hyderabad,Telangana,198668.42,29800.26,
701138,7643,2024-04-24 10:28:51,Delivered,Debit Card,Pune,Maharashtra,156015.76,15601.58,6.0
701191,5641,2022-03-02 23:35:50,Pending,EMI,Chennai,Tamil Nadu,381443.7,0.0,
708332,7486,2024-02-25 06:07:51,Delivered,EMI,Lucknow,Uttar Pradesh,83599.62,4179.98,8.0
703275,7227,2025-05-03 00:48:32,Delivered,EMI,Bhopal,Madhya Pradesh,1263.79,0.0,11.0
703181,7468,2023-07-13 16:44:37,Delivered,Cash on Delivery,Kolkata,West Bengal,150970.72,30194.14,9.0
704530,6922,2026-06-15 09:51:06,Delivered,EMI,Chennai,Tamil Nadu,1165.06,58.25,11.0
704180,5267,2026-05-05 03:49:21,Delivered,Credit Card,Nashik,Maharashtra,158138.11,31627.62,12.0
701149,7616,2026-02-25 03:44:56,Shipped,UPI,Chennai,Tamil Nadu,134225.8,0.0,
707061,7193,2024-09-15 11:14:59,Returned,EMI,Nagpur,Maharashtra,951.8,47.59,
702581,5286,2023-02-17 02:24:50,Delivered,Cash on Delivery,Nagpur,Maharashtra,8741.27,874.13,7.0
707960,7810,2022-07-20 21:46:11,Delivered,Credit Card,Ahmedabad,Gujarat,10217.34,0.0,6.0
700723,6754,2024-04-13 07:03:25,Pending,Debit Card,Kolkata,West Bengal,33904.53,0.0,
701044,5293,2025-03-27 19:34:03,Cancelled,UPI,Ranchi,Jharkhand,103665.68,15549.85,
705856,6240,2024-03-28 10:58:00,Returned,Debit Card,Nagpur,Maharashtra,237.92,0.0,
700633,6036,2025-10-06 10:57:27,Shipped,Credit Card,Pune,Maharashtra,22118.04,2211.8,
704602,6379,2023-06-09 21:51:29,Cancelled,Net Banking,Jaipur,Rajasthan,339672.96,67934.59,
701360,7799,2024-12-16 17:43:47,Delivered,Cash on Delivery,Ahmedabad,Gujarat,227227.74,34084.16,12.0
702304,6728,2022-07-07 20:38:28,Cancelled,Debit Card,Mumbai,Maharashtra,23749.06,2374.91,
700891,6939,2023-10-05 05:27:00,Delivered,Debit Card,Pune,Maharashtra,1302.4,0.0,11.0
703106,5141,2026-02-19 07:44:21,Delivered,UPI,Bangalore,Karnataka,42350.28,8470.06,4.0
703845,6643,2026-04-21 16:33:46,Returned,Net Banking,Ahmedabad,Gujarat,5067.74,0.0,
704364,5117,2024-11-12 20:01:58,Pending,EMI,Kochi,Kerala,277905.23,55581.05,
705730,5032,2023-08-04 22:48:23,Cancelled,Net Banking,Bhopal,Madhya Pradesh,27094.75,4064.21,
706182,5528,2023-12-07 18:44:03,Delivered,UPI,Coimbatore,Tamil Nadu,215624.46,32343.67,6.0
705120,7800,2023-08-20 18:31:27,Shipped,Debit Card,Bhopal,Madhya Pradesh,25482.36,2548.24,
705290,5835,2023-06-11 01:33:00,Delivered,UPI,Patna,Bihar,19445.22,0.0,5.0
701179,6683,2022-12-06 17:38:27,Delivered,Debit Card,Kolkata,West Bengal,173388.79,17338.88,10.0
705704,5116,2022-07-14 16:23:53,Pending,Debit Card,Chandigarh,Chandigarh,99241.0,9924.1,
706894,7058,2022-01-16 23:40:34,Shipped,UPI,Ranchi,Jharkhand,83321.97,8332.2,
700137,7198,2023-02-20 15:51:39,Returned,Cash on Delivery,Nashik,Maharashtra,2592.16,388.82,
705582,7487,2022-08-03 14:19:56,Delivered,UPI,Delhi,Delhi,155998.62,7799.93,4.0
704564,7441,2023-12-29 07:56:51,Delivered,Cash on Delivery,Bangalore,Karnataka,153519.97,7676.0,12.0
706876,5250,2025-08-31 08:21:57,Pending,EMI,Nagpur,Maharashtra,28697.53,2869.75,
705178,7931,2022-06-12 09:59:04,Delivered,Credit Card,Delhi,Delhi,22797.9,2279.79,2.0
704673,6270,2023-08-19 07:51:41,Delivered,UPI,Lucknow,Uttar Pradesh,1215.74,60.79,5.0
705688,6739,2024-01-25 01:38:16,Pending,Cash on Delivery,Patna,Bihar,94413.64,0.0,
700918,5151,2024-01-13 16:56:54,Delivered,EMI,Surat,Gujarat,10238.5,511.93,1.0
704699,7244,2025-04-06 09:52:54,Delivered,Credit Card,Chandigarh,Chandigarh,2255.42,451.08,6.0
708102,6784,2025-05-03 13:21:59,Delivered,Debit Card,Bangalore,Karnataka,4344.75,868.95,1.0
704787,6166,2023-01-11 08:24:22,Delivered,EMI,Kochi,Kerala,2514.3,377.15,8.0
703720,5447,2024-08-06 18:33:53,Delivered,Debit Card,Bangalore,Karnataka,14813.76,0.0,2.0
706274,6330,2024-10-21 00:56:37,Shipped,EMI,Chennai,Tamil Nadu,5895.68,884.35,
702415,7066,2023-01-02 10:57:30,Returned,Debit Card,Hyderabad,Telangana,9792.59,0.0,
702888,6701,2023-03-07 10:16:47,Delivered,UPI,Jaipur,Rajasthan,15592.92,0.0,12.0
700046,6565,2026-01-02 08:17:59,Shipped,Net Banking,Chandigarh,Chandigarh,345054.83,51758.22,
702780,6296,2024-01-10 17:37:35,Cancelled,Cash on Delivery,Hyderabad,Telangana,51865.75,2593.29,
700541,5361,2024-08-05 06:25:26,Returned,UPI,Bhopal,Madhya Pradesh,104031.48,20806.3,
707692,5853,2024-12-03 07:26:12,Shipped,EMI,Chennai,Tamil Nadu,27776.63,4166.49,
706777,6153,2025-01-04 21:49:55,Delivered,Credit Card,Bhopal,Madhya Pradesh,34589.14,5188.37,3.0
701656,5018,2025-06-08 14:14:15,Shipped,Debit Card,Jaipur,Rajasthan,2181.45,109.07,
704502,6607,2023-02-16 12:37:14,Shipped,Cash on Delivery,Hyderabad,Telangana,14686.28,1468.63,
708525,5613,2025-05-01 03:24:51,Delivered,Debit Card,Patna,Bihar,34802.45,0.0,9.0
704371,5457,2023-10-14 12:31:24,Pending,Credit Card,Nagpur,Maharashtra,192360.5,0.0,
702708,6101,2023-09-24 12:33:44,Pending,Cash on Delivery,Chennai,Tamil Nadu,25496.99,0.0,
708515,7673,2026-07-15 21:41:52,Delivered,Credit Card,Surat,Gujarat,2851.68,285.17,9.0
708481,7382,2025-09-20 18:46:50,Shipped,Net Banking,Chandigarh,Chandigarh,49557.52,7433.63,
706229,7698,2025-12-11 22:52:16,Cancelled,EMI,Bhopal,Madhya Pradesh,26081.2,0.0,
704963,7718,2024-09-02 17:25:53,Delivered,EMI,Surat,Gujarat,8270.28,827.03,2.0
702307,7996,2024-03-13 05:34:45,Delivered,EMI,Kolkata,West Bengal,59858.41,2992.92,7.0
705736,6977,2025-08-08 23:42:39,Delivered,Debit Card,Delhi,Delhi,74015.7,3700.78,11.0
708536,7688,2025-07-24 23:50:33,Cancelled,Debit Card,Kolkata,West Bengal,5752.65,287.63,
708017,5379,2022-10-14 17:50:19,Cancelled,UPI,Patna,Bihar,81662.08,8166.21,
708277,5414,2022-06-05 22:39:27,Delivered,UPI,Delhi,Delhi,224704.51,44940.9,9.0
700115,7649,2023-12-23 07:08:40,Shipped,UPI,Nashik,Maharashtra,34857.3,5228.6,
706627,5216,2022-08-20 19:51:49,Delivered,EMI,Nashik,Maharashtra,289104.3,28910.43,12.0
707360,6764,2022-11-23 17:42:04,Delivered,EMI,Kolkata,West Bengal,112789.03,16918.35,2.0
701341,7502,2024-02-23 19:48:49,Cancelled,UPI,Delhi,Delhi,78261.07,0.0,
700680,7666,2025-07-19 20:03:16,Pending,Cash on Delivery,Chandigarh,Chandigarh,6138.37,0.0,
705184,6353,2023-12-03 17:56:16,Pending,EMI,Ranchi,Jharkhand,2536.41,507.28,
701818,7216,2025-08-14 20:52:49,Returned,UPI,Lucknow,Uttar Pradesh,251215.77,25121.58,
708319,7437,2025-08-11 19:51:37,Delivered,UPI,Lucknow,Uttar Pradesh,44293.94,2214.7,8.0
703171,6534,2026-04-05 15:38:20,Delivered,EMI,Bangalore,Karnataka,221809.6,11090.48,5.0
702306,7416,2024-07-30 11:07:38,Returned,UPI,Lucknow,Uttar Pradesh,48329.36,4832.94,
700763,7834,2026-04-03 22:17:03,Shipped,Cash on Delivery,Pune,Maharashtra,113225.7,22645.14,
706429,6189,2026-07-31 16:31:25,Delivered,EMI,Lucknow,Uttar Pradesh,23256.08,0.0,2.0
708263,6923,2022-03-05 14:33:44,Delivered,Cash on Delivery,Nagpur,Maharashtra,34524.7,0.0,5.0
703930,7760,2023-07-30 11:57:46,Delivered,EMI,Jaipur,Rajasthan,19791.28,0.0,7.0
700475,5677,2023-06-26 03:40:11,Pending,Net Banking,Nashik,Maharashtra,36232.4,3623.24,
708178,5739,2024-01-18 03:35:25,Delivered,Debit Card,Indore,Madhya Pradesh,22018.35,4403.67,11.0
706750,7758,2023-08-07 08:09:45,Delivered,EMI,Lucknow,Uttar Pradesh,7820.65,1173.1,6.0
702321,5145,2024-08-24 03:45:22,Cancelled,Cash on Delivery,Hyderabad,Telangana,62119.63,0.0,
702670,5888,2024-03-26 13:45:32,Cancelled,Net Banking,Nagpur,Maharashtra,38257.13,7651.43,
706857,7375,2022-10-21 10:24:05,Cancelled,EMI,Coimbatore,Tamil Nadu,76696.27,3834.81,
701677,5031,2023-12-02 01:59:45,Delivered,Credit Card,Kochi,Kerala,46082.91,4608.29,4.0
703369,7568,2022-08-23 20:22:54,Returned,Debit Card,Lucknow,Uttar Pradesh,44310.36,0.0,
702046,6841,2022-09-15 11:43:49,Returned,UPI,Ahmedabad,Gujarat,19243.46,0.0,
701290,5856,2023-05-05 06:22:12,Delivered,Net Banking,Delhi,Delhi,52798.95,10559.79,8.0
708122,7528,2024-12-25 15:36:55,Returned,Debit Card,Ahmedabad,Gujarat,27736.76,5547.35,
704171,7462,2022-12-26 23:26:24,Delivered,Net Banking,Patna,Bihar,132042.7,0.0,9.0
708218,7594,2023-12-14 03:54:49,Returned,Debit Card,Nashik,Maharashtra,18544.58,3708.92,
707668,5682,2023-11-07 10:21:16,Delivered,Credit Card,Nashik,Maharashtra,137342.68,13734.27,12.0
704970,5741,2026-04-30 19:35:33,Delivered,Cash on Delivery,Jaipur,Rajasthan,21018.28,4203.66,3.0
705073,5247,2022-12-29 10:29:38,Pending,EMI,Bangalore,Karnataka,205064.38,0.0,
707474,5570,2026-01-30 08:03:54,Delivered,UPI,Coimbatore,Tamil Nadu,156934.68,7846.73,12.0
700772,6541,2023-09-26 08:50:31,Delivered,Cash on Delivery,Bhopal,Madhya Pradesh,39145.7,5871.85,11.0
705501,6385,2025-04-25 04:34:05,Delivered,Credit Card,Nagpur,Maharashtra,15179.72,758.99,11.0
703463,7277,2022-04-12 12:34:07,Delivered,Debit Card,Ahmedabad,Gujarat,15290.46,1529.05,2.0
704140,7460,2025-04-01 10:18:49,Cancelled,Credit Card,Ahmedabad,Gujarat,16797.88,3359.58,
708627,5291,2024-03-19 20:36:47,Shipped,Credit Card,Chennai,Tamil Nadu,52637.23,5263.72,
704538,6735,2026-02-20 16:57:03,Delivered,UPI,Ranchi,Jharkhand,236694.84,0.0,6.0
708594,6169,2022-12-26 00:33:44,Delivered,UPI,Jaipur,Rajasthan,7617.36,1142.6,2.0
701933,5116,2025-03-05 10:49:51,Delivered,Debit Card,Mumbai,Maharashtra,40014.96,6002.24,3.0
700953,6937,2023-08-08 04:35:44,Delivered,UPI,Nagpur,Maharashtra,186223.94,27933.59,12.0
707571,7913,2023-11-11 03:19:49,Pending,EMI,Pune,Maharashtra,214197.88,0.0,
708262,7312,2026-07-04 20:49:01,Shipped,Debit Card,Coimbatore,Tamil Nadu,79190.19,11878.53,
706150,5496,2026-01-05 04:53:20,Returned,EMI,Nagpur,Maharashtra,63584.04,0.0,
700787,5651,2022-05-29 03:46:29,Shipped,Cash on Delivery,Jaipur,Rajasthan,148731.9,7436.6,
702490,6109,2023-06-06 08:46:47,Cancelled,Net Banking,Mumbai,Maharashtra,7221.76,361.09,
703583,5851,2026-02-21 18:23:34,Shipped,Credit Card,Indore,Madhya Pradesh,48950.12,4895.01,
703230,5345,2023-01-18 04:13:25,Cancelled,EMI,Jaipur,Rajasthan,176781.47,8839.07,
708877,5489,2025-10-10 14:47:16,Returned,UPI,Ranchi,Jharkhand,2162.0,108.1,
701754,5106,2023-09-26 07:04:08,Pending,Debit Card,Ahmedabad,Gujarat,64230.0,6423.0,
707071,7485,2025-05-14 09:50:26,Shipped,Debit Card,Surat,Gujarat,190578.76,0.0,
702494,7390,2024-04-03 19:41:32,Delivered,Cash on Delivery,Kochi,Kerala,75927.19,11389.08,11.0
700954,7103,2023-02-17 07:21:31,Cancelled,Debit Card,Jaipur,Rajasthan,36217.8,3621.78,
702935,6254,2022-09-14 12:09:46,Delivered,Credit Card,Chennai,Tamil Nadu,15739.79,3147.96,12.0
707967,5609,2022-09-18 20:44:26,Delivered,Net Banking,Chandigarh,Chandigarh,42554.22,2127.71,5.0
702462,6528,2025-07-10 22:40:48,Cancelled,Credit Card,Bangalore,Karnataka,62892.64,6289.26,
701099,5647,2024-01-25 07:20:46,Delivered,Net Banking,Nagpur,Maharashtra,223072.12,11153.61,3.0
701274,6728,2024-09-01 03:22:54,Delivered,Cash on Delivery,Patna,Bihar,14767.09,738.35,12.0
704533,7851,2025-03-01 20:59:53,Cancelled,UPI,Kochi,Kerala,49526.48,0.0,
705857,7331,2022-02-07 21:26:18,Shipped,Debit Card,Nashik,Maharashtra,5403.96,540.4,
705323,5930,2025-01-08 18:30:41,Shipped,EMI,Delhi,Delhi,409524.14,0.0,
704177,5440,2024-10-18 22:56:07,Delivered,EMI,Chandigarh,Chandigarh,420556.75,0.0,9.0
703924,6705,2025-12-01 03:21:25,Pending,Net Banking,Bangalore,Karnataka,146928.32,7346.42,
700323,5107,2022-04-21 07:50:49,Delivered,Cash on Delivery,Bhopal,Madhya Pradesh,45318.3,0.0,12.0
700283,7393,2023-04-16 23:42:59,Returned,Cash on Delivery,Jaipur,Rajasthan,272744.95,0.0,
704091,5133,2022-12-26 13:37:12,Delivered,Credit Card,Nagpur,Maharashtra,184371.98,27655.8,1.0
704945,6210,2025-10-12 05:35:08,Delivered,Debit Card,Lucknow,Uttar Pradesh,144854.58,0.0,4.0
702979,5634,2024-04-10 21:43:39,Cancelled,Credit Card,Surat,Gujarat,44951.08,0.0,
704679,6076,2023-07-03 17:45:22,Delivered,Debit Card,Chennai,Tamil Nadu,9536.76,476.84,12.0
705470,5923,2024-06-16 04:05:13,Pending,Debit Card,Pune,Maharashtra,310353.33,15517.67,
700879,7585,2024-08-23 20:36:18,Shipped,Debit Card,Ranchi,Jharkhand,267516.84,53503.37,
700976,6481,2026-04-13 06:43:19,Delivered,Debit Card,Indore,Madhya Pradesh,11973.18,2394.64,9.0
702094,7781,2023-04-29 08:27:48,Delivered,EMI,Bangalore,Karnataka,404535.38,60680.31,6.0
708666,6429,2024-06-25 16:26:01,Delivered,Cash on Delivery,Jaipur,Rajasthan,13121.53,656.08,6.0
705416,7276,2026-07-07 07:50:55,Pending,Credit Card,Pune,Maharashtra,86.51,8.65,
700470,6763,2025-04-12 15:10:55,Shipped,Net Banking,Coimbatore,Tamil Nadu,55236.92,0.0,
704967,5816,2023-09-02 00:41:56,Pending,UPI,Pune,Maharashtra,42195.11,2109.76,
704662,6543,2026-07-04 19:19:04,Delivered,Credit Card,Chandigarh,Chandigarh,81586.54,16317.31,4.0
702655,7236,2026-05-16 05:07:14,Pending,Credit Card,Surat,Gujarat,53500.57,5350.06,
707502,7070,2024-06-10 09:54:24,Delivered,UPI,Indore,Madhya Pradesh,847.26,169.45,11.0
706902,5007,2023-05-06 22:57:46,Delivered,EMI,Pune,Maharashtra,13888.04,694.4,5.0
707172,6479,2023-07-21 06:06:45,Delivered,Net Banking,Chennai,Tamil Nadu,463326.69,46332.67,11.0
704609,5880,2026-05-22 17:23:20,Shipped,Cash on Delivery,Nashik,Maharashtra,327.32,49.1,
701881,7999,2022-01-08 15:26:53,Delivered,UPI,Ranchi,Jharkhand,9420.15,1884.03,11.0
706683,6565,2026-01-13 06:41:50,Pending,Net Banking,Coimbatore,Tamil Nadu,422981.93,0.0,
702683,5670,2026-07-18 00:38:22,Delivered,Cash on Delivery,Nashik,Maharashtra,42694.62,2134.73,12.0
704903,5087,2026-04-21 02:56:37,Shipped,EMI,Delhi,Delhi,4007.04,0.0,
703340,7027,2024-01-23 21:15:32,Delivered,Net Banking,Coimbatore,Tamil Nadu,1380.9,0.0,2.0
705965,5517,2026-03-19 07:46:42,Cancelled,Debit Card,Ranchi,Jharkhand,20932.43,3139.86,
705835,6789,2023-06-30 10:28:56,Shipped,UPI,Lucknow,Uttar Pradesh,269134.0,0.0,
707806,7418,2024-12-06 12:01:18,Delivered,EMI,Coimbatore,Tamil Nadu,43101.69,2155.08,7.0
707157,7853,2022-05-30 10:03:28,Pending,Cash on Delivery,Hyderabad,Telangana,55254.13,2762.71,
704951,7502,2026-06-16 12:44:24,Returned,EMI,Ahmedabad,Gujarat,259530.38,51906.08,
701363,7217,2022-01-05 08:57:57,Shipped,UPI,Hyderabad,Telangana,26028.51,2602.85,
701531,7890,2023-11-26 04:24:50,Cancelled,Net Banking,Coimbatore,Tamil Nadu,311747.48,0.0,
703826,5029,2026-03-07 03:08:29,Delivered,UPI,Kochi,Kerala,24990.21,4998.04,1.0
704152,7618,2024-12-31 12:29:22,Pending,Credit Card,Nagpur,Maharashtra,95725.45,4786.27,
707369,6579,2024-10-05 15:17:16,Shipped,Net Banking,Bhopal,Madhya Pradesh,8696.3,0.0,
705171,6674,2025-12-11 06:06:30,Cancelled,UPI,Nagpur,Maharashtra,42426.61,4242.66,
701409,6648,2025-02-02 09:26:15,Delivered,Debit Card,Coimbatore,Tamil Nadu,33012.81,0.0,1.0
708623,6713,2023-11-02 06:16:59,Shipped,UPI,Delhi,Delhi,11262.68,0.0,
706365,6123,2026-05-29 09:23:20,Cancelled,Credit Card,Nagpur,Maharashtra,44898.66,0.0,
707610,6854,2023-06-21 04:20:45,Delivered,UPI,Bhopal,Madhya Pradesh,45692.75,2284.64,2.0
700095,7535,2022-08-31 15:28:27,Delivered,Credit Card,Ranchi,Jharkhand,3149.4,629.88,10.0
700390,6168,2025-04-04 20:38:00,Delivered,Credit Card,Indore,Madhya Pradesh,7955.17,795.52,2.0
705270,5398,2026-01-14 15:42:26,Delivered,UPI,Indore,Madhya Pradesh,193186.73,0.0,11.0
702057,6740,2025-09-22 17:11:56,Delivered,Credit Card,Patna,Bihar,23286.46,4657.29,8.0
706263,7741,2024-04-12 13:35:33,Pending,Net Banking,Delhi,Delhi,33145.9,4971.89,
702073,7662,2022-08-04 13:30:51,Cancelled,Net Banking,Nashik,Maharashtra,174110.78,26116.62,
705403,7648,2022-09-14 04:11:02,Delivered,Credit Card,Hyderabad,Telangana,2024.68,303.7,8.0
706518,5505,2022-09-04 19:03:23,Pending,UPI,Indore,Madhya Pradesh,231559.68,34733.95,
701231,5808,2024-06-16 09:44:31,Delivered,Credit Card,Bangalore,Karnataka,20768.66,1038.43,4.0
702366,7297,2024-05-11 01:06:43,Returned,Cash on Delivery,Kochi,Kerala,61791.58,0.0,
701436,6526,2023-04-04 09:36:40,Pending,Debit Card,Nagpur,Maharashtra,27512.02,0.0,
703049,7628,2024-06-22 22:04:35,Shipped,Cash on Delivery,Lucknow,Uttar Pradesh,51094.68,7664.2,
707848,7478,2023-03-07 04:10:58,Returned,Debit Card,Nagpur,Maharashtra,614.68,0.0,
704663,5497,2025-04-13 23:09:14,Cancelled,Debit Card,Kolkata,West Bengal,21136.12,2113.61,
703685,6064,2023-04-13 02:26:22,Pending,Debit Card,Chandigarh,Chandigarh,327647.07,0.0,
708522,7078,2023-05-07 11:58:59,Returned,UPI,Nagpur,Maharashtra,1601.84,160.18,
705328,6912,2022-09-09 17:22:05,Returned,EMI,Patna,Bihar,651.47,32.57,
701174,6318,2024-05-21 23:19:21,Pending,Debit Card,Bhopal,Madhya Pradesh,351409.62,17570.48,
704223,5452,2022-04-20 22:13:28,Shipped,Credit Card,Pune,Maharashtra,20809.74,0.0,
707175,7455,2022-06-23 19:37:45,Pending,Debit Card,Patna,Bihar,45398.47,4539.85,
700885,7649,2022-03-23 09:09:44,Cancelled,Cash on Delivery,Chandigarh,Chandigarh,30750.37,6150.07,
701434,5187,2024-04-27 11:03:38,Returned,Credit Card,Nagpur,Maharashtra,37708.28,0.0,
702040,6674,2025-09-29 06:31:02,Delivered,UPI,Bhopal,Madhya Pradesh,100375.76,5018.79,3.0
707989,7085,2026-06-27 01:16:12,Delivered,Cash on Delivery,Chandigarh,Chandigarh,16006.19,2400.93,9.0
707779,6685,2024-12-24 23:02:49,Shipped,EMI,Patna,Bihar,61968.69,9295.3,
703595,6852,2025-10-31 14:28:59,Shipped,Debit Card,Chennai,Tamil Nadu,5142.4,514.24,
703257,6913,2024-09-22 19:19:44,Delivered,Net Banking,Bhopal,Madhya Pradesh,40844.54,0.0,12.0
703485,5642,2022-01-03 21:04:19,Returned,Credit Card,Ahmedabad,Gujarat,71475.77,7147.58,
700734,7358,2025-11-20 07:49:58,Returned,Debit Card,Pune,Maharashtra,183426.04,0.0,
704363,7650,2025-03-09 20:33:36,Pending,Credit Card,Kochi,Kerala,3394.2,0.0,
703765,5126,2023-02-20 00:26:39,Returned,Net Banking,Chennai,Tamil Nadu,81057.78,0.0,
704439,5886,2025-06-25 05:06:15,Pending,EMI,Nagpur,Maharashtra,156066.76,7803.34,
708046,5369,2025-09-25 01:03:18,Cancelled,EMI,Ranchi,Jharkhand,11868.86,593.44,
708709,6641,2024-03-27 11:01:31,Pending,Net Banking,Kolkata,West Bengal,317643.56,47646.53,
701968,5507,2025-01-18 01:05:06,Shipped,Debit Card,Kochi,Kerala,20742.26,2074.23,
704966,5179,2025-11-16 03:55:37,Returned,EMI,Nagpur,Maharashtra,46847.15,0.0,
702717,5452,2022-04-07 22:31:36,Delivered,Credit Card,Coimbatore,Tamil Nadu,1286.9,0.0,8.0
704974,7647,2022-08-03 08:39:28,Delivered,Credit Card,Delhi,Delhi,30329.4,4549.41,6.0
701213,6740,2023-05-19 05:19:47,Returned,Net Banking,Chennai,Tamil Nadu,144606.85,7230.34,
708736,7678,2026-05-13 19:23:18,Shipped,Debit Card,Pune,Maharashtra,40340.52,6051.08,
701597,5004,2023-06-16 22:29:55,Shipped,Cash on Delivery,Indore,Madhya Pradesh,3975.61,795.12,
701471,5196,2026-03-03 16:54:36,Shipped,EMI,Bhopal,Madhya Pradesh,149491.96,7474.6,
704261,6132,2023-08-17 18:13:32,Delivered,Net Banking,Ahmedabad,Gujarat,76482.39,11472.36,11.0
704884,5339,2024-07-15 18:11:06,Returned,EMI,Chandigarh,Chandigarh,27718.12,0.0,
701725,5780,2023-08-23 02:25:50,Delivered,EMI,Kolkata,West Bengal,16667.24,3333.45,1.0
700131,5359,2023-12-14 10:27:18,Delivered,Cash on Delivery,Bhopal,Madhya Pradesh,70136.53,0.0,3.0
703541,7946,2023-09-04 21:55:32,Delivered,EMI,Bangalore,Karnataka,173356.16,17335.62,11.0
708966,5703,2022-08-23 00:21:30,Shipped,UPI,Patna,Bihar,4408.4,881.68,
704614,5299,2024-05-15 08:40:02,Cancelled,Cash on Delivery,Patna,Bihar,347684.34,52152.65,
700061,7348,2022-03-07 16:31:02,Shipped,Net Banking,Lucknow,Uttar Pradesh,65593.13,9838.97,
702491,7699,2022-12-30 18:08:37,Delivered,Debit Card,Kolkata,West Bengal,1349.54,134.95,5.0
708484,6731,2022-03-20 01:39:02,Returned,Cash on Delivery,Chennai,Tamil Nadu,25352.96,0.0,
703922,7502,2023-12-28 15:06:21,Shipped,EMI,Mumbai,Maharashtra,2255.65,225.57,
704157,6724,2022-06-01 02:00:14,Delivered,UPI,Ranchi,Jharkhand,39665.6,7933.12,7.0
708840,7072,2022-08-11 04:39:54,Delivered,UPI,Chennai,Tamil Nadu,31992.37,1599.62,10.0
704701,6518,2025-03-08 15:19:56,Delivered,Net Banking,Ranchi,Jharkhand,457080.1,0.0,9.0
703605,6162,2024-10-15 03:17:08,Cancelled,EMI,Kolkata,West Bengal,116100.89,17415.13,
700154,6660,2023-03-02 17:02:17,Delivered,EMI,Surat,Gujarat,22634.2,4526.84,9.0
702649,6568,2022-06-21 12:11:35,Delivered,EMI,Kochi,Kerala,1629.2,244.38,6.0
700048,5699,2022-03-18 21:19:55,Returned,Net Banking,Mumbai,Maharashtra,17066.59,3413.32,
701594,5131,2022-11-05 23:56:06,Delivered,EMI,Pune,Maharashtra,105282.83,10528.28,7.0
701753,7721,2022-11-05 04:06:14,Delivered,EMI,Lucknow,Uttar Pradesh,44506.49,0.0,8.0
708838,7180,2025-06-06 05:48:12,Delivered,EMI,Bhopal,Madhya Pradesh,160276.65,0.0,9.0
700581,7225,2026-07-14 03:37:33,Delivered,EMI,Patna,Bihar,26516.07,0.0,5.0
700996,5420,2023-10-08 07:18:57,Pending,Cash on Delivery,Nashik,Maharashtra,41398.91,2069.95,
701611,5914,2024-08-09 22:28:21,Cancelled,Cash on Delivery,Bhopal,Madhya Pradesh,2170.72,325.61,
707372,5956,2025-03-05 08:47:37,Returned,UPI,Chandigarh,Chandigarh,20574.74,1028.74,
700343,5718,2024-06-23 17:20:52,Delivered,Net Banking,Bhopal,Madhya Pradesh,664796.95,99719.54,6.0
700929,6056,2024-07-31 14:24:46,Cancelled,Net Banking,Kolkata,West Bengal,2067.02,0.0,
703035,6022,2023-08-03 22:44:27,Delivered,EMI,Mumbai,Maharashtra,10802.47,1620.37,7.0
704163,6271,2022-03-09 03:20:44,Pending,EMI,Ahmedabad,Gujarat,22029.42,3304.41,
703645,5669,2026-01-20 08:41:17,Pending,UPI,Ranchi,Jharkhand,26267.75,2626.78,
704038,6235,2024-02-29 20:17:20,Pending,Cash on Delivery,Lucknow,Uttar Pradesh,54563.85,2728.19,
706503,6395,2025-04-09 19:24:56,Delivered,Debit Card,Hyderabad,Telangana,46949.28,0.0,7.0
701089,7664,2022-01-21 00:15:18,Pending,UPI,Bangalore,Karnataka,68456.33,3422.82,
705084,6115,2023-01-02 10:12:07,Delivered,Credit Card,Hyderabad,Telangana,836692.4,83669.24,10.0
703958,6607,2022-01-14 05:56:35,Delivered,Debit Card,Hyderabad,Telangana,10072.96,0.0,6.0
702474,5396,2022-02-08 03:17:49,Cancelled,Cash on Delivery,Ranchi,Jharkhand,36674.85,0.0,
707018,6125,2026-05-22 22:34:01,Pending,Debit Card,Chennai,Tamil Nadu,108088.13,21617.63,
700686,7243,2024-08-22 00:21:15,Pending,UPI,Ranchi,Jharkhand,40533.55,0.0,
704138,6293,2023-04-15 02:15:53,Pending,UPI,Pune,Maharashtra,108962.01,16344.3,
706862,5077,2022-10-23 01:20:52,Delivered,Net Banking,Bangalore,Karnataka,39179.7,0.0,9.0
705330,6155,2025-06-06 03:43:39,Returned,Debit Card,Kolkata,West Bengal,16202.24,3240.45,
707441,5404,2022-10-06 03:47:36,Shipped,Net Banking,Coimbatore,Tamil Nadu,286250.52,42937.58,
701687,5449,2022-02-03 12:05:44,Delivered,Net Banking,Chennai,Tamil Nadu,240225.6,12011.28,10.0
701050,6519,2022-01-22 10:15:39,Returned,Credit Card,Bhopal,Madhya Pradesh,2008.23,0.0,
708308,6567,2025-12-08 16:53:04,Pending,Net Banking,Bangalore,Karnataka,41113.55,4111.36,
701145,6364,2023-09-25 23:03:51,Delivered,UPI,Nashik,Maharashtra,87645.65,4382.28,10.0
701237,6822,2022-11-12 14:53:48,Returned,Debit Card,Surat,Gujarat,80224.16,0.0,
705245,6977,2025-11-15 03:25:17,Shipped,UPI,Indore,Madhya Pradesh,1055.89,0.0,
705380,7317,2023-06-25 03:05:51,Delivered,Cash on Delivery,Ahmedabad,Gujarat,23419.75,0.0,5.0
701783,7414,2025-07-25 22:38:48,Pending,Net Banking,Coimbatore,Tamil Nadu,42703.93,8540.79,
705771,5188,2024-08-31 02:58:39,Delivered,EMI,Bhopal,Madhya Pradesh,88451.66,8845.17,2.0
706371,5518,2022-10-03 12:25:50,Delivered,Credit Card,Surat,Gujarat,226060.44,0.0,4.0
702739,7175,2022-10-03 15:31:28,Delivered,UPI,Chennai,Tamil Nadu,387388.56,38738.86,10.0
702342,5155,2025-10-10 05:29:59,Delivered,UPI,Hyderabad,Telangana,56522.16,2826.11,10.0
706687,6102,2022-02-09 01:54:10,Cancelled,EMI,Ranchi,Jharkhand,34351.12,1717.56,
701633,5638,2024-09-22 20:37:00,Delivered,Credit Card,Kolkata,West Bengal,166113.74,0.0,11.0
705942,5491,2023-11-18 22:14:16,Delivered,Cash on Delivery,Bhopal,Madhya Pradesh,98329.9,14749.48,3.0
705924,7204,2024-11-20 17:31:19,Cancelled,Cash on Delivery,Hyderabad,Telangana,13211.41,2642.28,
701374,7951,2025-11-22 02:14:36,Returned,EMI,Hyderabad,Telangana,9107.68,910.77,
702833,5350,2023-08-27 12:27:49,Delivered,EMI,Kochi,Kerala,11349.33,1134.93,11.0
700926,6388,2025-12-22 09:01:03,Delivered,Cash on Delivery,Delhi,Delhi,108454.02,5422.7,10.0
708472,6827,2023-07-19 22:28:38,Pending,Credit Card,Bangalore,Karnataka,16372.71,3274.54,
704369,5961,2023-05-12 18:33:43,Cancelled,Credit Card,Nashik,Maharashtra,6787.53,678.75,
707892,6858,2026-04-19 09:01:47,Returned,EMI,Hyderabad,Telangana,34749.14,6949.83,
708346,5137,2025-10-26 04:37:02,Shipped,Credit Card,Chandigarh,Chandigarh,204861.67,20486.17,
700190,6882,2022-03-28 06:44:19,Returned,Credit Card,Surat,Gujarat,21096.15,4219.23,
703301,5684,2022-09-05 17:30:35,Delivered,Net Banking,Lucknow,Uttar Pradesh,208461.09,0.0,8.0
707228,6519,2023-03-22 08:24:23,Shipped,Cash on Delivery,Mumbai,Maharashtra,23480.19,4696.04,
703972,7021,2022-10-21 00:51:00,Cancelled,EMI,Nashik,Maharashtra,12998.48,0.0,
701558,5997,2024-04-30 23:19:02,Delivered,Cash on Delivery,Chandigarh,Chandigarh,12293.97,0.0,5.0
708223,7320,2026-01-11 07:45:38,Cancelled,UPI,Indore,Madhya Pradesh,182232.77,27334.92,
707201,5229,2022-08-23 20:57:10,Delivered,Cash on Delivery,Coimbatore,Tamil Nadu,43485.17,4348.52,12.0
704607,6864,2024-11-27 06:57:30,Delivered,Debit Card,Patna,Bihar,4924.7,0.0,12.0
704885,6603,2022-11-02 06:25:59,Delivered,Debit Card,Patna,Bihar,13631.88,1363.19,6.0
707762,7955,2022-10-01 04:31:29,Delivered,Cash on Delivery,Chandigarh,Chandigarh,2298.4,0.0,5.0
702565,7160,2025-12-03 10:53:09,Delivered,EMI,Kolkata,West Bengal,62373.67,12474.73,3.0
703756,6965,2024-03-01 23:43:24,Returned,Credit Card,Ahmedabad,Gujarat,163877.67,0.0,
707063,5265,2022-11-06 05:05:42,Returned,Net Banking,Nagpur,Maharashtra,33779.47,1688.97,
702782,7918,2025-10-30 10:16:32,Delivered,Net Banking,Ranchi,Jharkhand,8356.04,0.0,2.0
703876,7687,2022-01-26 14:00:30,Returned,Net Banking,Bhopal,Madhya Pradesh,587243.8,29362.19,
707388,7602,2024-03-11 07:58:29,Delivered,Net Banking,Patna,Bihar,41595.59,4159.56,5.0
704389,6831,2025-02-06 12:55:14,Returned,UPI,Chandigarh,Chandigarh,289738.01,14486.9,
706038,7609,2024-10-21 23:01:57,Pending,UPI,Kolkata,West Bengal,34183.81,6836.76,
707948,7544,2026-03-04 12:13:54,Shipped,Credit Card,Hyderabad,Telangana,249171.09,37375.66,
707601,5537,2025-07-28 16:57:14,Delivered,EMI,Nashik,Maharashtra,11947.32,2389.46,2.0
704348,5741,2022-05-13 04:36:43,Cancelled,Cash on Delivery,Hyderabad,Telangana,9743.96,0.0,
706234,6407,2022-07-14 20:43:58,Delivered,EMI,Kochi,Kerala,192843.9,0.0,10.0
704214,6523,2025-07-15 17:36:51,Delivered,EMI,Coimbatore,Tamil Nadu,23370.28,1168.51,11.0
703366,7774,2025-02-01 09:42:47,Delivered,Debit Card,Ranchi,Jharkhand,33370.95,0.0,4.0
700059,7947,2025-02-10 21:33:52,Returned,Debit Card,Patna,Bihar,82120.45,16424.09,
704354,7268,2022-05-17 21:33:49,Pending,Credit Card,Nashik,Maharashtra,90037.26,18007.45,
705310,5668,2022-11-04 07:04:34,Delivered,UPI,Delhi,Delhi,25480.54,0.0,5.0
704417,6145,2024-08-06 11:25:58,Cancelled,Cash on Delivery,Delhi,Delhi,5545.99,1109.2,
704867,6835,2025-01-06 07:42:52,Delivered,EMI,Delhi,Delhi,123124.27,0.0,10.0
700140,6809,2022-02-16 18:43:20,Pending,Credit Card,Lucknow,Uttar Pradesh,29066.32,0.0,
708933,7947,2023-07-02 19:33:12,Returned,Debit Card,Surat,Gujarat,99280.67,14892.1,
708300,6526,2024-03-29 01:58:51,Delivered,Net Banking,Pune,Maharashtra,7028.88,351.44,11.0
708245,7132,2022-04-13 23:06:25,Cancelled,Net Banking,Bangalore,Karnataka,10359.72,0.0,
703189,5570,2025-01-14 21:33:20,Delivered,Net Banking,Indore,Madhya Pradesh,54958.92,0.0,12.0
704306,5154,2024-08-28 07:08:29,Delivered,Debit Card,Surat,Gujarat,4972.16,745.82,7.0
701603,7143,2024-08-12 02:24:33,Delivered,Debit Card,Lucknow,Uttar Pradesh,3211.06,642.21,3.0
705117,6396,2024-07-10 21:10:28,Delivered,UPI,Lucknow,Uttar Pradesh,60429.84,6042.98,4.0
706419,7762,2023-06-30 05:12:01,Delivered,Debit Card,Mumbai,Maharashtra,41616.48,6242.47,1.0
701954,7635,2022-06-02 06:32:20,Cancelled,UPI,Pune,Maharashtra,900.22,90.02,
707983,7704,2022-04-18 00:18:05,Delivered,Debit Card,Ranchi,Jharkhand,59315.64,0.0,10.0
704273,6106,2023-12-26 05:30:46,Delivered,Debit Card,Chennai,Tamil Nadu,75235.38,11285.31,10.0
701402,7203,2023-12-30 20:46:43,Cancelled,EMI,Ranchi,Jharkhand,18254.07,3650.81,
707378,5526,2026-03-26 10:19:46,Cancelled,Cash on Delivery,Nashik,Maharashtra,23904.51,4780.9,
701349,6755,2024-02-03 06:04:41,Returned,EMI,Kochi,Kerala,7898.96,394.95,
707563,7147,2026-04-27 19:05:21,Delivered,Credit Card,Pune,Maharashtra,213710.23,0.0,6.0
700257,7549,2022-03-01 15:08:03,Pending,Cash on Delivery,Delhi,Delhi,112218.93,5610.95,
703567,6909,2025-07-30 05:22:25,Shipped,UPI,Mumbai,Maharashtra,28536.05,2853.61,
708527,7764,2022-12-05 10:45:39,Delivered,Debit Card,Coimbatore,Tamil Nadu,25541.07,1277.05,4.0
705219,7350,2023-05-23 17:35:35,Delivered,Credit Card,Patna,Bihar,113936.66,17090.5,3.0
703339,7801,2024-05-05 21:02:49,Returned,Net Banking,Ahmedabad,Gujarat,275203.35,0.0,
703224,7683,2023-05-23 09:17:44,Delivered,Credit Card,Nashik,Maharashtra,43711.88,0.0,6.0
707066,7804,2026-06-24 08:32:15,Pending,Net Banking,Bangalore,Karnataka,18828.12,941.41,
706025,7255,2026-08-01 20:53:49,Delivered,UPI,Hyderabad,Telangana,8233.15,0.0,5.0
706620,7428,2023-01-31 04:54:28,Cancelled,Net Banking,Chandigarh,Chandigarh,1363.84,68.19,
705359,6272,2023-09-13 02:35:32,Returned,Credit Card,Coimbatore,Tamil Nadu,82548.27,16509.65,
702607,5657,2024-10-03 04:40:11,Cancelled,Cash on Delivery,Ranchi,Jharkhand,35759.44,5363.92,
708878,6883,2022-02-08 10:28:01,Delivered,Cash on Delivery,Ahmedabad,Gujarat,148576.08,29715.22,9.0
700746,6867,2024-06-18 17:30:39,Returned,Net Banking,Patna,Bihar,2493.7,0.0,
705963,7418,2025-11-13 06:59:04,Delivered,Credit Card,Hyderabad,Telangana,55614.48,2780.72,12.0
704033,7563,2023-05-22 18:50:18,Pending,UPI,Surat,Gujarat,218680.52,21868.05,
708819,5148,2024-07-23 13:36:02,Shipped,Debit Card,Nagpur,Maharashtra,384444.86,0.0,
704587,7906,2023-07-16 05:55:54,Pending,Cash on Delivery,Ranchi,Jharkhand,19797.84,1979.78,
706202,7890,2023-11-14 20:58:46,Delivered,Cash on Delivery,Surat,Gujarat,416430.23,62464.53,10.0
707344,7014,2025-09-29 15:06:15,Delivered,Debit Card,Pune,Maharashtra,336333.67,16816.68,11.0
707003,6306,2024-05-04 08:58:33,Returned,Credit Card,Delhi,Delhi,208221.98,10411.1,
700114,6564,2023-07-12 22:49:57,Shipped,Net Banking,Ranchi,Jharkhand,150239.6,22535.94,
701187,6004,2025-09-06 13:03:27,Delivered,Cash on Delivery,Surat,Gujarat,14931.57,2986.31,6.0
700239,7067,2024-11-28 19:37:32,Delivered,Credit Card,Pune,Maharashtra,182008.88,0.0,10.0
704625,6035,2022-04-04 11:39:43,Pending,Credit Card,Patna,Bihar,25835.01,3875.25,
705224,7778,2022-04-12 17:30:15,Delivered,Credit Card,Pune,Maharashtra,39497.55,7899.51,2.0
706567,6537,2026-06-14 21:53:36,Shipped,Net Banking,Kochi,Kerala,180937.83,18093.78,
708650,6310,2022-01-27 03:36:08,Cancelled,Debit Card,Delhi,Delhi,9251.13,1387.67,
708758,5002,2022-06-10 03:54:12,Delivered,Credit Card,Chennai,Tamil Nadu,341529.64,68305.93,3.0
707254,6083,2026-05-30 05:10:39,Shipped,UPI,Patna,Bihar,3647.22,364.72,
708423,5383,2024-06-19 15:18:26,Returned,UPI,Mumbai,Maharashtra,414161.96,20708.1,
706713,5929,2024-07-12 23:06:18,Pending,Net Banking,Ranchi,Jharkhand,29351.64,0.0,
706585,6286,2025-10-09 05:06:48,Delivered,Debit Card,Delhi,Delhi,35536.93,0.0,6.0
702863,7088,2025-12-20 07:15:50,Shipped,EMI,Coimbatore,Tamil Nadu,231123.03,23112.3,
706420,6523,2022-11-08 07:37:23,Delivered,EMI,Kolkata,West Bengal,92241.06,0.0,12.0
702817,7451,2026-06-26 09:07:52,Pending,Debit Card,Patna,Bihar,29791.81,4468.77,
701731,7863,2024-07-01 13:14:44,Pending,Cash on Delivery,Jaipur,Rajasthan,30448.46,1522.42,
708720,7021,2024-12-03 21:55:48,Returned,Credit Card,Coimbatore,Tamil Nadu,139302.78,6965.14,
706915,7772,2024-07-21 06:48:26,Delivered,Net Banking,Nagpur,Maharashtra,1985.32,99.27,11.0
703784,5567,2025-05-25 19:06:50,Delivered,EMI,Bhopal,Madhya Pradesh,10251.14,0.0,3.0
705947,5558,2026-04-08 04:45:56,Shipped,Cash on Delivery,Mumbai,Maharashtra,169838.55,25475.78,
708677,5487,2024-07-20 03:03:27,Delivered,EMI,Bhopal,Madhya Pradesh,19432.01,971.6,5.0
703743,7099,2026-03-11 16:00:23,Delivered,Cash on Delivery,Indore,Madhya Pradesh,27855.44,0.0,3.0
702921,5041,2023-06-03 16:37:28,Cancelled,Credit Card,Nashik,Maharashtra,10824.65,0.0,
706738,5097,2025-08-12 22:16:54,Returned,Debit Card,Ahmedabad,Gujarat,17104.16,0.0,
708429,7046,2023-01-13 05:00:00,Pending,Cash on Delivery,Bhopal,Madhya Pradesh,67962.7,3398.14,
706956,7882,2022-07-10 12:57:53,Delivered,Debit Card,Coimbatore,Tamil Nadu,9405.31,1410.8,7.0
700337,5511,2025-12-16 04:10:51,Returned,Net Banking,Delhi,Delhi,88444.83,17688.97,
705429,6639,2023-01-09 04:42:50,Delivered,Credit Card,Hyderabad,Telangana,28460.0,4269.0,5.0
704446,7188,2026-03-08 03:47:40,Shipped,Debit Card,Bangalore,Karnataka,18524.62,2778.69,
707629,5952,2023-10-16 21:53:53,Shipped,Debit Card,Nagpur,Maharashtra,41213.82,6182.07,
703200,5679,2023-08-07 21:56:31,Cancelled,EMI,Surat,Gujarat,70635.54,3531.78,
707773,5795,2025-01-25 06:19:17,Returned,UPI,Kolkata,West Bengal,54318.07,10863.61,
708956,7279,2023-09-23 18:15:26,Delivered,EMI,Kochi,Kerala,70262.48,3513.12,11.0
706041,5031,2024-02-26 23:18:59,Returned,EMI,Mumbai,Maharashtra,30172.32,1508.62,
704610,6092,2024-10-04 17:02:04,Delivered,UPI,Ranchi,Jharkhand,99457.49,14918.62,5.0
702588,5463,2023-12-07 05:38:35,Delivered,Credit Card,Coimbatore,Tamil Nadu,356838.0,71367.6,10.0
702619,5221,2024-06-19 10:18:44,Delivered,Net Banking,Jaipur,Rajasthan,13431.0,1343.1,11.0
704646,7512,2022-04-29 14:14:04,Delivered,Net Banking,Hyderabad,Telangana,5570.5,557.05,6.0
706873,6603,2024-09-10 00:56:47,Returned,Cash on Delivery,Coimbatore,Tamil Nadu,54562.16,8184.32,
702851,5566,2025-12-17 06:43:55,Returned,EMI,Patna,Bihar,10043.22,502.16,
706345,7107,2026-06-06 06:13:01,Cancelled,Credit Card,Nagpur,Maharashtra,463956.3,23197.82,
708926,5956,2025-09-21 14:34:34,Delivered,Cash on Delivery,Nagpur,Maharashtra,16522.82,3304.56,4.0
701525,6433,2026-06-18 22:50:46,Delivered,Net Banking,Ahmedabad,Gujarat,245357.39,0.0,10.0
705440,7207,2022-01-25 09:28:56,Delivered,Cash on Delivery,Mumbai,Maharashtra,42236.92,2111.85,12.0
704264,5410,2023-12-01 00:30:48,Pending,EMI,Lucknow,Uttar Pradesh,87876.6,4393.83,
704485,7509,2024-12-22 09:01:43,Shipped,EMI,Delhi,Delhi,41610.14,0.0,
707419,5429,2022-07-15 14:32:10,Pending,UPI,Indore,Madhya Pradesh,8228.58,1234.29,
702196,7795,2022-12-01 07:11:45,Delivered,Debit Card,Nashik,Maharashtra,147324.91,14732.49,11.0
700164,6254,2025-10-29 17:45:31,Delivered,Cash on Delivery,Ranchi,Jharkhand,18109.19,3621.84,1.0
705212,7724,2024-08-07 12:12:52,Pending,Net Banking,Indore,Madhya Pradesh,157665.19,7883.26,
700821,5463,2025-06-11 01:50:12,Returned,Cash on Delivery,Ranchi,Jharkhand,96493.9,0.0,
702867,5455,2023-02-22 20:50:23,Delivered,Credit Card,Ahmedabad,Gujarat,69085.42,0.0,4.0
707325,6547,2025-05-06 15:01:26,Delivered,Net Banking,Jaipur,Rajasthan,3267.22,326.72,5.0
702788,5923,2026-05-09 16:36:26,Delivered,Net Banking,Hyderabad,Telangana,276219.86,13810.99,6.0
703186,6118,2025-02-27 03:36:04,Delivered,Debit Card,Bhopal,Madhya Pradesh,37219.6,0.0,7.0
702326,6267,2022-09-12 20:33:49,Cancelled,Debit Card,Ranchi,Jharkhand,7650.25,1530.05,
707399,5392,2024-12-30 15:01:20,Delivered,EMI,Kolkata,West Bengal,244796.83,0.0,10.0
701997,5405,2025-04-14 21:56:54,Cancelled,EMI,Bhopal,Madhya Pradesh,38838.48,5825.77,
708713,6218,2024-08-21 20:49:52,Returned,Net Banking,Chennai,Tamil Nadu,396298.72,0.0,
703565,7484,2024-02-06 04:32:32,Shipped,Credit Card,Patna,Bihar,88979.74,8897.97,
707097,7852,2025-11-15 15:16:55,Cancelled,Debit Card,Nashik,Maharashtra,28759.2,2875.92,
704696,7698,2025-02-12 15:39:48,Pending,EMI,Jaipur,Rajasthan,9901.68,1980.34,
706561,6939,2026-04-15 23:26:18,Pending,Cash on Delivery,Kolkata,West Bengal,8014.08,400.7,
707576,6548,2024-04-20 03:32:10,Cancelled,Debit Card,Nagpur,Maharashtra,86824.69,4341.23,
706455,7017,2022-06-29 11:01:10,Delivered,Debit Card,Chennai,Tamil Nadu,8638.07,0.0,4.0
700967,5395,2022-10-30 01:59:53,Delivered,Credit Card,Kochi,Kerala,96062.96,0.0,5.0
708226,5648,2022-03-11 01:40:46,Shipped,UPI,Nagpur,Maharashtra,62264.11,3113.21,
700378,6954,2026-03-09 15:21:19,Shipped,Debit Card,Jaipur,Rajasthan,7544.89,0.0,
706039,7860,2025-03-09 13:01:31,Pending,UPI,Chandigarh,Chandigarh,21248.45,0.0,
705721,7388,2023-05-22 11:24:52,Pending,EMI,Mumbai,Maharashtra,25022.8,0.0,
707778,5566,2026-07-28 02:13:50,Delivered,Cash on Delivery,Hyderabad,Telangana,24970.99,3745.65,12.0
708760,5466,2023-04-28 02:05:08,Delivered,Debit Card,Chennai,Tamil Nadu,30763.28,4614.49,7.0
703879,5164,2024-06-18 07:19:12,Shipped,Cash on Delivery,Coimbatore,Tamil Nadu,60481.4,6048.14,
706198,7565,2023-07-01 00:12:08,Delivered,EMI,Ahmedabad,Gujarat,8782.51,1317.38,9.0
707812,6084,2025-10-09 10:52:03,Shipped,Debit Card,Indore,Madhya Pradesh,19274.89,0.0,
707741,6580,2022-09-06 01:54:53,Delivered,UPI,Ahmedabad,Gujarat,927.43,92.74,11.0
705068,6579,2022-01-28 11:45:40,Shipped,Cash on Delivery,Delhi,Delhi,29056.1,0.0,
701266,5104,2023-05-29 11:56:33,Cancelled,Net Banking,Ahmedabad,Gujarat,149796.99,7489.85,
708694,7752,2023-08-29 11:25:54,Shipped,Debit Card,Nashik,Maharashtra,15861.19,2379.18,
703447,7257,2025-12-13 00:24:54,Delivered,Debit Card,Coimbatore,Tamil Nadu,11850.33,2370.07,4.0
705564,7766,2025-09-05 00:18:34,Delivered,Net Banking,Kochi,Kerala,9674.72,0.0,2.0
702661,7822,2024-04-15 13:39:42,Returned,EMI,Nagpur,Maharashtra,16560.12,828.01,
707246,7784,2022-06-04 17:15:27,Delivered,Credit Card,Surat,Gujarat,118672.85,5933.64,12.0
705038,6337,2024-11-01 07:01:02,Returned,Debit Card,Coimbatore,Tamil Nadu,381141.75,38114.18,
700441,7777,2022-12-16 08:48:17,Delivered,UPI,Coimbatore,Tamil Nadu,36776.75,3677.68,2.0
704202,5521,2023-04-06 15:29:52,Returned,Debit Card,Chandigarh,Chandigarh,185829.27,9291.46,
707570,7231,2023-09-03 19:28:30,Delivered,Credit Card,Pune,Maharashtra,12774.86,0.0,2.0
707216,6049,2022-03-01 12:29:36,Delivered,Credit Card,Indore,Madhya Pradesh,114801.84,5740.09,5.0
702977,5672,2023-10-17 19:25:11,Delivered,EMI,Chandigarh,Chandigarh,358475.19,53771.28,9.0
708549,6124,2024-06-10 11:53:05,Delivered,EMI,Indore,Madhya Pradesh,56074.3,11214.86,2.0
703476,5543,2024-12-25 23:34:56,Delivered,Cash on Delivery,Surat,Gujarat,10182.5,1018.25,4.0
706860,6740,2026-04-28 14:22:46,Pending,EMI,Bangalore,Karnataka,180115.32,27017.3,
704045,6940,2022-10-19 19:58:20,Delivered,Debit Card,Patna,Bihar,1231.78,61.59,5.0
703053,6211,2026-07-18 15:01:41,Delivered,UPI,Ranchi,Jharkhand,1854.86,185.49,12.0
703004,7953,2024-06-09 01:31:32,Cancelled,Cash on Delivery,Delhi,Delhi,40795.62,2039.78,
702543,5966,2025-04-24 10:54:47,Cancelled,Debit Card,Delhi,Delhi,40246.56,2012.33,
701740,5581,2026-07-16 11:20:50,Delivered,EMI,Nagpur,Maharashtra,9543.92,0.0,5.0
707591,7205,2023-07-15 09:48:16,Shipped,Cash on Delivery,Indore,Madhya Pradesh,70479.72,0.0,
705196,6762,2022-08-20 18:43:44,Cancelled,EMI,Indore,Madhya Pradesh,145311.83,29062.37,
705986,7873,2024-10-04 16:16:15,Shipped,EMI,Ahmedabad,Gujarat,109137.24,0.0,
703430,6400,2022-11-11 16:39:29,Shipped,UPI,Indore,Madhya Pradesh,54708.36,10941.67,
706077,7182,2023-03-21 20:52:57,Pending,EMI,Pune,Maharashtra,25717.96,0.0,
708391,6460,2023-06-15 09:03:08,Delivered,Credit Card,Delhi,Delhi,5982.82,1196.56,3.0
706070,5126,2024-11-20 08:42:48,Delivered,Credit Card,Nagpur,Maharashtra,17050.37,3410.07,4.0
704983,6555,2024-10-05 22:24:35,Delivered,Credit Card,Nagpur,Maharashtra,155419.38,15541.94,3.0
708244,5127,2024-12-20 10:26:30,Pending,Debit Card,Coimbatore,Tamil Nadu,5722.03,1144.41,
702150,6278,2025-01-17 09:22:22,Delivered,EMI,Mumbai,Maharashtra,29045.3,4356.8,2.0
705392,7188,2022-07-17 10:31:21,Shipped,UPI,Lucknow,Uttar Pradesh,12625.28,1262.53,
703616,6591,2025-05-07 08:02:25,Delivered,UPI,Nagpur,Maharashtra,23341.43,1167.07,9.0
701991,7051,2024-02-03 17:27:04,Delivered,EMI,Kochi,Kerala,11487.16,1148.72,12.0
705057,7746,2022-10-18 20:18:19,Delivered,EMI,Coimbatore,Tamil Nadu,52006.08,2600.3,8.0
704323,6282,2022-11-22 07:15:49,Pending,Debit Card,Chennai,Tamil Nadu,660.56,0.0,
706762,6755,2022-05-11 21:33:47,Delivered,UPI,Pune,Maharashtra,10124.02,2024.8,7.0
701367,6810,2024-09-03 03:48:49,Delivered,Debit Card,Chandigarh,Chandigarh,15723.16,3144.63,7.0
703545,7812,2023-05-27 10:56:03,Returned,Credit Card,Kolkata,West Bengal,8347.17,1252.08,
703103,7534,2024-05-18 12:45:42,Delivered,Credit Card,Coimbatore,Tamil Nadu,13785.06,2067.76,3.0
700925,7161,2025-12-04 14:42:53,Delivered,Debit Card,Hyderabad,Telangana,25742.61,3861.39,8.0
705074,6615,2023-02-11 13:23:00,Delivered,UPI,Patna,Bihar,42354.24,8470.85,3.0
702435,7788,2022-02-27 16:45:16,Returned,Cash on Delivery,Pune,Maharashtra,57164.12,11432.82,
701627,5291,2025-10-10 16:35:07,Delivered,Debit Card,Nagpur,Maharashtra,320251.74,16012.59,1.0
701037,5845,2023-06-02 12:02:41,Cancelled,EMI,Ahmedabad,Gujarat,11202.6,0.0,
701691,7867,2022-01-31 14:11:02,Returned,UPI,Nashik,Maharashtra,20547.64,2054.76,
703192,7229,2024-06-07 21:11:19,Returned,Cash on Delivery,Ranchi,Jharkhand,41188.12,2059.41,
706877,7790,2024-06-13 19:46:43,Returned,Cash on Delivery,Surat,Gujarat,9569.74,1435.46,
705295,6461,2023-12-22 16:46:36,Pending,Credit Card,Delhi,Delhi,191460.15,0.0,
704827,6013,2023-04-08 07:29:21,Delivered,Cash on Delivery,Ahmedabad,Gujarat,472245.91,0.0,3.0
708625,7604,2023-09-10 16:41:45,Pending,Credit Card,Lucknow,Uttar Pradesh,175458.11,0.0,
702826,5656,2024-09-01 15:57:07,Pending,Credit Card,Bhopal,Madhya Pradesh,374980.75,0.0,
704781,5238,2022-07-13 11:16:07,Pending,Debit Card,Mumbai,Maharashtra,6828.73,1024.31,
701823,5351,2025-04-13 20:12:35,Shipped,Net Banking,Patna,Bihar,276784.72,55356.94,
701723,7136,2022-02-02 05:26:54,Shipped,UPI,Mumbai,Maharashtra,37919.42,1895.97,
701511,7310,2024-08-02 10:24:45,Pending,EMI,Surat,Gujarat,30831.06,4624.66,
700346,7565,2022-09-12 03:30:59,Cancelled,Debit Card,Kolkata,West Bengal,197542.19,0.0,
706342,5961,2022-04-07 22:12:44,Delivered,EMI,Chennai,Tamil Nadu,25250.56,5050.11,4.0
705912,5718,2024-08-05 16:16:55,Delivered,EMI,Bhopal,Madhya Pradesh,91078.52,0.0,2.0
703148,7534,2022-11-07 19:07:39,Returned,Debit Card,Ahmedabad,Gujarat,56658.66,0.0,
702656,5427,2025-04-09 12:02:00,Delivered,UPI,Indore,Madhya Pradesh,248874.87,49774.97,1.0
701651,7023,2023-06-25 19:38:50,Delivered,Net Banking,Ranchi,Jharkhand,7898.96,0.0,4.0
706999,5652,2022-11-10 04:05:43,Delivered,UPI,Nashik,Maharashtra,62927.78,0.0,2.0
708489,5120,2022-09-07 15:31:15,Shipped,Net Banking,Surat,Gujarat,3345.56,167.28,
703954,5155,2025-01-17 04:47:02,Pending,Cash on Delivery,Patna,Bihar,103910.16,20782.03,
707211,5415,2024-02-18 17:10:41,Delivered,Credit Card,Bangalore,Karnataka,226166.04,33924.91,12.0
704656,7040,2023-04-25 06:22:24,Shipped,UPI,Chandigarh,Chandigarh,11880.34,2376.07,
704201,7665,2023-06-30 04:15:56,Delivered,Debit Card,Jaipur,Rajasthan,65978.1,6597.81,12.0
705272,6962,2024-07-12 06:38:41,Cancelled,Cash on Delivery,Coimbatore,Tamil Nadu,18069.86,3613.97,
702236,7978,2023-07-29 17:13:14,Shipped,EMI,Nashik,Maharashtra,251764.6,50352.92,
701790,7227,2023-03-29 02:29:29,Returned,Net Banking,Jaipur,Rajasthan,24874.71,0.0,
707548,6740,2023-04-24 17:10:42,Delivered,Debit Card,Chennai,Tamil Nadu,134814.22,20222.13,4.0
707673,6862,2022-11-17 23:03:44,Delivered,UPI,Ahmedabad,Gujarat,145120.48,29024.1,1.0
707433,5672,2023-06-17 20:24:11,Returned,Debit Card,Jaipur,Rajasthan,4286.89,0.0,
700466,6774,2025-05-16 08:08:11,Returned,EMI,Chandigarh,Chandigarh,19878.55,3975.71,
704993,7215,2025-01-20 22:54:23,Returned,Debit Card,Lucknow,Uttar Pradesh,2726.6,0.0,
700937,7461,2024-11-11 20:59:31,Cancelled,EMI,Chennai,Tamil Nadu,6783.22,339.16,
705229,6318,2024-12-09 13:43:56,Delivered,EMI,Jaipur,Rajasthan,40536.98,0.0,10.0
701990,6262,2023-03-11 10:48:53,Cancelled,Cash on Delivery,Ahmedabad,Gujarat,28978.26,0.0,
707127,5389,2024-06-04 22:18:16,Delivered,Credit Card,Jaipur,Rajasthan,14082.81,2816.56,9.0
707029,7879,2023-04-02 23:23:43,Cancelled,EMI,Ranchi,Jharkhand,8282.16,414.11,
701590,5205,2026-07-18 17:17:59,Delivered,Net Banking,Pune,Maharashtra,8573.83,428.69,9.0
708237,7557,2024-06-08 23:30:59,Delivered,Cash on Delivery,Delhi,Delhi,13225.65,0.0,8.0
702069,6332,2025-09-01 15:47:34,Delivered,Debit Card,Coimbatore,Tamil Nadu,506713.8,0.0,11.0
701894,5214,2023-02-03 19:51:59,Shipped,Net Banking,Patna,Bihar,201729.32,0.0,
700215,6199,2025-10-11 17:31:53,Cancelled,Credit Card,Hyderabad,Telangana,267050.51,26705.05,
704068,7003,2026-01-06 12:30:39,Delivered,Debit Card,Jaipur,Rajasthan,93678.95,18735.79,11.0
707415,7822,2026-03-04 15:53:55,Delivered,Cash on Delivery,Mumbai,Maharashtra,23907.75,4781.55,1.0
704021,7892,2025-08-01 06:17:44,Shipped,EMI,Nagpur,Maharashtra,23681.5,0.0,
705218,5855,2023-07-13 16:57:23,Delivered,Net Banking,Chandigarh,Chandigarh,65897.9,9884.68,7.0
703920,5846,2022-05-21 08:36:25,Delivered,Net Banking,Kolkata,West Bengal,155486.04,7774.3,12.0
704005,6945,2022-08-09 09:30:32,Returned,Cash on Delivery,Bhopal,Madhya Pradesh,5178.32,1035.66,
706001,7454,2022-09-19 18:53:22,Delivered,Credit Card,Nashik,Maharashtra,9053.72,0.0,12.0
704339,5258,2024-09-11 16:10:19,Delivered,Credit Card,Pune,Maharashtra,43503.4,4350.34,1.0
707108,5885,2025-11-09 18:04:03,Cancelled,UPI,Patna,Bihar,264563.31,0.0,
700886,7638,2025-05-25 17:09:52,Pending,EMI,Hyderabad,Telangana,240899.66,36134.95,
702489,5904,2022-02-18 06:33:36,Shipped,Cash on Delivery,Surat,Gujarat,42096.48,6314.47,
707365,7989,2023-09-27 01:58:44,Shipped,EMI,Ahmedabad,Gujarat,174504.77,34900.95,
706784,7636,2024-11-12 09:42:59,Pending,Credit Card,Patna,Bihar,10232.14,2046.43,
707787,5799,2024-09-07 10:04:26,Delivered,Credit Card,Chandigarh,Chandigarh,61094.86,3054.74,3.0
703326,6492,2025-07-18 11:50:08,Pending,UPI,Delhi,Delhi,6396.49,1279.3,
701043,6574,2026-07-30 18:55:13,Pending,Net Banking,Bangalore,Karnataka,506.17,50.62,
708749,7846,2023-03-28 19:47:22,Delivered,Debit Card,Mumbai,Maharashtra,107704.98,16155.75,6.0
708927,7587,2022-04-19 01:25:40,Cancelled,Credit Card,Delhi,Delhi,177615.77,0.0,
704094,7837,2023-06-23 12:39:49,Returned,UPI,Bhopal,Madhya Pradesh,128284.72,0.0,
702158,7209,2024-08-19 11:16:23,Shipped,EMI,Bhopal,Madhya Pradesh,7314.16,365.71,
703641,6099,2022-09-27 04:25:20,Pending,UPI,Hyderabad,Telangana,208818.54,41763.71,
702930,6881,2023-10-11 09:33:08,Delivered,Cash on Delivery,Patna,Bihar,21901.9,2190.19,5.0
700018,5322,2025-05-10 08:50:07,Delivered,EMI,Ahmedabad,Gujarat,141058.76,21158.81,4.0
704640,6852,2026-03-17 13:59:50,Pending,UPI,Nashik,Maharashtra,105052.64,21010.53,
704160,7453,2024-04-28 20:39:07,Delivered,Cash on Delivery,Ranchi,Jharkhand,1167.3,0.0,4.0
708535,7628,2024-01-19 01:52:49,Shipped,Net Banking,Chandigarh,Chandigarh,32239.97,1612.0,
707085,7130,2024-02-05 11:38:24,Shipped,UPI,Mumbai,Maharashtra,60588.46,0.0,
704507,5243,2022-09-16 09:49:34,Delivered,Credit Card,Chennai,Tamil Nadu,37912.78,0.0,7.0
704456,5448,2024-10-04 06:05:33,Delivered,UPI,Bangalore,Karnataka,7127.86,356.39,8.0
708239,7863,2024-12-12 08:32:29,Cancelled,Cash on Delivery,Coimbatore,Tamil Nadu,8683.73,868.37,
708114,6680,2024-04-05 02:21:42,Delivered,Net Banking,Bhopal,Madhya Pradesh,16078.17,2411.73,5.0
704731,6201,2026-03-23 23:59:59,Cancelled,Credit Card,Patna,Bihar,297650.22,0.0,
707324,7845,2025-10-21 01:02:17,Cancelled,Debit Card,Bhopal,Madhya Pradesh,54137.54,5413.75,
707843,5232,2026-06-29 23:28:10,Delivered,Credit Card,Chennai,Tamil Nadu,85963.26,0.0,8.0
703859,6777,2023-02-23 12:22:36,Delivered,Net Banking,Indore,Madhya Pradesh,14470.38,0.0,11.0
700847,5187,2022-02-07 10:26:41,Returned,UPI,Patna,Bihar,144512.86,21676.93,
703060,7837,2022-05-15 09:35:54,Returned,EMI,Indore,Madhya Pradesh,77823.71,0.0,
701015,5417,2025-08-06 23:57:00,Delivered,Debit Card,Surat,Gujarat,4381.77,657.27,12.0
705572,7502,2024-02-05 07:00:38,Cancelled,Net Banking,Lucknow,Uttar Pradesh,36742.3,7348.46,
707574,5637,2024-10-02 03:30:49,Shipped,Net Banking,Ahmedabad,Gujarat,10170.9,1017.09,
702764,6494,2025-09-20 16:09:07,Delivered,EMI,Pune,Maharashtra,24730.2,2473.02,4.0
703179,6491,2022-11-07 14:46:37,Delivered,Debit Card,Mumbai,Maharashtra,12695.75,1269.58,1.0
705007,6827,2024-11-01 11:58:53,Delivered,UPI,Kochi,Kerala,5257.0,788.55,1.0
706542,5503,2024-09-17 22:27:59,Cancelled,UPI,Coimbatore,Tamil Nadu,3497.17,0.0,
707459,6565,2023-11-20 22:53:57,Cancelled,Net Banking,Kolkata,West Bengal,96153.16,9615.32,
704018,6113,2025-12-22 04:00:09,Shipped,UPI,Indore,Madhya Pradesh,21943.93,4388.79,
706514,7384,2023-10-19 21:08:17,Delivered,Debit Card,Patna,Bihar,177039.94,17703.99,2.0
706142,5711,2022-11-13 09:52:38,Delivered,Net Banking,Bhopal,Madhya Pradesh,47879.16,0.0,4.0
707200,6773,2024-10-28 21:44:49,Delivered,Net Banking,Patna,Bihar,360376.43,36037.64,7.0
708191,5894,2024-09-18 23:48:26,Shipped,UPI,Ranchi,Jharkhand,38900.84,5835.13,
707647,6596,2023-08-19 23:49:28,Delivered,Debit Card,Nagpur,Maharashtra,960.32,0.0,11.0
708043,7390,2024-07-13 23:08:58,Shipped,Cash on Delivery,Bhopal,Madhya Pradesh,27236.43,4085.46,
706270,5299,2024-10-19 13:01:01,Delivered,UPI,Chennai,Tamil Nadu,318211.27,0.0,4.0
707382,6423,2025-01-10 05:35:12,Cancelled,Debit Card,Kochi,Kerala,175371.26,0.0,
703435,6322,2022-01-11 15:17:15,Pending,Debit Card,Nagpur,Maharashtra,33864.95,1693.25,
700757,5526,2025-05-02 01:08:33,Delivered,Credit Card,Patna,Bihar,29226.41,4383.96,3.0
703529,5029,2022-11-30 14:08:51,Delivered,Debit Card,Chandigarh,Chandigarh,163393.31,24509.0,2.0
702257,5988,2025-02-11 06:35:27,Delivered,Debit Card,Patna,Bihar,34461.39,0.0,2.0
702038,5222,2023-08-27 02:47:38,Delivered,Debit Card,Kolkata,West Bengal,319.98,64.0,12.0
707068,6002,2024-02-21 22:00:50,Delivered,Debit Card,Lucknow,Uttar Pradesh,242783.54,12139.18,9.0
704108,5140,2023-01-08 11:28:17,Delivered,UPI,Jaipur,Rajasthan,9046.54,0.0,9.0
703816,7584,2025-03-18 20:47:58,Pending,Cash on Delivery,Surat,Gujarat,4435.14,221.76,
704291,5317,2023-02-11 09:22:41,Delivered,Net Banking,Jaipur,Rajasthan,113476.76,11347.68,11.0
708975,6147,2023-11-03 02:16:42,Shipped,EMI,Nashik,Maharashtra,10519.75,2103.95,
708282,5861,2025-05-12 14:12:02,Pending,Credit Card,Delhi,Delhi,35947.3,1797.37,
703195,7921,2023-09-08 03:17:38,Delivered,Cash on Delivery,Pune,Maharashtra,93863.97,18772.79,12.0
706924,6268,2023-09-11 17:55:02,Pending,Credit Card,Ranchi,Jharkhand,11290.32,0.0,
704653,6324,2024-01-23 07:54:18,Delivered,EMI,Lucknow,Uttar Pradesh,29136.22,4370.43,3.0
706577,5912,2022-06-22 09:33:13,Delivered,Net Banking,Ahmedabad,Gujarat,25571.07,5114.21,10.0
703762,5398,2023-09-01 04:59:29,Cancelled,Debit Card,Mumbai,Maharashtra,60012.23,3000.61,
707859,5934,2022-10-13 16:12:24,Delivered,Net Banking,Lucknow,Uttar Pradesh,14534.98,2180.25,11.0
706120,5773,2026-01-27 04:28:26,Delivered,UPI,Lucknow,Uttar Pradesh,29962.59,4494.39,10.0
707946,6161,2023-04-05 07:43:46,Delivered,EMI,Surat,Gujarat,3709.72,741.94,7.0
701291,6070,2025-10-04 13:03:14,Returned,Net Banking,Chandigarh,Chandigarh,4605.17,230.26,
708949,6238,2023-12-02 16:03:50,Delivered,EMI,Nagpur,Maharashtra,12155.21,1823.28,1.0
703317,5123,2025-08-01 02:18:08,Cancelled,Credit Card,Bangalore,Karnataka,58047.81,11609.56,
705644,5706,2022-02-21 03:50:26,Delivered,Cash on Delivery,Nagpur,Maharashtra,6480.16,324.01,9.0
703813,6762,2025-04-29 17:03:33,Pending,Credit Card,Hyderabad,Telangana,321873.16,0.0,
707539,7162,2022-07-11 00:54:09,Delivered,UPI,Hyderabad,Telangana,85624.25,0.0,4.0
707924,5637,2023-08-22 11:42:01,Returned,Debit Card,Kolkata,West Bengal,21735.49,3260.32,
701488,6155,2024-04-28 23:32:47,Cancelled,EMI,Pune,Maharashtra,76660.67,0.0,
706243,6546,2024-08-12 07:57:48,Pending,Debit Card,Ahmedabad,Gujarat,232249.58,46449.92,
704524,5978,2022-04-11 15:51:30,Shipped,Credit Card,Nashik,Maharashtra,10967.24,548.36,
704641,5360,2025-12-01 18:19:20,Shipped,Debit Card,Jaipur,Rajasthan,33592.74,6718.55,
703557,6360,2022-10-19 02:00:56,Delivered,UPI,Hyderabad,Telangana,31677.69,6335.54,12.0
707929,7037,2023-06-22 13:34:53,Cancelled,UPI,Indore,Madhya Pradesh,7915.17,791.52,
703941,6195,2023-02-28 13:06:12,Shipped,EMI,Pune,Maharashtra,7273.16,363.66,
706787,7069,2023-04-24 12:29:22,Shipped,EMI,Lucknow,Uttar Pradesh,32985.78,0.0,
705591,5405,2024-01-30 03:33:44,Cancelled,Debit Card,Bangalore,Karnataka,174055.39,34811.08,
704385,7144,2025-03-21 02:56:59,Cancelled,Debit Card,Bangalore,Karnataka,1100.22,55.01,
702398,5599,2022-12-25 05:51:29,Cancelled,Debit Card,Kochi,Kerala,18554.06,1855.41,
708038,7684,2024-06-20 20:38:37,Pending,Net Banking,Ranchi,Jharkhand,79156.57,0.0,
704837,5887,2023-03-09 14:25:39,Returned,UPI,Pune,Maharashtra,54696.22,2734.81,
703188,6153,2025-07-04 18:30:45,Cancelled,EMI,Ahmedabad,Gujarat,254136.69,25413.67,
702831,7635,2022-05-16 14:28:43,Shipped,UPI,Jaipur,Rajasthan,40207.67,0.0,
700884,6535,2022-02-10 10:22:48,Returned,Debit Card,Patna,Bihar,38464.46,7692.89,
708737,6179,2024-04-01 04:22:03,Pending,Debit Card,Nashik,Maharashtra,23369.44,0.0,
704455,7248,2023-11-14 20:27:00,Delivered,Debit Card,Mumbai,Maharashtra,27583.02,0.0,11.0
701762,6065,2024-04-28 04:10:55,Delivered,Cash on Delivery,Patna,Bihar,145009.38,21751.41,6.0
706644,7510,2025-04-22 18:27:31,Cancelled,Debit Card,Ranchi,Jharkhand,15093.54,0.0,
700382,7123,2025-11-18 00:05:35,Delivered,EMI,Bhopal,Madhya Pradesh,12505.41,0.0,6.0
700179,6400,2025-03-04 11:53:59,Delivered,Credit Card,Surat,Gujarat,118900.64,11890.06,10.0
702424,5102,2025-06-18 19:32:00,Delivered,Credit Card,Ahmedabad,Gujarat,26826.91,1341.35,6.0
701789,7055,2022-09-23 17:41:51,Delivered,Credit Card,Jaipur,Rajasthan,72355.89,7235.59,9.0
707168,5949,2023-09-27 05:11:37,Delivered,Debit Card,Indore,Madhya Pradesh,433381.52,86676.3,10.0
707132,5595,2022-08-05 05:00:07,Shipped,Debit Card,Coimbatore,Tamil Nadu,25936.32,1296.82,
708347,5688,2025-02-07 22:57:20,Shipped,Credit Card,Delhi,Delhi,60232.13,3011.61,
703778,7076,2025-09-19 11:26:48,Shipped,Cash on Delivery,Nagpur,Maharashtra,2414.76,120.74,
700627,7186,2026-05-24 12:02:37,Delivered,Debit Card,Pune,Maharashtra,18160.93,1816.09,7.0
701797,5681,2022-02-18 14:27:00,Returned,UPI,Mumbai,Maharashtra,240942.13,0.0,
704245,7013,2022-04-21 10:51:13,Delivered,Credit Card,Coimbatore,Tamil Nadu,10564.59,1056.46,6.0
703505,6487,2026-02-13 01:52:59,Delivered,Debit Card,Delhi,Delhi,1641.66,246.25,8.0
700570,5123,2025-05-26 05:55:55,Returned,Cash on Delivery,Mumbai,Maharashtra,39442.14,1972.11,
701385,5560,2025-11-14 10:58:44,Pending,EMI,Chandigarh,Chandigarh,196685.94,0.0,
701202,7925,2024-05-22 10:32:52,Pending,UPI,Indore,Madhya Pradesh,3093.21,618.64,
707460,5294,2023-03-31 07:20:47,Pending,EMI,Jaipur,Rajasthan,74430.4,0.0,
707616,7881,2022-10-26 18:24:48,Delivered,Debit Card,Nagpur,Maharashtra,285162.96,28516.3,10.0
705465,6457,2022-10-22 04:00:12,Returned,Net Banking,Chennai,Tamil Nadu,303979.0,30397.9,
705157,7704,2022-09-05 07:04:11,Shipped,Net Banking,Nashik,Maharashtra,91221.04,9122.1,
703608,7289,2024-06-02 10:59:19,Shipped,Net Banking,Surat,Gujarat,26523.04,2652.3,
707464,7566,2023-06-06 20:56:33,Delivered,Debit Card,Hyderabad,Telangana,59492.93,8923.94,3.0
701295,6980,2023-02-02 22:39:09,Delivered,Cash on Delivery,Patna,Bihar,59126.4,0.0,7.0
708075,5612,2025-10-27 01:38:50,Delivered,Cash on Delivery,Jaipur,Rajasthan,56436.19,2821.81,4.0
703711,6882,2022-06-23 19:24:09,Cancelled,Credit Card,Kochi,Kerala,8727.57,0.0,
704297,6288,2023-06-17 02:11:18,Cancelled,Credit Card,Mumbai,Maharashtra,77863.57,7786.36,
706171,7139,2025-04-23 04:54:30,Delivered,Net Banking,Indore,Madhya Pradesh,204217.23,10210.86,9.0
704469,6675,2023-01-26 02:09:19,Delivered,UPI,Bangalore,Karnataka,67003.97,10050.6,11.0
701722,7086,2024-05-14 10:43:15,Delivered,UPI,Ahmedabad,Gujarat,4089.98,613.5,2.0
705625,5716,2022-05-01 04:03:49,Delivered,Debit Card,Patna,Bihar,3555.01,0.0,6.0
701507,5413,2022-06-24 21:06:22,Shipped,Cash on Delivery,Nashik,Maharashtra,281548.65,56309.73,
704820,7115,2022-06-12 17:47:50,Delivered,Debit Card,Jaipur,Rajasthan,24550.06,4910.01,4.0
704195,7266,2022-10-12 10:13:00,Cancelled,Debit Card,Ranchi,Jharkhand,50872.73,0.0,
701236,6553,2024-04-30 10:35:54,Delivered,Credit Card,Ranchi,Jharkhand,448377.66,89675.53,9.0
706183,5825,2023-02-25 13:46:51,Pending,Net Banking,Indore,Madhya Pradesh,26065.29,3909.79,
704329,5928,2022-07-23 14:22:32,Pending,Debit Card,Kolkata,West Bengal,67728.13,13545.63,
708969,5958,2023-08-07 04:00:47,Pending,Debit Card,Kolkata,West Bengal,18210.41,910.52,
708148,5397,2022-10-02 18:39:08,Pending,Cash on Delivery,Surat,Gujarat,385.54,38.55,
704532,5773,2025-06-19 03:02:03,Cancelled,Cash on Delivery,Mumbai,Maharashtra,13990.53,2098.58,
708967,7836,2025-08-16 15:09:20,Delivered,Debit Card,Kolkata,West Bengal,38573.52,1928.68,10.0
702152,6450,2022-03-31 22:36:21,Delivered,Cash on Delivery,Nashik,Maharashtra,683.56,0.0,7.0
706771,6729,2024-05-02 04:06:42,Delivered,Cash on Delivery,Delhi,Delhi,93264.73,4663.24,12.0
707338,6530,2023-12-30 01:34:50,Pending,Credit Card,Lucknow,Uttar Pradesh,11405.53,0.0,
704605,5972,2025-09-06 21:19:31,Pending,Net Banking,Jaipur,Rajasthan,170569.53,25585.43,
703227,5977,2023-09-13 18:40:39,Shipped,Debit Card,Mumbai,Maharashtra,51227.7,7684.15,
707037,7337,2023-01-18 15:11:24,Delivered,Credit Card,Kochi,Kerala,15472.51,1547.25,1.0
705676,5644,2025-06-03 06:50:24,Pending,Debit Card,Surat,Gujarat,5398.45,0.0,
701602,6394,2023-06-11 13:24:31,Pending,Net Banking,Ranchi,Jharkhand,350733.65,70146.73,
708638,5064,2022-08-29 18:11:18,Delivered,Credit Card,Delhi,Delhi,5348.34,0.0,5.0
701905,6075,2022-04-12 18:12:08,Pending,EMI,Indore,Madhya Pradesh,6694.88,1338.98,
707860,7259,2024-11-12 02:12:28,Delivered,Debit Card,Lucknow,Uttar Pradesh,6196.24,1239.25,1.0
705843,5136,2024-06-06 22:37:00,Cancelled,EMI,Surat,Gujarat,6761.77,1014.27,
701009,7490,2022-02-18 11:57:30,Delivered,UPI,Chandigarh,Chandigarh,230958.95,23095.9,9.0
707861,7039,2025-11-26 17:37:02,Pending,UPI,Bangalore,Karnataka,11094.77,1664.22,
708724,5285,2023-07-09 09:31:33,Shipped,Cash on Delivery,Bhopal,Madhya Pradesh,16258.55,0.0,
706800,6773,2024-01-04 22:02:13,Shipped,EMI,Chennai,Tamil Nadu,20074.73,2007.47,
701912,6913,2023-01-28 17:17:54,Returned,Debit Card,Kochi,Kerala,8612.59,1291.89,
706066,7238,2022-07-17 17:58:15,Shipped,Credit Card,Patna,Bihar,44463.59,0.0,
700843,7632,2025-02-18 13:35:21,Delivered,Net Banking,Mumbai,Maharashtra,502849.66,0.0,6.0
704049,5510,2022-01-10 08:47:42,Delivered,Cash on Delivery,Indore,Madhya Pradesh,402498.38,20124.92,9.0
705592,7973,2026-06-05 04:07:18,Delivered,Cash on Delivery,Kolkata,West Bengal,52606.57,7890.99,7.0
707739,5770,2022-11-10 20:37:59,Shipped,EMI,Patna,Bihar,17764.94,0.0,
703367,5499,2025-01-08 14:25:43,Delivered,EMI,Mumbai,Maharashtra,955.13,95.51,5.0
701728,7477,2025-01-30 15:04:25,Delivered,Cash on Delivery,Surat,Gujarat,438.96,65.84,8.0
706428,5852,2025-02-21 11:46:16,Returned,Cash on Delivery,Ahmedabad,Gujarat,6918.25,0.0,
706335,5077,2023-12-16 15:47:57,Shipped,UPI,Lucknow,Uttar Pradesh,2626.16,393.92,
708852,5775,2024-10-25 18:37:03,Shipped,Debit Card,Kolkata,West Bengal,5990.65,898.6,
705247,6399,2026-01-11 09:29:47,Shipped,Cash on Delivery,Pune,Maharashtra,6352.65,635.27,
704988,6303,2022-09-23 11:43:53,Returned,UPI,Patna,Bihar,1616.31,0.0,
705880,7625,2026-02-24 17:59:39,Delivered,UPI,Ranchi,Jharkhand,186325.08,0.0,9.0
708861,7748,2024-03-26 00:03:57,Cancelled,EMI,Surat,Gujarat,214818.03,32222.7,
708577,5107,2022-12-18 15:04:58,Delivered,UPI,Bhopal,Madhya Pradesh,401337.48,0.0,5.0
707567,6806,2024-02-06 10:54:13,Cancelled,Credit Card,Kochi,Kerala,406753.4,81350.68,
702752,5617,2025-08-14 07:23:38,Pending,Cash on Delivery,Kochi,Kerala,1614.27,161.43,
706674,6217,2023-07-05 04:11:04,Cancelled,EMI,Chennai,Tamil Nadu,88346.96,13252.04,
701503,7750,2026-02-18 03:09:44,Delivered,Net Banking,Coimbatore,Tamil Nadu,1953.94,293.09,8.0
700545,7803,2025-05-09 18:05:10,Pending,Debit Card,Nashik,Maharashtra,56522.16,8478.32,
700989,7089,2023-03-17 17:49:20,Delivered,Debit Card,Ranchi,Jharkhand,6515.03,977.25,7.0
705678,5121,2023-05-16 21:39:45,Shipped,UPI,Nashik,Maharashtra,205142.34,0.0,
708976,5980,2023-12-25 01:59:42,Shipped,UPI,Ranchi,Jharkhand,12203.12,0.0,
700906,6422,2024-01-02 05:45:06,Delivered,Debit Card,Chandigarh,Chandigarh,300427.34,0.0,5.0
701232,6488,2023-01-27 00:40:17,Returned,Net Banking,Kochi,Kerala,572821.18,0.0,
701238,6308,2026-06-12 08:03:49,Cancelled,Debit Card,Bhopal,Madhya Pradesh,20549.27,0.0,
703579,6927,2025-08-30 08:03:35,Returned,Net Banking,Bangalore,Karnataka,12151.68,1215.17,
706312,7657,2026-06-07 19:42:31,Shipped,Credit Card,Indore,Madhya Pradesh,20819.2,1040.96,
704159,6406,2024-02-24 05:56:06,Returned,EMI,Patna,Bihar,30232.34,0.0,
705186,7703,2023-08-23 03:11:48,Delivered,UPI,Nagpur,Maharashtra,267666.6,26766.66,11.0
701952,6618,2024-02-28 15:54:42,Shipped,Credit Card,Bhopal,Madhya Pradesh,126524.13,0.0,
705335,7830,2023-08-07 02:48:49,Delivered,Debit Card,Indore,Madhya Pradesh,168995.69,16899.57,3.0
702138,7632,2024-02-24 17:14:15,Pending,EMI,Surat,Gujarat,13630.86,0.0,
707154,5739,2026-07-19 06:10:02,Shipped,Net Banking,Coimbatore,Tamil Nadu,9366.6,468.33,
702064,5699,2024-06-02 06:28:25,Shipped,UPI,Jaipur,Rajasthan,338523.62,16926.18,
708425,7552,2026-03-01 17:21:11,Delivered,UPI,Indore,Madhya Pradesh,13134.37,1313.44,3.0
706639,5718,2023-06-07 21:20:01,Shipped,Cash on Delivery,Pune,Maharashtra,23200.0,0.0,
708618,6698,2025-01-13 19:49:41,Pending,Debit Card,Chandigarh,Chandigarh,10975.05,0.0,
707242,5065,2022-10-19 04:47:45,Delivered,Net Banking,Chandigarh,Chandigarh,47752.15,0.0,12.0
703107,5028,2023-08-28 03:02:47,Shipped,Credit Card,Kolkata,West Bengal,161811.09,32362.22,
705449,5063,2025-09-21 11:50:23,Delivered,Cash on Delivery,Kolkata,West Bengal,64760.41,9714.06,5.0
708571,6254,2024-09-02 00:00:44,Shipped,Net Banking,Ranchi,Jharkhand,288809.05,28880.9,
703744,7015,2025-12-28 18:40:39,Cancelled,Cash on Delivery,Coimbatore,Tamil Nadu,32071.17,4810.68,
706997,7920,2023-12-08 17:25:02,Delivered,Cash on Delivery,Nagpur,Maharashtra,15258.44,3051.69,5.0
702943,6475,2024-02-25 12:27:09,Delivered,Net Banking,Chandigarh,Chandigarh,12006.91,0.0,10.0
700618,7983,2025-05-21 23:25:32,Shipped,EMI,Delhi,Delhi,76223.3,11433.5,
706338,5710,2026-05-13 22:25:14,Delivered,UPI,Kolkata,West Bengal,8715.74,1743.15,9.0
707940,7643,2022-09-12 22:40:06,Shipped,Credit Card,Delhi,Delhi,2329.53,232.95,
708558,5248,2026-07-27 03:15:06,Cancelled,UPI,Pune,Maharashtra,15936.34,0.0,
701643,6870,2024-06-28 07:28:58,Delivered,EMI,Jaipur,Rajasthan,530041.52,26502.08,7.0
707511,7225,2024-01-27 10:00:51,Returned,Credit Card,Hyderabad,Telangana,20083.28,1004.16,
701442,6171,2024-11-24 10:14:14,Returned,Credit Card,Pune,Maharashtra,11343.4,1134.34,
707886,6966,2025-11-10 17:56:44,Returned,Debit Card,Coimbatore,Tamil Nadu,161501.55,32300.31,
702818,6510,2026-06-01 01:19:15,Pending,Debit Card,Ahmedabad,Gujarat,3413.8,170.69,
703519,5949,2024-04-14 08:20:04,Pending,EMI,Hyderabad,Telangana,11511.96,575.6,
708180,6549,2025-07-23 17:48:53,Delivered,Cash on Delivery,Chennai,Tamil Nadu,135666.44,0.0,12.0
706609,6608,2023-09-02 11:37:59,Delivered,Debit Card,Kochi,Kerala,27583.36,0.0,6.0
701183,5522,2025-12-07 10:28:43,Delivered,Credit Card,Lucknow,Uttar Pradesh,183439.03,0.0,11.0
701289,5716,2022-05-09 06:33:04,Pending,EMI,Surat,Gujarat,13589.83,1358.98,
701128,6297,2023-04-27 10:59:36,Shipped,EMI,Mumbai,Maharashtra,31381.69,6276.34,
707268,6747,2026-07-13 04:41:54,Delivered,UPI,Surat,Gujarat,68127.29,6812.73,9.0
700216,5629,2026-05-12 04:31:54,Delivered,Cash on Delivery,Bhopal,Madhya Pradesh,5178.32,0.0,6.0
702555,6642,2026-06-16 05:03:53,Returned,Cash on Delivery,Bhopal,Madhya Pradesh,44292.94,0.0,
700580,6099,2024-11-13 00:17:07,Pending,Cash on Delivery,Nagpur,Maharashtra,140937.08,21140.56,
705115,5099,2026-04-12 20:34:46,Shipped,Net Banking,Nashik,Maharashtra,76832.68,0.0,
704156,6651,2025-02-11 06:39:48,Shipped,UPI,Bangalore,Karnataka,104101.26,20820.25,
702162,5306,2025-03-31 14:16:42,Pending,EMI,Bangalore,Karnataka,150672.64,0.0,
704493,6888,2025-09-28 19:50:49,Delivered,Credit Card,Kolkata,West Bengal,25118.7,0.0,4.0
702103,5245,2024-02-08 20:55:46,Delivered,EMI,Pune,Maharashtra,5410.47,1082.09,5.0
703129,7301,2025-05-07 21:05:57,Shipped,Credit Card,Surat,Gujarat,65424.21,6542.42,
705056,7929,2025-03-20 23:11:14,Delivered,Cash on Delivery,Nashik,Maharashtra,4380.42,876.08,11.0
704934,7584,2024-05-18 17:14:54,Shipped,UPI,Surat,Gujarat,20215.12,0.0,
703039,5950,2023-06-17 10:50:18,Pending,Cash on Delivery,Nagpur,Maharashtra,34553.55,6910.71,
702255,5209,2024-01-16 19:15:44,Delivered,Credit Card,Mumbai,Maharashtra,30680.52,3068.05,5.0
705498,6452,2025-04-03 16:38:18,Delivered,UPI,Chandigarh,Chandigarh,24839.62,0.0,9.0
705915,5513,2024-06-04 18:07:48,Returned,Debit Card,Kolkata,West Bengal,28095.82,2809.58,
700913,7438,2022-01-17 01:58:05,Delivered,EMI,Kochi,Kerala,56051.52,11210.3,4.0
707744,5817,2022-12-11 15:58:33,Delivered,EMI,Surat,Gujarat,24143.92,2414.39,11.0
702918,6926,2023-03-17 10:07:17,Delivered,Net Banking,Patna,Bihar,20164.4,3024.66,4.0
706513,6460,2022-11-18 23:34:06,Delivered,Cash on Delivery,Kolkata,West Bengal,588.62,88.29,12.0
702274,6122,2022-11-30 14:24:29,Shipped,Debit Card,Patna,Bihar,5492.47,823.87,
703862,7696,2026-03-23 15:36:56,Delivered,Net Banking,Lucknow,Uttar Pradesh,2097.24,0.0,9.0
704561,5377,2023-04-03 05:18:39,Returned,Net Banking,Hyderabad,Telangana,4230.84,634.63,
702166,7160,2022-09-17 02:42:06,Delivered,Cash on Delivery,Bangalore,Karnataka,304207.43,0.0,11.0
700026,5715,2023-08-14 10:21:22,Delivered,Net Banking,Indore,Madhya Pradesh,8258.3,412.91,3.0
707121,7765,2024-02-16 08:33:54,Delivered,Net Banking,Bhopal,Madhya Pradesh,166717.18,0.0,1.0
707057,6392,2022-07-09 08:02:40,Shipped,UPI,Pune,Maharashtra,28445.03,5689.01,
703643,6961,2024-03-27 06:53:39,Shipped,UPI,Nagpur,Maharashtra,242715.65,24271.57,
704466,7525,2023-05-15 18:17:14,Delivered,Cash on Delivery,Mumbai,Maharashtra,5273.13,1054.63,6.0
703660,7303,2024-08-21 13:59:29,Pending,Cash on Delivery,Kochi,Kerala,5663.84,1132.77,
703962,7899,2022-01-25 18:06:53,Pending,Net Banking,Patna,Bihar,344867.37,0.0,
705166,6071,2023-08-23 04:21:13,Delivered,Credit Card,Hyderabad,Telangana,194110.5,0.0,8.0
702990,5449,2023-10-16 18:27:33,Delivered,Credit Card,Chennai,Tamil Nadu,80927.06,8092.71,1.0
703178,5235,2024-12-09 08:07:29,Delivered,Debit Card,Mumbai,Maharashtra,45282.01,4528.2,6.0
707667,5482,2024-08-03 13:31:11,Cancelled,Credit Card,Indore,Madhya Pradesh,23271.58,4654.32,
707033,5018,2024-06-18 19:53:05,Delivered,Debit Card,Kochi,Kerala,282254.87,14112.74,6.0
704511,6488,2023-08-06 17:23:19,Delivered,Net Banking,Ahmedabad,Gujarat,102862.63,0.0,10.0
701750,6631,2022-09-30 00:46:37,Delivered,Net Banking,Mumbai,Maharashtra,53052.08,2652.6,1.0
706144,6548,2023-06-29 11:55:11,Delivered,Net Banking,Ahmedabad,Gujarat,4271.54,640.73,1.0
708962,6041,2025-03-27 15:22:50,Cancelled,Debit Card,Bangalore,Karnataka,117009.52,0.0,
707352,5143,2022-09-18 23:53:27,Delivered,Cash on Delivery,Patna,Bihar,8002.65,800.27,5.0
703517,7285,2023-02-24 05:33:10,Delivered,Debit Card,Chennai,Tamil Nadu,64682.33,0.0,6.0
707273,5298,2023-08-10 02:58:49,Pending,Net Banking,Pune,Maharashtra,14315.88,2863.18,
707088,6157,2024-03-12 11:59:25,Delivered,Cash on Delivery,Patna,Bihar,18220.32,911.02,12.0
706983,6527,2022-01-01 22:37:40,Returned,Debit Card,Mumbai,Maharashtra,563859.96,28193.0,
704325,7762,2025-01-16 17:37:04,Delivered,Credit Card,Bhopal,Madhya Pradesh,13549.64,677.48,2.0
701563,7363,2026-06-04 19:13:12,Cancelled,EMI,Delhi,Delhi,85093.62,17018.72,
702887,6388,2023-01-06 20:31:07,Delivered,UPI,Patna,Bihar,121533.64,24306.73,3.0
703475,7350,2024-08-09 19:53:58,Pending,Net Banking,Pune,Maharashtra,18662.6,0.0,
700892,6706,2024-04-17 18:12:28,Delivered,Cash on Delivery,Chennai,Tamil Nadu,20085.85,4017.17,11.0
705450,7850,2024-04-24 06:17:33,Cancelled,Net Banking,Bhopal,Madhya Pradesh,15645.21,3129.04,
705284,5193,2023-12-17 21:33:32,Delivered,Debit Card,Chennai,Tamil Nadu,2699.08,0.0,10.0
703850,5310,2025-10-23 15:59:10,Delivered,Cash on Delivery,Lucknow,Uttar Pradesh,183429.84,9171.49,6.0
706538,7581,2025-05-01 06:26:48,Returned,Debit Card,Lucknow,Uttar Pradesh,4669.3,700.39,
707262,5041,2025-04-27 07:36:10,Delivered,Debit Card,Chandigarh,Chandigarh,70128.27,3506.41,5.0
701072,5392,2022-07-26 01:11:49,Returned,Cash on Delivery,Delhi,Delhi,4275.0,427.5,
704665,7444,2022-06-28 19:52:19,Delivered,Cash on Delivery,Coimbatore,Tamil Nadu,48323.67,0.0,8.0
707873,6574,2023-01-29 18:27:53,Delivered,Net Banking,Pune,Maharashtra,31004.63,4650.69,10.0
703523,7315,2024-03-03 02:02:46,Delivered,EMI,Chandigarh,Chandigarh,14788.14,739.41,1.0
700997,6789,2022-12-12 22:42:36,Pending,EMI,Nagpur,Maharashtra,7804.86,0.0,
701399,6562,2024-11-23 23:22:10,Shipped,EMI,Bangalore,Karnataka,27862.62,5572.52,
706889,5344,2024-04-01 17:12:45,Delivered,Debit Card,Kochi,Kerala,185631.34,0.0,10.0
706022,6097,2025-12-09 10:45:30,Delivered,Credit Card,Kolkata,West Bengal,213884.51,10694.23,9.0
707480,5940,2022-02-28 20:01:55,Cancelled,Cash on Delivery,Pune,Maharashtra,60897.42,9134.61,
708922,5337,2026-03-05 08:58:25,Delivered,UPI,Pune,Maharashtra,19188.44,1918.84,5.0
703546,6617,2022-07-30 23:35:38,Cancelled,Cash on Delivery,Ranchi,Jharkhand,15187.41,0.0,
702287,7649,2024-06-13 18:05:35,Delivered,EMI,Nashik,Maharashtra,351669.03,17583.45,5.0
703175,7965,2024-11-02 21:21:52,Returned,Credit Card,Mumbai,Maharashtra,45565.38,6834.81,
707545,6082,2025-07-24 13:15:44,Shipped,Credit Card,Chennai,Tamil Nadu,1364.25,0.0,
700294,7444,2023-07-29 12:15:12,Delivered,Debit Card,Hyderabad,Telangana,71516.95,3575.85,5.0
705211,7354,2025-02-25 22:49:31,Delivered,UPI,Nashik,Maharashtra,329363.0,16468.15,3.0
700982,5470,2022-09-20 22:26:16,Delivered,Debit Card,Bhopal,Madhya Pradesh,355304.44,35530.44,1.0
708306,5100,2024-03-09 10:00:40,Returned,Credit Card,Bangalore,Karnataka,178463.03,0.0,
702738,5113,2022-08-24 21:06:12,Pending,Debit Card,Nagpur,Maharashtra,66491.32,13298.26,
702241,6589,2023-04-21 06:08:10,Returned,EMI,Lucknow,Uttar Pradesh,21350.19,0.0,
707322,5284,2025-04-30 10:18:10,Returned,Debit Card,Bhopal,Madhya Pradesh,20527.54,3079.13,
702292,7659,2024-10-07 08:47:44,Pending,Net Banking,Patna,Bihar,19123.34,0.0,
708206,5095,2023-12-14 16:41:41,Pending,Net Banking,Ranchi,Jharkhand,51741.18,2587.06,
706652,5002,2024-06-15 10:41:55,Delivered,EMI,Indore,Madhya Pradesh,294034.25,58806.85,11.0
705039,5169,2026-06-06 01:41:31,Delivered,Credit Card,Ahmedabad,Gujarat,110378.28,0.0,8.0
704757,7571,2022-01-25 10:19:05,Delivered,EMI,Ahmedabad,Gujarat,127707.46,19156.12,3.0
701862,7219,2024-01-20 11:34:52,Cancelled,EMI,Surat,Gujarat,212860.39,0.0,
704188,5638,2022-09-21 06:28:13,Returned,Credit Card,Surat,Gujarat,330492.55,66098.51,
706250,7128,2024-04-10 08:25:44,Delivered,Net Banking,Lucknow,Uttar Pradesh,227077.11,22707.71,2.0
705793,5061,2022-02-11 18:11:49,Pending,Debit Card,Ahmedabad,Gujarat,2062.32,206.23,
703810,6733,2026-06-23 23:44:43,Delivered,Net Banking,Chennai,Tamil Nadu,42798.92,8559.78,11.0
708041,6496,2023-08-02 02:43:14,Cancelled,UPI,Bangalore,Karnataka,150383.02,22557.45,
706789,5865,2026-06-02 14:37:17,Shipped,Cash on Delivery,Surat,Gujarat,4293.46,214.67,
707756,6461,2023-11-30 02:45:01,Delivered,UPI,Nagpur,Maharashtra,5454.95,0.0,5.0
707385,6085,2026-05-25 03:46:19,Returned,Net Banking,Nagpur,Maharashtra,28059.24,4208.89,
702068,5511,2023-08-26 21:08:17,Pending,Net Banking,Indore,Madhya Pradesh,65421.53,0.0,
702300,6961,2024-04-26 11:33:28,Delivered,Cash on Delivery,Delhi,Delhi,4924.7,246.24,8.0
708281,7463,2025-07-23 22:04:25,Delivered,Net Banking,Nashik,Maharashtra,127500.78,19125.12,3.0
706570,5653,2025-01-28 00:08:22,Pending,Cash on Delivery,Bangalore,Karnataka,11702.36,1170.24,
704675,5948,2022-12-24 19:41:48,Delivered,Cash on Delivery,Hyderabad,Telangana,117578.83,23515.77,7.0
707047,7577,2024-07-22 03:14:54,Delivered,UPI,Nagpur,Maharashtra,167048.95,0.0,4.0
702520,5478,2024-03-21 15:53:39,Returned,UPI,Bhopal,Madhya Pradesh,10106.88,2021.38,
705941,7612,2026-07-04 03:06:43,Shipped,Credit Card,Ahmedabad,Gujarat,66151.43,13230.29,
707011,6304,2023-08-13 11:32:10,Pending,EMI,Nagpur,Maharashtra,16606.2,2490.93,
701435,6089,2023-03-21 03:48:56,Returned,EMI,Hyderabad,Telangana,3903.6,0.0,
702133,7952,2024-02-17 10:15:20,Pending,EMI,Chennai,Tamil Nadu,109862.57,5493.13,
705534,5768,2025-09-23 23:24:37,Delivered,Net Banking,Lucknow,Uttar Pradesh,4624.28,0.0,7.0
700321,6483,2024-03-18 19:45:29,Pending,Debit Card,Hyderabad,Telangana,31853.37,0.0,
701157,5888,2024-05-20 23:04:57,Shipped,UPI,Ahmedabad,Gujarat,17162.15,858.11,
708647,7556,2024-06-23 13:40:46,Delivered,Cash on Delivery,Coimbatore,Tamil Nadu,144384.97,0.0,9.0
701617,5674,2024-06-03 12:11:59,Delivered,Net Banking,Coimbatore,Tamil Nadu,61915.68,0.0,2.0
702865,6415,2023-01-31 06:55:39,Delivered,UPI,Mumbai,Maharashtra,297413.49,59482.7,12.0
705442,5113,2023-05-07 04:02:43,Shipped,Credit Card,Kochi,Kerala,262250.05,26225.01,
707348,5890,2022-09-23 15:01:02,Shipped,Credit Card,Chandigarh,Chandigarh,425586.39,85117.28,
706240,5329,2025-02-25 00:39:04,Delivered,EMI,Jaipur,Rajasthan,8266.59,0.0,2.0
703555,5621,2024-03-08 03:06:27,Delivered,Debit Card,Kochi,Kerala,13546.53,1354.65,11.0
707527,7146,2023-05-26 12:32:12,Cancelled,Cash on Delivery,Nashik,Maharashtra,30915.78,4637.37,
703628,6894,2023-06-05 19:08:39,Pending,Cash on Delivery,Chandigarh,Chandigarh,1193.13,0.0,
701189,5750,2025-05-12 06:00:32,Delivered,Cash on Delivery,Kolkata,West Bengal,1921.37,288.21,7.0
700206,6205,2025-08-12 11:29:04,Delivered,Net Banking,Hyderabad,Telangana,19386.94,0.0,1.0
701749,7033,2022-06-09 09:00:23,Delivered,Debit Card,Kolkata,West Bengal,41346.08,0.0,3.0
707471,5029,2025-07-28 10:38:10,Returned,Cash on Delivery,Bangalore,Karnataka,32529.31,3252.93,
706220,6937,2026-01-27 11:59:37,Shipped,EMI,Coimbatore,Tamil Nadu,22362.77,1118.14,
702518,6720,2025-12-15 17:15:01,Returned,UPI,Surat,Gujarat,243246.4,36486.96,
704474,6363,2022-06-26 03:37:47,Shipped,UPI,Bangalore,Karnataka,128424.28,6421.21,
704842,7097,2024-07-10 12:34:20,Delivered,Credit Card,Coimbatore,Tamil Nadu,329.22,0.0,7.0
700986,7100,2024-01-24 12:15:51,Delivered,Credit Card,Kolkata,West Bengal,590.51,88.58,3.0
700090,7300,2022-07-03 17:04:14,Shipped,Credit Card,Mumbai,Maharashtra,59661.84,5966.18,
704102,6051,2023-05-04 17:50:35,Returned,Credit Card,Indore,Madhya Pradesh,48433.6,7265.04,
705970,6076,2025-12-16 21:15:20,Pending,Debit Card,Indore,Madhya Pradesh,62842.21,12568.44,
708561,5866,2024-04-05 02:41:07,Shipped,UPI,Lucknow,Uttar Pradesh,36769.53,0.0,
700347,7273,2025-09-26 19:57:55,Delivered,UPI,Ahmedabad,Gujarat,11272.34,2254.47,9.0
703871,7215,2026-03-14 17:40:06,Pending,Net Banking,Kolkata,West Bengal,2361.86,236.19,
704858,6132,2022-02-21 06:57:29,Shipped,Credit Card,Kolkata,West Bengal,342202.72,0.0,
705916,7247,2026-06-26 01:24:12,Returned,Cash on Delivery,Mumbai,Maharashtra,31554.24,0.0,
707874,5234,2024-07-02 16:19:24,Delivered,Cash on Delivery,Nashik,Maharashtra,29721.03,4458.15,5.0
705083,7367,2024-04-21 01:25:18,Pending,UPI,Patna,Bihar,478804.51,0.0,
705655,6782,2024-08-25 22:21:43,Delivered,UPI,Lucknow,Uttar Pradesh,32757.5,1637.88,9.0
704229,6014,2025-08-08 18:03:24,Delivered,Cash on Delivery,Bhopal,Madhya Pradesh,20418.27,1020.91,12.0
703639,5078,2022-03-16 16:30:03,Cancelled,Cash on Delivery,Pune,Maharashtra,106827.2,0.0,
702187,7814,2023-05-13 08:20:30,Delivered,EMI,Kochi,Kerala,20892.27,3133.84,1.0
707565,7865,2025-03-10 04:12:15,Delivered,EMI,Indore,Madhya Pradesh,20965.82,0.0,11.0
705656,5146,2026-06-28 09:09:06,Delivered,Credit Card,Lucknow,Uttar Pradesh,2656.56,531.31,9.0
700873,6261,2025-08-25 03:59:37,Delivered,Credit Card,Bangalore,Karnataka,38873.48,3887.35,10.0
703987,6226,2023-07-12 16:31:40,Returned,Debit Card,Nashik,Maharashtra,301350.24,30135.02,
705242,5411,2025-03-05 06:25:45,Returned,UPI,Pune,Maharashtra,282228.08,42334.21,
704452,5516,2024-08-18 06:36:57,Returned,Credit Card,Kochi,Kerala,34022.0,3402.2,
700706,7049,2022-04-07 12:18:17,Shipped,Cash on Delivery,Pune,Maharashtra,2919.24,437.89,
706337,6654,2025-09-12 02:13:19,Shipped,Debit Card,Ranchi,Jharkhand,13735.13,0.0,
704830,7926,2022-10-02 23:10:48,Delivered,EMI,Coimbatore,Tamil Nadu,83163.5,0.0,7.0
704096,6260,2024-01-10 22:26:14,Pending,EMI,Nagpur,Maharashtra,197507.92,29626.19,
707957,6213,2023-06-15 12:13:45,Pending,Debit Card,Ahmedabad,Gujarat,65354.99,0.0,
707128,7370,2023-02-07 02:15:50,Shipped,UPI,Chandigarh,Chandigarh,6670.42,333.52,
705718,7280,2025-10-15 02:57:40,Shipped,Cash on Delivery,Lucknow,Uttar Pradesh,108951.89,0.0,
708923,7115,2025-05-24 21:47:02,Delivered,Cash on Delivery,Mumbai,Maharashtra,158311.09,0.0,12.0
706376,5529,2024-01-17 13:10:35,Shipped,UPI,Lucknow,Uttar Pradesh,13750.84,2062.63,
707740,7139,2022-05-26 06:24:21,Returned,Debit Card,Mumbai,Maharashtra,18828.41,941.42,
707732,7961,2023-08-29 15:15:34,Shipped,Cash on Delivery,Bhopal,Madhya Pradesh,1285.6,64.28,
705699,7764,2025-09-09 22:38:57,Delivered,Cash on Delivery,Coimbatore,Tamil Nadu,263713.16,52742.63,10.0
702371,6721,2026-02-15 00:55:01,Pending,Cash on Delivery,Ahmedabad,Gujarat,503085.06,0.0,
700740,7497,2025-05-29 20:59:47,Cancelled,Credit Card,Jaipur,Rajasthan,113153.96,16973.09,
703116,5860,2024-01-24 08:28:53,Delivered,Debit Card,Chennai,Tamil Nadu,13551.96,677.6,3.0
706606,5752,2023-11-22 13:27:49,Delivered,Net Banking,Kochi,Kerala,12903.23,645.16,11.0
706465,6031,2023-11-28 13:18:42,Pending,UPI,Bhopal,Madhya Pradesh,114270.97,22854.19,
707748,6258,2025-06-09 22:31:48,Cancelled,UPI,Ranchi,Jharkhand,269784.34,53956.87,
702801,6454,2024-07-13 23:34:36,Shipped,Credit Card,Chandigarh,Chandigarh,52769.88,0.0,
707595,7585,2022-02-18 13:55:32,Returned,Credit Card,Pune,Maharashtra,41077.6,0.0,
708934,5298,2026-01-26 18:55:30,Pending,Net Banking,Pune,Maharashtra,13604.09,0.0,
703582,6090,2022-11-05 12:36:22,Returned,Debit Card,Lucknow,Uttar Pradesh,122693.32,0.0,
705863,7734,2022-08-23 17:45:00,Delivered,Credit Card,Bangalore,Karnataka,77899.12,0.0,5.0
707609,7033,2022-02-01 02:17:32,Delivered,UPI,Jaipur,Rajasthan,511.4,0.0,1.0
701001,6236,2023-01-22 14:28:03,Delivered,Debit Card,Mumbai,Maharashtra,513246.53,51324.65,3.0
704206,6026,2024-03-09 00:38:45,Shipped,Cash on Delivery,Chandigarh,Chandigarh,9410.32,941.03,
702855,5878,2023-02-12 00:02:05,Cancelled,EMI,Patna,Bihar,13592.64,1359.26,
703424,6473,2025-08-03 07:37:01,Shipped,Cash on Delivery,Nagpur,Maharashtra,208275.42,0.0,
701380,5638,2024-09-29 22:08:05,Returned,EMI,Ahmedabad,Gujarat,178797.7,8939.89,
700147,6428,2023-05-13 00:40:51,Shipped,Cash on Delivery,Chandigarh,Chandigarh,16102.01,805.1,
706315,5405,2023-05-10 02:54:36,Returned,Net Banking,Nashik,Maharashtra,119131.58,0.0,
702906,6474,2024-12-24 08:29:06,Delivered,Credit Card,Nagpur,Maharashtra,64782.91,3239.15,6.0
703256,7170,2022-12-06 23:54:15,Delivered,UPI,Nashik,Maharashtra,9979.32,0.0,6.0
706522,5463,2024-10-14 17:25:48,Returned,Net Banking,Ranchi,Jharkhand,4484.8,0.0,
704019,5860,2023-11-08 00:17:16,Delivered,Net Banking,Coimbatore,Tamil Nadu,16649.56,2497.43,3.0
703995,6548,2025-07-05 16:44:23,Cancelled,Debit Card,Bhopal,Madhya Pradesh,25150.76,3772.61,
701849,7592,2023-07-28 21:58:28,Delivered,EMI,Nashik,Maharashtra,41324.63,8264.93,4.0
708585,7975,2023-01-18 17:17:20,Pending,UPI,Pune,Maharashtra,33090.74,0.0,
707357,7968,2026-05-08 12:34:16,Delivered,Net Banking,Kolkata,West Bengal,1912.08,95.6,6.0
702571,7006,2024-02-21 05:23:06,Delivered,EMI,Coimbatore,Tamil Nadu,1561.69,312.34,3.0
704883,6435,2023-03-25 21:57:08,Returned,Credit Card,Kolkata,West Bengal,37973.15,7594.63,
707998,5545,2022-11-14 22:59:09,Delivered,Debit Card,Surat,Gujarat,37498.94,7499.79,2.0
704287,6442,2025-01-23 22:31:10,Pending,UPI,Mumbai,Maharashtra,11124.38,2224.88,
701419,6912,2026-05-25 15:55:37,Returned,Net Banking,Nashik,Maharashtra,15170.5,0.0,
704773,6707,2025-04-26 21:41:38,Returned,UPI,Chennai,Tamil Nadu,61855.99,0.0,
707935,5907,2024-03-22 14:00:17,Delivered,Cash on Delivery,Indore,Madhya Pradesh,72643.72,14528.74,12.0
702260,5495,2024-08-08 01:33:58,Delivered,Net Banking,Hyderabad,Telangana,33402.99,0.0,3.0
700409,5243,2022-09-10 14:07:38,Cancelled,Credit Card,Delhi,Delhi,199266.3,19926.63,
700920,5643,2023-08-06 02:11:52,Delivered,EMI,Ranchi,Jharkhand,22523.7,4504.74,1.0
701185,7030,2026-01-22 04:36:40,Delivered,Debit Card,Pune,Maharashtra,660.3,0.0,3.0
707622,6874,2023-12-22 14:50:58,Returned,Net Banking,Lucknow,Uttar Pradesh,551878.89,0.0,
705563,5127,2022-08-10 19:33:03,Delivered,Net Banking,Nashik,Maharashtra,154331.98,15433.2,7.0
706985,5508,2025-10-05 06:07:45,Delivered,Net Banking,Kolkata,West Bengal,5892.05,0.0,6.0
707370,6221,2026-01-30 04:44:54,Pending,Debit Card,Mumbai,Maharashtra,1582.89,79.14,
706532,6748,2024-10-25 01:58:04,Returned,Credit Card,Coimbatore,Tamil Nadu,52753.35,7913.0,
700940,6018,2022-09-03 22:53:12,Shipped,Credit Card,Surat,Gujarat,29930.48,5986.1,
705629,5808,2024-08-19 19:02:05,Shipped,Credit Card,Hyderabad,Telangana,51695.53,7754.33,
706990,6217,2022-03-14 11:30:27,Delivered,Cash on Delivery,Bangalore,Karnataka,60503.25,6050.33,10.0
707347,7658,2024-10-29 02:48:37,Shipped,EMI,Surat,Gujarat,3958.3,0.0,
705939,5196,2023-06-28 15:08:49,Delivered,UPI,Ahmedabad,Gujarat,9800.83,490.04,2.0
704115,5017,2022-06-08 06:16:16,Delivered,EMI,Ahmedabad,Gujarat,10208.58,2041.72,1.0
707159,5398,2026-04-09 19:57:30,Returned,UPI,Ranchi,Jharkhand,154373.12,7718.66,
706080,6308,2025-04-07 02:53:51,Pending,Debit Card,Mumbai,Maharashtra,114290.42,11429.04,
702402,5892,2026-01-12 10:23:01,Cancelled,Debit Card,Indore,Madhya Pradesh,394938.72,59240.81,
707754,7383,2025-09-24 08:14:32,Delivered,Net Banking,Hyderabad,Telangana,179498.12,8974.91,7.0
703442,7777,2022-02-12 05:26:10,Delivered,EMI,Delhi,Delhi,3622.14,0.0,7.0
707220,5443,2023-04-26 05:42:49,Pending,Cash on Delivery,Bhopal,Madhya Pradesh,153300.59,7665.03,
703521,7903,2024-04-19 14:08:44,Cancelled,EMI,Patna,Bihar,21436.55,4287.31,
700696,5786,2023-02-21 21:27:37,Delivered,Net Banking,Nagpur,Maharashtra,41138.24,2056.91,9.0
706424,7855,2024-03-21 09:18:23,Delivered,Credit Card,Lucknow,Uttar Pradesh,23336.95,2333.7,3.0
707111,5483,2023-03-26 13:21:37,Cancelled,EMI,Surat,Gujarat,64521.0,0.0,
707087,6048,2026-06-26 06:49:52,Delivered,Cash on Delivery,Coimbatore,Tamil Nadu,4859.18,728.88,9.0
708444,6422,2026-05-28 13:08:25,Delivered,EMI,Kochi,Kerala,316876.27,0.0,4.0
701077,7834,2024-11-04 05:43:42,Delivered,UPI,Ahmedabad,Gujarat,26734.32,2673.43,10.0
707099,6093,2024-06-15 05:11:12,Pending,Cash on Delivery,Kochi,Kerala,27763.44,2776.34,
707275,7275,2024-12-30 04:50:58,Delivered,EMI,Lucknow,Uttar Pradesh,852.32,127.85,7.0
703753,6556,2022-06-29 02:23:02,Pending,Net Banking,Chandigarh,Chandigarh,10076.82,1007.68,
700587,7699,2024-10-31 06:11:36,Cancelled,Net Banking,Nagpur,Maharashtra,4267.13,213.36,
701994,7284,2023-06-10 07:50:19,Delivered,EMI,Kolkata,West Bengal,827.7,0.0,12.0
708882,6098,2024-04-23 20:09:57,Pending,UPI,Chandigarh,Chandigarh,66436.96,0.0,
701348,7449,2024-06-10 00:35:30,Cancelled,Cash on Delivery,Bhopal,Madhya Pradesh,11239.52,0.0,
700624,7507,2026-07-16 09:53:39,Returned,Credit Card,Nagpur,Maharashtra,16070.01,0.0,
704288,6161,2022-06-20 13:35:17,Delivered,Net Banking,Nashik,Maharashtra,145613.34,7280.67,7.0
707214,5895,2025-03-18 01:50:06,Shipped,Credit Card,Coimbatore,Tamil Nadu,48492.36,4849.24,
704535,5318,2022-04-19 08:40:45,Delivered,Net Banking,Ranchi,Jharkhand,1336.73,0.0,9.0
700635,5053,2024-03-14 16:35:25,Delivered,Net Banking,Hyderabad,Telangana,28800.79,0.0,9.0
703759,7075,2022-01-27 07:00:15,Delivered,Debit Card,Jaipur,Rajasthan,125619.15,6280.96,4.0
702898,5642,2025-04-18 21:50:59,Shipped,UPI,Nashik,Maharashtra,2736.64,547.33,
701914,6383,2025-08-13 13:36:04,Delivered,Cash on Delivery,Delhi,Delhi,92993.09,0.0,3.0
706926,5995,2026-05-31 05:15:19,Shipped,Net Banking,Chennai,Tamil Nadu,81371.55,8137.16,
704728,7531,2022-08-15 16:28:34,Delivered,Credit Card,Kolkata,West Bengal,57364.4,0.0,10.0
706244,6953,2024-01-11 00:42:19,Delivered,EMI,Jaipur,Rajasthan,26114.15,3917.12,4.0
701763,7447,2025-09-21 08:36:57,Delivered,Debit Card,Nashik,Maharashtra,10263.19,1026.32,3.0
707598,7146,2023-03-19 05:43:50,Shipped,UPI,Kolkata,West Bengal,180472.71,36094.54,
707283,6089,2025-01-02 17:57:56,Delivered,UPI,Indore,Madhya Pradesh,19942.12,0.0,3.0
704510,5423,2025-12-02 09:59:04,Delivered,Net Banking,Ahmedabad,Gujarat,18227.38,2734.11,10.0
701235,5106,2026-03-06 04:31:14,Cancelled,Credit Card,Bangalore,Karnataka,94026.79,0.0,
703696,5141,2024-07-18 10:30:54,Pending,UPI,Pune,Maharashtra,295100.23,14755.01,
707202,5996,2022-01-22 07:57:44,Returned,UPI,Lucknow,Uttar Pradesh,6519.72,0.0,
708968,5605,2024-06-12 20:01:06,Returned,Credit Card,Jaipur,Rajasthan,6340.76,0.0,
703624,6640,2023-07-19 08:57:46,Delivered,UPI,Bangalore,Karnataka,7435.05,371.75,11.0
702132,7945,2026-08-04 21:34:23,Delivered,UPI,Coimbatore,Tamil Nadu,31432.36,1571.62,8.0
702422,6804,2024-10-03 16:49:44,Delivered,UPI,Indore,Madhya Pradesh,3409.79,511.47,2.0
707150,5561,2024-09-28 11:29:16,Delivered,EMI,Lucknow,Uttar Pradesh,208491.45,0.0,3.0
707386,6264,2023-10-15 13:54:29,Delivered,EMI,Lucknow,Uttar Pradesh,37968.9,5695.34,10.0
702493,7404,2024-05-19 14:29:08,Delivered,Credit Card,Mumbai,Maharashtra,22468.72,0.0,11.0
702229,5279,2025-05-26 03:58:43,Shipped,Net Banking,Bhopal,Madhya Pradesh,115284.49,5764.22,
706432,5786,2024-04-23 19:23:20,Pending,Net Banking,Coimbatore,Tamil Nadu,9100.61,0.0,
706950,5455,2025-07-28 04:16:16,Delivered,EMI,Nashik,Maharashtra,184089.73,36817.95,5.0
708468,6875,2025-02-25 13:43:04,Delivered,UPI,Jaipur,Rajasthan,283577.01,28357.7,8.0
705223,7111,2024-11-16 23:38:50,Pending,Cash on Delivery,Ahmedabad,Gujarat,9253.82,0.0,
704570,6181,2023-10-25 14:07:16,Delivered,Credit Card,Jaipur,Rajasthan,4007.04,200.35,6.0
708271,5324,2022-07-02 00:59:08,Shipped,Cash on Delivery,Delhi,Delhi,55302.15,0.0,
708006,7800,2026-02-27 17:21:14,Delivered,Net Banking,Nagpur,Maharashtra,33379.28,6675.86,5.0
707222,5981,2025-12-21 02:17:06,Delivered,Credit Card,Kolkata,West Bengal,163152.21,0.0,5.0
702082,7537,2022-01-25 11:00:15,Cancelled,Credit Card,Bhopal,Madhya Pradesh,200637.63,20063.76,
700861,7751,2023-06-09 23:12:50,Returned,Cash on Delivery,Chennai,Tamil Nadu,4127.96,206.4,
704465,7581,2023-06-28 13:09:52,Pending,Debit Card,Lucknow,Uttar Pradesh,88734.24,0.0,
708343,7947,2025-07-22 04:43:29,Delivered,UPI,Hyderabad,Telangana,8507.55,0.0,11.0
703176,5074,2025-12-12 10:33:22,Delivered,Cash on Delivery,Lucknow,Uttar Pradesh,8084.79,808.48,6.0
702182,7007,2022-09-20 08:39:02,Delivered,Cash on Delivery,Nagpur,Maharashtra,268042.88,13402.14,6.0
706028,6107,2025-09-19 09:10:01,Cancelled,Cash on Delivery,Kolkata,West Bengal,4147.95,414.8,
700291,6254,2023-03-28 13:45:45,Returned,UPI,Nagpur,Maharashtra,55682.11,2784.11,
700299,6737,2024-07-14 01:05:41,Delivered,Credit Card,Nashik,Maharashtra,2108.12,0.0,9.0
702956,7424,2023-02-09 02:23:01,Pending,Cash on Delivery,Pune,Maharashtra,292210.94,14610.55,
702130,5470,2022-03-14 06:50:29,Delivered,Credit Card,Coimbatore,Tamil Nadu,5454.95,545.5,6.0
705390,6638,2025-04-11 09:31:39,Delivered,Net Banking,Patna,Bihar,6513.7,0.0,12.0
700065,6672,2025-02-26 10:33:04,Delivered,UPI,Chennai,Tamil Nadu,93432.14,9343.21,9.0
704136,7699,2025-12-12 02:29:47,Delivered,EMI,Bangalore,Karnataka,107062.41,0.0,10.0
702767,5107,2023-12-27 04:00:29,Delivered,UPI,Chennai,Tamil Nadu,30581.63,3058.16,5.0
707830,7223,2023-11-22 18:41:50,Delivered,Credit Card,Coimbatore,Tamil Nadu,138381.3,13838.13,4.0
701487,5032,2026-01-31 22:16:02,Pending,Net Banking,Hyderabad,Telangana,141727.57,21259.14,
703135,6061,2025-05-17 20:16:32,Delivered,UPI,Nagpur,Maharashtra,14546.32,0.0,2.0
706806,7578,2025-12-14 07:50:45,Shipped,Net Banking,Jaipur,Rajasthan,89806.12,0.0,
700125,7112,2025-08-03 06:28:11,Pending,EMI,Delhi,Delhi,241498.72,0.0,
708459,5260,2024-06-20 06:33:44,Shipped,EMI,Ahmedabad,Gujarat,225062.12,33759.32,
706970,7954,2023-03-04 14:18:55,Delivered,UPI,Indore,Madhya Pradesh,38416.63,5762.49,7.0
701616,7555,2026-07-10 00:50:05,Cancelled,Net Banking,Nashik,Maharashtra,108753.19,5437.66,
708559,7824,2022-07-08 16:50:28,Returned,Credit Card,Lucknow,Uttar Pradesh,19736.37,0.0,
706013,6240,2024-11-04 08:42:06,Delivered,Credit Card,Lucknow,Uttar Pradesh,216417.46,32462.62,2.0
708944,5807,2023-05-14 21:01:18,Delivered,UPI,Chandigarh,Chandigarh,23085.58,2308.56,4.0
700252,6335,2025-04-07 12:14:20,Cancelled,Cash on Delivery,Chandigarh,Chandigarh,46123.32,0.0,
700367,7854,2023-11-06 16:34:24,Shipped,Credit Card,Bhopal,Madhya Pradesh,15591.94,3118.39,
708126,5135,2023-10-06 10:26:38,Delivered,Credit Card,Bhopal,Madhya Pradesh,4704.91,235.25,2.0
708287,6330,2025-03-05 22:24:47,Returned,Cash on Delivery,Bhopal,Madhya Pradesh,8855.67,0.0,
702605,6601,2026-03-10 23:31:00,Returned,Cash on Delivery,Nashik,Maharashtra,1249.56,0.0,
708328,5442,2026-01-14 14:33:18,Pending,Debit Card,Hyderabad,Telangana,264412.11,0.0,
700391,6131,2023-03-25 13:29:36,Returned,Net Banking,Coimbatore,Tamil Nadu,69637.77,3481.89,
700451,6597,2024-12-26 08:39:58,Delivered,Debit Card,Nashik,Maharashtra,534654.61,0.0,9.0
706615,5411,2026-07-18 13:58:07,Delivered,UPI,Nashik,Maharashtra,47062.31,9412.46,11.0
703909,6183,2025-08-05 21:06:54,Cancelled,Debit Card,Lucknow,Uttar Pradesh,216637.92,0.0,
704599,5444,2026-04-27 19:00:26,Delivered,Cash on Delivery,Bangalore,Karnataka,59621.74,5962.17,8.0
701255,6211,2024-07-26 05:58:01,Shipped,Debit Card,Coimbatore,Tamil Nadu,59068.36,11813.67,
703085,5577,2023-12-23 15:28:35,Shipped,UPI,Surat,Gujarat,29932.53,4489.88,
704095,5825,2025-03-15 07:08:13,Shipped,EMI,Nashik,Maharashtra,165377.26,33075.45,
702816,7652,2024-08-24 21:35:47,Pending,UPI,Jaipur,Rajasthan,17984.09,1798.41,
700285,7487,2025-08-01 16:12:44,Pending,Credit Card,Jaipur,Rajasthan,60966.74,9145.01,
702121,5684,2025-05-14 07:55:07,Delivered,Credit Card,Bangalore,Karnataka,27454.87,0.0,8.0
703959,7768,2024-01-25 07:16:43,Cancelled,Credit Card,Ahmedabad,Gujarat,166113.74,0.0,
706772,6208,2023-05-13 18:20:05,Delivered,Cash on Delivery,Bhopal,Madhya Pradesh,95946.23,0.0,10.0
704944,5886,2022-02-21 19:57:56,Cancelled,Debit Card,Nagpur,Maharashtra,17124.3,3424.86,
708150,6726,2024-04-16 15:19:08,Shipped,Debit Card,Ranchi,Jharkhand,24444.88,4888.98,
705051,7431,2023-06-25 13:06:53,Pending,UPI,Hyderabad,Telangana,15093.54,2264.03,
706796,5079,2023-07-10 06:25:47,Delivered,EMI,Surat,Gujarat,778.8,38.94,1.0
707544,6943,2022-09-27 22:55:03,Delivered,Credit Card,Kochi,Kerala,3494.36,349.44,1.0
704453,7505,2023-08-21 02:24:00,Delivered,Credit Card,Kolkata,West Bengal,97070.97,4853.55,10.0
702822,5354,2022-05-12 22:46:44,Shipped,Net Banking,Delhi,Delhi,18877.65,943.88,
703994,6310,2024-04-28 02:01:52,Returned,EMI,Pune,Maharashtra,32655.12,0.0,
703877,5332,2025-10-23 20:09:06,Pending,Net Banking,Jaipur,Rajasthan,145996.42,0.0,
702061,6091,2022-12-20 10:38:02,Delivered,Cash on Delivery,Delhi,Delhi,57110.48,5711.05,12.0
708060,5026,2025-08-14 07:35:50,Delivered,UPI,Indore,Madhya Pradesh,1085.36,54.27,2.0
700279,5483,2026-03-21 13:51:53,Shipped,UPI,Chennai,Tamil Nadu,10851.85,542.59,
703313,5568,2026-05-22 06:36:10,Pending,EMI,Bhopal,Madhya Pradesh,67300.94,3365.05,
701217,7994,2022-10-19 07:33:29,Delivered,Credit Card,Indore,Madhya Pradesh,21819.8,0.0,6.0
700735,6737,2022-02-07 12:24:21,Delivered,Cash on Delivery,Bangalore,Karnataka,265421.56,0.0,9.0
701729,7425,2024-10-20 03:53:55,Delivered,UPI,Ranchi,Jharkhand,1978.54,197.85,5.0
702384,6368,2025-02-04 14:44:56,Shipped,EMI,Hyderabad,Telangana,209314.51,0.0,
702957,5784,2024-04-01 05:33:20,Returned,EMI,Chennai,Tamil Nadu,18612.44,1861.24,
708389,6679,2025-02-23 12:14:19,Cancelled,UPI,Coimbatore,Tamil Nadu,275054.83,55010.97,
701120,5203,2024-04-20 10:33:17,Delivered,Net Banking,Coimbatore,Tamil Nadu,41251.78,4125.18,6.0
705867,7606,2023-06-02 10:19:18,Delivered,Net Banking,Indore,Madhya Pradesh,16978.65,2546.8,7.0
706821,7087,2026-03-26 12:40:10,Pending,Debit Card,Mumbai,Maharashtra,7296.98,729.7,
707349,7108,2022-08-24 23:41:39,Delivered,Cash on Delivery,Delhi,Delhi,66164.54,0.0,10.0
704277,5185,2022-05-23 09:19:16,Delivered,EMI,Kochi,Kerala,14917.3,2983.46,1.0
701143,7206,2022-06-20 04:49:05,Delivered,UPI,Bhopal,Madhya Pradesh,152556.98,7627.85,11.0
705221,7654,2024-12-15 21:15:29,Cancelled,UPI,Nashik,Maharashtra,316495.42,0.0,
701122,5322,2022-08-20 03:39:59,Delivered,UPI,Bhopal,Madhya Pradesh,2402.55,480.51,7.0
704648,7779,2022-01-08 17:59:19,Shipped,UPI,Nashik,Maharashtra,17963.86,0.0,
708726,7226,2022-05-29 04:16:18,Delivered,Cash on Delivery,Nashik,Maharashtra,37988.27,1899.41,11.0
704320,6827,2023-11-22 13:09:06,Pending,Credit Card,Delhi,Delhi,301208.54,0.0,
706847,6411,2023-11-29 08:59:36,Delivered,Debit Card,Mumbai,Maharashtra,45293.42,0.0,10.0
701119,5046,2026-02-12 03:15:54,Returned,EMI,Lucknow,Uttar Pradesh,23208.92,1160.45,
700022,5953,2026-03-27 07:12:45,Cancelled,Credit Card,Chandigarh,Chandigarh,44536.18,0.0,
704424,5979,2024-03-18 22:22:26,Delivered,Net Banking,Hyderabad,Telangana,41587.22,0.0,7.0
708565,6597,2022-11-01 21:58:41,Delivered,UPI,Chandigarh,Chandigarh,8570.66,857.07,9.0
701125,6165,2023-11-17 22:02:08,Pending,UPI,Bhopal,Madhya Pradesh,127546.45,0.0,
704381,7471,2024-01-04 06:40:06,Delivered,UPI,Chennai,Tamil Nadu,42979.62,2148.98,8.0
700809,7821,2022-08-12 03:59:35,Pending,EMI,Bangalore,Karnataka,18139.6,0.0,
700794,6434,2025-01-21 03:07:26,Pending,EMI,Delhi,Delhi,18937.79,1893.78,
703483,7722,2024-03-16 08:56:12,Shipped,Net Banking,Kochi,Kerala,3785.76,189.29,
706252,5202,2026-07-19 19:41:23,Delivered,Credit Card,Delhi,Delhi,21462.18,0.0,11.0
700242,5214,2024-12-23 07:26:44,Delivered,Debit Card,Mumbai,Maharashtra,68929.16,0.0,10.0
703498,6533,2025-04-22 16:43:53,Shipped,UPI,Lucknow,Uttar Pradesh,1022.2,51.11,
701314,5154,2024-09-02 11:38:42,Delivered,EMI,Ranchi,Jharkhand,449957.94,67493.69,10.0
708945,6628,2025-12-17 17:49:41,Delivered,UPI,Nashik,Maharashtra,25316.3,0.0,10.0
703932,6247,2025-02-23 18:29:29,Returned,Cash on Delivery,Mumbai,Maharashtra,53847.06,0.0,
704721,6144,2025-10-31 08:57:45,Delivered,UPI,Chandigarh,Chandigarh,2108.12,210.81,8.0
700056,5235,2023-04-12 23:27:07,Pending,Net Banking,Kolkata,West Bengal,5963.56,596.36,
703548,6994,2024-02-08 09:04:53,Delivered,UPI,Kolkata,West Bengal,234733.67,35210.05,1.0
700452,6516,2025-08-24 15:55:20,Shipped,UPI,Surat,Gujarat,61227.55,12245.51,
701578,5709,2023-08-29 17:14:45,Returned,EMI,Indore,Madhya Pradesh,21640.22,2164.02,
705391,7560,2025-07-29 08:08:54,Delivered,Net Banking,Bhopal,Madhya Pradesh,16972.05,2545.81,6.0
700900,7913,2024-05-20 20:39:27,Delivered,Cash on Delivery,Surat,Gujarat,13764.34,0.0,3.0
700753,6818,2024-10-18 15:46:07,Shipped,EMI,Coimbatore,Tamil Nadu,42873.65,0.0,
706189,7351,2026-01-06 09:02:33,Shipped,Cash on Delivery,Kochi,Kerala,61146.46,6114.65,
707767,6608,2022-02-28 10:36:35,Delivered,EMI,Ranchi,Jharkhand,2547.58,0.0,12.0
702456,7165,2025-11-18 14:00:13,Cancelled,Debit Card,Mumbai,Maharashtra,292635.97,14631.8,
703511,6904,2022-11-08 17:11:41,Pending,Net Banking,Surat,Gujarat,1579.41,78.97,
707203,7147,2023-06-14 17:42:38,Delivered,Credit Card,Kochi,Kerala,981.96,0.0,12.0
701477,6220,2025-08-13 00:49:38,Delivered,Credit Card,Surat,Gujarat,44828.15,4482.82,5.0
707712,5753,2023-07-22 14:32:15,Cancelled,Cash on Delivery,Pune,Maharashtra,52300.38,0.0,
707027,6765,2022-12-12 17:14:41,Returned,Cash on Delivery,Chennai,Tamil Nadu,39922.23,3992.22,
701514,7991,2025-02-15 20:08:08,Delivered,Credit Card,Mumbai,Maharashtra,53868.35,8080.25,4.0
703265,6967,2025-12-13 18:06:34,Delivered,Credit Card,Coimbatore,Tamil Nadu,3283.32,328.33,12.0
700778,7347,2022-01-07 08:38:42,Delivered,EMI,Bhopal,Madhya Pradesh,60046.03,12009.21,5.0
704220,7839,2023-09-17 12:36:23,Pending,EMI,Patna,Bihar,12536.48,626.82,
703646,5801,2024-07-02 06:53:35,Delivered,Credit Card,Chennai,Tamil Nadu,3883.74,776.75,1.0
708494,6120,2025-10-23 00:04:38,Delivered,UPI,Jaipur,Rajasthan,267935.58,53587.12,4.0
702254,7700,2025-11-30 01:29:12,Shipped,Net Banking,Chennai,Tamil Nadu,43202.3,6480.34,
706534,6895,2024-08-18 21:43:03,Pending,Net Banking,Ranchi,Jharkhand,187065.27,9353.26,
702385,5979,2025-08-30 01:47:15,Delivered,Debit Card,Nashik,Maharashtra,159521.85,15952.19,2.0
706607,5361,2025-07-20 18:58:12,Delivered,Net Banking,Kochi,Kerala,168898.17,25334.73,3.0
705832,5784,2025-11-05 12:56:39,Delivered,UPI,Indore,Madhya Pradesh,32586.04,6517.21,2.0
701609,7681,2025-10-19 21:56:54,Cancelled,Net Banking,Bangalore,Karnataka,5052.83,0.0,
703648,5928,2023-04-01 02:25:13,Pending,UPI,Mumbai,Maharashtra,143212.55,28642.51,
706563,7615,2022-05-17 08:58:15,Delivered,Debit Card,Bhopal,Madhya Pradesh,52128.93,7819.34,3.0
708670,5068,2022-01-19 02:54:13,Delivered,UPI,Chennai,Tamil Nadu,35324.26,1766.21,6.0
703254,6666,2022-05-14 19:28:16,Delivered,Net Banking,Indore,Madhya Pradesh,47981.1,4798.11,11.0
706802,7256,2023-04-11 21:16:12,Pending,Debit Card,Indore,Madhya Pradesh,24700.41,0.0,
707752,6564,2023-10-03 21:53:47,Cancelled,Debit Card,Chennai,Tamil Nadu,42364.17,4236.42,
708428,5488,2023-01-19 03:44:17,Delivered,UPI,Hyderabad,Telangana,75804.77,0.0,7.0
705002,5821,2023-09-29 14:52:28,Delivered,EMI,Lucknow,Uttar Pradesh,46525.69,0.0,1.0
707395,6830,2024-01-03 12:32:07,Delivered,EMI,Kolkata,West Bengal,469430.51,70414.58,5.0
703033,6807,2025-03-26 11:25:52,Cancelled,Cash on Delivery,Kolkata,West Bengal,346785.65,69357.13,
705437,6662,2026-05-12 03:05:48,Delivered,Net Banking,Kolkata,West Bengal,593.64,29.68,2.0
701262,6547,2023-01-04 20:00:49,Cancelled,Debit Card,Bangalore,Karnataka,186613.21,37322.64,
708963,7981,2023-10-12 02:30:38,Shipped,Net Banking,Coimbatore,Tamil Nadu,9028.5,451.43,
705585,6856,2022-02-19 21:04:43,Cancelled,Credit Card,Ranchi,Jharkhand,296785.56,59357.11,
700649,5183,2024-11-08 15:42:36,Pending,EMI,Patna,Bihar,1928.4,289.26,
701115,7297,2024-07-24 14:37:13,Delivered,EMI,Bhopal,Madhya Pradesh,142316.06,0.0,2.0
703794,7308,2025-12-21 02:42:39,Delivered,Debit Card,Patna,Bihar,627.44,0.0,10.0
706138,5492,2024-09-26 13:20:26,Pending,Debit Card,Bhopal,Madhya Pradesh,16909.88,845.49,
702894,6560,2023-12-11 08:45:05,Delivered,EMI,Nashik,Maharashtra,55941.36,11188.27,9.0
705551,6222,2024-08-15 23:40:27,Delivered,Credit Card,Surat,Gujarat,56049.41,0.0,2.0
705412,5904,2022-11-18 06:35:22,Cancelled,Net Banking,Indore,Madhya Pradesh,20496.65,3074.5,
707308,6785,2022-12-30 14:30:49,Delivered,EMI,Kochi,Kerala,16814.28,0.0,7.0
704537,6238,2026-06-29 01:49:33,Returned,Credit Card,Nashik,Maharashtra,78474.37,0.0,
704914,7765,2024-01-02 01:59:21,Returned,Credit Card,Indore,Madhya Pradesh,350762.4,17538.12,
706519,6323,2024-12-28 16:27:10,Delivered,UPI,Patna,Bihar,90593.71,9059.37,9.0
703072,5133,2024-03-02 23:52:31,Cancelled,Debit Card,Indore,Madhya Pradesh,251215.77,37682.37,
702446,6094,2025-07-11 01:54:44,Cancelled,EMI,Lucknow,Uttar Pradesh,139441.24,0.0,
704249,6812,2025-05-29 03:45:26,Shipped,Net Banking,Pune,Maharashtra,10500.62,0.0,
707961,7158,2022-02-25 13:53:13,Delivered,EMI,Bangalore,Karnataka,21819.8,1090.99,12.0
704693,6562,2023-08-10 06:01:37,Returned,Credit Card,Pune,Maharashtra,20249.89,3037.48,
700688,5637,2024-10-26 02:15:18,Delivered,Net Banking,Chennai,Tamil Nadu,18537.58,2780.64,11.0
703501,6552,2026-05-21 19:59:23,Pending,UPI,Coimbatore,Tamil Nadu,40399.77,0.0,
704672,6283,2022-04-10 21:21:32,Delivered,Cash on Delivery,Pune,Maharashtra,45939.61,2296.98,6.0
701480,5847,2025-04-23 06:13:56,Delivered,Net Banking,Ahmedabad,Gujarat,11851.98,592.6,6.0
706871,5494,2022-01-01 07:42:09,Delivered,UPI,Nagpur,Maharashtra,571.25,114.25,5.0
701447,5329,2025-03-24 19:11:51,Returned,Net Banking,Kochi,Kerala,77178.59,11576.79,
706863,7113,2026-06-09 09:07:50,Delivered,UPI,Jaipur,Rajasthan,146934.76,7346.74,11.0
706401,7460,2023-04-13 13:39:12,Delivered,Cash on Delivery,Bhopal,Madhya Pradesh,321104.4,16055.22,10.0
700439,5688,2025-01-02 23:08:17,Shipped,EMI,Delhi,Delhi,33244.12,3324.41,
707053,7439,2022-07-04 10:23:42,Cancelled,Cash on Delivery,Pune,Maharashtra,7343.14,367.16,
708225,5657,2026-04-28 17:17:49,Delivered,Cash on Delivery,Jaipur,Rajasthan,2362.04,0.0,5.0
708644,5682,2026-04-12 18:08:04,Delivered,Net Banking,Chandigarh,Chandigarh,10551.2,527.56,11.0
702626,5481,2022-07-10 03:07:00,Delivered,UPI,Bangalore,Karnataka,10627.55,531.38,8.0
701700,5041,2024-02-16 23:50:46,Shipped,Net Banking,Nagpur,Maharashtra,111646.03,0.0,
703617,6646,2022-07-12 00:54:22,Shipped,Credit Card,Surat,Gujarat,5835.73,0.0,
708799,6171,2023-08-27 08:29:46,Cancelled,Debit Card,Ranchi,Jharkhand,42848.72,8569.74,
701094,5810,2024-05-25 00:36:12,Cancelled,Net Banking,Patna,Bihar,214059.96,10703.0,
706368,6323,2025-03-17 03:02:00,Delivered,EMI,Chennai,Tamil Nadu,2820.56,282.06,12.0
705601,5150,2026-01-26 13:32:12,Cancelled,Cash on Delivery,Surat,Gujarat,45619.49,9123.9,
707336,5244,2022-12-29 20:41:24,Delivered,UPI,Lucknow,Uttar Pradesh,193878.31,29081.75,4.0
704669,7990,2025-11-20 14:11:25,Pending,EMI,Ahmedabad,Gujarat,198664.91,0.0,
707662,6284,2023-03-07 21:33:32,Cancelled,Cash on Delivery,Kochi,Kerala,13252.18,0.0,
704252,5308,2025-05-29 22:47:27,Cancelled,Credit Card,Nashik,Maharashtra,2492.38,0.0,
702003,7031,2024-09-25 22:03:59,Cancelled,Net Banking,Ranchi,Jharkhand,1267.96,253.59,
703123,7815,2022-07-19 07:47:32,Delivered,Net Banking,Indore,Madhya Pradesh,36639.94,3663.99,7.0
705873,6004,2024-11-28 11:35:23,Delivered,Cash on Delivery,Ahmedabad,Gujarat,1397.28,0.0,3.0
707776,5671,2024-04-28 07:31:12,Pending,Debit Card,Kochi,Kerala,238482.1,11924.11,
703657,6694,2024-04-05 20:42:00,Delivered,Cash on Delivery,Jaipur,Rajasthan,79602.44,0.0,5.0
701974,7712,2025-10-14 19:44:07,Delivered,Debit Card,Jaipur,Rajasthan,23994.54,2399.45,5.0
707436,5020,2024-06-17 05:58:37,Pending,Debit Card,Kochi,Kerala,16616.08,1661.61,
702958,6951,2022-05-24 02:19:07,Delivered,Debit Card,Pune,Maharashtra,16560.3,828.01,11.0
702373,7738,2024-01-07 04:02:22,Pending,Net Banking,Bangalore,Karnataka,129334.74,6466.74,
705037,6299,2026-02-12 09:02:58,Delivered,EMI,Chennai,Tamil Nadu,27447.25,2744.73,5.0
700889,5668,2023-07-21 07:43:16,Cancelled,Credit Card,Patna,Bihar,88005.78,13200.87,
701517,7301,2023-07-02 15:26:09,Pending,Credit Card,Patna,Bihar,147329.12,22099.37,
701869,5872,2023-06-24 16:55:58,Delivered,Cash on Delivery,Indore,Madhya Pradesh,404707.14,0.0,8.0
700762,5321,2025-01-29 14:40:45,Delivered,EMI,Kolkata,West Bengal,291398.29,14569.91,1.0
708471,5612,2024-10-31 03:53:48,Returned,Credit Card,Coimbatore,Tamil Nadu,291742.16,14587.11,
700612,7119,2024-05-14 08:30:02,Delivered,Credit Card,Ahmedabad,Gujarat,101883.48,5094.17,6.0
706454,6067,2023-09-07 10:29:03,Shipped,EMI,Delhi,Delhi,158092.04,7904.6,
701141,7018,2022-08-11 16:57:27,Shipped,EMI,Coimbatore,Tamil Nadu,89072.66,8907.27,
700464,7793,2023-12-26 06:50:14,Pending,EMI,Nashik,Maharashtra,134756.8,6737.84,
703059,5725,2025-12-18 16:56:45,Pending,Credit Card,Mumbai,Maharashtra,150272.55,0.0,
707019,5731,2025-06-06 00:37:20,Returned,Credit Card,Kolkata,West Bengal,16347.72,817.39,
707968,7767,2023-06-24 18:14:38,Delivered,Credit Card,Nagpur,Maharashtra,12472.45,0.0,6.0
703829,6643,2025-05-28 01:28:12,Cancelled,Net Banking,Nashik,Maharashtra,44295.2,2214.76,
702171,7966,2026-07-24 04:55:39,Delivered,UPI,Indore,Madhya Pradesh,261860.79,0.0,12.0
706301,6358,2025-07-28 02:50:52,Delivered,Cash on Delivery,Lucknow,Uttar Pradesh,32892.21,0.0,11.0
706786,5167,2023-07-04 01:58:03,Delivered,UPI,Mumbai,Maharashtra,25774.56,3866.18,3.0
700200,5818,2026-06-23 06:27:48,Delivered,Cash on Delivery,Delhi,Delhi,301233.59,0.0,9.0
707410,6831,2026-03-10 03:05:18,Shipped,Net Banking,Chennai,Tamil Nadu,2691.29,0.0,
703860,6547,2022-08-30 09:27:32,Delivered,EMI,Patna,Bihar,131451.61,0.0,6.0
707954,7503,2024-04-30 12:45:59,Shipped,Credit Card,Jaipur,Rajasthan,179451.67,26917.75,
708992,5724,2023-11-03 22:43:16,Cancelled,UPI,Hyderabad,Telangana,90267.34,9026.73,
704151,5087,2022-01-02 08:50:31,Shipped,Credit Card,Bangalore,Karnataka,34845.79,3484.58,
703394,5630,2025-01-15 10:04:45,Shipped,UPI,Chandigarh,Chandigarh,30126.98,4519.05,
705855,7906,2024-08-23 08:53:20,Cancelled,UPI,Pune,Maharashtra,83180.5,16636.1,
708390,7155,2023-01-11 18:35:25,Pending,Debit Card,Hyderabad,Telangana,32370.76,0.0,
702027,7439,2023-10-08 01:56:17,Cancelled,Net Banking,Bhopal,Madhya Pradesh,92529.64,0.0,
704186,5093,2022-03-02 15:54:02,Delivered,UPI,Lucknow,Uttar Pradesh,167914.42,8395.72,11.0
704854,6684,2026-05-02 22:08:07,Delivered,UPI,Bhopal,Madhya Pradesh,88028.97,0.0,2.0
708672,7208,2022-08-02 19:44:38,Cancelled,EMI,Pune,Maharashtra,13968.6,0.0,
706761,5446,2022-04-29 20:16:13,Pending,Credit Card,Bangalore,Karnataka,59268.74,2963.44,
701211,7233,2023-08-20 01:27:48,Returned,EMI,Patna,Bihar,86389.71,8638.97,
704857,6112,2026-06-06 06:02:14,Delivered,UPI,Kolkata,West Bengal,11903.73,2380.75,12.0
708526,6523,2024-02-01 04:49:14,Delivered,Net Banking,Pune,Maharashtra,36597.15,0.0,1.0
702709,7950,2024-04-02 19:09:22,Shipped,Net Banking,Bangalore,Karnataka,79405.43,3970.27,
702532,5357,2022-04-10 02:21:41,Delivered,Debit Card,Coimbatore,Tamil Nadu,23775.58,2377.56,2.0
707529,6923,2023-02-18 10:13:11,Delivered,Credit Card,Nashik,Maharashtra,23813.12,2381.31,1.0
706491,5609,2025-10-04 23:42:59,Shipped,Debit Card,Kolkata,West Bengal,107008.36,16051.25,
702634,5490,2023-02-15 16:43:15,Delivered,Cash on Delivery,Coimbatore,Tamil Nadu,51807.58,2590.38,5.0
704015,6624,2025-05-04 05:00:04,Pending,Credit Card,Delhi,Delhi,44917.8,4491.78,
700693,6175,2025-06-04 21:56:10,Delivered,Cash on Delivery,Pune,Maharashtra,30353.88,0.0,11.0
700040,6225,2025-02-06 08:25:04,Returned,Debit Card,Bhopal,Madhya Pradesh,3191.31,159.57,
702283,6756,2025-01-15 01:55:29,Delivered,Debit Card,Indore,Madhya Pradesh,133662.73,13366.27,9.0
706259,6226,2023-01-23 03:13:18,Pending,UPI,Coimbatore,Tamil Nadu,165990.83,16599.08,
706602,5253,2025-09-27 20:05:32,Shipped,UPI,Bhopal,Madhya Pradesh,48500.01,0.0,
708542,5100,2025-03-08 00:30:30,Delivered,EMI,Hyderabad,Telangana,258410.96,0.0,1.0
704765,6291,2025-01-22 19:33:17,Delivered,Cash on Delivery,Chennai,Tamil Nadu,57086.22,5708.62,4.0
700567,5636,2023-11-17 12:01:42,Delivered,Debit Card,Bangalore,Karnataka,2971.47,148.57,12.0
701874,5893,2023-06-28 20:59:08,Delivered,Debit Card,Hyderabad,Telangana,24818.24,4963.65,5.0
702370,7301,2022-06-12 19:51:07,Delivered,Net Banking,Ranchi,Jharkhand,32782.36,1639.12,1.0
701766,5800,2026-05-19 18:47:37,Cancelled,Cash on Delivery,Delhi,Delhi,5441.59,1088.32,
707789,5268,2024-10-31 19:26:04,Pending,Debit Card,Ahmedabad,Gujarat,14620.68,0.0,
701159,7617,2022-12-24 20:27:38,Delivered,EMI,Pune,Maharashtra,60260.5,0.0,3.0
703468,6920,2024-06-13 19:28:33,Shipped,Debit Card,Jaipur,Rajasthan,3608.4,0.0,
703253,6121,2023-10-31 19:12:44,Delivered,UPI,Patna,Bihar,4976.6,248.83,2.0
701361,7661,2026-01-01 16:29:20,Delivered,Debit Card,Bhopal,Madhya Pradesh,32038.97,4805.85,12.0
701325,7269,2022-01-21 23:28:13,Delivered,EMI,Patna,Bihar,1876.17,0.0,10.0
701698,5798,2025-01-11 00:07:28,Cancelled,Cash on Delivery,Lucknow,Uttar Pradesh,16157.3,1615.73,
707680,5216,2025-03-03 08:42:56,Delivered,UPI,Jaipur,Rajasthan,20495.48,2049.55,10.0
700340,6292,2024-04-05 12:37:20,Delivered,Credit Card,Bhopal,Madhya Pradesh,55059.35,8258.9,1.0
707241,7004,2025-04-11 12:35:19,Shipped,Credit Card,Hyderabad,Telangana,126077.68,25215.54,
705192,6322,2023-07-10 19:26:22,Delivered,UPI,Pune,Maharashtra,14493.3,0.0,4.0
707051,6271,2026-06-03 21:27:31,Shipped,Net Banking,Ranchi,Jharkhand,197451.38,29617.71,
706967,5144,2022-01-24 02:01:33,Cancelled,Debit Card,Lucknow,Uttar Pradesh,68496.25,10274.44,
705216,7559,2024-08-21 14:34:48,Delivered,Debit Card,Kolkata,West Bengal,9501.58,0.0,2.0
700674,7877,2022-03-06 23:23:35,Cancelled,EMI,Coimbatore,Tamil Nadu,67040.83,0.0,
706647,5527,2026-01-24 09:36:57,Delivered,Cash on Delivery,Indore,Madhya Pradesh,2625.88,0.0,9.0
700135,5563,2024-12-30 20:47:21,Pending,UPI,Chandigarh,Chandigarh,32797.98,1639.9,
706512,6819,2022-03-06 12:44:08,Delivered,Debit Card,Kolkata,West Bengal,1411.94,70.6,7.0
707997,5735,2023-08-09 15:06:04,Delivered,Debit Card,Kolkata,West Bengal,367355.12,0.0,6.0
705623,6886,2025-05-25 09:44:15,Returned,Cash on Delivery,Chennai,Tamil Nadu,177868.93,0.0,
708925,7460,2022-02-20 15:21:21,Delivered,EMI,Chandigarh,Chandigarh,1394.88,69.74,6.0
704577,6491,2023-09-23 14:43:29,Returned,Debit Card,Coimbatore,Tamil Nadu,385358.51,0.0,
700646,5829,2022-11-16 02:35:50,Delivered,Credit Card,Kolkata,West Bengal,120694.58,0.0,4.0
704069,7602,2022-11-07 23:17:18,Shipped,Net Banking,Jaipur,Rajasthan,910.42,45.52,
708199,6988,2022-06-24 11:06:51,Delivered,UPI,Nashik,Maharashtra,32275.78,0.0,12.0
706945,5713,2024-09-18 10:27:37,Returned,Cash on Delivery,Surat,Gujarat,126477.03,25295.41,
706573,6130,2025-07-31 16:26:32,Delivered,Cash on Delivery,Ahmedabad,Gujarat,480.14,24.01,9.0
700448,5749,2024-11-17 15:14:35,Delivered,Net Banking,Patna,Bihar,12640.38,0.0,8.0
700011,5046,2025-05-17 00:07:29,Delivered,Debit Card,Delhi,Delhi,39090.74,0.0,7.0
705425,6148,2024-02-05 11:26:02,Shipped,Debit Card,Indore,Madhya Pradesh,3888.94,777.79,
701961,6597,2025-08-30 22:21:54,Delivered,UPI,Chennai,Tamil Nadu,97553.83,19510.77,9.0
703138,7028,2025-08-25 07:09:30,Returned,Cash on Delivery,Ahmedabad,Gujarat,630051.34,0.0,
705370,5761,2023-02-22 19:25:07,Cancelled,Credit Card,Lucknow,Uttar Pradesh,9066.67,906.67,
708210,6244,2025-04-27 11:08:56,Delivered,Credit Card,Bhopal,Madhya Pradesh,57093.37,2854.67,7.0
703866,5627,2022-11-15 12:46:31,Delivered,Debit Card,Surat,Gujarat,47159.28,9431.86,10.0
706584,7384,2023-11-04 03:24:50,Delivered,Cash on Delivery,Lucknow,Uttar Pradesh,2463.56,492.71,7.0
700385,7601,2025-05-13 04:00:18,Shipped,UPI,Jaipur,Rajasthan,441635.36,0.0,
701827,5525,2025-05-31 21:27:50,Delivered,Net Banking,Coimbatore,Tamil Nadu,519759.81,77963.97,12.0
701454,7195,2022-04-13 07:42:40,Shipped,Cash on Delivery,Indore,Madhya Pradesh,16601.29,1660.13,
706757,6108,2023-01-30 14:58:00,Delivered,Credit Card,Pune,Maharashtra,57493.42,5749.34,9.0
706934,7657,2023-01-08 11:01:40,Delivered,Credit Card,Nagpur,Maharashtra,101027.62,0.0,5.0
705547,5193,2025-12-16 23:07:13,Delivered,EMI,Chennai,Tamil Nadu,2834.52,425.18,1.0
700691,6041,2023-06-28 22:54:10,Delivered,Credit Card,Indore,Madhya Pradesh,157972.61,15797.26,6.0
708106,5976,2023-08-22 16:56:18,Delivered,Cash on Delivery,Nagpur,Maharashtra,5265.26,526.53,2.0
702692,7549,2025-03-02 10:36:29,Delivered,Cash on Delivery,Pune,Maharashtra,37919.42,7583.88,10.0
708776,6992,2023-07-14 14:57:21,Delivered,Net Banking,Chandigarh,Chandigarh,15364.07,0.0,12.0
700888,5209,2023-10-11 23:41:08,Delivered,Net Banking,Delhi,Delhi,78051.54,0.0,11.0
705604,5687,2024-01-24 08:57:40,Shipped,Net Banking,Indore,Madhya Pradesh,214706.0,0.0,
701584,6430,2023-06-07 06:27:04,Delivered,Credit Card,Nashik,Maharashtra,282633.81,42395.07,2.0
708941,5339,2025-04-02 18:43:05,Delivered,Credit Card,Chennai,Tamil Nadu,227279.4,0.0,2.0
707125,6958,2025-11-25 17:42:38,Cancelled,Cash on Delivery,Kochi,Kerala,23938.98,0.0,
706493,5901,2023-10-22 03:43:23,Shipped,UPI,Ahmedabad,Gujarat,5841.25,292.06,
700260,7078,2026-08-06 14:08:33,Shipped,EMI,Surat,Gujarat,267051.68,13352.58,
700304,5043,2025-01-05 00:46:04,Delivered,UPI,Indore,Madhya Pradesh,218792.6,32818.89,2.0
703383,7328,2025-02-05 09:42:02,Delivered,Cash on Delivery,Mumbai,Maharashtra,70403.41,7040.34,3.0
707729,6503,2024-10-27 20:30:14,Delivered,UPI,Bangalore,Karnataka,8266.59,1653.32,9.0
707143,6687,2022-01-31 18:10:53,Delivered,Debit Card,Surat,Gujarat,51742.64,10348.53,10.0
701761,7667,2022-05-29 14:28:06,Pending,UPI,Kolkata,West Bengal,277570.64,0.0,
704192,5966,2023-10-20 20:04:54,Delivered,Net Banking,Surat,Gujarat,31980.04,3198.0,4.0
702141,7304,2025-07-18 14:16:02,Delivered,Debit Card,Mumbai,Maharashtra,20610.78,0.0,2.0
706155,5402,2023-02-02 08:36:11,Delivered,Net Banking,Chandigarh,Chandigarh,94903.97,9490.4,9.0
707634,5507,2024-10-18 03:44:45,Delivered,Cash on Delivery,Coimbatore,Tamil Nadu,18037.63,0.0,4.0
704767,6138,2024-11-13 04:58:27,Pending,Net Banking,Nashik,Maharashtra,42282.12,0.0,
706486,7778,2025-06-08 08:30:07,Pending,Net Banking,Nagpur,Maharashtra,16293.02,3258.6,
702930,6881,2023-10-11 09:33:08,Delivered,Cash on Delivery,Patna,Bihar,21901.9,2190.19,5.0
704674,7795,2025-08-13 04:51:17,Delivered,Cash on Delivery,Nashik,Maharashtra,39710.68,0.0,2.0
707710,6033,2025-03-13 06:30:05,Delivered,Net Banking,Nashik,Maharashtra,303587.42,15179.37,8.0
703693,5806,2024-06-28 21:58:46,Cancelled,EMI,Nashik,Maharashtra,25250.56,1262.53,
704218,6153,2023-08-28 12:59:20,Delivered,Credit Card,Chennai,Tamil Nadu,32955.06,4943.26,9.0
707641,7810,2026-06-29 12:10:16,Delivered,Net Banking,Chennai,Tamil Nadu,35842.88,0.0,10.0
708879,5509,2023-11-20 15:34:44,Shipped,Net Banking,Kochi,Kerala,346348.36,0.0,
704240,5219,2023-03-22 20:54:20,Pending,Net Banking,Lucknow,Uttar Pradesh,1165.06,233.01,
703754,7446,2023-12-24 15:47:16,Delivered,UPI,Nagpur,Maharashtra,15378.18,0.0,9.0
707112,7084,2025-05-27 20:25:49,Delivered,EMI,Patna,Bihar,28968.34,0.0,8.0
705549,7034,2022-09-25 12:36:52,Delivered,Credit Card,Patna,Bihar,1156.07,115.61,6.0
705882,6367,2023-05-25 14:16:35,Pending,Debit Card,Jaipur,Rajasthan,25196.66,3779.5,
703800,7359,2022-11-17 22:38:57,Delivered,Net Banking,Chandigarh,Chandigarh,2137.84,320.68,4.0
707486,6315,2024-06-15 16:34:25,Pending,UPI,Surat,Gujarat,12780.94,0.0,
704770,6996,2022-10-04 12:37:13,Delivered,Debit Card,Hyderabad,Telangana,19848.47,0.0,9.0
704855,5971,2026-03-03 03:44:28,Shipped,Debit Card,Bangalore,Karnataka,98133.2,14719.98,
703086,6834,2026-02-05 17:51:57,Delivered,UPI,Indore,Madhya Pradesh,85221.91,0.0,10.0
706758,5296,2023-06-20 10:05:01,Delivered,Debit Card,Delhi,Delhi,20522.02,0.0,10.0
708943,5398,2024-08-09 00:40:58,Delivered,UPI,Surat,Gujarat,1329.39,199.41,8.0
705389,5217,2025-03-03 05:09:22,Shipped,Credit Card,Indore,Madhya Pradesh,29226.93,2922.69,
707979,6911,2024-10-01 21:12:47,Returned,UPI,Lucknow,Uttar Pradesh,7565.24,756.52,
701600,7545,2022-02-10 10:07:35,Delivered,UPI,Kochi,Kerala,201164.79,10058.24,5.0
707977,7477,2025-12-17 19:16:37,Shipped,Net Banking,Ranchi,Jharkhand,5018.34,250.92,
705860,6229,2024-12-05 20:43:51,Delivered,EMI,Pune,Maharashtra,27125.92,2712.59,10.0
705289,5631,2026-04-05 02:35:18,Cancelled,Credit Card,Coimbatore,Tamil Nadu,14803.12,0.0,
705801,7034,2022-04-26 08:35:53,Pending,Cash on Delivery,Ranchi,Jharkhand,22087.64,3313.15,
705325,6049,2024-01-29 16:43:35,Delivered,UPI,Nashik,Maharashtra,76610.01,0.0,1.0
708019,7144,2026-07-29 11:51:04,Pending,Net Banking,Ranchi,Jharkhand,30155.17,1507.76,
703697,5521,2025-05-31 14:11:21,Delivered,Net Banking,Mumbai,Maharashtra,51435.81,10287.16,7.0
706032,5886,2023-06-18 21:12:20,Pending,Cash on Delivery,Kochi,Kerala,8707.74,1741.55,
705977,6410,2023-11-07 19:45:28,Cancelled,Cash on Delivery,Kolkata,West Bengal,7597.6,759.76,
708050,6448,2022-09-14 02:10:39,Pending,Credit Card,Pune,Maharashtra,28315.53,2831.55,
700679,7080,2026-04-20 05:55:02,Cancelled,Net Banking,Patna,Bihar,46086.43,4608.64,
707209,6311,2024-08-31 15:43:23,Delivered,Credit Card,Hyderabad,Telangana,273518.42,13675.92,11.0
705556,7901,2026-03-30 16:35:59,Shipped,Credit Card,Lucknow,Uttar Pradesh,164829.92,0.0,
700705,5547,2023-11-05 22:32:28,Delivered,Net Banking,Chandigarh,Chandigarh,869.31,0.0,4.0
707522,6399,2022-09-11 16:33:08,Delivered,UPI,Coimbatore,Tamil Nadu,67573.15,0.0,12.0
700515,6146,2025-11-12 05:21:46,Pending,Debit Card,Bangalore,Karnataka,1613.95,161.4,
704231,6099,2023-07-24 12:33:22,Shipped,UPI,Pune,Maharashtra,356640.2,0.0,
700719,7634,2024-03-12 04:11:27,Delivered,UPI,Indore,Madhya Pradesh,291073.35,14553.67,6.0
704990,5466,2024-04-26 09:59:31,Returned,Debit Card,Ahmedabad,Gujarat,23953.58,4790.72,
703996,5721,2023-09-29 07:50:00,Delivered,Cash on Delivery,Kochi,Kerala,16516.6,0.0,6.0
700783,5298,2026-07-18 12:17:27,Pending,Debit Card,Ranchi,Jharkhand,5703.36,1140.67,
700503,6739,2023-07-31 07:58:41,Cancelled,Debit Card,Coimbatore,Tamil Nadu,37125.62,7425.12,
700983,5734,2025-02-26 14:07:10,Delivered,Cash on Delivery,Hyderabad,Telangana,182566.53,0.0,11.0
707046,6226,2025-09-17 17:37:11,Delivered,Cash on Delivery,Delhi,Delhi,12421.79,1242.18,3.0
703678,5746,2025-08-15 05:54:15,Delivered,Cash on Delivery,Mumbai,Maharashtra,2602.4,130.12,6.0
706650,7792,2022-11-13 06:04:07,Delivered,UPI,Jaipur,Rajasthan,24077.34,0.0,6.0
707435,5241,2022-09-29 09:29:56,Returned,Debit Card,Nashik,Maharashtra,14594.74,0.0,
705931,7088,2025-11-01 09:48:43,Pending,EMI,Ranchi,Jharkhand,1098.72,0.0,
707569,5862,2022-05-19 16:26:06,Delivered,UPI,Coimbatore,Tamil Nadu,5502.64,275.13,5.0
700049,5796,2024-08-25 13:41:55,Delivered,Cash on Delivery,Patna,Bihar,66436.07,13287.21,3.0
703358,7286,2023-05-26 16:59:14,Returned,EMI,Lucknow,Uttar Pradesh,5998.22,599.82,
700623,5243,2025-06-20 09:43:19,Delivered,Credit Card,Bhopal,Madhya Pradesh,16683.57,0.0,6.0
704624,7588,2024-12-25 06:36:00,Returned,Credit Card,Delhi,Delhi,3791.32,0.0,
705624,5373,2026-08-02 19:27:43,Delivered,Net Banking,Coimbatore,Tamil Nadu,63010.1,0.0,12.0
703133,5550,2024-03-14 00:14:30,Cancelled,Credit Card,Delhi,Delhi,288694.02,43304.1,
704478,6982,2025-08-31 10:25:37,Pending,Cash on Delivery,Lucknow,Uttar Pradesh,93655.61,0.0,
707619,7633,2025-01-17 15:32:09,Delivered,EMI,Nagpur,Maharashtra,66295.33,9944.3,7.0
706127,5012,2025-09-18 00:18:07,Cancelled,Cash on Delivery,Surat,Gujarat,132978.0,13297.8,
708714,7799,2022-02-25 00:47:33,Returned,UPI,Chandigarh,Chandigarh,42580.82,8516.16,
707493,5982,2023-10-10 01:02:10,Delivered,Cash on Delivery,Mumbai,Maharashtra,1546.28,77.31,9.0
702286,7085,2025-07-08 07:24:01,Cancelled,Cash on Delivery,Mumbai,Maharashtra,37701.59,0.0,
707992,6380,2023-09-09 15:53:19,Delivered,UPI,Mumbai,Maharashtra,276416.22,0.0,7.0
708162,5251,2022-07-11 02:24:03,Delivered,Net Banking,Patna,Bihar,25040.81,5008.16,8.0
700006,7486,2025-05-04 13:57:19,Pending,Cash on Delivery,Surat,Gujarat,64871.43,0.0,
706087,7964,2024-08-19 08:30:29,Delivered,Debit Card,Jaipur,Rajasthan,52192.64,0.0,12.0
705852,5607,2022-07-10 09:49:18,Pending,Debit Card,Coimbatore,Tamil Nadu,9618.39,0.0,
706704,7936,2025-09-02 00:48:57,Delivered,Cash on Delivery,Delhi,Delhi,20166.66,0.0,9.0
705764,7983,2023-07-28 20:44:40,Delivered,Credit Card,Bangalore,Karnataka,137105.19,20565.78,10.0
705386,7037,2025-08-09 07:51:18,Delivered,Credit Card,Chandigarh,Chandigarh,42816.99,0.0,4.0
703144,7780,2026-05-05 08:08:59,Pending,Debit Card,Indore,Madhya Pradesh,6647.48,997.12,
706269,6578,2024-11-05 19:36:48,Returned,Credit Card,Indore,Madhya Pradesh,100025.4,0.0,
701532,7459,2022-07-03 15:47:59,Delivered,Net Banking,Chandigarh,Chandigarh,241751.48,48350.3,6.0
706049,7904,2022-12-02 12:32:17,Delivered,Debit Card,Ranchi,Jharkhand,83438.61,8343.86,3.0
707086,6031,2023-01-31 23:49:50,Shipped,Cash on Delivery,Chandigarh,Chandigarh,46608.91,0.0,
705122,7039,2024-02-28 20:02:13,Delivered,Debit Card,Ahmedabad,Gujarat,153894.42,0.0,10.0
705781,6919,2023-09-01 23:49:42,Returned,Net Banking,Pune,Maharashtra,365457.41,0.0,
708955,5255,2026-05-23 12:02:03,Delivered,Cash on Delivery,Jaipur,Rajasthan,18994.94,0.0,5.0
702644,7294,2024-03-15 14:43:37,Returned,UPI,Delhi,Delhi,9315.57,0.0,
703437,5039,2022-02-02 13:27:34,Delivered,EMI,Kochi,Kerala,289650.5,57930.1,8.0
705410,6469,2024-10-29 13:19:28,Cancelled,UPI,Jaipur,Rajasthan,291105.61,14555.28,
708562,6709,2024-12-31 10:28:34,Cancelled,Cash on Delivery,Jaipur,Rajasthan,28486.77,0.0,
705025,5105,2026-07-05 15:27:45,Returned,EMI,Chandigarh,Chandigarh,117331.54,0.0,
707577,7308,2026-02-11 10:12:37,Delivered,EMI,Chandigarh,Chandigarh,17290.88,0.0,7.0
705176,7893,2023-08-28 11:52:33,Delivered,Debit Card,Nashik,Maharashtra,88840.56,4442.03,11.0
707340,6176,2024-08-21 00:14:16,Returned,Net Banking,Bhopal,Madhya Pradesh,51115.25,7667.29,
705522,6421,2024-04-27 14:35:56,Delivered,EMI,Kolkata,West Bengal,5542.85,277.14,12.0
702216,7935,2022-08-25 05:39:27,Delivered,Debit Card,Kolkata,West Bengal,268496.01,13424.8,5.0
705231,6282,2023-09-28 00:24:51,Returned,Net Banking,Bhopal,Madhya Pradesh,239408.94,0.0,
707345,7089,2023-12-08 11:09:36,Delivered,Debit Card,Mumbai,Maharashtra,40700.24,8140.05,1.0
705755,5129,2022-10-19 15:24:06,Shipped,Cash on Delivery,Bhopal,Madhya Pradesh,53807.82,5380.78,
701275,5144,2024-07-09 17:13:21,Returned,EMI,Ahmedabad,Gujarat,11575.02,0.0,
703998,7869,2022-12-15 09:07:53,Returned,Cash on Delivery,Coimbatore,Tamil Nadu,31872.68,3187.27,
705503,7963,2022-02-05 00:08:36,Delivered,Cash on Delivery,Chandigarh,Chandigarh,295564.55,14778.23,11.0
702861,7467,2025-09-01 15:17:03,Delivered,Net Banking,Pune,Maharashtra,183432.81,27514.92,8.0
704581,7457,2023-04-28 02:16:25,Cancelled,UPI,Delhi,Delhi,37509.62,0.0,
706065,5321,2022-04-25 07:29:37,Delivered,Credit Card,Jaipur,Rajasthan,24351.81,1217.59,9.0
702468,5733,2023-05-29 04:02:57,Shipped,UPI,Surat,Gujarat,12859.35,1285.93,
700893,6331,2025-03-05 03:40:05,Returned,Net Banking,Ranchi,Jharkhand,42155.38,6323.31,
705738,6986,2022-11-03 19:15:19,Returned,UPI,Chennai,Tamil Nadu,44358.97,4435.9,
704947,6025,2025-01-08 02:08:11,Delivered,Net Banking,Nashik,Maharashtra,57626.41,0.0,1.0
701498,5758,2022-05-06 20:26:58,Shipped,Cash on Delivery,Bhopal,Madhya Pradesh,57494.62,8624.19,
705773,7090,2025-10-21 12:58:50,Shipped,UPI,Lucknow,Uttar Pradesh,161612.7,0.0,
703977,7300,2024-10-03 18:19:44,Delivered,Net Banking,Mumbai,Maharashtra,12360.84,0.0,1.0
702192,5396,2024-08-06 00:46:26,Cancelled,UPI,Delhi,Delhi,256811.6,0.0,
703888,7912,2025-02-11 21:46:06,Shipped,Credit Card,Delhi,Delhi,5424.25,0.0,
705441,7268,2023-11-02 12:41:58,Shipped,Debit Card,Delhi,Delhi,9128.54,912.85,
705091,6218,2023-02-16 05:33:08,Delivered,Cash on Delivery,Kochi,Kerala,20625.79,0.0,3.0
708158,7862,2024-05-09 11:54:42,Delivered,EMI,Kochi,Kerala,142824.98,0.0,10.0
702298,5150,2026-04-20 19:08:59,Delivered,Credit Card,Chandigarh,Chandigarh,16897.77,3379.55,11.0
704423,5295,2026-05-07 07:54:46,Pending,UPI,Ahmedabad,Gujarat,8701.54,435.08,
705762,5660,2022-07-19 05:32:28,Pending,Debit Card,Bangalore,Karnataka,18766.5,2814.97,
701483,7575,2025-12-25 23:55:13,Delivered,UPI,Kochi,Kerala,46796.5,0.0,3.0
708290,6531,2024-02-03 18:03:06,Returned,Credit Card,Nashik,Maharashtra,27313.87,1365.69,
704909,5010,2024-02-16 19:08:22,Returned,Net Banking,Kolkata,West Bengal,2137.84,106.89,
706399,7826,2024-01-13 15:04:30,Delivered,Debit Card,Hyderabad,Telangana,89112.56,8911.26,1.0
702443,7585,2026-01-01 03:30:37,Delivered,UPI,Lucknow,Uttar Pradesh,154732.59,7736.63,8.0
703373,5555,2026-02-11 00:40:22,Delivered,EMI,Kolkata,West Bengal,22459.0,1122.95,11.0
708153,7923,2022-07-04 15:49:22,Pending,Debit Card,Patna,Bihar,4853.85,728.08,
707188,5960,2025-11-16 11:21:17,Returned,EMI,Kolkata,West Bengal,20465.25,3069.79,
707579,7899,2024-04-05 19:41:26,Delivered,UPI,Ahmedabad,Gujarat,89812.36,0.0,3.0
700588,7766,2023-03-14 13:50:08,Returned,EMI,Bangalore,Karnataka,3033.69,455.05,
702586,6594,2024-08-07 14:39:44,Shipped,Debit Card,Chandigarh,Chandigarh,30897.34,6179.47,
702045,6740,2026-07-16 10:32:34,Delivered,Debit Card,Hyderabad,Telangana,169953.74,0.0,5.0
702005,7037,2023-08-30 23:20:10,Delivered,Debit Card,Patna,Bihar,150660.27,0.0,6.0
707303,7150,2024-08-09 04:33:44,Cancelled,UPI,Surat,Gujarat,4648.25,929.65,
705372,6111,2024-11-07 10:16:32,Pending,UPI,Coimbatore,Tamil Nadu,15662.64,0.0,
703535,7291,2026-06-08 10:01:43,Shipped,Debit Card,Nagpur,Maharashtra,404461.61,0.0,
701629,5308,2022-11-17 02:00:29,Returned,Credit Card,Surat,Gujarat,313.72,47.06,
704065,6861,2025-07-12 22:36:32,Delivered,Net Banking,Surat,Gujarat,2835.85,283.58,4.0
708700,6775,2022-03-24 18:53:50,Returned,EMI,Delhi,Delhi,42524.6,2126.23,
707413,5789,2025-01-04 22:23:15,Shipped,Debit Card,Ranchi,Jharkhand,1001.88,200.38,
706147,6318,2023-11-20 09:12:04,Returned,Net Banking,Bangalore,Karnataka,40479.84,0.0,
703656,6143,2025-07-27 17:55:22,Delivered,Debit Card,Patna,Bihar,12243.2,612.16,2.0
708674,7190,2025-07-31 23:06:20,Delivered,Cash on Delivery,Bhopal,Madhya Pradesh,16363.02,3272.6,12.0
706464,6896,2022-02-07 19:08:52,Cancelled,UPI,Chennai,Tamil Nadu,3648.64,364.86,
708555,7375,2026-07-09 23:28:34,Shipped,Cash on Delivery,Hyderabad,Telangana,40120.49,8024.1,
706616,6734,2023-05-30 13:14:48,Pending,EMI,Delhi,Delhi,53543.83,0.0,
704191,7041,2023-12-03 05:55:44,Pending,Credit Card,Chandigarh,Chandigarh,3716.33,0.0,
701506,5082,2023-01-15 23:16:32,Shipped,Cash on Delivery,Mumbai,Maharashtra,27866.65,1393.33,
707462,7217,2024-09-22 11:07:37,Pending,Debit Card,Surat,Gujarat,252996.61,50599.32,
703142,7066,2022-10-17 13:03:20,Shipped,Credit Card,Nashik,Maharashtra,6511.36,651.14,
708839,7964,2024-10-25 20:50:51,Delivered,EMI,Bhopal,Madhya Pradesh,1126.44,0.0,2.0
706257,5632,2024-03-17 09:50:39,Pending,Debit Card,Delhi,Delhi,322153.29,64430.66,
708948,6209,2023-02-25 14:52:19,Pending,Cash on Delivery,Hyderabad,Telangana,1336.73,0.0,
708971,7168,2022-12-09 03:38:46,Returned,Debit Card,Nagpur,Maharashtra,506.17,101.23,
706582,5186,2025-12-16 04:34:11,Pending,EMI,Chandigarh,Chandigarh,74457.07,0.0,
704821,7710,2025-07-18 21:44:14,Shipped,EMI,Pune,Maharashtra,15716.77,0.0,
708814,5260,2025-04-13 04:44:29,Delivered,UPI,Ranchi,Jharkhand,17965.18,3593.04,12.0
703166,7474,2025-08-31 01:09:18,Delivered,Credit Card,Kolkata,West Bengal,511544.22,51154.42,11.0
702308,7410,2025-06-10 07:34:45,Delivered,Cash on Delivery,Chennai,Tamil Nadu,74606.46,3730.32,12.0
708112,6220,2025-06-10 00:25:22,Shipped,Debit Card,Delhi,Delhi,140345.22,0.0,
707761,5005,2025-07-14 23:35:38,Shipped,UPI,Kochi,Kerala,11595.88,2319.18,
707448,6454,2024-12-28 07:35:13,Shipped,Credit Card,Indore,Madhya Pradesh,17533.03,3506.61,
706498,6679,2023-07-22 23:05:40,Delivered,Cash on Delivery,Ahmedabad,Gujarat,114105.24,5705.26,10.0
705029,6586,2022-07-23 13:18:55,Pending,Cash on Delivery,Nagpur,Maharashtra,41815.36,0.0,
708292,7256,2024-11-29 19:33:50,Delivered,UPI,Ranchi,Jharkhand,53254.06,7988.11,5.0
706411,7792,2023-07-16 15:01:52,Pending,Cash on Delivery,Delhi,Delhi,916.83,183.37,
706668,7824,2023-09-16 07:17:32,Cancelled,Credit Card,Chennai,Tamil Nadu,37035.34,7407.07,
703136,6143,2023-11-02 16:43:27,Shipped,Debit Card,Ahmedabad,Gujarat,43985.53,0.0,
705434,6559,2026-04-08 09:31:38,Cancelled,UPI,Lucknow,Uttar Pradesh,499502.98,0.0,
707582,7122,2024-05-02 17:48:00,Pending,Credit Card,Lucknow,Uttar Pradesh,228340.8,34251.12,
701293,7667,2024-08-10 14:42:45,Cancelled,EMI,Pune,Maharashtra,169334.79,8466.74,
702630,5118,2024-04-02 17:19:10,Delivered,Credit Card,Hyderabad,Telangana,171983.87,0.0,5.0
704702,6598,2024-04-19 21:27:45,Delivered,UPI,Bhopal,Madhya Pradesh,23379.21,0.0,6.0
705406,5343,2025-12-28 10:54:31,Returned,EMI,Kochi,Kerala,21785.5,0.0,
702970,7798,2022-09-09 22:49:49,Delivered,UPI,Indore,Madhya Pradesh,68546.22,0.0,12.0
703842,5006,2024-12-22 10:18:27,Delivered,EMI,Surat,Gujarat,10569.74,0.0,1.0
700904,6368,2024-10-11 03:34:50,Shipped,EMI,Chennai,Tamil Nadu,134631.92,20194.79,
707603,5005,2025-03-08 18:59:19,Delivered,Net Banking,Lucknow,Uttar Pradesh,10278.68,2055.74,10.0
700015,7714,2024-07-30 15:27:27,Delivered,Cash on Delivery,Pune,Maharashtra,268146.45,40221.97,5.0
706336,5506,2023-02-23 17:41:19,Returned,UPI,Hyderabad,Telangana,75705.53,7570.55,
701811,5782,2025-11-09 03:29:44,Shipped,Debit Card,Chennai,Tamil Nadu,159040.14,23856.02,
704442,6009,2022-05-03 11:48:59,Delivered,Net Banking,Bhopal,Madhya Pradesh,143697.16,0.0,8.0
702787,7775,2022-04-19 06:40:46,Delivered,Credit Card,Ahmedabad,Gujarat,23427.56,4685.51,2.0
701718,7664,2023-10-14 21:34:54,Delivered,Debit Card,Coimbatore,Tamil Nadu,228888.24,0.0,1.0
708566,6880,2024-07-30 15:06:11,Shipped,Credit Card,Bangalore,Karnataka,14388.04,2158.21,
708579,7357,2022-11-26 17:22:03,Delivered,EMI,Surat,Gujarat,42524.38,8504.88,3.0
707184,7555,2023-05-14 04:10:50,Delivered,UPI,Patna,Bihar,40185.74,6027.86,4.0
708454,7617,2026-05-30 04:38:34,Delivered,UPI,Pune,Maharashtra,70547.72,0.0,10.0
702184,7028,2023-11-04 15:15:40,Cancelled,Cash on Delivery,Jaipur,Rajasthan,388233.96,38823.4,
705757,5833,2026-01-23 22:49:57,Returned,Cash on Delivery,Delhi,Delhi,6817.45,0.0,
703975,6787,2025-11-15 10:09:21,Delivered,Cash on Delivery,Chennai,Tamil Nadu,90776.48,13616.47,2.0
704593,6128,2025-11-13 09:13:26,Delivered,Cash on Delivery,Lucknow,Uttar Pradesh,28750.14,2875.01,10.0
707417,6866,2026-06-16 10:19:03,Delivered,UPI,Bangalore,Karnataka,90032.24,4501.61,6.0
700916,7634,2023-12-16 14:57:34,Pending,Net Banking,Ranchi,Jharkhand,85510.84,4275.54,
702606,7021,2026-04-08 16:22:27,Delivered,UPI,Hyderabad,Telangana,4051.16,810.23,12.0
706743,5588,2025-11-14 11:34:28,Shipped,UPI,Hyderabad,Telangana,300479.2,0.0,
704384,5213,2022-07-09 05:39:59,Pending,UPI,Kochi,Kerala,21245.53,0.0,
706088,6748,2026-01-21 21:58:35,Delivered,Debit Card,Bhopal,Madhya Pradesh,48316.15,9663.23,7.0
701440,5256,2024-11-12 22:41:49,Delivered,Cash on Delivery,Patna,Bihar,15625.37,1562.54,4.0
707633,6264,2026-02-14 15:15:56,Shipped,Debit Card,Bhopal,Madhya Pradesh,25566.26,2556.63,
708673,6642,2023-03-14 13:43:03,Delivered,Net Banking,Lucknow,Uttar Pradesh,501681.71,100336.34,4.0
701366,5814,2023-11-29 02:31:14,Returned,Net Banking,Lucknow,Uttar Pradesh,3824.16,0.0,
704004,7155,2024-12-29 17:25:46,Shipped,Cash on Delivery,Pune,Maharashtra,23529.6,3529.44,
708762,6178,2024-04-17 13:52:51,Delivered,UPI,Jaipur,Rajasthan,80892.52,4044.63,8.0
705816,5052,2023-01-30 14:44:07,Delivered,Credit Card,Kolkata,West Bengal,12151.68,607.58,7.0
705739,6863,2024-10-16 12:08:28,Shipped,Debit Card,Kochi,Kerala,32676.18,1633.81,
707901,7382,2024-08-06 19:55:40,Delivered,Cash on Delivery,Surat,Gujarat,20820.96,3123.14,3.0
705241,6834,2022-10-28 05:55:45,Delivered,Debit Card,Bhopal,Madhya Pradesh,9420.15,1884.03,7.0
705060,5523,2022-03-29 13:37:08,Shipped,Cash on Delivery,Bangalore,Karnataka,147676.98,0.0,
700840,5950,2026-05-21 05:58:55,Delivered,UPI,Hyderabad,Telangana,48679.89,4867.99,12.0
703008,7545,2024-07-19 03:12:29,Returned,Cash on Delivery,Ahmedabad,Gujarat,86774.0,13016.1,
705700,6487,2024-05-05 10:04:09,Delivered,Cash on Delivery,Ahmedabad,Gujarat,16530.48,0.0,5.0
706822,7006,2025-04-07 04:52:14,Shipped,Net Banking,Mumbai,Maharashtra,11893.16,0.0,
707437,7669,2026-03-07 20:18:36,Delivered,Credit Card,Ahmedabad,Gujarat,39326.05,0.0,8.0
702199,5661,2026-03-12 02:23:13,Returned,Debit Card,Ahmedabad,Gujarat,5836.22,1167.24,
700557,6614,2022-01-01 19:12:57,Returned,Credit Card,Pune,Maharashtra,4571.83,0.0,
703867,7092,2025-05-28 22:44:29,Pending,Debit Card,Ahmedabad,Gujarat,32573.21,1628.66,
708880,7713,2024-01-28 15:53:26,Delivered,Net Banking,Nagpur,Maharashtra,128297.26,6414.86,9.0
702395,6938,2024-03-20 06:02:36,Cancelled,UPI,Chennai,Tamil Nadu,31413.24,4711.99,
706151,5958,2024-11-20 10:40:05,Pending,EMI,Coimbatore,Tamil Nadu,9268.83,463.44,
700722,7966,2022-04-07 20:17:03,Delivered,Cash on Delivery,Coimbatore,Tamil Nadu,187931.72,28189.76,8.0
701958,6379,2023-08-06 15:08:24,Delivered,Net Banking,Ranchi,Jharkhand,16562.41,0.0,2.0
707826,7779,2023-01-27 04:34:35,Returned,Cash on Delivery,Ranchi,Jharkhand,2045.54,409.11,
702345,7980,2022-06-13 10:29:46,Shipped,UPI,Surat,Gujarat,626161.78,0.0,
700196,5972,2023-11-30 02:01:47,Delivered,Cash on Delivery,Surat,Gujarat,1053.26,210.65,3.0
702629,6060,2024-04-22 11:50:42,Shipped,EMI,Patna,Bihar,23540.86,0.0,
701705,6870,2024-07-10 12:28:44,Delivered,EMI,Chandigarh,Chandigarh,75895.5,15179.1,4.0
704685,6643,2022-07-11 09:56:31,Delivered,Net Banking,Ahmedabad,Gujarat,35854.99,1792.75,8.0
705562,7417,2024-03-14 01:56:03,Cancelled,Credit Card,Nashik,Maharashtra,62463.52,0.0,
708295,7636,2024-06-08 01:18:15,Delivered,Net Banking,Nashik,Maharashtra,61411.59,0.0,5.0
707777,6642,2025-12-23 02:13:13,Shipped,Cash on Delivery,Kolkata,West Bengal,182282.84,0.0,
701560,6145,2024-05-16 04:32:27,Shipped,EMI,Pune,Maharashtra,2725.75,272.57,
704431,7587,2022-10-26 05:25:43,Delivered,UPI,Ahmedabad,Gujarat,18547.9,0.0,10.0
700629,6513,2026-04-22 23:03:28,Delivered,Debit Card,Coimbatore,Tamil Nadu,23366.36,0.0,11.0
706511,5578,2026-08-07 01:40:01,Pending,EMI,Indore,Madhya Pradesh,184861.15,9243.06,
703872,6898,2023-08-08 14:08:21,Returned,EMI,Bhopal,Madhya Pradesh,55928.57,8389.29,
704397,6320,2023-12-08 06:29:17,Returned,Cash on Delivery,Ahmedabad,Gujarat,69645.28,3482.26,
700823,7023,2026-06-22 05:09:13,Pending,UPI,Ahmedabad,Gujarat,362659.96,54398.99,
706624,7935,2023-12-30 09:45:48,Delivered,EMI,Pune,Maharashtra,64936.59,9740.49,12.0
705481,5548,2023-05-27 07:57:13,Returned,Debit Card,Delhi,Delhi,24461.72,4892.34,
701867,5706,2024-03-22 03:57:33,Returned,Net Banking,Indore,Madhya Pradesh,264874.49,26487.45,
701585,5816,2022-01-05 01:33:09,Cancelled,Credit Card,Pune,Maharashtra,187945.88,37589.18,
706163,6782,2022-03-23 15:26:44,Returned,Credit Card,Mumbai,Maharashtra,10095.05,1009.5,
700167,7047,2025-05-02 02:53:43,Delivered,EMI,Ranchi,Jharkhand,5403.96,0.0,5.0
704752,6495,2022-03-01 02:04:00,Delivered,EMI,Nashik,Maharashtra,23791.18,0.0,6.0
707296,7757,2023-10-06 12:30:37,Returned,EMI,Chennai,Tamil Nadu,20049.51,0.0,
705398,5013,2024-02-09 12:22:55,Delivered,Cash on Delivery,Hyderabad,Telangana,31876.38,3187.64,10.0
703781,5656,2022-06-12 09:18:30,Cancelled,Debit Card,Delhi,Delhi,149796.99,22469.55,
706964,6646,2024-02-02 09:13:05,Cancelled,Debit Card,Patna,Bihar,3196.54,0.0,
705500,5342,2026-06-02 14:03:38,Pending,UPI,Surat,Gujarat,81598.36,16319.67,
708247,7935,2024-10-23 16:06:02,Delivered,Cash on Delivery,Ranchi,Jharkhand,2801.38,140.07,12.0
700611,7088,2023-05-24 14:49:05,Delivered,Cash on Delivery,Chennai,Tamil Nadu,43578.59,0.0,2.0
701523,7339,2022-12-17 18:48:53,Pending,EMI,Nashik,Maharashtra,4271.54,854.31,
700381,7665,2023-07-11 22:03:31,Delivered,Net Banking,Hyderabad,Telangana,243349.7,36502.45,2.0
702261,7598,2025-12-27 01:25:05,Delivered,UPI,Hyderabad,Telangana,11647.48,2329.5,4.0
703662,6012,2025-06-16 22:46:49,Delivered,Cash on Delivery,Hyderabad,Telangana,1593.14,0.0,11.0
700198,7120,2024-01-24 11:05:34,Pending,Debit Card,Nagpur,Maharashtra,2548.25,127.41,
707736,5128,2023-06-07 08:45:52,Delivered,Debit Card,Ahmedabad,Gujarat,271262.48,27126.25,1.0
707786,7828,2023-08-06 02:48:24,Delivered,UPI,Lucknow,Uttar Pradesh,34169.44,0.0,8.0
702354,5275,2025-09-12 14:22:03,Delivered,Credit Card,Lucknow,Uttar Pradesh,17305.33,0.0,11.0
700957,5098,2023-03-21 16:50:28,Delivered,Debit Card,Pune,Maharashtra,255927.92,0.0,1.0
703300,5898,2026-04-09 11:13:11,Delivered,Debit Card,Patna,Bihar,353609.58,0.0,12.0
707856,7141,2026-05-14 18:37:35,Shipped,Debit Card,Jaipur,Rajasthan,141730.9,14173.09,
704438,6542,2025-04-22 19:51:41,Shipped,Cash on Delivery,Chennai,Tamil Nadu,10137.52,2027.5,
701948,7875,2023-01-01 11:57:06,Delivered,Debit Card,Ahmedabad,Gujarat,15202.53,0.0,5.0
701566,5127,2025-01-07 09:27:45,Delivered,EMI,Ranchi,Jharkhand,26626.36,3993.95,10.0
707841,5291,2024-05-01 08:10:16,Delivered,Debit Card,Ranchi,Jharkhand,55735.93,11147.19,6.0
702134,6458,2023-04-28 17:11:10,Returned,Cash on Delivery,Nashik,Maharashtra,16801.32,3360.26,
701664,6626,2024-05-02 20:12:24,Returned,Cash on Delivery,Patna,Bihar,35691.39,0.0,
705998,5321,2022-07-21 12:02:22,Shipped,UPI,Delhi,Delhi,2564.94,0.0,
702699,7751,2023-10-31 11:57:36,Cancelled,Debit Card,Bhopal,Madhya Pradesh,23665.03,4733.01,
705987,5818,2026-07-02 16:12:59,Delivered,Credit Card,Coimbatore,Tamil Nadu,73172.58,3658.63,7.0
707197,6754,2023-05-20 07:45:14,Cancelled,EMI,Bangalore,Karnataka,15795.6,0.0,
701445,7203,2025-04-23 13:46:20,Delivered,UPI,Patna,Bihar,349687.92,17484.4,11.0
705460,7876,2026-06-19 04:55:09,Cancelled,EMI,Ahmedabad,Gujarat,1201.87,0.0,
701546,6883,2024-10-05 14:03:57,Returned,UPI,Coimbatore,Tamil Nadu,2242.4,0.0,
700594,5196,2025-10-02 09:55:00,Delivered,Debit Card,Delhi,Delhi,19419.24,2912.89,2.0
702812,6346,2024-04-07 16:20:03,Delivered,Debit Card,Lucknow,Uttar Pradesh,34709.1,3470.91,8.0
707678,6245,2023-01-01 07:27:38,Shipped,Net Banking,Hyderabad,Telangana,13265.96,2653.19,
701871,5869,2026-06-04 19:37:06,Returned,Cash on Delivery,Chandigarh,Chandigarh,17056.2,0.0,
700917,5936,2026-03-01 02:28:13,Returned,Cash on Delivery,Ranchi,Jharkhand,15208.53,3041.71,
702320,6793,2023-07-06 21:25:07,Delivered,Net Banking,Chennai,Tamil Nadu,96542.22,0.0,9.0
704079,5215,2023-02-03 03:10:41,Shipped,UPI,Kolkata,West Bengal,105058.11,0.0,
704623,6589,2022-06-05 02:46:15,Pending,Debit Card,Coimbatore,Tamil Nadu,277188.24,13859.41,
704111,6599,2025-10-17 22:16:07,Returned,UPI,Indore,Madhya Pradesh,67857.37,6785.74,
705824,5807,2023-01-11 23:36:08,Delivered,Cash on Delivery,Bhopal,Madhya Pradesh,10222.05,1022.2,9.0
702908,7624,2024-03-07 13:00:49,Pending,Net Banking,Bangalore,Karnataka,44415.11,8883.02,
703291,5819,2024-05-18 15:46:35,Shipped,UPI,Jaipur,Rajasthan,6916.28,0.0,
703458,7352,2026-07-11 01:14:49,Delivered,Credit Card,Chandigarh,Chandigarh,11366.93,1136.69,10.0
702594,6005,2025-10-01 21:42:12,Delivered,Credit Card,Chandigarh,Chandigarh,152952.39,15295.24,12.0
707186,6264,2022-04-25 01:45:32,Returned,EMI,Lucknow,Uttar Pradesh,60249.17,9037.38,
708660,6057,2025-01-29 02:48:40,Pending,UPI,Chandigarh,Chandigarh,48433.67,0.0,
707611,6831,2023-06-14 04:14:35,Delivered,Credit Card,Indore,Madhya Pradesh,14393.79,0.0,11.0
700370,5961,2022-08-18 02:35:55,Cancelled,Net Banking,Surat,Gujarat,13083.9,0.0,
702054,7609,2022-05-15 03:11:02,Cancelled,Debit Card,Hyderabad,Telangana,150452.69,22567.9,
702486,5708,2022-12-24 14:23:52,Delivered,UPI,Lucknow,Uttar Pradesh,16456.57,1645.66,8.0
708896,6691,2023-10-06 22:07:11,Delivered,EMI,Bhopal,Madhya Pradesh,89368.1,13405.21,2.0
704644,5947,2024-12-29 04:36:24,Cancelled,Credit Card,Chandigarh,Chandigarh,171119.0,17111.9,
702214,5085,2024-06-13 02:18:59,Delivered,EMI,Kolkata,West Bengal,213.86,0.0,3.0
700848,6405,2023-07-28 23:57:36,Pending,Cash on Delivery,Nagpur,Maharashtra,234651.23,46930.25,
700528,6920,2022-04-05 18:50:15,Delivered,Debit Card,Chandigarh,Chandigarh,16774.7,3354.94,4.0
708073,5541,2025-05-03 01:41:23,Delivered,UPI,Kochi,Kerala,37310.37,7462.07,4.0
703651,7986,2025-06-21 20:27:26,Shipped,Cash on Delivery,Nagpur,Maharashtra,448701.95,44870.2,
702179,6125,2022-12-24 14:42:33,Shipped,Net Banking,Chennai,Tamil Nadu,246742.54,0.0,
706489,5295,2022-11-21 23:33:49,Pending,Debit Card,Lucknow,Uttar Pradesh,50878.13,5087.81,
703386,6615,2023-09-22 14:54:23,Shipped,UPI,Ranchi,Jharkhand,14186.96,0.0,
708740,7805,2024-04-15 01:08:36,Delivered,UPI,Ranchi,Jharkhand,136964.91,0.0,11.0
707001,7197,2023-07-08 02:13:48,Delivered,UPI,Indore,Madhya Pradesh,44782.26,6717.34,11.0
700387,5849,2022-06-27 08:58:10,Delivered,Cash on Delivery,Chennai,Tamil Nadu,15937.66,796.88,6.0
707251,5615,2024-03-24 23:00:39,Cancelled,Net Banking,Mumbai,Maharashtra,3239.27,323.93,
706669,5778,2022-11-05 02:12:42,Pending,Net Banking,Kolkata,West Bengal,367247.7,0.0,
703742,7975,2023-11-27 05:31:49,Returned,Debit Card,Jaipur,Rajasthan,1689.28,0.0,
702949,5721,2023-09-16 18:32:54,Delivered,Net Banking,Kolkata,West Bengal,311224.5,0.0,2.0
702108,6601,2024-03-23 14:57:01,Delivered,Credit Card,Bangalore,Karnataka,16896.56,844.83,12.0
703758,7527,2022-06-04 09:13:21,Shipped,Net Banking,Jaipur,Rajasthan,6149.7,614.97,
706139,5678,2022-12-08 02:12:05,Delivered,Net Banking,Jaipur,Rajasthan,96174.36,0.0,1.0
708069,7231,2026-03-17 20:07:56,Delivered,UPI,Coimbatore,Tamil Nadu,50561.58,10112.32,7.0
703193,5636,2025-08-26 04:31:48,Shipped,Cash on Delivery,Indore,Madhya Pradesh,20039.07,4007.81,
700305,6608,2024-11-19 14:05:52,Cancelled,UPI,Pune,Maharashtra,10794.37,2158.87,
704815,6928,2022-05-23 16:01:25,Delivered,UPI,Chandigarh,Chandigarh,11116.02,1111.6,2.0
702507,7443,2023-06-03 09:23:14,Returned,Debit Card,Lucknow,Uttar Pradesh,235642.67,0.0,
703244,7740,2026-06-30 11:22:05,Delivered,Net Banking,Kochi,Kerala,27003.91,5400.78,10.0
700119,7066,2026-05-09 02:37:09,Pending,Debit Card,Coimbatore,Tamil Nadu,65422.96,13084.59,
704965,5555,2022-08-16 03:27:31,Pending,Debit Card,Delhi,Delhi,17166.23,0.0,
700897,5760,2025-02-08 05:14:05,Cancelled,Credit Card,Bhopal,Madhya Pradesh,21060.2,0.0,
704270,7965,2022-06-03 04:40:49,Shipped,UPI,Delhi,Delhi,16535.6,2480.34,
702786,5645,2025-01-13 22:38:01,Shipped,Debit Card,Chandigarh,Chandigarh,2151.14,0.0,
707491,5568,2024-01-13 15:45:18,Delivered,Net Banking,Coimbatore,Tamil Nadu,209514.48,41902.9,5.0
707827,5733,2024-04-20 13:18:21,Delivered,EMI,Surat,Gujarat,37998.3,5699.74,5.0
701197,5946,2026-05-10 06:17:09,Delivered,Cash on Delivery,Pune,Maharashtra,26003.88,0.0,9.0
705014,7447,2023-03-11 20:17:38,Delivered,Credit Card,Chandigarh,Chandigarh,43785.01,0.0,6.0
705561,6827,2025-03-11 20:24:52,Delivered,Cash on Delivery,Mumbai,Maharashtra,2794.56,419.18,2.0
703034,6148,2024-03-22 06:46:34,Delivered,UPI,Hyderabad,Telangana,31300.15,4695.02,11.0
704571,7960,2024-12-29 00:21:02,Cancelled,Debit Card,Indore,Madhya Pradesh,201624.62,30243.69,
700403,5614,2024-03-23 14:33:07,Pending,EMI,Jaipur,Rajasthan,24202.28,2420.23,
702769,5684,2026-04-09 11:17:26,Shipped,Net Banking,Bhopal,Madhya Pradesh,185781.56,0.0,
700333,7109,2023-10-03 14:07:41,Delivered,Debit Card,Coimbatore,Tamil Nadu,40126.76,6019.01,9.0
700240,5685,2022-03-14 00:36:57,Delivered,Net Banking,Pune,Maharashtra,201610.1,20161.01,4.0
702733,7701,2025-09-05 18:51:17,Delivered,Net Banking,Pune,Maharashtra,57164.12,11432.82,2.0
700647,6961,2026-07-31 17:54:19,Delivered,UPI,Ahmedabad,Gujarat,145409.18,0.0,6.0
700834,5937,2025-07-24 21:19:18,Cancelled,Cash on Delivery,Hyderabad,Telangana,215322.5,43064.5,
705932,6426,2024-02-02 15:42:40,Returned,Debit Card,Bangalore,Karnataka,13362.64,2672.53,
707304,7467,2025-09-02 09:34:03,Shipped,Cash on Delivery,Bangalore,Karnataka,44240.12,4424.01,
707416,7694,2022-08-06 05:25:19,Shipped,Cash on Delivery,Bangalore,Karnataka,223145.6,11157.28,
700436,5180,2024-11-11 02:18:07,Delivered,Credit Card,Nashik,Maharashtra,2539.0,507.8,5.0
708529,6217,2022-07-21 15:05:09,Delivered,UPI,Bangalore,Karnataka,368326.41,0.0,5.0
700748,5412,2025-07-11 01:35:33,Cancelled,EMI,Hyderabad,Telangana,10037.09,1505.56,
705324,7721,2024-10-30 06:39:05,Pending,Credit Card,Bhopal,Madhya Pradesh,37366.74,0.0,
708072,7238,2022-01-20 14:19:13,Returned,EMI,Ranchi,Jharkhand,9341.78,1868.36,
708722,6109,2023-08-18 06:02:10,Cancelled,UPI,Kolkata,West Bengal,85300.92,17060.18,
703811,6022,2023-07-03 19:33:29,Delivered,EMI,Bangalore,Karnataka,206507.15,41301.43,11.0
705276,6420,2022-02-05 02:02:54,Delivered,Net Banking,Ranchi,Jharkhand,117095.42,23419.08,3.0
704840,7844,2023-10-07 07:44:34,Returned,Credit Card,Chandigarh,Chandigarh,5297.11,264.86,
701944,5986,2022-10-23 15:50:41,Delivered,Credit Card,Patna,Bihar,24491.23,2449.12,3.0
701455,5858,2023-03-04 15:13:43,Delivered,Cash on Delivery,Chennai,Tamil Nadu,29462.89,0.0,11.0
706989,7530,2023-07-09 07:06:44,Delivered,EMI,Chennai,Tamil Nadu,1931.6,193.16,5.0
706665,6364,2023-03-25 02:02:10,Returned,Cash on Delivery,Kochi,Kerala,327982.42,16399.12,
706004,7561,2025-04-04 04:53:38,Delivered,Cash on Delivery,Lucknow,Uttar Pradesh,50629.65,0.0,11.0
705626,6150,2026-04-26 21:27:28,Pending,Net Banking,Chandigarh,Chandigarh,535048.55,26752.43,
708438,6555,2023-08-23 04:07:30,Returned,UPI,Kochi,Kerala,86414.27,0.0,
703976,7871,2025-07-30 01:16:40,Pending,Credit Card,Coimbatore,Tamil Nadu,36336.99,3633.7,
703168,7669,2023-07-01 20:05:28,Cancelled,EMI,Jaipur,Rajasthan,113982.84,17097.43,
703659,6597,2023-12-28 22:24:49,Delivered,UPI,Patna,Bihar,72296.08,14459.22,12.0
706976,6303,2024-06-09 09:12:05,Shipped,UPI,Surat,Gujarat,182746.38,27411.96,
707775,5318,2023-09-29 20:39:21,Delivered,Credit Card,Bhopal,Madhya Pradesh,18242.6,2736.39,6.0
703898,6009,2023-11-11 16:23:54,Pending,Debit Card,Chandigarh,Chandigarh,564074.87,112814.97,
704539,7891,2026-05-07 04:34:07,Delivered,Cash on Delivery,Jaipur,Rajasthan,20610.52,3091.58,5.0
705124,7034,2024-06-01 10:59:59,Delivered,UPI,Coimbatore,Tamil Nadu,83612.32,8361.23,8.0
701825,6085,2026-07-26 16:47:27,Delivered,Credit Card,Pune,Maharashtra,183394.77,27509.22,12.0
702669,6559,2022-12-20 08:11:03,Delivered,EMI,Kochi,Kerala,4108.17,0.0,5.0
705448,6675,2023-03-20 13:29:38,Delivered,Net Banking,Surat,Gujarat,248404.29,37260.64,11.0
700168,5406,2023-03-21 12:35:01,Delivered,UPI,Surat,Gujarat,41605.49,0.0,5.0
703092,6186,2023-07-18 14:51:37,Delivered,Cash on Delivery,Nashik,Maharashtra,87090.0,4354.5,6.0
706037,6132,2022-11-21 15:39:46,Delivered,Credit Card,Chandigarh,Chandigarh,4924.98,738.75,8.0
701160,5580,2023-06-26 11:26:39,Delivered,UPI,Delhi,Delhi,2579.84,0.0,8.0
703011,6399,2024-09-24 16:35:06,Delivered,UPI,Mumbai,Maharashtra,13164.84,1974.73,4.0
703405,7780,2023-03-06 11:01:55,Delivered,Cash on Delivery,Bangalore,Karnataka,3416.83,170.84,4.0
707002,6026,2025-01-14 19:12:07,Pending,Net Banking,Ranchi,Jharkhand,59840.59,2992.03,
703117,5001,2025-05-13 13:22:47,Pending,EMI,Patna,Bihar,10221.94,0.0,
704256,5102,2026-05-23 22:31:15,Delivered,EMI,Indore,Madhya Pradesh,299657.65,0.0,6.0
701794,5106,2024-04-19 07:34:33,Pending,UPI,Delhi,Delhi,6047.79,0.0,
703827,5780,2023-03-14 06:56:51,Pending,EMI,Chandigarh,Chandigarh,29223.68,4383.55,
701891,6529,2026-08-06 17:22:21,Delivered,UPI,Patna,Bihar,58998.29,8849.74,5.0
707755,5103,2025-09-17 02:00:37,Shipped,Cash on Delivery,Jaipur,Rajasthan,283284.99,14164.25,
704290,5926,2023-04-23 03:27:10,Returned,UPI,Nagpur,Maharashtra,219457.91,10972.9,
708318,5790,2024-06-23 18:46:16,Pending,UPI,Delhi,Delhi,288369.48,57673.9,
708837,5177,2024-12-27 00:22:44,Shipped,Credit Card,Mumbai,Maharashtra,41430.22,8286.04,
701087,6703,2023-06-28 17:55:09,Delivered,Credit Card,Bangalore,Karnataka,3259.86,0.0,5.0
702734,5188,2025-07-16 03:12:06,Pending,Credit Card,Chennai,Tamil Nadu,2078.04,311.71,
702537,6933,2025-08-04 15:20:56,Cancelled,UPI,Ahmedabad,Gujarat,1820.84,91.04,
702954,6712,2024-01-30 16:08:04,Delivered,Debit Card,Chennai,Tamil Nadu,24289.07,1214.45,11.0
706436,7369,2026-03-14 21:36:02,Cancelled,Cash on Delivery,Lucknow,Uttar Pradesh,26097.16,5219.43,
700320,7427,2025-12-21 19:00:36,Delivered,Cash on Delivery,Mumbai,Maharashtra,127331.4,0.0,3.0
701493,7164,2023-01-23 06:10:46,Shipped,UPI,Nagpur,Maharashtra,33753.34,5063.0,
700905,7739,2022-11-28 06:26:18,Delivered,Net Banking,Chennai,Tamil Nadu,7356.75,735.68,9.0
701140,7928,2023-02-26 11:52:47,Cancelled,EMI,Kochi,Kerala,139249.56,6962.48,
704078,6803,2025-06-27 23:32:26,Delivered,UPI,Ranchi,Jharkhand,24580.29,4916.06,8.0
706673,7909,2022-10-27 19:03:10,Shipped,Net Banking,Nagpur,Maharashtra,211148.43,0.0,
707684,5901,2025-09-09 22:21:49,Pending,UPI,Chennai,Tamil Nadu,182050.06,0.0,
700400,6686,2025-03-11 01:36:38,Delivered,UPI,Patna,Bihar,2336.4,116.82,10.0
700549,7839,2024-01-14 14:06:20,Delivered,Net Banking,Surat,Gujarat,58934.99,2946.75,7.0
700482,6909,2026-08-01 22:02:27,Cancelled,UPI,Nashik,Maharashtra,45626.46,2281.32,
707189,7832,2024-12-30 23:36:49,Delivered,EMI,Ranchi,Jharkhand,38431.49,0.0,12.0
701893,5469,2023-01-07 07:29:25,Delivered,Debit Card,Surat,Gujarat,64830.92,0.0,8.0
702070,7281,2024-07-23 08:10:32,Shipped,EMI,Delhi,Delhi,18680.88,0.0,
702665,6801,2026-01-24 01:20:40,Delivered,Net Banking,Indore,Madhya Pradesh,12316.8,0.0,1.0
708932,5799,2025-07-02 00:37:36,Delivered,Net Banking,Pune,Maharashtra,47813.13,2390.66,3.0
704247,6632,2024-07-20 06:32:54,Cancelled,Credit Card,Nagpur,Maharashtra,349660.85,52449.13,
700959,5539,2023-08-04 19:45:57,Cancelled,Cash on Delivery,Ranchi,Jharkhand,156969.38,0.0,
700341,7780,2022-09-11 19:07:13,Returned,Net Banking,Jaipur,Rajasthan,12051.83,1807.77,
700408,5557,2024-05-10 01:06:49,Delivered,Net Banking,Hyderabad,Telangana,45827.58,2291.38,11.0
707499,7882,2025-11-28 14:55:42,Delivered,UPI,Bangalore,Karnataka,369943.22,0.0,11.0
706180,6004,2024-07-27 12:21:59,Delivered,Debit Card,Kolkata,West Bengal,18716.23,935.81,4.0
706173,5410,2023-06-02 23:19:45,Delivered,UPI,Surat,Gujarat,63177.18,6317.72,5.0
704282,7572,2024-06-29 20:37:52,Delivered,Net Banking,Jaipur,Rajasthan,49565.15,4956.52,11.0
706187,6484,2023-11-19 18:45:57,Pending,Credit Card,Nashik,Maharashtra,2726.6,0.0,
701061,7157,2023-06-26 21:30:20,Delivered,Net Banking,Ranchi,Jharkhand,196175.73,0.0,4.0
701775,7613,2023-03-02 18:28:03,Pending,Debit Card,Surat,Gujarat,246184.71,49236.94,
703308,7964,2024-04-03 11:12:54,Delivered,Debit Card,Coimbatore,Tamil Nadu,48623.53,4862.35,3.0
706811,5887,2024-09-17 12:02:38,Delivered,Net Banking,Kolkata,West Bengal,35463.64,7092.73,3.0
707918,5541,2024-09-08 18:41:54,Cancelled,Cash on Delivery,Mumbai,Maharashtra,16304.85,3260.97,
700697,7779,2024-11-27 22:46:22,Delivered,Net Banking,Patna,Bihar,8650.4,0.0,11.0
705159,6199,2025-02-01 23:46:39,Shipped,Credit Card,Kolkata,West Bengal,36514.53,7302.91,
703580,7307,2022-01-18 13:16:20,Returned,Cash on Delivery,Nagpur,Maharashtra,19872.96,993.65,
701129,6892,2022-03-25 16:49:48,Shipped,EMI,Nashik,Maharashtra,15454.05,3090.81,
702056,5905,2022-08-27 12:32:46,Shipped,Net Banking,Delhi,Delhi,1553.36,77.67,
707390,6600,2025-10-19 17:57:06,Shipped,EMI,Pune,Maharashtra,80531.43,0.0,
703509,6941,2023-07-31 03:09:55,Delivered,Credit Card,Nashik,Maharashtra,4143.3,414.33,4.0
700271,7982,2023-07-01 02:33:26,Delivered,Cash on Delivery,Ranchi,Jharkhand,7247.48,1087.12,10.0
706053,7378,2022-08-09 19:25:30,Returned,EMI,Nagpur,Maharashtra,64792.63,6479.26,
703849,5882,2025-12-11 07:30:50,Returned,EMI,Patna,Bihar,537.88,26.89,
706634,7724,2022-07-28 05:04:29,Delivered,Net Banking,Ranchi,Jharkhand,85066.64,17013.33,6.0
705727,6985,2026-06-18 08:35:55,Delivered,Cash on Delivery,Lucknow,Uttar Pradesh,32599.37,0.0,9.0
704042,6788,2023-09-07 01:41:04,Pending,Cash on Delivery,Bangalore,Karnataka,12872.04,1930.81,
702824,6593,2022-07-21 23:54:25,Delivered,Debit Card,Kolkata,West Bengal,7551.76,755.18,9.0
708503,6968,2022-03-18 21:56:31,Shipped,Credit Card,Kochi,Kerala,17724.29,0.0,
704586,7995,2023-02-26 02:50:40,Pending,Net Banking,Pune,Maharashtra,4676.21,467.62,
704872,7730,2023-05-13 03:20:37,Delivered,Net Banking,Nagpur,Maharashtra,4233.32,211.67,5.0
701553,5558,2025-08-13 16:30:55,Delivered,Debit Card,Nagpur,Maharashtra,198487.64,19848.76,4.0
700245,7734,2023-08-29 07:24:24,Delivered,Cash on Delivery,Patna,Bihar,330610.93,0.0,5.0
700425,5396,2022-03-01 14:23:13,Returned,EMI,Kolkata,West Bengal,22090.79,0.0,
704865,7363,2022-01-30 05:19:13,Delivered,Cash on Delivery,Delhi,Delhi,10393.19,0.0,2.0
707942,7499,2026-05-15 21:41:41,Delivered,Net Banking,Lucknow,Uttar Pradesh,86313.24,12946.99,8.0
705516,6832,2023-09-22 03:18:26,Delivered,Net Banking,Bhopal,Madhya Pradesh,718.37,0.0,11.0
708557,5984,2024-10-31 22:08:53,Shipped,Cash on Delivery,Ahmedabad,Gujarat,55475.58,0.0,
705336,7143,2022-06-28 10:00:12,Delivered,UPI,Pune,Maharashtra,9560.22,0.0,5.0
706473,5804,2024-09-25 05:29:08,Delivered,Net Banking,Lucknow,Uttar Pradesh,346708.74,34670.87,5.0
701549,5299,2026-05-19 19:27:39,Pending,Debit Card,Hyderabad,Telangana,2412.69,241.27,
700912,7633,2024-10-31 11:20:23,Returned,Net Banking,Chandigarh,Chandigarh,11502.51,2300.5,
702942,6593,2025-01-13 04:32:36,Delivered,EMI,Bhopal,Madhya Pradesh,216540.35,10827.02,9.0
700779,6504,2022-05-12 03:37:35,Returned,EMI,Pune,Maharashtra,2592.16,0.0,
707652,6416,2024-07-03 16:41:29,Delivered,Debit Card,Chandigarh,Chandigarh,43878.65,0.0,5.0
702819,5607,2022-12-31 20:32:38,Delivered,Credit Card,Lucknow,Uttar Pradesh,7137.12,1070.57,7.0
700024,5339,2024-12-14 04:22:14,Delivered,Net Banking,Jaipur,Rajasthan,18814.88,0.0,8.0
703601,7289,2024-12-23 04:55:44,Pending,EMI,Chennai,Tamil Nadu,102406.48,20481.3,
705744,7724,2024-01-24 19:46:21,Shipped,Cash on Delivery,Ahmedabad,Gujarat,2248.35,112.42,
702868,6003,2026-02-07 05:36:41,Delivered,EMI,Nagpur,Maharashtra,101647.44,15247.12,6.0
704901,7306,2025-03-28 14:45:47,Delivered,Net Banking,Indore,Madhya Pradesh,51695.51,0.0,1.0
706286,6576,2026-05-17 05:24:18,Delivered,EMI,Kolkata,West Bengal,4505.76,901.15,4.0
706036,5645,2022-11-05 13:48:04,Pending,Net Banking,Jaipur,Rajasthan,75212.3,7521.23,
700456,6974,2025-02-25 18:26:14,Delivered,Credit Card,Chandigarh,Chandigarh,23574.27,3536.14,6.0
708818,6047,2025-04-01 16:37:01,Returned,Debit Card,Chandigarh,Chandigarh,11290.32,1129.03,
705236,5013,2023-01-10 07:00:59,Cancelled,Debit Card,Mumbai,Maharashtra,18205.16,2730.77,
708382,6319,2026-07-03 20:10:44,Pending,Credit Card,Ahmedabad,Gujarat,149237.3,7461.87,
707359,7911,2023-08-16 23:35:23,Cancelled,EMI,Kolkata,West Bengal,23499.87,0.0,
706103,7075,2023-06-25 17:15:36,Delivered,Debit Card,Chennai,Tamil Nadu,5273.13,263.66,4.0
704289,6506,2025-04-24 10:35:06,Pending,Debit Card,Chennai,Tamil Nadu,1590.96,79.55,
708701,5677,2023-05-14 03:19:14,Returned,Credit Card,Hyderabad,Telangana,104655.61,0.0,
700859,6303,2025-09-21 19:26:03,Delivered,Debit Card,Delhi,Delhi,214093.44,0.0,12.0
701556,7124,2026-01-19 13:56:20,Shipped,Net Banking,Ahmedabad,Gujarat,134414.55,0.0,
701946,6022,2024-05-31 09:00:54,Pending,Cash on Delivery,Chennai,Tamil Nadu,84114.94,0.0,
707124,6277,2025-06-28 00:47:24,Returned,Net Banking,Indore,Madhya Pradesh,129064.86,19359.73,
703671,5850,2022-10-24 00:26:57,Cancelled,Net Banking,Hyderabad,Telangana,27194.05,2719.41,
700585,7249,2022-09-12 14:25:03,Delivered,EMI,Chennai,Tamil Nadu,94326.08,0.0,8.0
706063,5495,2022-03-18 07:35:16,Delivered,Debit Card,Hyderabad,Telangana,931.98,0.0,11.0
704196,6840,2022-05-23 04:42:28,Delivered,Debit Card,Lucknow,Uttar Pradesh,10926.1,546.31,4.0
701007,5362,2025-12-08 04:37:00,Delivered,Net Banking,Ranchi,Jharkhand,87317.26,4365.86,10.0
703700,6064,2023-08-17 08:17:11,Delivered,EMI,Indore,Madhya Pradesh,179936.64,0.0,11.0
705686,5772,2024-09-26 11:58:44,Cancelled,UPI,Bhopal,Madhya Pradesh,106262.48,21252.5,
700866,7919,2025-12-09 16:51:23,Delivered,Cash on Delivery,Surat,Gujarat,40706.84,0.0,9.0
704912,5142,2024-06-10 23:19:39,Returned,UPI,Kolkata,West Bengal,154217.85,30843.57,
705098,5699,2026-02-10 17:19:03,Delivered,EMI,Jaipur,Rajasthan,225887.14,22588.71,10.0
708764,7673,2023-04-21 14:10:39,Delivered,EMI,Indore,Madhya Pradesh,65048.71,9757.31,6.0
707117,6843,2023-03-02 07:33:22,Delivered,Credit Card,Chandigarh,Chandigarh,9070.28,1360.54,1.0
702940,5489,2022-06-09 06:48:00,Returned,Cash on Delivery,Hyderabad,Telangana,165109.77,0.0,
703764,5687,2023-10-28 00:37:20,Delivered,Net Banking,Kochi,Kerala,6338.96,950.84,4.0
707949,5094,2023-04-07 17:36:39,Returned,Credit Card,Jaipur,Rajasthan,85258.37,8525.84,
700801,5708,2025-10-04 21:51:06,Shipped,EMI,Pune,Maharashtra,166784.29,25017.64,
705948,5680,2024-11-04 01:58:32,Delivered,UPI,Jaipur,Rajasthan,7263.14,0.0,5.0
703625,7715,2023-11-30 11:44:42,Delivered,Net Banking,Bangalore,Karnataka,63299.76,0.0,4.0
708533,5118,2023-12-17 05:10:39,Pending,Net Banking,Patna,Bihar,15996.36,0.0,
705490,5344,2023-06-13 10:04:35,Shipped,Cash on Delivery,Jaipur,Rajasthan,381021.92,76204.38,
700613,7166,2022-04-10 09:41:25,Cancelled,EMI,Ahmedabad,Gujarat,77657.02,3882.85,
705992,7339,2023-07-15 05:49:42,Delivered,Debit Card,Surat,Gujarat,348510.67,0.0,6.0
704928,7958,2022-09-28 19:22:07,Delivered,Cash on Delivery,Ranchi,Jharkhand,8375.58,1256.34,5.0
702203,6659,2023-02-18 01:28:07,Returned,UPI,Chennai,Tamil Nadu,162290.8,8114.54,
703706,6869,2025-07-17 22:09:07,Pending,Credit Card,Bangalore,Karnataka,49308.53,9861.71,
706353,5807,2022-04-25 10:04:05,Delivered,Net Banking,Bhopal,Madhya Pradesh,334526.65,0.0,3.0
703378,6845,2022-01-22 14:09:14,Cancelled,Debit Card,Delhi,Delhi,309791.52,61958.3,
706149,7379,2022-08-24 17:04:52,Shipped,Debit Card,Indore,Madhya Pradesh,17078.94,853.95,
701028,5512,2025-02-19 21:53:05,Delivered,EMI,Nashik,Maharashtra,35461.06,0.0,8.0
708097,7159,2025-05-24 09:30:10,Cancelled,UPI,Chandigarh,Chandigarh,91902.23,0.0,
706509,5659,2026-03-15 00:08:20,Delivered,Credit Card,Ahmedabad,Gujarat,16574.33,3314.87,9.0
706726,7736,2023-07-12 20:49:29,Cancelled,Net Banking,Lucknow,Uttar Pradesh,175245.8,0.0,
700874,5873,2026-02-26 09:28:04,Pending,Cash on Delivery,Delhi,Delhi,95327.38,0.0,
704343,6240,2025-01-09 20:18:10,Pending,Credit Card,Lucknow,Uttar Pradesh,21537.72,4307.54,
708387,7168,2022-10-27 01:11:48,Shipped,Cash on Delivery,Indore,Madhya Pradesh,67204.33,0.0,
701837,5033,2026-02-01 17:00:35,Delivered,Debit Card,Nashik,Maharashtra,151628.44,0.0,5.0
708184,5087,2023-03-06 04:49:16,Pending,EMI,Pune,Maharashtra,116477.17,11647.72,
707081,5547,2022-04-04 14:11:03,Delivered,Credit Card,Bangalore,Karnataka,183634.04,0.0,4.0
702362,6470,2024-11-21 15:05:56,Delivered,EMI,Kolkata,West Bengal,101866.58,15279.99,4.0
701292,7883,2025-03-11 13:02:50,Delivered,Credit Card,Coimbatore,Tamil Nadu,22458.55,3368.78,6.0
700932,7872,2026-04-06 02:06:34,Returned,Credit Card,Lucknow,Uttar Pradesh,3596.91,359.69,
700047,7811,2025-05-14 05:55:15,Delivered,EMI,Nagpur,Maharashtra,309522.2,30952.22,3.0
702774,7209,2023-12-08 14:26:45,Shipped,Cash on Delivery,Chennai,Tamil Nadu,9865.67,1973.13,
705169,5553,2023-04-30 15:28:16,Pending,Net Banking,Jaipur,Rajasthan,304671.49,60934.3,
707999,7476,2024-11-26 04:40:46,Pending,Debit Card,Surat,Gujarat,26023.16,0.0,
708397,6581,2025-11-20 23:37:58,Delivered,UPI,Indore,Madhya Pradesh,64751.25,0.0,3.0
700552,6241,2024-12-21 07:31:38,Delivered,Debit Card,Pune,Maharashtra,6870.73,0.0,12.0
707310,7597,2022-06-24 00:43:36,Delivered,Net Banking,Pune,Maharashtra,32151.27,3215.13,2.0
700537,6585,2024-01-05 06:49:53,Cancelled,UPI,Mumbai,Maharashtra,11747.55,587.38,
706824,6755,2024-07-22 21:10:38,Cancelled,EMI,Coimbatore,Tamil Nadu,174012.84,34802.57,
704968,6597,2022-02-14 21:13:38,Delivered,Credit Card,Chennai,Tamil Nadu,121202.48,0.0,6.0
707058,5558,2023-01-17 04:40:53,Returned,Debit Card,Ranchi,Jharkhand,53208.89,0.0,
700113,6981,2022-04-03 16:09:44,Delivered,UPI,Bhopal,Madhya Pradesh,281397.43,28139.74,9.0
700634,5366,2025-12-05 04:55:02,Shipped,Credit Card,Bangalore,Karnataka,678655.24,0.0,
706427,7328,2024-11-30 00:55:18,Returned,Cash on Delivery,Chennai,Tamil Nadu,20323.31,4064.66,
700795,5460,2023-06-04 11:09:57,Delivered,Credit Card,Patna,Bihar,333387.78,66677.56,4.0
707054,7796,2023-08-25 16:56:30,Cancelled,EMI,Nashik,Maharashtra,304172.92,0.0,
705666,7757,2022-05-19 22:48:03,Returned,Net Banking,Bangalore,Karnataka,34628.78,0.0,
708707,5308,2023-10-07 23:35:35,Delivered,EMI,Mumbai,Maharashtra,34535.4,0.0,12.0
708538,5248,2023-08-18 09:09:36,Shipped,Net Banking,Kochi,Kerala,1295.7,194.35,
708133,6145,2022-12-11 03:02:51,Delivered,Cash on Delivery,Nagpur,Maharashtra,9305.23,465.26,12.0
704205,5323,2025-04-16 11:04:21,Delivered,Debit Card,Bhopal,Madhya Pradesh,21621.27,1081.06,8.0
701359,5182,2025-08-26 03:45:51,Delivered,Debit Card,Indore,Madhya Pradesh,9808.81,980.88,6.0
706473,5804,2024-09-25 05:29:08,Delivered,Net Banking,Lucknow,Uttar Pradesh,346708.74,34670.87,5.0
708572,7053,2022-05-10 04:09:08,Delivered,Debit Card,Jaipur,Rajasthan,27335.84,1366.79,8.0
701934,6702,2026-08-05 12:32:50,Delivered,UPI,Bangalore,Karnataka,10286.64,1028.66,4.0
703375,7581,2023-02-10 00:51:29,Returned,Net Banking,Patna,Bihar,10132.83,0.0,
703115,6889,2025-04-02 05:56:31,Delivered,Cash on Delivery,Nashik,Maharashtra,48949.22,2447.46,9.0
701377,6493,2025-01-20 13:39:34,Cancelled,Cash on Delivery,Chandigarh,Chandigarh,66240.1,6624.01,
708813,5746,2026-02-21 09:55:52,Pending,Debit Card,Indore,Madhya Pradesh,154277.68,0.0,
701246,7305,2023-03-17 05:26:12,Cancelled,Cash on Delivery,Patna,Bihar,64259.35,0.0,
705574,5554,2024-08-31 04:32:24,Cancelled,Credit Card,Delhi,Delhi,321292.7,48193.9,
701014,6920,2023-11-15 09:06:26,Returned,EMI,Jaipur,Rajasthan,242649.35,24264.93,
704733,6383,2026-07-11 13:04:52,Pending,Debit Card,Jaipur,Rajasthan,202955.83,40591.17,
705659,7089,2025-03-24 20:59:15,Returned,UPI,Mumbai,Maharashtra,15969.07,3193.81,
707987,7668,2022-10-03 02:27:30,Delivered,EMI,Jaipur,Rajasthan,4344.7,434.47,10.0
705071,6187,2022-05-25 18:56:23,Delivered,Net Banking,Patna,Bihar,74440.36,7444.04,7.0
704101,6495,2023-06-03 23:24:34,Delivered,Net Banking,Bangalore,Karnataka,31415.76,3141.58,12.0
707809,6233,2022-05-22 13:56:29,Delivered,Debit Card,Chandigarh,Chandigarh,54991.02,10998.2,3.0
706190,7736,2025-02-19 13:49:46,Delivered,Net Banking,Ranchi,Jharkhand,19984.44,3996.89,8.0
706991,6048,2023-03-13 19:08:50,Returned,UPI,Jaipur,Rajasthan,211678.04,31751.71,
708434,6981,2024-11-11 16:35:13,Cancelled,EMI,Chennai,Tamil Nadu,2625.88,0.0,
700623,5243,2025-06-20 09:43:19,Delivered,Credit Card,Bhopal,Madhya Pradesh,16683.57,0.0,6.0
708104,5993,2025-04-02 19:31:16,Pending,EMI,Nashik,Maharashtra,11224.1,1683.62,
702427,7369,2022-03-12 17:53:57,Pending,Net Banking,Kochi,Kerala,41836.97,8367.39,
704460,5766,2022-07-28 00:55:59,Delivered,Debit Card,Patna,Bihar,51728.33,0.0,9.0
705366,7454,2022-05-01 04:40:53,Delivered,EMI,Pune,Maharashtra,18155.5,3631.1,11.0
705839,6332,2023-07-12 17:18:01,Returned,Debit Card,Pune,Maharashtra,1912.08,382.42,
702217,5088,2024-04-13 05:06:48,Pending,UPI,Delhi,Delhi,283433.57,28343.36,
708018,7573,2023-10-07 07:23:20,Delivered,Credit Card,Ranchi,Jharkhand,18840.3,0.0,2.0
708492,6573,2024-05-01 03:13:33,Pending,Credit Card,Jaipur,Rajasthan,100384.23,20076.85,
705365,6232,2023-07-31 23:58:05,Cancelled,Cash on Delivery,Patna,Bihar,89812.27,13471.84,
701690,6462,2025-07-15 06:48:11,Shipped,UPI,Coimbatore,Tamil Nadu,142708.66,21406.3,
705878,5467,2025-12-23 09:43:11,Cancelled,Net Banking,Bhopal,Madhya Pradesh,1920.64,288.1,
702916,7506,2024-03-10 18:59:34,Delivered,UPI,Delhi,Delhi,330.09,0.0,5.0
708610,7843,2026-08-07 08:28:57,Delivered,Debit Card,Lucknow,Uttar Pradesh,179967.16,0.0,3.0
702736,7361,2023-04-27 15:49:44,Delivered,Cash on Delivery,Coimbatore,Tamil Nadu,15856.09,1585.61,4.0
705420,5060,2022-07-25 16:47:05,Delivered,EMI,Hyderabad,Telangana,93101.78,9310.18,8.0
707315,7923,2026-06-24 00:55:14,Pending,Cash on Delivery,Nashik,Maharashtra,52933.26,2646.66,
707646,5301,2023-07-29 12:22:17,Delivered,EMI,Pune,Maharashtra,990.27,148.54,12.0
708965,5152,2026-03-27 05:06:39,Cancelled,Credit Card,Kolkata,West Bengal,68632.82,0.0,
701842,6429,2023-08-11 08:20:39,Pending,UPI,Kolkata,West Bengal,30104.15,4515.62,
701496,7998,2025-08-08 21:47:36,Returned,Cash on Delivery,Bangalore,Karnataka,313027.9,31302.79,
705043,6436,2022-11-05 01:06:00,Delivered,Debit Card,Bangalore,Karnataka,13380.02,2676.0,7.0
706045,5854,2023-08-22 18:26:13,Delivered,Net Banking,Pune,Maharashtra,32639.24,1631.96,8.0
707444,5119,2025-03-04 16:52:54,Shipped,Credit Card,Ranchi,Jharkhand,11204.24,1120.42,
707401,6185,2022-04-05 01:54:59,Delivered,UPI,Kochi,Kerala,74519.89,0.0,4.0
704147,7303,2023-11-26 12:22:40,Pending,UPI,Bangalore,Karnataka,297681.12,59536.22,
701310,5704,2024-07-29 16:55:19,Pending,Debit Card,Chandigarh,Chandigarh,136477.67,20471.65,
705521,6621,2022-02-20 14:44:45,Returned,Cash on Delivery,Delhi,Delhi,220911.58,22091.16,
701866,5074,2026-01-10 15:41:25,Delivered,Net Banking,Mumbai,Maharashtra,8614.51,430.73,7.0
701847,7272,2026-02-16 09:06:19,Delivered,Debit Card,Bangalore,Karnataka,161811.09,0.0,5.0
703797,7539,2023-05-21 20:00:46,Delivered,Debit Card,Mumbai,Maharashtra,39292.94,1964.65,7.0
706586,5919,2026-04-18 20:07:36,Returned,Credit Card,Delhi,Delhi,150456.65,0.0,
701204,7290,2024-10-04 01:41:56,Delivered,EMI,Indore,Madhya Pradesh,304214.58,0.0,2.0
701384,5781,2022-10-31 00:01:24,Delivered,EMI,Jaipur,Rajasthan,16817.81,840.89,12.0
704181,7760,2022-11-29 21:31:15,Returned,Debit Card,Mumbai,Maharashtra,129734.59,19460.19,
705661,6903,2026-04-06 07:19:21,Delivered,Debit Card,Kolkata,West Bengal,26200.6,0.0,11.0
702506,5192,2026-05-03 06:50:34,Cancelled,Debit Card,Chennai,Tamil Nadu,207904.26,10395.21,
707586,6784,2023-11-04 03:50:37,Delivered,Cash on Delivery,Chandigarh,Chandigarh,257314.58,0.0,9.0
703513,7269,2026-07-23 01:25:14,Delivered,EMI,Pune,Maharashtra,138667.89,6933.39,4.0
707384,5691,2024-07-26 21:02:18,Delivered,UPI,Delhi,Delhi,48129.34,9625.87,9.0
706395,6137,2025-03-06 03:53:59,Pending,Net Banking,Indore,Madhya Pradesh,32550.35,0.0,
702327,5735,2024-04-18 23:12:58,Pending,Net Banking,Indore,Madhya Pradesh,16655.11,0.0,
707156,7330,2025-03-25 09:56:52,Cancelled,Net Banking,Nashik,Maharashtra,2252.88,112.64,
701557,5083,2025-10-09 17:23:41,Delivered,EMI,Jaipur,Rajasthan,8443.8,1688.76,5.0
703090,7513,2023-12-14 01:18:09,Returned,Debit Card,Indore,Madhya Pradesh,7196.91,0.0,
702922,6706,2022-01-31 01:36:42,Delivered,UPI,Surat,Gujarat,35125.19,1756.26,1.0
706515,7842,2025-08-07 06:27:26,Cancelled,Cash on Delivery,Hyderabad,Telangana,21278.68,2127.87,
703795,7749,2022-02-18 01:53:43,Delivered,Cash on Delivery,Ranchi,Jharkhand,77212.47,0.0,8.0
705041,6955,2024-10-16 17:50:55,Delivered,EMI,Ahmedabad,Gujarat,1598.27,79.91,8.0
703965,5025,2023-05-15 06:16:44,Shipped,EMI,Bhopal,Madhya Pradesh,3214.12,642.82,
700052,5641,2022-07-09 08:12:18,Returned,Cash on Delivery,Kochi,Kerala,179424.5,0.0,
704332,7080,2025-05-27 15:10:15,Delivered,Net Banking,Indore,Madhya Pradesh,90311.1,9031.11,10.0
701207,6293,2025-09-23 09:30:28,Pending,Cash on Delivery,Nagpur,Maharashtra,203977.41,40795.48,
707516,7246,2024-03-27 21:11:37,Delivered,EMI,Chennai,Tamil Nadu,164762.78,24714.42,6.0
701420,5614,2022-03-29 05:50:23,Shipped,Cash on Delivery,Chandigarh,Chandigarh,2897.4,0.0,
702554,7854,2024-01-16 05:41:05,Delivered,EMI,Lucknow,Uttar Pradesh,68666.67,0.0,10.0
708883,6911,2024-02-02 16:58:48,Cancelled,Debit Card,Surat,Gujarat,3173.02,0.0,
708090,7767,2023-10-01 06:23:13,Delivered,Debit Card,Lucknow,Uttar Pradesh,110143.6,16521.54,9.0
706610,7852,2025-12-24 02:40:12,Delivered,Net Banking,Nashik,Maharashtra,329.61,49.44,1.0
702312,7215,2024-03-22 01:56:59,Returned,Net Banking,Kolkata,West Bengal,403034.71,0.0,
706604,7692,2024-01-11 01:33:22,Shipped,Net Banking,Hyderabad,Telangana,6061.69,909.25,
707905,5943,2026-03-01 19:33:28,Cancelled,Net Banking,Lucknow,Uttar Pradesh,26948.42,0.0,
705046,6596,2024-07-28 17:19:58,Delivered,UPI,Patna,Bihar,21910.07,0.0,4.0
708166,5730,2023-11-11 20:08:10,Delivered,Credit Card,Ahmedabad,Gujarat,327.32,65.46,12.0
704035,5463,2024-04-27 23:16:49,Pending,Cash on Delivery,Delhi,Delhi,10213.39,1532.01,
703222,6091,2026-07-02 19:29:21,Delivered,Debit Card,Indore,Madhya Pradesh,14791.56,739.58,9.0
704127,6509,2023-09-05 23:55:15,Delivered,UPI,Jaipur,Rajasthan,55703.63,0.0,6.0
701772,7409,2022-08-05 22:45:19,Delivered,EMI,Chandigarh,Chandigarh,14484.07,2172.61,8.0
702243,6559,2024-01-20 04:20:27,Delivered,Cash on Delivery,Coimbatore,Tamil Nadu,8146.51,814.65,6.0
702772,6598,2025-12-05 14:32:03,Cancelled,Debit Card,Bangalore,Karnataka,235135.95,11756.8,
704480,7755,2023-10-24 16:46:28,Delivered,UPI,Indore,Madhya Pradesh,49329.66,2466.48,11.0
708139,7405,2022-12-01 14:12:50,Delivered,EMI,Nashik,Maharashtra,160692.08,0.0,4.0
700472,7678,2025-12-13 12:01:38,Returned,EMI,Indore,Madhya Pradesh,50536.61,10107.32,
705991,6953,2025-05-06 01:41:44,Cancelled,Cash on Delivery,Pune,Maharashtra,130139.6,26027.92,
708220,7926,2023-10-11 07:17:21,Cancelled,EMI,Nashik,Maharashtra,22429.84,0.0,
701806,6458,2026-06-12 22:23:11,Shipped,Net Banking,Jaipur,Rajasthan,17015.61,0.0,
704421,6582,2024-04-25 13:26:17,Cancelled,Debit Card,Ahmedabad,Gujarat,67655.14,0.0,
708215,6480,2025-10-14 16:29:14,Returned,Debit Card,Mumbai,Maharashtra,13217.71,660.89,
705378,7058,2026-03-29 10:26:50,Delivered,Credit Card,Kochi,Kerala,142010.74,28402.15,9.0
701812,5706,2022-09-07 23:09:04,Delivered,Credit Card,Bhopal,Madhya Pradesh,36908.43,7381.69,11.0
708860,7079,2022-09-02 18:18:36,Returned,Net Banking,Mumbai,Maharashtra,244110.55,36616.58,
701529,6507,2023-12-19 02:44:35,Delivered,Cash on Delivery,Indore,Madhya Pradesh,1223.24,122.32,11.0
702808,7320,2026-07-17 01:44:37,Delivered,EMI,Kolkata,West Bengal,11119.08,0.0,9.0
701105,6612,2023-07-25 17:56:16,Delivered,Cash on Delivery,Kochi,Kerala,40487.47,0.0,4.0
701516,6192,2023-04-05 00:34:08,Returned,Debit Card,Chandigarh,Chandigarh,3684.39,736.88,
702952,7001,2022-11-03 23:30:37,Returned,UPI,Hyderabad,Telangana,59785.12,0.0,
700178,7895,2024-05-29 02:42:51,Returned,UPI,Kochi,Kerala,56693.16,2834.66,
708187,6475,2022-06-05 09:58:53,Returned,EMI,Jaipur,Rajasthan,8611.83,0.0,
705672,5011,2023-01-14 07:56:28,Returned,Debit Card,Bhopal,Madhya Pradesh,72275.72,7227.57,
702024,6525,2022-05-16 08:55:57,Cancelled,Net Banking,Surat,Gujarat,81461.98,4073.1,
701214,5703,2026-07-31 02:52:09,Shipped,Net Banking,Coimbatore,Tamil Nadu,18675.91,0.0,
704299,5766,2025-01-16 07:58:26,Pending,Net Banking,Indore,Madhya Pradesh,73816.86,3690.84,
704750,6987,2025-07-31 19:31:51,Pending,UPI,Chennai,Tamil Nadu,346924.35,52038.65,
706010,6035,2023-05-15 02:44:14,Cancelled,Debit Card,Indore,Madhya Pradesh,63561.08,0.0,
701592,7083,2023-09-26 16:57:10,Delivered,Debit Card,Bangalore,Karnataka,137318.62,6865.93,12.0
702814,5298,2026-04-27 07:38:25,Delivered,Net Banking,Jaipur,Rajasthan,239584.09,47916.82,4.0
702938,5151,2024-07-11 00:25:37,Shipped,Cash on Delivery,Coimbatore,Tamil Nadu,46115.91,2305.8,
703147,7259,2023-08-31 17:47:37,Pending,EMI,Chennai,Tamil Nadu,687.77,0.0,
705476,5191,2024-06-12 20:28:09,Pending,Cash on Delivery,Indore,Madhya Pradesh,22905.87,3435.88,
701067,7327,2023-07-12 04:43:30,Delivered,UPI,Bangalore,Karnataka,100132.78,15019.92,7.0
703091,5070,2025-02-07 00:24:16,Delivered,Net Banking,Ahmedabad,Gujarat,143009.65,21451.45,4.0
701184,5328,2023-10-03 03:11:08,Delivered,Credit Card,Lucknow,Uttar Pradesh,20119.47,3017.92,2.0
707851,7370,2022-11-24 12:57:15,Returned,Debit Card,Kochi,Kerala,60404.16,0.0,
705020,7952,2024-03-26 18:39:04,Shipped,Net Banking,Surat,Gujarat,59.48,5.95,
707492,6860,2022-06-11 01:26:39,Delivered,EMI,Indore,Madhya Pradesh,203519.45,30527.92,2.0
700368,5326,2023-12-26 20:44:08,Pending,Debit Card,Nagpur,Maharashtra,1594.86,79.74,
701932,7833,2025-10-23 01:50:17,Delivered,Debit Card,Patna,Bihar,44058.6,2202.93,2.0
705092,5240,2022-05-27 16:13:07,Delivered,Cash on Delivery,Ahmedabad,Gujarat,16554.66,827.73,7.0
703272,7944,2023-09-02 00:34:25,Delivered,Credit Card,Chennai,Tamil Nadu,97943.25,4897.16,6.0
702859,7136,2024-02-04 15:10:04,Delivered,EMI,Nagpur,Maharashtra,55253.06,0.0,4.0
705904,6925,2025-04-13 02:47:02,Returned,Credit Card,Bhopal,Madhya Pradesh,5432.64,0.0,
701478,5688,2026-03-07 06:53:38,Delivered,Credit Card,Kochi,Kerala,129747.03,6487.35,3.0
705660,6389,2025-10-19 08:27:13,Delivered,Credit Card,Patna,Bihar,30541.16,4581.17,1.0
702795,5593,2025-02-25 11:54:16,Shipped,Debit Card,Bangalore,Karnataka,9114.84,0.0,
705726,5853,2024-08-03 00:35:11,Shipped,Cash on Delivery,Chennai,Tamil Nadu,17375.07,1737.51,
708689,7251,2026-05-09 00:04:16,Delivered,Credit Card,Surat,Gujarat,40763.4,4076.34,2.0
702886,5595,2023-04-11 05:20:13,Cancelled,UPI,Kolkata,West Bengal,4362.3,436.23,
707742,5195,2024-06-27 21:30:19,Shipped,EMI,Chandigarh,Chandigarh,346437.73,0.0,
703489,5474,2022-01-21 22:07:19,Returned,Cash on Delivery,Ahmedabad,Gujarat,7403.88,0.0,
708074,7606,2024-02-07 18:46:00,Delivered,Debit Card,Indore,Madhya Pradesh,26359.4,1317.97,1.0
707252,7719,2023-08-24 20:50:52,Pending,Cash on Delivery,Nagpur,Maharashtra,10241.08,1024.11,
707294,5723,2022-05-19 05:20:55,Delivered,Cash on Delivery,Bangalore,Karnataka,3009.96,0.0,1.0
702773,5869,2024-07-03 22:24:59,Delivered,Cash on Delivery,Mumbai,Maharashtra,6550.99,327.55,9.0
705910,7598,2022-09-22 14:53:32,Delivered,UPI,Delhi,Delhi,36959.91,7391.98,10.0
701890,7904,2024-03-25 14:50:33,Delivered,UPI,Kochi,Kerala,141237.4,21185.61,4.0
705334,6735,2022-09-10 00:02:02,Delivered,UPI,Delhi,Delhi,104086.09,0.0,2.0
701495,6222,2023-11-25 17:58:24,Pending,Debit Card,Bhopal,Madhya Pradesh,154552.34,23182.85,
701389,6656,2024-05-28 06:18:37,Delivered,EMI,Pune,Maharashtra,97708.95,14656.34,1.0
704622,6354,2023-03-30 22:33:28,Shipped,Cash on Delivery,Ahmedabad,Gujarat,252939.48,25293.95,
701331,5153,2023-02-23 21:21:19,Returned,Debit Card,Chandigarh,Chandigarh,24077.34,2407.73,
705905,6251,2024-02-19 04:43:22,Shipped,Debit Card,Bhopal,Madhya Pradesh,95038.09,4751.9,
702263,7259,2022-11-22 00:07:55,Delivered,EMI,Hyderabad,Telangana,81634.75,16326.95,3.0
706923,5046,2023-08-04 00:16:28,Pending,Cash on Delivery,Chennai,Tamil Nadu,33244.75,0.0,
707839,7804,2026-06-20 18:36:19,Cancelled,Credit Card,Nashik,Maharashtra,132649.52,19897.43,
702869,6669,2022-09-28 20:30:48,Shipped,Cash on Delivery,Nashik,Maharashtra,11431.96,0.0,
703354,5259,2022-04-28 13:24:34,Delivered,UPI,Indore,Madhya Pradesh,90670.12,9067.01,9.0
701542,6492,2022-06-22 14:00:53,Delivered,Debit Card,Nashik,Maharashtra,517697.8,0.0,9.0
702200,5174,2022-02-18 10:43:24,Delivered,EMI,Pune,Maharashtra,78114.92,11717.24,11.0
702632,6526,2024-02-17 01:09:39,Cancelled,UPI,Chandigarh,Chandigarh,12211.93,0.0,
700459,5968,2022-08-02 15:39:39,Cancelled,EMI,Chandigarh,Chandigarh,122941.84,18441.28,
708645,7720,2025-07-10 22:51:29,Returned,EMI,Pune,Maharashtra,4062.46,406.25,
706484,5267,2025-04-08 07:25:41,Delivered,Cash on Delivery,Ranchi,Jharkhand,6477.11,647.71,9.0
700495,6418,2022-08-11 06:28:38,Delivered,Credit Card,Bhopal,Madhya Pradesh,8626.15,862.62,11.0
700911,6832,2022-07-14 07:10:30,Delivered,Credit Card,Bhopal,Madhya Pradesh,27347.52,2734.75,11.0
701571,7905,2023-09-29 22:20:42,Delivered,Net Banking,Lucknow,Uttar Pradesh,25315.46,3797.32,4.0
708211,7369,2023-02-19 16:09:30,Delivered,Debit Card,Patna,Bihar,66079.39,3303.97,6.0
707808,5029,2026-06-08 00:13:40,Cancelled,Net Banking,Hyderabad,Telangana,4271.79,213.59,
702359,7855,2025-01-02 20:56:37,Pending,Credit Card,Pune,Maharashtra,9420.15,942.01,
703982,5075,2023-03-30 13:12:12,Delivered,UPI,Nagpur,Maharashtra,30985.38,3098.54,3.0
702703,5549,2025-07-09 18:06:56,Delivered,UPI,Patna,Bihar,153988.6,30797.72,10.0
701548,5709,2024-11-04 20:30:08,Delivered,Debit Card,Delhi,Delhi,186238.94,9311.95,11.0
701025,7749,2022-08-01 08:56:01,Shipped,EMI,Bhopal,Madhya Pradesh,15112.79,3022.56,
708049,6791,2022-06-29 22:41:38,Pending,UPI,Chandigarh,Chandigarh,357024.5,53553.67,
702006,6248,2024-05-13 01:00:07,Delivered,Debit Card,Kolkata,West Bengal,7729.77,1545.95,11.0
704943,5689,2025-12-12 01:25:49,Delivered,UPI,Nashik,Maharashtra,19979.04,0.0,2.0
706348,5498,2025-02-08 16:10:50,Shipped,Net Banking,Hyderabad,Telangana,96930.95,0.0,
707663,5952,2026-02-16 12:23:20,Delivered,Net Banking,Patna,Bihar,11100.33,555.02,9.0
704317,6046,2022-01-10 19:42:30,Delivered,Credit Card,Pune,Maharashtra,32637.61,6527.52,8.0
706266,6525,2025-10-19 15:09:02,Returned,Credit Card,Nashik,Maharashtra,264851.76,13242.59,
704677,5070,2024-12-11 21:22:40,Shipped,Credit Card,Indore,Madhya Pradesh,35834.92,1791.75,
706920,6715,2024-09-27 07:07:14,Pending,Credit Card,Hyderabad,Telangana,176337.16,0.0,
700756,6744,2023-05-14 22:01:02,Delivered,Net Banking,Chandigarh,Chandigarh,14714.1,1471.41,5.0
702311,7981,2023-07-31 16:38:21,Shipped,Net Banking,Jaipur,Rajasthan,36571.9,0.0,
704863,6414,2026-01-16 01:49:45,Delivered,Credit Card,Ahmedabad,Gujarat,4924.98,738.75,11.0
701765,5858,2024-07-06 17:50:10,Pending,Cash on Delivery,Delhi,Delhi,4557.02,227.85,
701776,6183,2022-05-13 21:14:42,Pending,EMI,Pune,Maharashtra,4545.48,0.0,
702389,6495,2023-01-06 20:42:47,Delivered,UPI,Lucknow,Uttar Pradesh,74319.31,0.0,4.0
708255,6280,2025-09-08 14:50:10,Delivered,Credit Card,Lucknow,Uttar Pradesh,32926.36,1646.32,3.0
700975,5850,2025-01-05 23:10:32,Returned,UPI,Indore,Madhya Pradesh,10586.67,0.0,
701918,7158,2025-08-16 19:15:44,Delivered,Cash on Delivery,Indore,Madhya Pradesh,7452.8,0.0,11.0
704366,6262,2023-06-23 16:15:10,Delivered,Cash on Delivery,Bangalore,Karnataka,7858.56,1178.78,5.0
708790,5993,2022-01-27 23:51:51,Delivered,UPI,Chennai,Tamil Nadu,3583.51,179.18,10.0
707247,7838,2022-04-10 10:27:20,Returned,Debit Card,Chandigarh,Chandigarh,25870.48,1293.52,
700782,7457,2026-07-11 04:12:23,Returned,Credit Card,Bhopal,Madhya Pradesh,396429.0,0.0,
707561,5238,2026-06-27 06:57:20,Delivered,Credit Card,Indore,Madhya Pradesh,88169.25,4408.46,8.0
708680,5703,2023-05-27 13:13:10,Cancelled,EMI,Kolkata,West Bengal,63754.83,6375.48,
705881,5754,2023-03-19 23:51:06,Delivered,Debit Card,Pune,Maharashtra,110949.53,5547.48,9.0
700122,6660,2026-04-24 01:57:59,Returned,Cash on Delivery,Pune,Maharashtra,373137.24,74627.45,
706965,7936,2026-04-26 11:38:42,Delivered,Debit Card,Jaipur,Rajasthan,840.69,126.1,9.0
706846,5624,2025-04-04 17:48:02,Delivered,Credit Card,Indore,Madhya Pradesh,244962.6,12248.13,6.0
700396,6413,2025-05-18 02:23:30,Pending,Debit Card,Chandigarh,Chandigarh,86593.42,8659.34,
707621,6847,2025-03-11 05:04:26,Shipped,Cash on Delivery,Surat,Gujarat,3095.97,0.0,
704092,7144,2024-08-06 01:48:33,Delivered,UPI,Ranchi,Jharkhand,6554.66,1310.93,6.0
708830,7976,2022-01-16 18:51:21,Delivered,Cash on Delivery,Delhi,Delhi,10818.86,2163.77,10.0
706866,7968,2026-06-29 23:36:20,Returned,UPI,Mumbai,Maharashtra,185917.93,18591.79,
706267,5273,2022-02-06 22:29:56,Delivered,Net Banking,Patna,Bihar,40858.38,6128.76,11.0
700191,5950,2025-02-25 03:17:33,Delivered,Net Banking,Ranchi,Jharkhand,1075.76,53.79,10.0
707363,6214,2023-09-29 12:19:35,Delivered,UPI,Nashik,Maharashtra,57290.2,0.0,6.0
700181,6808,2025-01-31 02:35:46,Delivered,Cash on Delivery,Chandigarh,Chandigarh,207823.42,0.0,7.0
701826,6098,2025-09-25 11:49:11,Delivered,Cash on Delivery,Bhopal,Madhya Pradesh,40852.4,8170.48,3.0
703916,6900,2022-07-31 23:19:41,Delivered,Debit Card,Chandigarh,Chandigarh,62773.37,3138.67,3.0
700471,7795,2022-11-02 17:28:18,Returned,Cash on Delivery,Kochi,Kerala,5032.31,0.0,
708855,6715,2023-12-16 13:00:42,Shipped,Net Banking,Lucknow,Uttar Pradesh,92792.04,18558.41,
708008,6811,2024-05-06 08:25:41,Returned,Credit Card,Bhopal,Madhya Pradesh,233.58,11.68,
700716,6692,2024-08-20 16:26:28,Pending,Debit Card,Nagpur,Maharashtra,11143.96,1114.4,
704129,6086,2022-10-15 11:50:55,Delivered,Cash on Delivery,Patna,Bihar,24789.59,4957.92,3.0
700250,5565,2024-05-16 07:56:38,Cancelled,Cash on Delivery,Bangalore,Karnataka,294610.02,14730.5,
702639,7182,2024-10-21 00:28:05,Shipped,Debit Card,Coimbatore,Tamil Nadu,810.51,40.53,
704246,6797,2023-08-13 01:22:46,Pending,Net Banking,Kolkata,West Bengal,78834.89,0.0,
707672,7061,2026-06-07 11:38:52,Shipped,Net Banking,Chandigarh,Chandigarh,46020.78,6903.12,
705827,6014,2022-03-25 21:00:52,Pending,Cash on Delivery,Bangalore,Karnataka,22469.97,2247.0,
703238,5239,2025-02-01 16:35:00,Delivered,Net Banking,Nashik,Maharashtra,7407.19,370.36,7.0
707153,6597,2023-11-05 21:46:59,Shipped,EMI,Chennai,Tamil Nadu,8867.36,0.0,
700344,7208,2022-06-22 07:43:49,Delivered,EMI,Mumbai,Maharashtra,344342.84,0.0,1.0
705971,7674,2024-05-21 11:27:56,Delivered,UPI,Pune,Maharashtra,87052.09,17410.42,5.0
703705,5559,2024-08-18 04:13:03,Delivered,Credit Card,Bhopal,Madhya Pradesh,1005.24,0.0,12.0
700123,5333,2023-05-17 03:06:22,Pending,Net Banking,Kolkata,West Bengal,56886.43,5688.64,
700626,7164,2023-10-09 09:28:25,Pending,Net Banking,Nashik,Maharashtra,206825.8,10341.29,
703355,5290,2025-04-24 13:20:11,Pending,UPI,Kochi,Kerala,11931.38,1193.14,
701417,7780,2025-05-04 06:38:34,Cancelled,Cash on Delivery,Patna,Bihar,146437.12,29287.42,
707300,5835,2023-05-27 21:07:31,Cancelled,Debit Card,Ahmedabad,Gujarat,810.15,0.0,
704861,6046,2025-02-04 12:56:53,Returned,Debit Card,Bangalore,Karnataka,70819.43,7081.94,
708752,6518,2022-09-26 21:19:08,Shipped,Debit Card,Hyderabad,Telangana,93770.13,18754.03,
708950,5630,2023-09-20 07:55:58,Returned,Debit Card,Bangalore,Karnataka,22602.84,0.0,
704265,7249,2022-03-14 05:41:36,Shipped,Credit Card,Kolkata,West Bengal,135578.46,20336.77,
702269,6408,2022-10-13 07:21:18,Shipped,Credit Card,Nashik,Maharashtra,2841.8,0.0,
700272,5667,2024-06-07 18:54:16,Delivered,Cash on Delivery,Lucknow,Uttar Pradesh,108327.14,0.0,1.0
705482,5217,2023-04-19 16:22:39,Cancelled,Net Banking,Patna,Bihar,263059.3,13152.97,
705598,6366,2024-04-07 19:55:09,Delivered,UPI,Ahmedabad,Gujarat,411781.04,41178.1,9.0
704897,7287,2022-10-07 12:36:00,Pending,UPI,Chennai,Tamil Nadu,61764.04,3088.2,
700182,5022,2025-01-01 10:26:43,Delivered,Cash on Delivery,Bhopal,Madhya Pradesh,71755.28,0.0,12.0
703400,6629,2023-08-10 04:13:55,Pending,UPI,Chennai,Tamil Nadu,151753.99,22763.1,
706617,6240,2025-12-11 11:12:46,Returned,Debit Card,Coimbatore,Tamil Nadu,8974.23,0.0,
707810,6902,2022-07-21 17:12:02,Delivered,Net Banking,Nashik,Maharashtra,9962.08,1494.31,2.0
701518,7085,2025-06-10 17:06:36,Shipped,EMI,Delhi,Delhi,23926.34,0.0,
701078,5116,2025-07-19 22:21:03,Delivered,Credit Card,Nashik,Maharashtra,142539.69,0.0,9.0
701622,6448,2022-05-01 02:12:02,Returned,Debit Card,Delhi,Delhi,3435.28,343.53,
701453,6769,2023-07-20 00:44:02,Shipped,Debit Card,Bhopal,Madhya Pradesh,166945.67,8347.28,
702025,5520,2025-10-05 04:05:37,Delivered,Debit Card,Surat,Gujarat,151677.68,30335.54,3.0
708079,5784,2026-06-16 05:06:32,Delivered,Net Banking,Chennai,Tamil Nadu,13883.86,0.0,8.0
700958,6796,2022-11-08 10:33:05,Pending,Net Banking,Delhi,Delhi,70771.87,14154.37,
708685,6137,2025-03-27 06:01:20,Pending,UPI,Ahmedabad,Gujarat,161039.33,8051.97,
700563,5608,2026-04-07 11:08:36,Shipped,Cash on Delivery,Lucknow,Uttar Pradesh,21725.04,0.0,
703454,5642,2026-02-12 17:52:15,Cancelled,UPI,Nashik,Maharashtra,2052.9,0.0,
700521,5493,2023-03-29 06:17:59,Returned,EMI,Ranchi,Jharkhand,2374.59,118.73,
700199,5686,2022-07-10 15:59:00,Delivered,Cash on Delivery,Ahmedabad,Gujarat,33882.62,0.0,11.0
703368,5613,2024-07-01 18:40:43,Returned,Net Banking,Surat,Gujarat,288729.24,14436.46,
706740,6567,2023-08-20 06:45:09,Delivered,EMI,Coimbatore,Tamil Nadu,398951.62,59842.74,4.0
702333,5565,2026-04-04 22:20:31,Shipped,Debit Card,Kolkata,West Bengal,51716.24,0.0,
707263,5254,2026-02-05 02:27:26,Pending,UPI,Lucknow,Uttar Pradesh,2059.04,102.95,
704900,7477,2024-10-18 10:17:03,Shipped,Debit Card,Surat,Gujarat,159053.88,7952.69,
703016,5335,2023-08-28 06:33:51,Returned,Debit Card,Lucknow,Uttar Pradesh,4804.76,0.0,
703351,5318,2025-09-28 17:11:24,Delivered,Credit Card,Pune,Maharashtra,2874.43,0.0,7.0
706614,7309,2022-09-24 04:22:30,Returned,UPI,Bangalore,Karnataka,43910.51,2195.53,
702700,5380,2025-04-28 12:46:24,Cancelled,EMI,Bhopal,Madhya Pradesh,10530.4,2106.08,
704873,6374,2023-03-18 18:07:35,Returned,Credit Card,Chennai,Tamil Nadu,97287.94,4864.4,
708377,7016,2024-07-24 18:24:35,Delivered,Net Banking,Kochi,Kerala,59223.69,8883.55,1.0
707292,6878,2024-10-03 09:50:07,Pending,Net Banking,Patna,Bihar,281921.6,14096.08,
708286,6134,2023-03-04 02:24:14,Shipped,Net Banking,Patna,Bihar,141058.51,7052.93,
700467,7149,2026-06-06 19:35:59,Delivered,Credit Card,Jaipur,Rajasthan,17867.56,1786.76,7.0
702730,5459,2026-04-12 06:24:03,Delivered,Debit Card,Ahmedabad,Gujarat,7759.3,1551.86,2.0
700220,7020,2024-06-07 12:16:29,Delivered,Cash on Delivery,Kolkata,West Bengal,133137.4,0.0,11.0
702135,6932,2024-03-18 02:44:39,Delivered,Credit Card,Nagpur,Maharashtra,30412.56,0.0,7.0
701241,7917,2025-12-31 23:31:20,Delivered,Net Banking,Lucknow,Uttar Pradesh,218270.19,0.0,9.0
706275,5110,2025-10-21 05:08:00,Delivered,EMI,Ahmedabad,Gujarat,159636.87,0.0,8.0
700824,7924,2024-11-29 21:54:41,Cancelled,Cash on Delivery,Surat,Gujarat,15844.14,2376.62,
708764,7673,2023-04-21 14:10:39,Delivered,EMI,Indore,Madhya Pradesh,65048.71,9757.31,6.0
708273,7548,2026-05-22 11:10:00,Cancelled,Cash on Delivery,Kochi,Kerala,213654.4,21365.44,
701951,5030,2026-06-30 14:05:24,Pending,UPI,Jaipur,Rajasthan,78929.68,15785.94,
703974,5022,2023-10-23 00:36:46,Shipped,Net Banking,Jaipur,Rajasthan,236726.3,23672.63,
702838,5625,2025-07-11 17:32:37,Cancelled,Cash on Delivery,Delhi,Delhi,67642.93,0.0,
708973,5216,2022-07-19 12:44:02,Shipped,EMI,Hyderabad,Telangana,12748.08,0.0,
705567,5518,2024-02-16 16:45:55,Cancelled,Cash on Delivery,Nashik,Maharashtra,44352.02,8870.4,
708316,5451,2025-06-26 06:10:01,Shipped,Credit Card,Coimbatore,Tamil Nadu,61482.6,12296.52,
702088,5151,2022-06-01 18:37:23,Shipped,Debit Card,Jaipur,Rajasthan,9944.48,0.0,
705329,6332,2025-03-06 06:22:49,Delivered,Debit Card,Bangalore,Karnataka,73826.3,14765.26,10.0
704001,5489,2026-05-12 12:11:38,Delivered,Debit Card,Surat,Gujarat,417333.15,20866.66,3.0
708385,7750,2022-12-03 17:31:31,Shipped,Credit Card,Nashik,Maharashtra,5704.08,1140.82,
706619,7062,2025-12-18 18:27:32,Delivered,Cash on Delivery,Nagpur,Maharashtra,6327.6,316.38,9.0
706152,7295,2022-01-29 19:58:28,Returned,Credit Card,Lucknow,Uttar Pradesh,56829.79,5682.98,
702109,6938,2024-08-11 16:04:02,Returned,UPI,Delhi,Delhi,46919.01,2345.95,
707816,7447,2025-09-15 09:45:22,Returned,UPI,Chennai,Tamil Nadu,34274.04,0.0,
705127,6409,2022-11-16 00:05:57,Delivered,Net Banking,Ahmedabad,Gujarat,137011.48,0.0,6.0
707730,6243,2026-07-29 09:37:05,Shipped,UPI,Jaipur,Rajasthan,92045.73,9204.57,
702191,7862,2025-02-27 23:58:16,Pending,EMI,Kolkata,West Bengal,30852.79,3085.28,
704051,5328,2026-01-27 17:23:38,Returned,Debit Card,Nashik,Maharashtra,14983.48,0.0,
707270,5821,2024-11-17 16:50:32,Pending,EMI,Indore,Madhya Pradesh,540.34,108.07,
701973,6961,2022-05-17 04:24:06,Returned,Cash on Delivery,Chennai,Tamil Nadu,57384.29,2869.21,
701768,6935,2024-01-14 22:54:00,Delivered,Debit Card,Lucknow,Uttar Pradesh,141571.7,0.0,10.0
700807,7128,2022-09-17 20:48:27,Delivered,EMI,Chandigarh,Chandigarh,118685.93,0.0,6.0
700698,5748,2025-07-28 15:18:01,Pending,EMI,Chandigarh,Chandigarh,162894.23,16289.42,
706496,5092,2025-08-28 21:50:36,Cancelled,EMI,Indore,Madhya Pradesh,17147.66,1714.77,
707854,5345,2024-10-20 01:47:05,Delivered,UPI,Patna,Bihar,823.62,41.18,12.0
700360,5492,2023-05-14 17:31:05,Delivered,Net Banking,Jaipur,Rajasthan,5783.11,867.47,12.0
700213,7216,2023-05-25 19:58:54,Pending,Credit Card,Surat,Gujarat,253604.31,0.0,
703593,7452,2023-08-18 11:12:34,Delivered,Credit Card,Nagpur,Maharashtra,254203.61,12710.18,12.0
708369,6113,2022-06-08 08:06:25,Cancelled,UPI,Delhi,Delhi,900.22,90.02,
708544,6023,2022-08-11 21:27:47,Returned,Debit Card,Bhopal,Madhya Pradesh,115651.54,11565.15,
707253,7826,2022-09-20 19:59:15,Delivered,Debit Card,Chennai,Tamil Nadu,36773.08,0.0,5.0
706635,7305,2024-09-19 07:38:04,Delivered,UPI,Ranchi,Jharkhand,1230.52,246.1,11.0
705280,5080,2026-07-18 04:49:38,Shipped,Net Banking,Chennai,Tamil Nadu,97735.11,19547.02,
708513,7150,2024-12-02 08:18:42,Delivered,EMI,Surat,Gujarat,17054.28,3410.86,12.0
706737,5387,2026-07-15 19:36:22,Pending,Cash on Delivery,Ranchi,Jharkhand,29076.0,2907.6,
706768,5509,2024-01-16 15:54:05,Pending,Net Banking,Nashik,Maharashtra,167014.81,8350.74,
706226,6618,2023-11-02 17:32:19,Delivered,UPI,Pune,Maharashtra,88635.68,0.0,5.0
702317,7914,2023-03-09 05:25:21,Shipped,UPI,Kochi,Kerala,6081.06,304.05,
702948,6293,2022-08-03 12:51:02,Delivered,Debit Card,Bangalore,Karnataka,25379.08,2537.91,4.0
707792,7787,2023-03-14 03:11:54,Cancelled,Debit Card,Kolkata,West Bengal,15891.59,3178.32,
703307,6679,2023-11-01 23:56:16,Cancelled,Cash on Delivery,Delhi,Delhi,240279.92,12014.0,
708335,7510,2022-10-23 07:47:54,Delivered,UPI,Hyderabad,Telangana,27762.64,0.0,10.0
704627,6355,2022-08-20 17:38:17,Pending,UPI,Ranchi,Jharkhand,283669.24,42550.39,
700379,7605,2024-12-30 07:04:21,Delivered,Cash on Delivery,Nashik,Maharashtra,1676.84,0.0,2.0
707988,5050,2024-01-02 04:15:04,Delivered,Cash on Delivery,Surat,Gujarat,170492.8,17049.28,6.0
701962,7220,2024-08-28 11:47:18,Shipped,UPI,Nashik,Maharashtra,15230.92,3046.18,
708254,7106,2024-09-07 06:26:56,Shipped,Cash on Delivery,Kolkata,West Bengal,477.7,0.0,
701703,6400,2025-01-21 20:55:30,Returned,Credit Card,Jaipur,Rajasthan,16089.85,0.0,
702830,7155,2024-03-24 12:27:51,Delivered,UPI,Chandigarh,Chandigarh,53101.74,0.0,9.0
707006,6262,2023-05-04 23:21:39,Returned,Net Banking,Jaipur,Rajasthan,37013.9,7402.78,
701096,6035,2025-01-22 11:01:56,Delivered,EMI,Surat,Gujarat,12771.4,2554.28,5.0
704119,5580,2025-09-06 15:14:55,Returned,Debit Card,Jaipur,Rajasthan,58057.92,2902.9,
701612,6937,2022-01-28 00:45:12,Delivered,Debit Card,Ahmedabad,Gujarat,10521.39,1052.14,8.0
708828,6502,2022-12-22 01:25:36,Delivered,Cash on Delivery,Ranchi,Jharkhand,23079.04,0.0,8.0
706009,7202,2025-10-18 18:17:26,Shipped,Cash on Delivery,Nagpur,Maharashtra,1448.43,217.26,
700384,5266,2025-08-17 03:53:56,Cancelled,UPI,Surat,Gujarat,118872.68,0.0,
704445,7213,2022-01-27 19:28:56,Delivered,Cash on Delivery,Pune,Maharashtra,52599.46,0.0,11.0
706123,7903,2026-01-18 07:05:31,Returned,Credit Card,Jaipur,Rajasthan,25516.82,3827.52,
701734,6193,2024-09-07 01:50:55,Delivered,Cash on Delivery,Indore,Madhya Pradesh,2244.52,224.45,11.0
706766,7116,2022-07-01 22:39:48,Cancelled,Cash on Delivery,Ahmedabad,Gujarat,33424.66,1671.23,
708543,7715,2022-10-03 03:05:52,Pending,Cash on Delivery,Mumbai,Maharashtra,219.48,43.9,
702706,7076,2023-12-11 05:55:35,Pending,UPI,Chennai,Tamil Nadu,29596.91,0.0,
701093,5095,2023-01-09 18:46:00,Delivered,Credit Card,Nashik,Maharashtra,22660.92,3399.14,10.0
708871,7381,2023-08-19 18:32:26,Cancelled,Cash on Delivery,Delhi,Delhi,153570.14,15357.01,
705808,5565,2025-11-03 16:32:26,Returned,Debit Card,Lucknow,Uttar Pradesh,254930.61,25493.06,
706832,6565,2025-05-03 08:01:24,Delivered,Credit Card,Mumbai,Maharashtra,9709.62,0.0,2.0
703525,5723,2024-03-29 23:50:36,Returned,Cash on Delivery,Patna,Bihar,124054.49,0.0,
703316,5994,2025-05-04 03:56:00,Delivered,Credit Card,Indore,Madhya Pradesh,16659.75,1665.98,7.0
704484,6514,2026-05-11 21:11:27,Delivered,Net Banking,Bangalore,Karnataka,4306.08,645.91,1.0
703717,6435,2022-08-12 21:56:44,Delivered,EMI,Surat,Gujarat,8093.17,1213.98,8.0
707585,7862,2022-07-11 13:17:19,Delivered,Debit Card,Patna,Bihar,29932.44,0.0,1.0
702226,7018,2023-01-24 02:07:11,Cancelled,Cash on Delivery,Kochi,Kerala,99680.89,4984.04,
700865,7855,2022-06-26 08:55:48,Delivered,EMI,Jaipur,Rajasthan,90696.87,13604.53,6.0
700264,7252,2025-04-24 00:46:17,Delivered,Debit Card,Indore,Madhya Pradesh,60019.81,0.0,8.0
702481,5526,2022-10-01 01:04:44,Delivered,EMI,Pune,Maharashtra,226707.1,11335.35,6.0
702695,7771,2022-06-18 01:22:44,Delivered,Credit Card,Ahmedabad,Gujarat,31072.82,0.0,3.0
705616,6714,2023-03-07 14:13:02,Cancelled,Cash on Delivery,Chandigarh,Chandigarh,19435.58,1943.56,
705382,7383,2022-08-11 10:37:53,Delivered,Cash on Delivery,Kolkata,West Bengal,166765.3,16676.53,3.0
704860,6921,2025-03-30 01:21:23,Delivered,Credit Card,Ranchi,Jharkhand,10310.16,0.0,11.0
704032,5001,2025-07-12 16:54:41,Delivered,Credit Card,Mumbai,Maharashtra,1917.55,383.51,9.0
708216,7295,2022-03-24 06:41:56,Pending,EMI,Kochi,Kerala,15637.76,1563.78,
702585,7820,2024-12-08 17:54:38,Delivered,EMI,Delhi,Delhi,654.64,98.2,8.0
705554,5686,2023-03-07 18:03:55,Delivered,Cash on Delivery,Nashik,Maharashtra,3775.32,0.0,7.0
703160,5607,2025-06-29 00:17:08,Delivered,Cash on Delivery,Nagpur,Maharashtra,44747.97,0.0,1.0
704849,7480,2023-07-12 11:34:53,Cancelled,Credit Card,Ranchi,Jharkhand,42428.33,2121.42,
700202,5774,2023-12-12 16:17:34,Delivered,EMI,Mumbai,Maharashtra,51408.38,0.0,7.0
701282,6187,2023-06-12 08:19:53,Delivered,Debit Card,Ahmedabad,Gujarat,29618.28,0.0,6.0
701039,7052,2023-11-06 06:26:37,Pending,Debit Card,Jaipur,Rajasthan,23723.35,0.0,
703302,6318,2025-05-05 02:56:42,Delivered,Debit Card,Kochi,Kerala,19211.53,3842.31,9.0
701151,6868,2024-11-04 20:20:38,Shipped,Cash on Delivery,Hyderabad,Telangana,9891.2,1978.24,
707313,7711,2025-02-26 05:27:34,Shipped,UPI,Nagpur,Maharashtra,73806.62,11070.99,
704660,5402,2023-06-08 17:39:42,Pending,UPI,Surat,Gujarat,21956.5,1097.83,
708869,7223,2022-03-20 06:33:51,Delivered,Credit Card,Lucknow,Uttar Pradesh,82595.64,0.0,10.0
700883,6892,2022-06-17 15:18:20,Delivered,Net Banking,Hyderabad,Telangana,5598.52,839.78,5.0
706913,6836,2023-02-10 21:27:13,Delivered,EMI,Chandigarh,Chandigarh,108702.16,0.0,2.0
703532,5927,2022-06-18 19:50:42,Shipped,EMI,Chennai,Tamil Nadu,345540.14,0.0,
707926,7260,2023-10-03 09:40:34,Cancelled,Cash on Delivery,Ranchi,Jharkhand,87335.68,8733.57,
705402,7447,2026-03-15 14:39:07,Delivered,Cash on Delivery,Patna,Bihar,53552.86,0.0,4.0
700141,5389,2022-03-21 10:47:03,Delivered,UPI,Kolkata,West Bengal,54738.04,8210.71,6.0
704568,5507,2023-06-02 07:36:10,Delivered,Credit Card,Kolkata,West Bengal,18628.94,1862.89,1.0
700033,7623,2025-11-02 19:06:45,Delivered,Net Banking,Nashik,Maharashtra,167082.5,0.0,6.0
707683,5307,2022-11-13 12:48:15,Returned,Cash on Delivery,Bhopal,Madhya Pradesh,328028.25,16401.41,
704567,5336,2024-01-16 10:13:31,Shipped,Net Banking,Coimbatore,Tamil Nadu,334301.39,33430.14,
707798,6145,2026-03-26 19:10:20,Delivered,Credit Card,Nashik,Maharashtra,10508.12,0.0,5.0
707055,7792,2026-06-17 15:06:14,Delivered,EMI,Nashik,Maharashtra,18146.47,2721.97,2.0
704688,7013,2025-05-12 07:40:53,Cancelled,EMI,Ahmedabad,Gujarat,85554.03,12833.1,
702431,7067,2023-01-18 20:27:17,Delivered,Credit Card,Bangalore,Karnataka,1606.76,0.0,5.0
702323,7540,2025-11-22 02:40:44,Pending,Credit Card,Jaipur,Rajasthan,14847.56,1484.76,
700007,6604,2025-12-11 16:57:10,Delivered,Credit Card,Jaipur,Rajasthan,20761.9,3114.29,12.0
704997,7940,2026-01-06 06:08:44,Delivered,Cash on Delivery,Ahmedabad,Gujarat,361086.75,72217.35,6.0
707173,7176,2022-10-29 07:56:20,Delivered,Net Banking,Chandigarh,Chandigarh,23352.7,2335.27,11.0
703904,7226,2025-02-09 10:50:08,Delivered,Net Banking,Delhi,Delhi,163806.8,8190.34,7.0
707721,7444,2024-05-29 12:05:55,Shipped,Cash on Delivery,Ranchi,Jharkhand,29600.81,0.0,
702259,7911,2024-04-18 02:21:25,Returned,Cash on Delivery,Surat,Gujarat,38922.45,0.0,
701748,7181,2024-07-22 19:25:34,Delivered,EMI,Nagpur,Maharashtra,34581.76,3458.18,2.0
705069,6598,2022-04-30 19:15:06,Cancelled,Credit Card,Lucknow,Uttar Pradesh,16569.02,1656.9,
704922,7173,2024-12-28 01:56:29,Delivered,Credit Card,Kochi,Kerala,14813.76,2962.75,2.0
704098,7004,2023-04-10 22:43:03,Cancelled,EMI,Hyderabad,Telangana,16802.12,840.11,
706958,7782,2024-04-03 22:55:58,Delivered,Debit Card,Kolkata,West Bengal,74931.94,14986.39,10.0
702414,7592,2023-04-11 03:33:53,Pending,Debit Card,Delhi,Delhi,33264.4,0.0,
707264,7261,2023-10-05 02:31:10,Returned,Credit Card,Chandigarh,Chandigarh,522188.85,0.0,
705996,7278,2022-06-05 03:10:17,Delivered,Credit Card,Kochi,Kerala,12179.8,1217.98,10.0
708504,5370,2023-04-03 17:44:42,Delivered,Debit Card,Patna,Bihar,152042.45,7602.12,7.0
708427,7592,2024-04-15 16:02:39,Cancelled,Net Banking,Nagpur,Maharashtra,4006.14,0.0,
701802,6051,2026-02-01 17:51:19,Delivered,EMI,Surat,Gujarat,16682.36,3336.47,11.0
704197,5897,2022-09-08 22:44:08,Delivered,EMI,Pune,Maharashtra,164666.6,32933.32,3.0
701635,7267,2022-05-05 00:15:20,Delivered,Net Banking,Nashik,Maharashtra,81796.33,0.0,9.0
701199,5003,2024-07-20 18:26:12,Returned,Credit Card,Delhi,Delhi,2486.34,497.27,
700319,7462,2025-12-11 15:39:19,Delivered,EMI,Nagpur,Maharashtra,344097.32,68819.46,3.0
703278,5224,2026-01-17 23:12:32,Delivered,EMI,Indore,Madhya Pradesh,101525.42,0.0,6.0
706483,5561,2026-01-30 19:28:35,Delivered,UPI,Ahmedabad,Gujarat,376664.77,18833.24,12.0
708946,6498,2022-10-04 13:45:30,Delivered,Debit Card,Bhopal,Madhya Pradesh,7227.5,0.0,4.0
704889,7969,2024-07-04 18:36:27,Delivered,Credit Card,Chandigarh,Chandigarh,273160.62,40974.09,4.0
705693,5842,2026-05-21 00:28:11,Delivered,Credit Card,Jaipur,Rajasthan,1254.02,125.4,11.0
703407,7140,2023-07-02 10:03:45,Delivered,Credit Card,Coimbatore,Tamil Nadu,10671.88,0.0,6.0
701699,5498,2022-08-23 08:14:41,Returned,Debit Card,Mumbai,Maharashtra,53004.22,10600.84,
708794,6028,2025-04-26 08:05:55,Pending,Cash on Delivery,Bangalore,Karnataka,72409.58,10861.44,
703210,6953,2025-12-13 09:17:24,Delivered,UPI,Lucknow,Uttar Pradesh,10007.49,0.0,9.0
705864,5969,2022-11-24 18:37:28,Shipped,Credit Card,Mumbai,Maharashtra,9667.39,0.0,
704718,5866,2024-04-24 11:53:32,Delivered,Debit Card,Surat,Gujarat,22524.77,1126.24,2.0
701756,6533,2024-02-13 17:39:43,Returned,Credit Card,Patna,Bihar,22479.04,1123.95,
707661,7693,2022-05-07 15:42:12,Delivered,Cash on Delivery,Nagpur,Maharashtra,1215.74,182.36,4.0
707104,5380,2025-05-03 00:17:02,Cancelled,Debit Card,Pune,Maharashtra,38875.48,0.0,
704797,7026,2023-07-19 04:00:39,Delivered,Credit Card,Delhi,Delhi,11762.03,0.0,4.0
703215,7131,2026-02-07 21:14:25,Returned,Debit Card,Jaipur,Rajasthan,11010.88,550.54,
708603,6488,2022-08-25 22:03:37,Delivered,UPI,Bhopal,Madhya Pradesh,142064.27,0.0,12.0
700465,7511,2024-04-20 18:21:20,Delivered,Debit Card,Kochi,Kerala,193925.75,9696.29,6.0
701935,6618,2023-12-22 01:33:16,Shipped,Debit Card,Kolkata,West Bengal,212060.31,31809.05,
706744,7538,2023-07-13 01:11:50,Cancelled,UPI,Kolkata,West Bengal,268806.01,26880.6,
702209,6456,2024-12-17 23:57:04,Delivered,EMI,Patna,Bihar,45040.78,4504.08,7.0
703429,6763,2022-11-24 06:27:23,Cancelled,Cash on Delivery,Hyderabad,Telangana,27174.25,0.0,
704732,5678,2025-05-26 12:38:34,Pending,Net Banking,Surat,Gujarat,230883.27,11544.16,
704052,7239,2025-04-08 13:49:39,Delivered,Debit Card,Lucknow,Uttar Pradesh,55005.36,0.0,1.0
708908,5046,2024-11-01 17:59:23,Shipped,UPI,Coimbatore,Tamil Nadu,17147.06,2572.06,
707781,5497,2026-08-06 04:34:36,Pending,Net Banking,Kochi,Kerala,8181.51,0.0,
703606,6095,2024-05-05 21:56:13,Shipped,Cash on Delivery,Lucknow,Uttar Pradesh,24781.23,0.0,
706759,5739,2025-04-21 05:41:01,Delivered,UPI,Ranchi,Jharkhand,23118.06,2311.81,2.0
703178,5235,2024-12-09 08:07:29,Delivered,Debit Card,Mumbai,Maharashtra,45282.01,4528.2,6.0
705253,7971,2022-06-23 20:11:43,Delivered,Cash on Delivery,Delhi,Delhi,178778.6,0.0,7.0
704637,5834,2026-03-17 05:10:54,Returned,Cash on Delivery,Bangalore,Karnataka,42346.38,4234.64,
708278,7879,2025-12-30 10:12:32,Pending,Credit Card,Bhopal,Madhya Pradesh,17792.4,2668.86,
706510,7956,2024-02-04 21:33:36,Cancelled,EMI,Patna,Bihar,5564.78,556.48,
708193,6986,2024-10-26 09:09:36,Pending,Credit Card,Nashik,Maharashtra,202250.79,0.0,
702281,5509,2023-05-21 18:13:24,Returned,EMI,Nashik,Maharashtra,351090.03,0.0,
705606,5165,2024-01-06 09:39:04,Delivered,Cash on Delivery,Nashik,Maharashtra,17668.78,1766.88,10.0
708209,6059,2024-03-27 18:06:44,Cancelled,Credit Card,Hyderabad,Telangana,16616.55,0.0,
705150,7982,2023-10-13 02:56:56,Returned,EMI,Delhi,Delhi,218319.62,21831.96,
700573,5476,2022-09-07 15:19:03,Delivered,UPI,Ranchi,Jharkhand,352903.73,70580.75,2.0
702393,6924,2025-03-21 22:15:52,Delivered,Net Banking,Nashik,Maharashtra,1053.09,157.96,3.0
704226,7620,2023-12-04 05:34:09,Returned,UPI,Nashik,Maharashtra,1395.18,69.76,
706414,5438,2022-12-23 16:13:19,Cancelled,UPI,Hyderabad,Telangana,144512.86,14451.29,
704710,6729,2024-01-06 04:43:31,Shipped,Cash on Delivery,Indore,Madhya Pradesh,331427.01,0.0,
705561,6827,2025-03-11 20:24:52,Delivered,Cash on Delivery,Mumbai,Maharashtra,2794.56,419.18,2.0
708995,5459,2024-05-07 18:45:31,Shipped,Cash on Delivery,Nashik,Maharashtra,29277.44,0.0,
701885,6550,2023-04-23 22:07:23,Pending,Cash on Delivery,Ahmedabad,Gujarat,201622.95,10081.15,
702143,5906,2025-12-08 04:23:51,Delivered,EMI,Jaipur,Rajasthan,22901.06,2290.11,8.0
705589,6752,2022-06-13 07:52:22,Shipped,EMI,Mumbai,Maharashtra,26008.48,3901.27,
707192,6183,2025-06-01 21:17:11,Delivered,UPI,Surat,Gujarat,47431.22,9486.24,9.0
707010,6248,2025-09-21 08:53:57,Cancelled,Net Banking,Coimbatore,Tamil Nadu,32986.49,6597.3,
705926,6360,2022-10-07 11:22:10,Returned,EMI,Chandigarh,Chandigarh,72084.93,7208.49,
700628,7286,2025-08-24 04:23:01,Pending,Cash on Delivery,Chandigarh,Chandigarh,8138.99,406.95,
704292,7841,2024-07-12 14:09:53,Shipped,EMI,Ranchi,Jharkhand,2232.87,0.0,
700186,7666,2023-03-30 10:47:50,Delivered,UPI,Nashik,Maharashtra,35266.84,0.0,4.0
701357,7325,2024-12-16 03:33:31,Delivered,Debit Card,Nashik,Maharashtra,266668.37,0.0,5.0
702291,5722,2026-06-18 20:48:22,Delivered,Cash on Delivery,Patna,Bihar,1230.52,123.05,3.0
707026,5167,2024-05-06 18:22:07,Delivered,EMI,Surat,Gujarat,10739.93,1610.99,11.0
701104,5999,2024-09-13 19:35:19,Delivered,Credit Card,Nashik,Maharashtra,236333.88,11816.69,6.0
707716,6987,2022-11-24 08:38:33,Delivered,Cash on Delivery,Nashik,Maharashtra,2627.7,131.38,2.0
706678,6196,2023-06-21 12:29:18,Delivered,UPI,Kochi,Kerala,40015.64,4001.56,3.0
702092,6038,2024-06-21 22:54:36,Pending,EMI,Nashik,Maharashtra,67580.63,6758.06,
704898,6308,2025-05-30 22:55:33,Shipped,Debit Card,Ranchi,Jharkhand,77999.46,0.0,
703093,6221,2024-05-25 14:17:46,Delivered,UPI,Jaipur,Rajasthan,16911.69,1691.17,4.0
705993,6003,2023-06-28 14:39:33,Delivered,Credit Card,Hyderabad,Telangana,47993.17,2399.66,2.0
708398,6188,2024-06-21 16:18:10,Cancelled,Cash on Delivery,Ranchi,Jharkhand,17620.25,0.0,
704497,7922,2023-08-27 13:59:57,Delivered,Debit Card,Ahmedabad,Gujarat,45414.78,6812.22,3.0
703279,7906,2022-03-09 13:04:58,Pending,Debit Card,Indore,Madhya Pradesh,210000.99,42000.2,
706506,6819,2023-11-23 02:24:08,Delivered,Debit Card,Delhi,Delhi,12345.74,2469.15,1.0
708284,6536,2024-10-23 05:15:44,Delivered,Cash on Delivery,Jaipur,Rajasthan,79724.31,15944.86,4.0
704010,7274,2026-01-23 10:22:02,Shipped,EMI,Kolkata,West Bengal,52061.2,0.0,
701317,7017,2025-06-13 05:30:59,Pending,Cash on Delivery,Indore,Madhya Pradesh,324379.95,0.0,
701630,6685,2022-06-07 13:25:44,Delivered,Net Banking,Delhi,Delhi,11193.56,1679.03,10.0
701175,6196,2023-03-08 09:06:13,Delivered,UPI,Surat,Gujarat,23568.23,0.0,12.0
701485,6129,2024-03-22 09:27:58,Cancelled,Cash on Delivery,Bangalore,Karnataka,59178.9,0.0,
708025,7327,2024-03-24 20:43:34,Delivered,Cash on Delivery,Kochi,Kerala,4568.75,0.0,9.0
705262,6512,2024-11-27 14:56:16,Delivered,Credit Card,Indore,Madhya Pradesh,3709.41,0.0,6.0
707709,5905,2024-05-24 19:42:40,Delivered,Credit Card,Mumbai,Maharashtra,14137.72,2120.66,1.0
705683,6869,2024-12-17 10:26:38,Pending,UPI,Ranchi,Jharkhand,154085.87,30817.17,
701376,5056,2022-11-13 02:22:45,Shipped,UPI,Delhi,Delhi,183705.26,36741.05,
706042,5184,2022-04-29 14:38:59,Shipped,Cash on Delivery,Lucknow,Uttar Pradesh,3795.92,0.0,
700097,7478,2023-02-28 23:10:11,Cancelled,EMI,Kolkata,West Bengal,5342.92,534.29,
707674,5029,2024-03-22 00:31:11,Delivered,Cash on Delivery,Bangalore,Karnataka,7137.12,1070.57,8.0
700085,6234,2026-04-13 01:53:24,Delivered,UPI,Nagpur,Maharashtra,37339.04,7467.81,9.0
707985,7140,2024-01-13 09:31:36,Delivered,Debit Card,Kochi,Kerala,48544.48,2427.22,5.0
700818,5779,2022-09-03 01:49:28,Cancelled,Debit Card,Jaipur,Rajasthan,30187.25,0.0,
705351,6189,2025-08-28 21:13:29,Delivered,Credit Card,Bangalore,Karnataka,7841.41,0.0,5.0
705667,5368,2022-01-05 05:43:11,Delivered,Net Banking,Nashik,Maharashtra,183814.35,0.0,9.0
702805,7078,2025-06-15 10:17:26,Pending,Net Banking,Surat,Gujarat,54740.07,2737.0,
705833,6146,2022-02-13 09:43:14,Delivered,EMI,Bangalore,Karnataka,192534.08,0.0,1.0
705635,5053,2023-07-28 03:09:38,Delivered,EMI,Pune,Maharashtra,96129.17,14419.38,11.0
700712,6939,2024-12-05 04:19:51,Shipped,Credit Card,Hyderabad,Telangana,168130.76,33626.15,
703465,6369,2025-01-09 05:17:36,Delivered,Net Banking,Surat,Gujarat,31993.26,0.0,12.0
703621,5189,2024-05-04 22:31:14,Pending,Cash on Delivery,Pune,Maharashtra,17244.28,3448.86,
704981,6482,2025-03-25 17:33:13,Delivered,UPI,Delhi,Delhi,41221.04,4122.1,6.0
702759,5405,2023-12-04 00:25:43,Delivered,Net Banking,Jaipur,Rajasthan,24993.58,2499.36,2.0
706073,6151,2023-12-25 14:56:01,Delivered,Cash on Delivery,Lucknow,Uttar Pradesh,67566.06,0.0,7.0
707158,5204,2022-01-24 08:00:48,Delivered,Credit Card,Bangalore,Karnataka,39368.65,1968.43,12.0
703245,6138,2025-01-05 18:56:28,Returned,Debit Card,Chandigarh,Chandigarh,8107.11,0.0,
702246,5206,2024-12-09 21:39:07,Delivered,Cash on Delivery,Indore,Madhya Pradesh,204773.76,10238.69,6.0
708831,6258,2022-06-09 14:38:40,Delivered,Net Banking,Bangalore,Karnataka,255.7,12.79,6.0
700852,6467,2023-03-16 16:47:13,Shipped,EMI,Delhi,Delhi,90472.62,13570.89,
703790,7732,2023-02-11 21:00:43,Delivered,EMI,Ahmedabad,Gujarat,1365.58,204.84,6.0
707373,7221,2026-06-25 08:44:15,Delivered,UPI,Lucknow,Uttar Pradesh,133419.13,0.0,11.0
702470,7743,2024-11-26 18:49:01,Pending,EMI,Ahmedabad,Gujarat,11197.58,0.0,
707618,7796,2025-05-03 16:25:50,Delivered,EMI,Ranchi,Jharkhand,2373.34,474.67,5.0
707443,7594,2025-08-02 09:41:54,Returned,UPI,Nagpur,Maharashtra,10328.03,0.0,
701386,7368,2022-10-12 02:24:03,Delivered,Cash on Delivery,Nagpur,Maharashtra,13720.83,1372.08,1.0
703274,5149,2025-08-23 12:08:06,Delivered,Credit Card,Surat,Gujarat,10363.78,0.0,8.0
704237,5135,2025-12-02 18:17:24,Returned,UPI,Kochi,Kerala,1535.01,230.25,
705712,5075,2026-03-15 12:44:36,Pending,Credit Card,Kolkata,West Bengal,196810.91,9840.55,
701337,6342,2022-10-30 07:13:26,Delivered,Net Banking,Patna,Bihar,30838.15,0.0,8.0
702963,6522,2023-12-25 15:10:38,Delivered,Net Banking,Indore,Madhya Pradesh,36134.91,7226.98,5.0
708241,6025,2022-06-25 20:18:04,Shipped,Debit Card,Coimbatore,Tamil Nadu,168392.44,0.0,
703441,6255,2023-04-09 01:12:59,Shipped,Debit Card,Surat,Gujarat,41325.03,6198.75,
705148,7697,2022-06-22 13:03:26,Cancelled,Cash on Delivery,Nashik,Maharashtra,1260.74,0.0,
706060,7052,2025-01-16 05:08:01,Shipped,Credit Card,Patna,Bihar,5221.88,783.28,
703169,5008,2024-12-09 08:37:45,Cancelled,Net Banking,Delhi,Delhi,49391.26,2469.56,
706914,7067,2022-06-04 17:15:45,Delivered,EMI,Jaipur,Rajasthan,6681.92,1336.38,3.0
702077,7079,2024-09-27 23:05:54,Delivered,Cash on Delivery,Delhi,Delhi,154728.45,0.0,11.0
703305,5567,2025-05-09 06:39:08,Delivered,Debit Card,Kolkata,West Bengal,8323.21,1664.64,5.0
700960,6039,2025-05-31 19:42:55,Pending,Debit Card,Nagpur,Maharashtra,6733.49,1010.02,
704106,5452,2024-08-15 03:52:37,Delivered,EMI,Mumbai,Maharashtra,22485.84,0.0,3.0
700013,5098,2025-06-24 08:49:54,Pending,UPI,Mumbai,Maharashtra,360451.17,36045.12,
705131,6548,2022-06-30 05:25:20,Returned,UPI,Pune,Maharashtra,195376.23,29306.43,
703997,5692,2025-01-31 23:06:21,Delivered,UPI,Kolkata,West Bengal,35681.38,0.0,8.0
703988,5777,2025-01-12 05:12:49,Pending,EMI,Bhopal,Madhya Pradesh,332264.03,0.0,
703094,5474,2026-06-15 05:10:15,Shipped,Credit Card,Chandigarh,Chandigarh,40744.28,4074.43,
707238,5721,2024-07-21 18:09:14,Delivered,Cash on Delivery,Ranchi,Jharkhand,55726.49,5572.65,1.0
706017,7550,2026-04-15 05:35:16,Returned,Net Banking,Chandigarh,Chandigarh,2285.0,0.0,
700174,6838,2025-10-19 06:59:46,Cancelled,EMI,Delhi,Delhi,19788.23,2968.23,
701782,6265,2024-07-20 05:13:59,Shipped,Cash on Delivery,Bhopal,Madhya Pradesh,21445.63,3216.84,
703939,5723,2023-10-02 22:15:52,Shipped,UPI,Patna,Bihar,2892.6,289.26,
704393,7578,2022-01-18 05:44:08,Delivered,UPI,Chandigarh,Chandigarh,10042.32,1506.35,4.0
707414,5023,2023-01-13 21:54:08,Cancelled,Credit Card,Chandigarh,Chandigarh,12623.62,1262.36,
704426,6942,2022-07-05 17:35:35,Shipped,EMI,Nagpur,Maharashtra,226416.61,22641.66,
704703,5540,2023-06-03 10:49:36,Shipped,Credit Card,Ranchi,Jharkhand,7356.37,1471.27,
708754,7091,2023-11-03 16:54:34,Returned,Net Banking,Nashik,Maharashtra,66551.2,9982.68,
708495,7385,2024-11-20 13:38:34,Cancelled,UPI,Coimbatore,Tamil Nadu,213654.4,0.0,
702602,7162,2026-01-25 04:04:22,Delivered,Cash on Delivery,Nagpur,Maharashtra,5206.08,520.61,2.0
708012,5930,2022-12-31 02:11:41,Cancelled,Net Banking,Pune,Maharashtra,22861.0,4572.2,
700361,6022,2022-03-01 20:13:16,Shipped,UPI,Bangalore,Karnataka,10184.25,2036.85,
703203,6370,2025-11-05 10:35:20,Returned,UPI,Hyderabad,Telangana,64016.02,9602.4,
705627,6986,2025-07-14 15:16:13,Delivered,UPI,Ahmedabad,Gujarat,22719.03,0.0,11.0
706842,5554,2026-06-11 10:16:33,Delivered,EMI,Ahmedabad,Gujarat,37904.8,3790.48,8.0
701704,7097,2025-12-26 04:40:33,Delivered,UPI,Ahmedabad,Gujarat,44301.27,2215.06,12.0
707538,5484,2025-07-18 22:38:58,Delivered,Credit Card,Pune,Maharashtra,21488.8,0.0,8.0
708023,5706,2023-08-02 07:00:59,Delivered,Debit Card,Chennai,Tamil Nadu,35160.08,5274.01,6.0
706767,7315,2026-04-07 21:12:46,Cancelled,UPI,Bangalore,Karnataka,1204.29,60.21,
707069,6293,2023-08-07 00:28:49,Delivered,UPI,Pune,Maharashtra,339687.28,33968.73,5.0
700454,7300,2025-02-19 11:23:52,Returned,Net Banking,Pune,Maharashtra,11498.32,1149.83,
703906,5752,2026-01-01 08:41:29,Delivered,Cash on Delivery,Hyderabad,Telangana,271242.64,13562.13,11.0
703487,6296,2026-02-19 05:49:34,Delivered,Debit Card,Jaipur,Rajasthan,3083.54,616.71,2.0
707782,6208,2026-03-24 11:51:41,Delivered,UPI,Lucknow,Uttar Pradesh,340432.02,17021.6,10.0
703900,5901,2024-08-03 13:34:49,Returned,UPI,Hyderabad,Telangana,11662.92,2332.58,
706008,6063,2026-01-17 16:37:50,Returned,Credit Card,Kolkata,West Bengal,7247.48,362.37,
701229,6381,2024-09-05 04:19:02,Delivered,Cash on Delivery,Mumbai,Maharashtra,14594.56,2918.91,4.0
702856,6405,2024-10-08 13:03:39,Shipped,EMI,Kolkata,West Bengal,80883.71,4044.19,
702737,7010,2024-09-19 14:47:06,Delivered,Cash on Delivery,Chennai,Tamil Nadu,6315.77,0.0,2.0
702549,7043,2025-08-29 01:52:15,Delivered,EMI,Mumbai,Maharashtra,222388.85,33358.33,11.0
706677,5921,2026-07-19 00:01:19,Delivered,Cash on Delivery,Chandigarh,Chandigarh,313.72,15.69,9.0
703440,6225,2022-11-18 13:19:51,Delivered,Credit Card,Kochi,Kerala,71953.54,3597.68,2.0
701800,7433,2024-06-25 13:04:23,Delivered,Cash on Delivery,Hyderabad,Telangana,192636.42,9631.82,2.0
702964,5336,2023-12-27 09:15:50,Shipped,Debit Card,Ahmedabad,Gujarat,61622.28,3081.11,
701338,5535,2022-01-23 23:52:35,Delivered,Cash on Delivery,Coimbatore,Tamil Nadu,55060.04,5506.0,4.0
707210,6832,2025-10-17 06:22:26,Delivered,Debit Card,Pune,Maharashtra,54024.35,5402.43,6.0
705472,6989,2025-02-05 20:17:35,Shipped,Credit Card,Ahmedabad,Gujarat,16056.42,0.0,
700939,7469,2024-07-04 20:33:42,Pending,Net Banking,Mumbai,Maharashtra,27010.36,2701.04,
704991,6742,2024-09-21 17:28:59,Pending,UPI,Nashik,Maharashtra,10914.32,2182.86,
702697,6008,2023-08-16 13:28:16,Cancelled,Net Banking,Ranchi,Jharkhand,3809.66,190.48,
707174,5852,2022-09-13 16:22:36,Delivered,UPI,Nashik,Maharashtra,197482.22,39496.44,7.0
701248,6532,2024-07-14 05:12:15,Cancelled,UPI,Nashik,Maharashtra,36883.96,0.0,
706659,5866,2025-02-14 12:24:25,Returned,EMI,Bangalore,Karnataka,317643.56,63528.71,
704894,5471,2024-07-22 02:38:06,Shipped,Cash on Delivery,Kolkata,West Bengal,26998.1,1349.91,
701830,5982,2026-03-26 13:51:51,Cancelled,EMI,Chennai,Tamil Nadu,20181.96,3027.29,
701822,6596,2025-04-29 14:22:38,Shipped,Net Banking,Kolkata,West Bengal,223097.69,22309.77,
708188,7136,2026-03-05 21:14:26,Delivered,Debit Card,Jaipur,Rajasthan,1981.68,396.34,6.0
702688,5257,2022-04-12 10:42:39,Pending,Cash on Delivery,Coimbatore,Tamil Nadu,42205.96,0.0,
701567,7940,2024-10-30 02:45:07,Delivered,UPI,Bangalore,Karnataka,205119.59,10255.98,12.0
705030,5034,2022-10-18 14:01:14,Returned,UPI,Pune,Maharashtra,179229.44,35845.89,
702234,7855,2025-11-24 06:40:56,Cancelled,Net Banking,Kochi,Kerala,40805.93,0.0,
702580,7425,2024-11-26 11:24:03,Delivered,Credit Card,Indore,Madhya Pradesh,27599.32,5519.86,1.0
707718,6980,2026-01-27 07:40:01,Pending,Credit Card,Ranchi,Jharkhand,402678.73,60401.81,
706890,7264,2023-12-06 06:05:27,Cancelled,EMI,Pune,Maharashtra,51423.73,5142.37,
701259,7394,2025-03-21 18:16:51,Delivered,Cash on Delivery,Bhopal,Madhya Pradesh,203925.14,0.0,2.0
702534,5483,2024-12-10 21:45:17,Pending,Net Banking,Mumbai,Maharashtra,203595.86,0.0,
700297,7356,2025-11-21 00:07:34,Delivered,UPI,Mumbai,Maharashtra,268966.81,13448.34,8.0
704470,5966,2023-07-20 14:11:16,Delivered,Cash on Delivery,Surat,Gujarat,6988.72,1048.31,4.0
705101,5480,2022-08-22 17:10:49,Returned,UPI,Ahmedabad,Gujarat,11712.9,1756.93,
704704,7121,2023-01-20 17:50:18,Delivered,Cash on Delivery,Ranchi,Jharkhand,101328.95,5066.45,7.0
708659,7718,2026-06-30 06:35:00,Pending,Net Banking,Indore,Madhya Pradesh,53579.42,2678.97,
701475,6133,2024-09-19 13:35:51,Delivered,UPI,Coimbatore,Tamil Nadu,160338.47,0.0,7.0
707223,5590,2023-10-26 12:43:04,Delivered,Credit Card,Chennai,Tamil Nadu,8941.6,447.08,12.0
705868,6650,2026-03-29 21:01:48,Cancelled,Debit Card,Surat,Gujarat,175171.86,35034.37,
706079,5464,2026-08-04 15:56:07,Cancelled,Net Banking,Coimbatore,Tamil Nadu,5395.56,0.0,
703337,7722,2024-08-16 19:27:44,Shipped,EMI,Surat,Gujarat,226042.62,45208.52,
701271,6156,2024-10-18 19:16:52,Delivered,Net Banking,Mumbai,Maharashtra,30561.32,4584.2,9.0
703290,5863,2026-04-06 06:57:14,Delivered,Cash on Delivery,Lucknow,Uttar Pradesh,17130.15,1713.02,11.0
701136,5823,2022-10-22 02:37:53,Returned,Credit Card,Mumbai,Maharashtra,59114.93,11822.99,
702762,7568,2023-12-06 13:17:26,Pending,Cash on Delivery,Coimbatore,Tamil Nadu,174620.97,8731.05,
707387,6804,2025-06-13 22:55:07,Shipped,UPI,Bhopal,Madhya Pradesh,52747.5,10549.5,
702086,7456,2026-01-17 01:27:45,Delivered,EMI,Delhi,Delhi,34778.36,1738.92,10.0
701391,5665,2024-06-12 21:18:12,Delivered,Credit Card,Bangalore,Karnataka,87730.66,4386.53,12.0
707958,6264,2025-08-27 06:56:34,Pending,Net Banking,Mumbai,Maharashtra,96894.59,4844.73,
702072,5834,2024-12-26 03:04:21,Returned,Credit Card,Surat,Gujarat,367947.76,36794.78,
705430,5576,2025-10-10 19:23:44,Delivered,Cash on Delivery,Surat,Gujarat,18494.87,1849.49,6.0
702893,7733,2022-10-26 05:51:23,Pending,UPI,Bangalore,Karnataka,51551.23,7732.68,
702925,6621,2026-01-13 23:48:07,Delivered,UPI,Coimbatore,Tamil Nadu,100032.64,0.0,5.0
707587,6984,2024-04-12 19:36:48,Returned,EMI,Ranchi,Jharkhand,32639.11,6527.82,
700256,7229,2024-03-14 19:56:32,Cancelled,Credit Card,Chennai,Tamil Nadu,44164.86,4416.49,
703763,6093,2025-03-25 17:54:18,Shipped,UPI,Hyderabad,Telangana,104517.83,10451.78,
704666,7720,2026-04-19 18:12:54,Delivered,Cash on Delivery,Jaipur,Rajasthan,44320.22,0.0,10.0
706385,7553,2024-09-05 08:51:59,Delivered,EMI,Kolkata,West Bengal,21041.28,0.0,12.0
708314,7954,2025-08-09 16:46:28,Shipped,Credit Card,Ranchi,Jharkhand,11246.1,2249.22,
707122,7518,2024-11-11 04:18:16,Cancelled,Credit Card,Kochi,Kerala,3542.08,531.31,
704851,7488,2025-03-30 02:22:06,Delivered,EMI,Ranchi,Jharkhand,27710.02,0.0,9.0
707137,6985,2023-11-10 22:21:07,Pending,Credit Card,Ranchi,Jharkhand,23733.22,1186.66,
705637,6366,2024-12-25 16:43:25,Shipped,Net Banking,Mumbai,Maharashtra,25885.53,3882.83,
700590,6295,2022-08-16 22:42:01,Delivered,Net Banking,Delhi,Delhi,306803.74,46020.56,2.0
704826,5436,2023-10-04 12:12:09,Delivered,Credit Card,Kochi,Kerala,23711.14,0.0,5.0
701524,7700,2023-06-29 06:14:55,Shipped,Debit Card,Jaipur,Rajasthan,1230.52,0.0,
704892,5957,2026-07-30 17:39:38,Pending,Net Banking,Surat,Gujarat,4473.3,447.33,
704744,5975,2022-04-04 19:00:05,Pending,EMI,Ranchi,Jharkhand,6159.69,1231.94,
703391,5320,2024-10-14 05:40:51,Delivered,UPI,Lucknow,Uttar Pradesh,531.62,0.0,12.0
705339,6432,2023-01-09 20:33:58,Shipped,UPI,Pune,Maharashtra,59101.63,0.0,
703712,6212,2023-05-20 17:37:00,Delivered,Debit Card,Bhopal,Madhya Pradesh,140556.58,0.0,10.0
701831,7541,2023-11-03 23:41:37,Delivered,UPI,Coimbatore,Tamil Nadu,18377.8,2756.67,9.0
705417,5134,2024-02-05 18:08:36,Delivered,Net Banking,Ahmedabad,Gujarat,196384.42,29457.66,8.0
703533,6491,2023-08-20 03:07:29,Pending,Cash on Delivery,Ahmedabad,Gujarat,36016.11,0.0,
700973,5270,2022-07-02 03:10:33,Returned,Cash on Delivery,Hyderabad,Telangana,127.85,25.57,
705009,5201,2024-01-11 04:50:17,Delivered,Cash on Delivery,Delhi,Delhi,64124.61,9618.69,3.0
700461,7172,2026-01-07 18:11:41,Shipped,Cash on Delivery,Patna,Bihar,315032.28,0.0,
701786,6891,2025-07-26 05:16:05,Returned,Net Banking,Jaipur,Rajasthan,17069.3,2560.39,
701252,7344,2025-02-11 08:58:42,Delivered,Credit Card,Kolkata,West Bengal,68809.08,13761.82,8.0
706865,7701,2023-09-29 08:45:43,Delivered,UPI,Delhi,Delhi,250006.64,37501.0,8.0
701027,5433,2023-12-04 17:39:48,Cancelled,Cash on Delivery,Bangalore,Karnataka,55185.46,5518.55,
704645,6044,2024-01-06 16:36:19,Delivered,Net Banking,Kolkata,West Bengal,444585.82,66687.87,10.0
702014,5170,2025-06-08 14:46:46,Delivered,Debit Card,Lucknow,Uttar Pradesh,14010.66,0.0,3.0
704595,7354,2025-04-28 15:54:35,Cancelled,Cash on Delivery,Indore,Madhya Pradesh,245064.26,24506.43,
705017,7315,2022-12-15 18:17:54,Returned,Debit Card,Delhi,Delhi,9657.92,0.0,
702891,6567,2023-06-20 09:09:17,Delivered,EMI,Bhopal,Madhya Pradesh,12073.49,2414.7,1.0
703530,7044,2022-07-13 08:15:47,Delivered,EMI,Kochi,Kerala,100018.08,5000.9,6.0
703078,5839,2024-02-05 03:15:04,Delivered,Debit Card,Kochi,Kerala,67782.77,0.0,7.0
703560,7659,2023-10-19 18:32:10,Delivered,Credit Card,Nashik,Maharashtra,202010.24,20201.02,1.0
703105,7139,2022-10-17 13:12:20,Cancelled,Net Banking,Indore,Madhya Pradesh,24236.3,4847.26,
708614,7592,2024-10-04 13:21:07,Returned,Debit Card,Nashik,Maharashtra,185660.99,9283.05,
707617,7136,2025-04-07 08:05:49,Cancelled,Credit Card,Patna,Bihar,230427.49,0.0,
707796,5330,2025-08-05 22:43:00,Delivered,EMI,Indore,Madhya Pradesh,41149.61,8229.92,7.0
704253,7139,2022-02-26 14:53:32,Shipped,EMI,Lucknow,Uttar Pradesh,139533.8,0.0,
701898,7997,2024-05-06 01:26:19,Pending,Debit Card,Chennai,Tamil Nadu,6720.73,336.04,
704616,6199,2023-09-05 20:57:31,Cancelled,Net Banking,Nagpur,Maharashtra,10106.56,0.0,
702919,7076,2022-05-08 08:34:20,Returned,Net Banking,Nashik,Maharashtra,14900.4,745.02,
704248,7282,2024-08-29 13:20:06,Returned,Net Banking,Nashik,Maharashtra,3702.68,555.4,
704683,6300,2023-12-17 01:17:11,Cancelled,Net Banking,Nagpur,Maharashtra,4525.4,0.0,
706442,6456,2022-04-07 18:46:00,Delivered,Cash on Delivery,Nagpur,Maharashtra,45579.63,6836.94,7.0
703728,6265,2024-01-24 05:07:48,Delivered,Debit Card,Ahmedabad,Gujarat,213301.05,0.0,2.0
707671,5501,2025-08-25 16:16:12,Returned,Cash on Delivery,Nagpur,Maharashtra,47303.82,7095.57,
706698,6201,2026-02-12 05:54:15,Returned,Net Banking,Jaipur,Rajasthan,64048.18,0.0,
707179,7216,2023-12-29 22:40:26,Delivered,Cash on Delivery,Kolkata,West Bengal,24369.27,2436.93,7.0
702740,5270,2024-12-14 01:41:53,Shipped,Debit Card,Bangalore,Karnataka,6125.99,918.9,
707176,5652,2022-06-21 16:41:40,Returned,EMI,Indore,Madhya Pradesh,116435.36,5821.77,
706987,7817,2026-01-18 23:12:51,Shipped,Debit Card,Mumbai,Maharashtra,4420.79,0.0,
701858,6695,2024-06-23 21:37:30,Shipped,UPI,Bhopal,Madhya Pradesh,8844.14,442.21,
705535,7613,2025-08-27 05:37:14,Returned,Net Banking,Ranchi,Jharkhand,16982.54,0.0,
704388,6176,2024-11-25 13:17:52,Cancelled,UPI,Nashik,Maharashtra,51509.49,2575.47,
703837,5859,2022-11-20 18:10:23,Shipped,Cash on Delivery,Bhopal,Madhya Pradesh,53430.13,10686.03,
705024,5420,2024-12-24 03:59:47,Pending,UPI,Nashik,Maharashtra,2463.51,0.0,
701074,6321,2024-08-08 14:09:49,Cancelled,Cash on Delivery,Bhopal,Madhya Pradesh,64884.07,6488.41,
708185,5893,2022-10-25 23:47:26,Delivered,Cash on Delivery,Chandigarh,Chandigarh,241725.33,24172.53,8.0
708107,5045,2024-10-17 10:32:02,Delivered,Debit Card,Bhopal,Madhya Pradesh,5445.08,544.51,10.0
702735,5356,2025-09-16 11:47:50,Returned,Credit Card,Bhopal,Madhya Pradesh,42008.38,2100.42,
705848,6117,2025-10-11 16:22:58,Delivered,EMI,Bangalore,Karnataka,1142.34,114.23,5.0
706593,5826,2022-01-10 03:22:41,Returned,Cash on Delivery,Jaipur,Rajasthan,14230.0,1423.0,
706197,5272,2026-03-15 04:20:44,Delivered,Cash on Delivery,Bhopal,Madhya Pradesh,24688.92,4937.78,3.0
708681,6170,2022-03-24 12:28:01,Returned,EMI,Bhopal,Madhya Pradesh,21402.63,2140.26,
702640,5390,2023-09-05 16:54:16,Pending,EMI,Ranchi,Jharkhand,20888.32,0.0,
703464,5392,2023-08-21 14:11:53,Cancelled,Cash on Delivery,Hyderabad,Telangana,14549.8,0.0,
702687,7514,2024-09-03 08:34:51,Returned,UPI,Mumbai,Maharashtra,13059.73,2611.95,
707670,5080,2024-01-22 08:50:54,Cancelled,Cash on Delivery,Kochi,Kerala,26688.0,4003.2,
702049,6633,2026-05-11 04:50:53,Pending,EMI,Coimbatore,Tamil Nadu,9841.23,0.0,
708846,7319,2025-06-07 14:24:23,Returned,Debit Card,Chandigarh,Chandigarh,115070.24,0.0,
705760,5665,2025-11-03 23:11:30,Shipped,Cash on Delivery,Lucknow,Uttar Pradesh,8321.0,0.0,
700087,6815,2026-02-26 15:21:11,Delivered,Cash on Delivery,Lucknow,Uttar Pradesh,740.04,0.0,12.0
702220,5997,2022-11-03 16:30:51,Returned,EMI,Nagpur,Maharashtra,65547.94,3277.4,
701853,5214,2024-10-02 21:23:51,Pending,EMI,Bangalore,Karnataka,51720.08,7758.01,
702076,5575,2022-10-31 11:37:49,Pending,Cash on Delivery,Hyderabad,Telangana,28452.63,0.0,
706930,6980,2026-06-03 02:16:29,Returned,EMI,Bhopal,Madhya Pradesh,26879.01,2687.9,
708939,6040,2025-05-15 15:25:33,Delivered,Debit Card,Nashik,Maharashtra,33523.3,0.0,4.0
707679,5160,2024-12-14 07:38:53,Delivered,Debit Card,Nashik,Maharashtra,25109.79,5021.96,12.0
700749,6291,2024-10-13 17:44:32,Delivered,UPI,Pune,Maharashtra,238364.99,23836.5,7.0
703564,7041,2023-08-18 18:24:45,Pending,UPI,Bhopal,Madhya Pradesh,125991.04,0.0,
702628,5815,2025-10-30 05:28:59,Delivered,Net Banking,Lucknow,Uttar Pradesh,577899.22,57789.92,1.0
701277,6053,2025-01-10 02:11:14,Delivered,EMI,Pune,Maharashtra,49470.67,0.0,9.0
708745,7643,2025-12-04 00:15:55,Returned,Cash on Delivery,Lucknow,Uttar Pradesh,171331.69,0.0,
701079,7324,2024-05-08 11:52:06,Delivered,Net Banking,Ahmedabad,Gujarat,28370.99,1418.55,7.0
703204,7193,2026-03-24 19:48:54,Shipped,Debit Card,Delhi,Delhi,6312.64,1262.53,
702675,5936,2024-11-07 12:31:09,Pending,UPI,Nagpur,Maharashtra,27637.45,2763.75,
701733,7756,2024-10-08 19:03:57,Returned,Cash on Delivery,Delhi,Delhi,22024.34,0.0,
706710,5236,2023-07-21 23:26:53,Shipped,UPI,Kolkata,West Bengal,105918.53,10591.85,
703198,6995,2023-09-27 19:19:37,Delivered,Cash on Delivery,Jaipur,Rajasthan,173480.23,34696.05,8.0
708202,7636,2026-01-11 03:28:04,Returned,EMI,Ahmedabad,Gujarat,2424.37,121.22,
701103,7736,2024-08-15 12:08:28,Delivered,Cash on Delivery,Bhopal,Madhya Pradesh,126459.93,0.0,4.0
702962,7385,2022-01-12 21:43:28,Delivered,Debit Card,Ranchi,Jharkhand,135089.22,13508.92,2.0
706688,5476,2024-02-25 13:22:10,Delivered,UPI,Bangalore,Karnataka,32299.55,6459.91,2.0
707653,6504,2024-04-24 10:51:29,Pending,Credit Card,Ranchi,Jharkhand,53798.09,2689.9,
708636,7987,2025-04-23 10:03:40,Delivered,Debit Card,Chennai,Tamil Nadu,17713.71,0.0,9.0
700506,5269,2022-05-21 20:34:53,Delivered,EMI,Kolkata,West Bengal,73410.26,11011.54,1.0
706196,6906,2023-11-28 21:58:35,Pending,EMI,Jaipur,Rajasthan,165761.04,24864.16,
704204,7698,2026-02-14 07:09:22,Shipped,Credit Card,Nagpur,Maharashtra,21119.78,0.0,
701084,6099,2022-02-09 14:52:19,Delivered,Debit Card,Chennai,Tamil Nadu,266927.95,0.0,12.0
704575,6337,2026-05-21 11:20:37,Pending,Credit Card,Jaipur,Rajasthan,64153.46,3207.67,
707409,6202,2025-09-17 23:48:35,Delivered,Net Banking,Ranchi,Jharkhand,4937.92,246.9,6.0
700440,6476,2025-06-07 07:24:13,Returned,EMI,Bangalore,Karnataka,120686.64,0.0,
702515,5239,2026-03-03 04:25:15,Shipped,Cash on Delivery,Jaipur,Rajasthan,25443.78,3816.57,
704808,6447,2025-06-22 14:36:38,Delivered,Net Banking,Ranchi,Jharkhand,1778.91,88.95,3.0
701081,5006,2025-10-23 03:10:33,Delivered,Net Banking,Chandigarh,Chandigarh,10281.81,514.09,4.0
708383,6846,2022-07-09 17:44:31,Pending,Debit Card,Bangalore,Karnataka,3516.08,527.41,
706296,7627,2024-09-15 05:22:38,Delivered,UPI,Bangalore,Karnataka,10694.52,534.73,4.0
705194,6718,2025-04-04 00:36:52,Shipped,Net Banking,Kolkata,West Bengal,15677.84,783.89,
704050,5768,2025-04-11 23:49:48,Delivered,Credit Card,Chennai,Tamil Nadu,274182.58,0.0,11.0
704337,7367,2024-05-31 04:46:58,Delivered,Debit Card,Kolkata,West Bengal,17114.4,0.0,10.0
708338,6213,2025-11-27 23:40:53,Cancelled,Net Banking,Delhi,Delhi,81067.9,0.0,
708755,6349,2022-05-25 16:11:35,Delivered,Credit Card,Pune,Maharashtra,68718.65,0.0,5.0
702144,6818,2023-05-04 21:40:57,Shipped,Credit Card,Ranchi,Jharkhand,859.58,128.94,
705731,6615,2025-05-25 08:57:52,Returned,Net Banking,Bhopal,Madhya Pradesh,35940.9,3594.09,
701744,5221,2026-01-01 05:43:54,Shipped,Cash on Delivery,Indore,Madhya Pradesh,12954.07,1295.41,
703443,6398,2025-07-24 03:30:39,Returned,Cash on Delivery,Jaipur,Rajasthan,11964.9,0.0,
701663,6807,2024-03-20 07:37:57,Delivered,EMI,Hyderabad,Telangana,72027.18,10804.08,9.0
705921,7657,2023-08-31 01:26:43,Pending,Net Banking,Surat,Gujarat,1053.08,0.0,
705282,6282,2026-03-05 07:13:11,Shipped,EMI,Patna,Bihar,27658.36,5531.67,
704523,7392,2026-07-01 22:08:36,Returned,Debit Card,Kolkata,West Bengal,11248.63,562.43,
708873,5596,2023-11-07 12:20:38,Delivered,Cash on Delivery,Pune,Maharashtra,10551.12,527.56,2.0
701441,5397,2022-07-17 11:25:36,Delivered,Credit Card,Chandigarh,Chandigarh,135717.45,6785.87,2.0
706488,5626,2025-06-29 15:00:11,Returned,EMI,Chennai,Tamil Nadu,39901.25,5985.19,
703003,5268,2023-10-13 03:33:12,Pending,Credit Card,Chennai,Tamil Nadu,929.11,0.0,
703634,5178,2022-09-22 01:43:34,Returned,EMI,Ahmedabad,Gujarat,1310.65,131.07,
703721,5771,2025-12-08 04:37:22,Delivered,Cash on Delivery,Kolkata,West Bengal,285395.18,42809.28,1.0
701055,5975,2023-08-14 16:37:36,Shipped,EMI,Kolkata,West Bengal,19190.76,959.54,
704271,7473,2024-04-05 05:18:26,Pending,UPI,Hyderabad,Telangana,49033.34,4903.33,
704803,5384,2026-08-02 17:02:02,Cancelled,UPI,Nagpur,Maharashtra,207588.54,41517.71,
708249,5153,2023-05-13 04:04:51,Returned,EMI,Kochi,Kerala,22763.13,1138.16,
705607,5767,2023-09-07 19:29:50,Delivered,EMI,Patna,Bihar,1535.01,76.75,1.0
703786,7926,2022-09-13 21:15:44,Delivered,EMI,Pune,Maharashtra,2315.52,0.0,12.0
708342,5952,2025-08-19 10:41:43,Returned,Net Banking,Bhopal,Madhya Pradesh,5164.4,1032.88,
702582,5906,2024-09-19 16:31:04,Delivered,UPI,Chennai,Tamil Nadu,358286.19,0.0,5.0
704280,6335,2024-01-09 17:31:26,Cancelled,Cash on Delivery,Bangalore,Karnataka,54021.16,8103.17,
701589,7088,2022-03-01 03:21:19,Delivered,UPI,Bangalore,Karnataka,434621.12,0.0,11.0
708171,7830,2024-04-06 02:47:35,Delivered,Credit Card,Bhopal,Madhya Pradesh,14762.86,0.0,6.0
707213,6456,2026-02-18 03:44:16,Delivered,Credit Card,Lucknow,Uttar Pradesh,225904.15,11295.21,11.0
707845,7726,2024-12-28 15:53:28,Delivered,Debit Card,Jaipur,Rajasthan,99548.7,0.0,3.0
703679,7374,2025-04-17 08:08:57,Delivered,Net Banking,Nashik,Maharashtra,15936.34,796.82,11.0
708040,6404,2024-06-02 08:32:34,Delivered,Net Banking,Bhopal,Madhya Pradesh,18249.75,912.49,3.0
706963,5299,2023-04-06 00:58:41,Delivered,Net Banking,Surat,Gujarat,17148.6,0.0,12.0
700457,7007,2022-03-20 21:04:35,Shipped,Net Banking,Kochi,Kerala,37568.44,7513.69,
706018,6268,2024-10-02 13:09:02,Delivered,UPI,Jaipur,Rajasthan,4850.0,242.5,4.0
700710,5823,2026-06-15 16:19:10,Delivered,UPI,Mumbai,Maharashtra,588.62,0.0,12.0
708367,6347,2024-03-12 00:43:15,Cancelled,Debit Card,Mumbai,Maharashtra,59390.11,0.0,
701147,7762,2026-04-28 04:16:03,Delivered,Credit Card,Chennai,Tamil Nadu,36007.29,5401.09,5.0
