review_id,customer_id,product_id,rating,review_text,review_date,verified_purchase
300001,5309,9382,4,,2026-05-08,True
300002,6507,9245,1,,2024-08-07,False
300003,7768,9568,1,"Poor quality, disappointed.",2026-02-14,True
300004,5685,9280,2,Not worth the price.,2022-06-20,True
300005,6557,9252,3,"Product is okay, nothing special.",2025-09-10,True
300006,7906,9125,2,Stopped working after a week.,2024-09-04,True
300007,7289,9493,1,Item arrived damaged.,2023-03-03,True
300008,7851,9548,5,Excellent quality and fast delivery.,2024-07-07,False
300009,5101,9523,5,Excellent quality and fast delivery.,2024-12-30,True
300010,7548,9568,2,Item arrived damaged.,2024-06-26,True
300011,5270,9115,5,"Exactly as described, very happy.",2022-12-06,True
300012,7881,9373,4,"Exactly as described, very happy.",2025-07-15,True
300013,6021,9177,3,"Product is okay, nothing special.",2025-02-07,True
300014,5598,9302,3,Decent but delivery was late.,2024-12-15,True
300015,7933,9095,5,Superb value for money.,2023-10-26,True
300016,7792,9171,2,Stopped working after a week.,2023-08-21,False
300017,6634,9108,1,Stopped working after a week.,2022-02-14,True
300018,7370,9587,2,Not worth the price.,2023-02-17,False
300019,5633,9537,3,"Average quality, expected more.",2022-01-26,True
300020,5719,9390,4,"Loved it, will buy again.",2024-03-01,True
300021,5902,9201,3,Decent but delivery was late.,2022-11-07,True
300022,6323,9567,5,"Exactly as described, very happy.",2025-02-13,False
300023,7021,9130,5,"Exactly as described, very happy.",2026-01-12,True
300024,7357,9063,2,"Poor quality, disappointed.",2024-01-27,True
300025,6186,9117,5,"Loved it, will buy again.",2022-03-05,False
300026,6294,9422,3,"Product is okay, nothing special.",2024-07-07,True
300027,5417,9339,1,"Poor quality, disappointed.",2022-04-18,True
300028,7877,9495,3,"Product is okay, nothing special.",2026-03-30,True
300029,6226,9577,4,"Loved it, will buy again.",2025-09-20,True
300030,7407,9055,1,Item arrived damaged.,2023-03-08,False
300031,6125,9289,4,Excellent quality and fast delivery.,2024-12-23,True
300032,7018,9426,5,"Exactly as described, very happy.",2025-11-14,True
300033,5254,9506,4,"Loved it, will buy again.",2023-08-18,True
300034,6381,9279,3,"Product is okay, nothing special.",2024-12-07,False
300035,6830,9010,3,Decent but delivery was late.,2022-12-24,True
300036,7506,9572,4,Superb value for money.,2023-03-11,False
300037,7987,9309,1,,2023-11-04,True
300038,7823,9331,3,"Product is okay, nothing special.",2024-10-09,True
300039,5599,9452,3,Decent but delivery was late.,2022-12-08,True
300040,5510,9324,3,Decent but delivery was late.,2024-09-24,True
300041,6266,9075,1,Not worth the price.,2025-11-08,True
300042,6968,9068,3,"Average quality, expected more.",2022-10-13,False
300043,7693,9265,2,Stopped working after a week.,2023-01-29,True
300044,7665,9413,2,"Poor quality, disappointed.",2023-11-28,True
300045,6699,9468,3,Decent but delivery was late.,2023-12-12,True
300046,5270,9419,3,"Product is okay, nothing special.",2025-03-04,False
300047,7391,9121,3,"Average quality, expected more.",2026-01-25,True
300048,7088,9155,5,Superb value for money.,2023-09-03,True
300049,7653,9092,1,"Poor quality, disappointed.",2025-11-08,False
300050,7411,9210,2,"Poor quality, disappointed.",2024-08-10,True
300051,5068,9151,1,"Poor quality, disappointed.",2022-03-10,True
300052,7014,9171,2,"Poor quality, disappointed.",2023-10-13,True
300053,6210,9540,1,Item arrived damaged.,2023-05-28,True
300054,7193,9119,4,"Exactly as described, very happy.",2024-02-24,False
300055,7904,9597,1,Stopped working after a week.,2022-12-25,True
300056,5798,9592,3,Decent but delivery was late.,2026-04-02,True
300057,7386,9161,3,,2023-12-28,True
300058,5059,9522,4,"Exactly as described, very happy.",2023-07-16,True
300059,5270,9022,1,,2022-06-17,False
300060,6777,9424,2,Stopped working after a week.,2024-01-14,True
300061,6036,9480,2,Not worth the price.,2023-09-09,False
300062,7809,9501,5,"Exactly as described, very happy.",2022-02-21,False
300063,5276,9060,4,"Loved it, will buy again.",2022-09-12,False
300064,6208,9222,1,Not worth the price.,2023-01-08,True
300065,7524,9336,3,"Average quality, expected more.",2024-06-19,True
300066,5213,9205,1,,2022-10-12,True
300067,6615,9435,3,"Product is okay, nothing special.",2022-05-25,True
300068,6539,9354,3,"Product is okay, nothing special.",2025-01-31,True
300069,6437,9041,5,,2022-11-25,True
300070,6395,9198,4,Excellent quality and fast delivery.,2024-07-03,True
300071,5679,9067,5,Superb value for money.,2026-04-14,True
300072,7657,9416,1,"Poor quality, disappointed.",2022-11-23,True
300073,6145,9430,3,"Product is okay, nothing special.",2026-01-26,True
300074,7241,9093,5,"Great product, worth the money!",2026-07-12,False
300075,7597,9117,5,"Loved it, will buy again.",2025-07-31,True
300076,6114,9151,5,"Exactly as described, very happy.",2023-10-01,True
300077,7683,9281,3,"Product is okay, nothing special.",2025-11-28,True
300078,6487,9558,3,"Average quality, expected more.",2023-04-27,True
300079,7474,9098,2,Not worth the price.,2022-06-21,True
300080,5585,9506,3,Decent but delivery was late.,2022-01-02,True
300081,5246,9209,4,Superb value for money.,2025-03-16,True
300082,5819,9152,4,"Exactly as described, very happy.",2024-02-22,True
300083,5419,9417,2,Item arrived damaged.,2025-07-22,True
300084,6803,9098,2,"Poor quality, disappointed.",2024-11-06,True
300085,6573,9591,2,Not worth the price.,2026-06-28,True
300086,5768,9434,1,Stopped working after a week.,2022-12-22,True
300087,6262,9002,5,Superb value for money.,2022-06-22,False
300088,6941,9436,5,Excellent quality and fast delivery.,2024-05-11,True
300089,6054,9414,1,Not worth the price.,2024-06-20,False
300090,6102,9234,3,"Average quality, expected more.",2026-05-11,True
300091,5420,9566,5,"Great product, worth the money!",2024-11-17,True
300092,7035,9257,3,"Average quality, expected more.",2025-10-28,True
300093,6603,9555,2,Item arrived damaged.,2026-04-24,True
300094,6357,9042,1,Not worth the price.,2026-07-03,True
300095,6377,9363,5,"Exactly as described, very happy.",2023-11-17,True
300096,5229,9011,3,"Average quality, expected more.",2022-07-25,True
300097,7702,9313,1,Not worth the price.,2024-11-06,False
300098,6842,9528,5,"Loved it, will buy again.",2022-07-10,True
300099,7827,9085,2,Not worth the price.,2022-09-30,True
300100,7739,9427,1,"Poor quality, disappointed.",2025-02-27,True
300101,6085,9471,5,,2024-12-23,False
300102,5394,9307,2,"Poor quality, disappointed.",2025-11-21,False
300103,6912,9248,2,"Poor quality, disappointed.",2024-06-22,False
300104,6404,9527,4,"Great product, worth the money!",2023-08-15,True
300105,5355,9586,2,Not worth the price.,2023-05-02,True
300106,6142,9148,3,"Product is okay, nothing special.",2026-03-17,True
300107,7923,9191,4,"Exactly as described, very happy.",2024-10-29,True
300108,6465,9599,4,"Great product, worth the money!",2022-07-03,True
300109,5422,9062,4,"Great product, worth the money!",2022-01-19,False
300110,6842,9418,5,Excellent quality and fast delivery.,2024-11-13,True
300111,6678,9114,3,"Average quality, expected more.",2025-08-04,False
300112,5577,9442,2,Stopped working after a week.,2022-06-03,True
300113,6247,9579,4,Excellent quality and fast delivery.,2022-07-19,True
300114,6719,9180,5,Excellent quality and fast delivery.,2023-01-26,True
300115,7294,9293,1,Item arrived damaged.,2026-07-22,True
300116,5039,9230,3,"Average quality, expected more.",2025-07-17,False
300117,7622,9097,2,Item arrived damaged.,2024-12-21,True
300118,7085,9026,2,Not worth the price.,2022-10-17,True
300119,5298,9563,3,"Product is okay, nothing special.",2022-07-17,False
300120,7910,9221,1,"Poor quality, disappointed.",2022-05-12,False
300121,5351,9094,2,Stopped working after a week.,2024-04-23,True
300122,5294,9012,5,"Exactly as described, very happy.",2026-03-23,True
300123,7843,9127,1,Item arrived damaged.,2024-07-29,True
300124,7096,9466,3,"Average quality, expected more.",2022-11-06,True
300125,5741,9104,5,"Loved it, will buy again.",2022-12-06,False
300126,6818,9384,5,"Great product, worth the money!",2022-10-12,True
300127,7610,9161,4,Excellent quality and fast delivery.,2026-01-12,True
300128,6597,9036,1,,2023-11-01,True
300129,5585,9146,1,Item arrived damaged.,2024-01-22,True
300130,6308,9437,5,"Exactly as described, very happy.",2024-10-21,False
300131,5637,9448,5,Excellent quality and fast delivery.,2024-01-03,True
300132,5056,9493,3,"Average quality, expected more.",2025-03-04,False
300133,6686,9253,3,Decent but delivery was late.,2023-11-06,False
300134,6313,9144,2,"Poor quality, disappointed.",2026-04-27,False
300135,6011,9402,3,,2026-01-16,False
300136,6903,9163,2,"Poor quality, disappointed.",2026-02-04,False
300137,5233,9154,2,Stopped working after a week.,2023-12-09,False
300138,7679,9308,3,Decent but delivery was late.,2026-04-12,False
300139,7529,9436,3,"Average quality, expected more.",2026-02-25,True
300140,7070,9208,3,"Product is okay, nothing special.",2024-10-25,False
300141,5244,9175,5,Superb value for money.,2025-09-12,True
300142,6839,9074,5,Excellent quality and fast delivery.,2023-05-09,False
300143,7663,9202,2,Not worth the price.,2024-06-20,False
300144,5483,9312,3,"Product is okay, nothing special.",2023-02-16,True
300145,6705,9305,5,"Exactly as described, very happy.",2025-03-30,True
300146,6835,9039,4,Superb value for money.,2025-07-18,True
300147,7154,9219,1,Not worth the price.,2025-08-05,False
300148,5486,9412,5,Excellent quality and fast delivery.,2023-10-06,True
300149,7433,9395,5,"Loved it, will buy again.",2022-10-03,False
300150,7707,9538,1,Not worth the price.,2022-03-22,True
300151,6699,9518,5,Excellent quality and fast delivery.,2023-02-07,True
300152,5483,9303,3,"Average quality, expected more.",2022-05-27,False
300153,6397,9034,2,Stopped working after a week.,2023-04-22,True
300154,7033,9277,3,Decent but delivery was late.,2025-12-29,True
300155,7969,9218,2,Item arrived damaged.,2026-06-23,True
300156,7731,9426,2,"Poor quality, disappointed.",2025-12-26,True
300157,7022,9573,3,"Average quality, expected more.",2022-02-25,True
300158,5193,9582,3,"Average quality, expected more.",2022-08-18,False
300159,5643,9377,4,"Great product, worth the money!",2023-05-12,True
300160,6458,9062,4,"Exactly as described, very happy.",2026-03-25,True
300161,7372,9379,2,Not worth the price.,2023-11-07,True
300162,5649,9511,2,"Poor quality, disappointed.",2025-09-11,True
300163,5820,9328,4,"Great product, worth the money!",2023-04-16,True
300164,6008,9252,3,Decent but delivery was late.,2025-07-26,True
300165,7227,9569,1,Item arrived damaged.,2026-06-07,False
300166,7120,9256,4,"Exactly as described, very happy.",2025-05-21,True
300167,5193,9305,2,Stopped working after a week.,2025-10-24,False
300168,7498,9011,4,"Exactly as described, very happy.",2024-06-14,True
300169,7272,9512,3,"Average quality, expected more.",2024-07-07,True
300170,6395,9496,3,Decent but delivery was late.,2026-03-07,False
300171,6584,9365,3,,2025-11-21,True
300172,6509,9383,4,Superb value for money.,2022-12-11,True
300173,5963,9122,4,Superb value for money.,2024-07-13,True
300174,7391,9016,4,"Loved it, will buy again.",2023-10-20,True
300175,6520,9049,5,Superb value for money.,2022-07-12,True
300176,7233,9257,1,Stopped working after a week.,2026-05-28,False
300177,5742,9572,2,Item arrived damaged.,2024-01-31,True
300178,6421,9579,1,"Poor quality, disappointed.",2024-08-30,False
300179,6875,9110,1,Item arrived damaged.,2022-06-09,False
300180,7091,9076,5,Excellent quality and fast delivery.,2024-04-12,False
300181,7725,9483,1,Item arrived damaged.,2025-06-27,True
300182,5773,9282,3,"Average quality, expected more.",2023-10-03,True
300183,6533,9528,5,"Exactly as described, very happy.",2023-11-16,True
300184,7303,9257,5,"Exactly as described, very happy.",2026-01-25,True
300185,6413,9289,2,Not worth the price.,2023-12-06,True
300186,6092,9397,3,Decent but delivery was late.,2023-01-06,True
300187,7200,9330,2,Not worth the price.,2026-03-04,False
300188,7769,9570,2,Stopped working after a week.,2023-08-08,False
300189,7042,9051,2,"Poor quality, disappointed.",2025-10-16,True
300190,5711,9273,1,Item arrived damaged.,2024-08-12,True
300191,7152,9468,2,Stopped working after a week.,2024-05-23,True
300192,7830,9200,4,Superb value for money.,2024-10-27,False
300193,5327,9166,2,Item arrived damaged.,2023-02-26,True
300194,6091,9338,3,Decent but delivery was late.,2022-02-05,True
300195,5449,9240,5,"Great product, worth the money!",2024-11-08,True
300196,6576,9283,4,"Great product, worth the money!",2026-03-05,True
300197,5474,9528,4,Superb value for money.,2025-07-27,False
300198,6596,9451,3,Decent but delivery was late.,2025-02-21,False
300199,5246,9194,4,"Exactly as described, very happy.",2026-06-18,True
300200,5180,9519,5,"Great product, worth the money!",2023-12-13,True
300201,5395,9260,1,"Poor quality, disappointed.",2023-02-24,True
300202,6578,9560,2,Stopped working after a week.,2026-03-28,True
300203,7948,9386,3,"Product is okay, nothing special.",2025-06-03,True
300204,6655,9349,4,Superb value for money.,2022-09-29,True
300205,7301,9172,2,Stopped working after a week.,2024-11-27,False
300206,7779,9386,1,Item arrived damaged.,2024-05-26,True
300207,5984,9335,5,"Exactly as described, very happy.",2022-07-20,True
300208,7628,9386,5,Superb value for money.,2025-09-03,True
300209,7709,9566,5,"Great product, worth the money!",2022-08-26,False
300210,6903,9259,5,"Loved it, will buy again.",2026-05-28,True
300211,6021,9261,3,Decent but delivery was late.,2023-05-27,True
300212,7410,9094,5,Excellent quality and fast delivery.,2024-04-13,False
300213,6318,9118,1,Stopped working after a week.,2025-08-15,True
300214,5883,9030,2,"Poor quality, disappointed.",2025-01-29,True
300215,5515,9541,5,Excellent quality and fast delivery.,2022-09-30,True
300216,5537,9017,2,Stopped working after a week.,2025-01-18,True
300217,6392,9367,1,"Poor quality, disappointed.",2024-06-29,False
300218,5592,9502,3,Decent but delivery was late.,2026-06-24,True
300219,6750,9095,4,"Great product, worth the money!",2024-09-21,True
300220,5173,9171,2,Item arrived damaged.,2026-02-27,True
300221,7696,9488,4,"Loved it, will buy again.",2022-09-09,True
300222,6121,9116,4,"Exactly as described, very happy.",2025-11-09,True
300223,5212,9155,4,Superb value for money.,2023-04-01,True
300224,5843,9431,3,Decent but delivery was late.,2024-02-22,True
300225,5337,9343,3,"Average quality, expected more.",2025-10-30,True
300226,6978,9019,3,"Product is okay, nothing special.",2022-11-13,True
300227,6877,9400,3,Decent but delivery was late.,2023-03-23,False
300228,7238,9583,2,Item arrived damaged.,2023-12-27,True
300229,7727,9104,1,Item arrived damaged.,2024-09-15,False
300230,5776,9051,4,"Great product, worth the money!",2024-01-18,True
300231,7471,9515,3,Decent but delivery was late.,2024-05-20,True
300232,7553,9139,4,"Exactly as described, very happy.",2022-11-22,True
300233,7059,9020,4,"Loved it, will buy again.",2022-12-20,False
300234,5201,9529,1,Not worth the price.,2023-07-22,True
300235,6600,9266,2,"Poor quality, disappointed.",2022-10-25,True
300236,5960,9177,1,Not worth the price.,2024-01-11,False
300237,7633,9268,5,"Loved it, will buy again.",2025-08-27,True
300238,7758,9043,1,Item arrived damaged.,2024-11-19,False
300239,7361,9036,1,Item arrived damaged.,2024-07-27,False
300240,6003,9218,1,Not worth the price.,2022-03-12,True
300241,7307,9099,3,Decent but delivery was late.,2026-03-08,True
300242,7820,9504,2,"Poor quality, disappointed.",2024-06-27,True
300243,5627,9251,1,"Poor quality, disappointed.",2024-12-01,True
300244,5563,9210,2,Item arrived damaged.,2025-09-06,True
300245,6493,9419,2,Stopped working after a week.,2024-03-20,True
300246,7827,9523,1,,2024-03-21,True
300247,5549,9423,3,"Product is okay, nothing special.",2023-03-10,True
300248,6099,9053,2,,2025-07-28,False
300249,6518,9248,4,Superb value for money.,2026-07-03,False
300250,5027,9503,4,Excellent quality and fast delivery.,2023-11-05,True
300251,6755,9498,3,"Product is okay, nothing special.",2022-09-05,False
300252,6029,9554,5,"Great product, worth the money!",2025-11-07,True
300253,6177,9462,4,Superb value for money.,2026-03-18,True
300254,5517,9267,3,"Product is okay, nothing special.",2024-11-09,True
300255,5023,9165,2,"Poor quality, disappointed.",2025-05-28,True
300256,6317,9520,2,"Poor quality, disappointed.",2023-12-30,True
300257,6555,9219,1,Item arrived damaged.,2025-11-06,True
300258,6533,9006,2,Not worth the price.,2025-12-08,False
300259,5491,9036,5,"Loved it, will buy again.",2023-05-08,True
300260,6292,9599,1,Stopped working after a week.,2025-03-07,True
300261,6812,9246,3,,2023-05-17,True
300262,5625,9419,2,Item arrived damaged.,2022-12-25,True
300263,6189,9212,2,Stopped working after a week.,2024-11-26,False
300264,7561,9313,3,"Average quality, expected more.",2024-08-29,True
300265,5402,9438,4,"Loved it, will buy again.",2023-09-13,False
300266,6883,9440,2,Item arrived damaged.,2022-06-29,True
300267,6595,9290,5,Excellent quality and fast delivery.,2026-05-26,False
300268,6743,9276,3,"Average quality, expected more.",2022-03-13,True
300269,6634,9108,2,"Poor quality, disappointed.",2024-01-02,True
300270,7145,9176,3,"Product is okay, nothing special.",2026-01-20,False
300271,5777,9252,2,"Poor quality, disappointed.",2024-11-05,True
300272,6233,9351,5,"Great product, worth the money!",2023-04-28,True
300273,5269,9406,2,,2025-06-22,True
300274,7208,9112,2,Stopped working after a week.,2023-12-07,True
300275,7060,9238,4,"Exactly as described, very happy.",2024-12-17,True
300276,7385,9146,1,Stopped working after a week.,2023-07-26,True
300277,7608,9080,5,"Loved it, will buy again.",2022-04-05,True
300278,6958,9081,5,Superb value for money.,2026-07-30,True
300279,5141,9228,5,"Great product, worth the money!",2025-05-17,True
300280,6376,9484,3,Decent but delivery was late.,2024-03-03,True
300281,6185,9483,2,Not worth the price.,2022-10-05,True
300282,5049,9449,5,Superb value for money.,2024-01-02,True
300283,7009,9242,5,"Exactly as described, very happy.",2024-07-25,False
300284,7070,9316,3,"Average quality, expected more.",2025-12-13,True
300285,5246,9557,2,Item arrived damaged.,2024-05-03,True
300286,5742,9497,5,Excellent quality and fast delivery.,2025-08-04,True
300287,7968,9123,2,Not worth the price.,2026-07-06,True
300288,8000,9487,4,Superb value for money.,2025-02-04,True
300289,6032,9254,3,"Product is okay, nothing special.",2023-09-10,True
300290,6785,9275,2,Item arrived damaged.,2025-01-22,True
300291,5192,9270,5,"Exactly as described, very happy.",2022-01-19,False
300292,6983,9238,5,Excellent quality and fast delivery.,2025-04-27,False
300293,5710,9323,1,"Poor quality, disappointed.",2024-12-16,True
300294,6521,9173,2,Not worth the price.,2023-07-04,True
300295,6721,9492,3,"Average quality, expected more.",2025-01-20,True
300296,6466,9034,3,"Average quality, expected more.",2023-05-02,True
300297,5381,9144,5,"Loved it, will buy again.",2025-07-22,True
300298,5621,9244,3,Decent but delivery was late.,2023-02-14,False
300299,5934,9548,5,Superb value for money.,2026-02-19,True
300300,7490,9198,5,,2025-03-18,True
300301,6136,9191,1,Item arrived damaged.,2024-12-28,False
300302,7161,9507,4,Excellent quality and fast delivery.,2026-07-29,True
300303,7868,9282,2,Stopped working after a week.,2026-05-06,False
300304,6719,9417,3,"Product is okay, nothing special.",2025-09-24,True
300305,7079,9013,4,"Great product, worth the money!",2025-11-18,True
300306,5101,9322,1,"Poor quality, disappointed.",2023-11-27,False
300307,6597,9372,3,,2022-04-30,False
300308,7378,9588,1,Stopped working after a week.,2022-01-25,True
300309,6001,9426,4,"Great product, worth the money!",2024-11-26,True
300310,6755,9044,2,Item arrived damaged.,2023-03-21,True
300311,6579,9414,3,"Average quality, expected more.",2025-03-02,True
300312,5957,9501,3,"Product is okay, nothing special.",2023-04-09,True
300313,6203,9311,2,Stopped working after a week.,2026-06-07,True
300314,6931,9278,3,"Product is okay, nothing special.",2026-06-16,False
300315,6788,9390,1,"Poor quality, disappointed.",2025-11-29,True
300316,6975,9461,4,Superb value for money.,2022-09-30,True
300317,7593,9359,5,Excellent quality and fast delivery.,2023-11-25,True
300318,7772,9021,5,"Great product, worth the money!",2023-02-10,False
300319,5426,9072,2,Stopped working after a week.,2026-07-03,True
300320,7708,9270,4,Superb value for money.,2024-10-06,True
300321,5731,9142,1,"Poor quality, disappointed.",2026-07-01,True
300322,7817,9472,4,Excellent quality and fast delivery.,2024-12-21,True
300323,6960,9235,4,Superb value for money.,2022-12-25,True
300324,6745,9184,1,Stopped working after a week.,2024-01-03,False
300325,7814,9226,4,"Exactly as described, very happy.",2026-06-06,True
300326,6070,9527,5,"Exactly as described, very happy.",2026-02-22,True
300327,7794,9348,3,Decent but delivery was late.,2025-09-15,True
300328,6360,9031,1,Not worth the price.,2022-06-18,True
300329,7499,9007,4,"Loved it, will buy again.",2023-01-08,True
300330,7330,9465,5,Excellent quality and fast delivery.,2025-09-02,True
300331,6829,9140,2,"Poor quality, disappointed.",2026-08-01,False
300332,7205,9526,1,Stopped working after a week.,2025-02-07,True
300333,7894,9038,2,,2022-07-28,True
300334,5688,9112,1,Not worth the price.,2026-04-06,False
300335,6582,9450,4,"Exactly as described, very happy.",2024-10-18,True
300336,5210,9546,1,,2026-07-05,True
300337,7902,9516,3,"Average quality, expected more.",2023-07-21,True
300338,6509,9092,5,"Loved it, will buy again.",2026-02-04,True
300339,5451,9372,3,"Product is okay, nothing special.",2024-05-03,True
300340,6292,9452,1,"Poor quality, disappointed.",2023-04-15,True
300341,5234,9257,5,"Loved it, will buy again.",2025-04-29,True
300342,5576,9033,1,"Poor quality, disappointed.",2026-02-14,True
300343,5360,9414,3,"Product is okay, nothing special.",2023-11-03,True
300344,7064,9521,5,"Great product, worth the money!",2024-10-17,False
300345,7609,9486,2,Item arrived damaged.,2022-09-09,False
300346,5943,9478,3,Decent but delivery was late.,2024-03-16,True
300347,6623,9573,1,Item arrived damaged.,2023-11-20,True
300348,5782,9137,4,Excellent quality and fast delivery.,2022-02-27,False
300349,5855,9259,2,Not worth the price.,2024-11-17,True
300350,7771,9475,3,,2022-09-27,True
300351,5628,9127,2,Item arrived damaged.,2024-08-24,True
300352,6976,9332,2,Item arrived damaged.,2022-08-21,True
300353,5725,9509,2,"Poor quality, disappointed.",2024-05-01,True
300354,6540,9585,3,"Average quality, expected more.",2023-03-16,True
300355,7729,9218,4,Superb value for money.,2023-07-30,False
300356,6457,9208,1,"Poor quality, disappointed.",2025-02-23,False
300357,5253,9254,4,"Exactly as described, very happy.",2024-07-12,True
300358,5498,9034,4,,2023-12-23,True
300359,5112,9370,4,"Great product, worth the money!",2023-08-29,True
300360,7185,9142,4,Superb value for money.,2024-11-26,False
300361,6200,9313,3,Decent but delivery was late.,2024-07-17,False
300362,5021,9365,2,"Poor quality, disappointed.",2022-10-31,True
300363,6674,9094,3,"Average quality, expected more.",2024-03-24,True
300364,7230,9576,1,"Poor quality, disappointed.",2025-12-30,True
300365,6212,9236,4,"Exactly as described, very happy.",2025-06-15,True
300366,5173,9433,3,"Product is okay, nothing special.",2023-06-21,True
300367,6858,9590,4,"Loved it, will buy again.",2022-05-04,True
300368,5787,9176,5,"Loved it, will buy again.",2026-02-12,True
300369,7459,9233,5,Excellent quality and fast delivery.,2023-12-26,False
300370,6113,9168,1,Item arrived damaged.,2022-07-06,False
300371,7798,9380,4,"Great product, worth the money!",2022-09-19,False
300372,5857,9335,3,Decent but delivery was late.,2025-09-05,True
300373,6231,9557,4,"Great product, worth the money!",2025-04-29,True
300374,6114,9521,4,Excellent quality and fast delivery.,2022-11-02,True
300375,5205,9194,3,"Average quality, expected more.",2024-10-13,True
300376,5943,9264,4,"Exactly as described, very happy.",2025-06-18,True
300377,7354,9505,5,"Exactly as described, very happy.",2026-06-16,True
300378,7050,9157,1,,2025-06-26,True
300379,7549,9323,3,"Product is okay, nothing special.",2022-10-28,True
300380,6062,9024,2,Not worth the price.,2025-10-29,True
300381,5943,9246,1,Not worth the price.,2023-12-08,True
300382,7256,9016,1,"Poor quality, disappointed.",2023-02-11,True
300383,5084,9591,4,"Exactly as described, very happy.",2025-08-06,True
300384,6898,9496,2,"Poor quality, disappointed.",2022-08-06,True
300385,6889,9147,4,"Exactly as described, very happy.",2022-01-13,False
300386,5868,9551,5,Superb value for money.,2024-07-23,True
300387,5512,9062,3,Decent but delivery was late.,2022-01-12,False
300388,5690,9281,1,Item arrived damaged.,2022-04-10,False
300389,7062,9339,4,Superb value for money.,2025-01-27,True
300390,7038,9176,1,Item arrived damaged.,2025-01-11,True
300391,7868,9264,2,Stopped working after a week.,2023-05-09,True
300392,7584,9193,2,Not worth the price.,2024-09-23,True
300393,6177,9331,1,Stopped working after a week.,2024-01-10,False
300394,6128,9316,3,"Average quality, expected more.",2024-11-16,True
300395,7295,9380,1,Stopped working after a week.,2023-09-01,False
300396,5775,9519,5,"Loved it, will buy again.",2023-02-17,False
300397,5808,9316,4,"Loved it, will buy again.",2025-02-02,True
300398,7188,9190,4,"Great product, worth the money!",2023-10-28,True
300399,7612,9561,3,"Average quality, expected more.",2025-01-28,True
300400,7088,9318,5,"Loved it, will buy again.",2025-08-12,True
300401,5211,9408,2,Item arrived damaged.,2022-01-02,True
300402,6759,9309,5,Superb value for money.,2024-12-14,True
300403,6303,9056,5,"Loved it, will buy again.",2023-05-13,True
300404,6213,9210,5,Superb value for money.,2022-05-24,True
300405,7554,9559,3,,2026-04-20,True
300406,6316,9132,3,"Average quality, expected more.",2022-03-02,True
300407,5852,9484,3,Decent but delivery was late.,2023-10-06,True
300408,6582,9402,5,Excellent quality and fast delivery.,2024-01-05,False
300409,6679,9501,1,"Poor quality, disappointed.",2024-06-27,True
300410,5206,9383,5,"Loved it, will buy again.",2023-02-26,True
300411,5013,9357,4,Excellent quality and fast delivery.,2025-06-01,False
300412,5209,9001,3,Decent but delivery was late.,2025-01-16,False
300413,7157,9546,5,"Loved it, will buy again.",2024-08-19,False
300414,5867,9435,1,Not worth the price.,2025-11-08,True
300415,6474,9444,5,"Loved it, will buy again.",2025-12-06,True
300416,6760,9514,5,"Loved it, will buy again.",2024-07-27,False
300417,6213,9431,1,Item arrived damaged.,2026-05-04,True
300418,7304,9397,1,Stopped working after a week.,2023-02-28,True
300419,6063,9127,5,Excellent quality and fast delivery.,2026-02-23,True
300420,6531,9020,4,"Great product, worth the money!",2025-05-25,True
300421,5198,9156,4,"Great product, worth the money!",2024-08-12,True
300422,7354,9024,5,"Exactly as described, very happy.",2023-06-28,True
300423,7662,9304,3,"Average quality, expected more.",2024-11-30,True
300424,6620,9001,3,"Average quality, expected more.",2023-10-11,True
300425,5577,9438,1,Item arrived damaged.,2026-06-21,False
300426,6790,9589,2,Not worth the price.,2025-08-04,True
300427,5064,9001,5,"Great product, worth the money!",2026-02-22,False
300428,6709,9533,5,"Exactly as described, very happy.",2024-09-14,False
300429,7960,9384,5,"Exactly as described, very happy.",2022-06-27,True
300430,5506,9537,5,Excellent quality and fast delivery.,2024-04-26,True
300431,5848,9241,2,"Poor quality, disappointed.",2025-03-30,True
300432,7030,9567,2,,2022-04-26,False
300433,6162,9059,4,"Loved it, will buy again.",2025-09-01,True
300434,7634,9006,2,Item arrived damaged.,2024-04-14,True
300435,7178,9232,4,Excellent quality and fast delivery.,2025-01-30,True
300436,5182,9267,3,"Product is okay, nothing special.",2022-06-10,True
300437,6187,9107,5,"Exactly as described, very happy.",2022-10-22,True
300438,6081,9219,4,"Great product, worth the money!",2022-12-16,True
300439,6729,9592,3,"Product is okay, nothing special.",2025-09-05,True
300440,5966,9378,2,Stopped working after a week.,2025-09-15,True
300441,7031,9459,4,"Loved it, will buy again.",2026-05-08,True
300442,5762,9219,2,Stopped working after a week.,2022-09-13,True
300443,6461,9180,5,Excellent quality and fast delivery.,2024-06-30,True
300444,7709,9416,1,"Poor quality, disappointed.",2026-05-18,True
300445,6717,9046,5,"Loved it, will buy again.",2025-05-07,False
300446,7430,9108,4,Superb value for money.,2024-09-30,True
300447,7192,9502,3,"Average quality, expected more.",2023-08-23,True
300448,7803,9025,5,"Loved it, will buy again.",2023-10-25,True
300449,5840,9476,3,"Average quality, expected more.",2025-11-10,True
300450,6623,9131,1,Not worth the price.,2023-12-01,True
300451,7289,9469,5,Excellent quality and fast delivery.,2026-05-13,True
300452,6952,9166,5,Excellent quality and fast delivery.,2023-06-03,False
300453,6895,9269,2,Stopped working after a week.,2023-12-01,True
300454,5820,9112,2,Not worth the price.,2024-02-20,True
300455,5196,9472,4,Superb value for money.,2022-03-04,True
300456,7826,9313,4,Excellent quality and fast delivery.,2022-09-11,True
300457,6906,9327,4,"Great product, worth the money!",2023-11-03,False
300458,7175,9300,5,"Great product, worth the money!",2022-08-24,False
300459,5637,9379,1,Not worth the price.,2022-03-22,True
300460,7562,9009,1,Stopped working after a week.,2024-03-13,True
300461,6457,9138,3,"Product is okay, nothing special.",2025-05-03,True
300462,5938,9203,3,"Average quality, expected more.",2022-04-25,True
300463,5075,9046,5,Excellent quality and fast delivery.,2024-03-05,True
300464,5304,9422,1,Stopped working after a week.,2024-12-02,True
300465,5351,9107,3,"Average quality, expected more.",2024-09-01,True
300466,6721,9433,5,Excellent quality and fast delivery.,2024-04-29,True
300467,7181,9491,1,Item arrived damaged.,2025-10-29,True
300468,5042,9505,1,"Poor quality, disappointed.",2023-04-23,True
300469,5905,9498,2,"Poor quality, disappointed.",2022-10-31,True
300470,6230,9004,1,Stopped working after a week.,2026-05-29,False
300471,7132,9262,3,"Average quality, expected more.",2023-06-30,True
300472,7126,9065,3,Decent but delivery was late.,2025-08-16,False
300473,7601,9496,5,"Great product, worth the money!",2025-02-11,False
300474,6890,9272,4,Excellent quality and fast delivery.,2025-11-20,False
300475,7219,9166,5,"Loved it, will buy again.",2023-04-21,True
300476,5813,9451,4,Superb value for money.,2023-01-12,True
300477,7086,9237,1,"Poor quality, disappointed.",2024-05-15,True
300478,5485,9278,4,"Loved it, will buy again.",2023-01-26,True
300479,5463,9141,3,"Product is okay, nothing special.",2023-03-29,False
300480,6495,9290,1,Not worth the price.,2022-12-21,True
300481,6786,9297,1,Item arrived damaged.,2023-05-02,True
300482,6887,9181,1,Not worth the price.,2024-06-14,False
300483,7208,9226,3,"Average quality, expected more.",2025-03-27,True
300484,6988,9218,3,"Product is okay, nothing special.",2024-04-17,True
300485,7790,9049,4,"Loved it, will buy again.",2023-05-22,True
300486,5054,9077,3,Decent but delivery was late.,2024-06-26,True
300487,7022,9074,4,,2023-04-21,True
300488,6222,9332,3,"Product is okay, nothing special.",2025-07-11,True
300489,5238,9056,2,Stopped working after a week.,2025-08-26,True
300490,7043,9323,1,,2024-04-04,True
300491,7648,9519,4,"Exactly as described, very happy.",2022-02-15,True
300492,7314,9251,3,Decent but delivery was late.,2022-02-19,True
300493,6264,9368,2,Not worth the price.,2022-08-25,True
300494,7106,9300,3,"Product is okay, nothing special.",2022-06-15,True
300495,5276,9447,2,"Poor quality, disappointed.",2025-12-05,False
300496,5203,9581,4,"Exactly as described, very happy.",2022-12-25,True
300497,6789,9005,3,"Product is okay, nothing special.",2022-12-06,True
300498,5826,9146,5,"Exactly as described, very happy.",2026-05-07,True
300499,6948,9550,1,Item arrived damaged.,2023-12-24,False
300500,6314,9228,3,"Product is okay, nothing special.",2023-07-06,True
300501,7436,9012,2,Stopped working after a week.,2025-11-21,True
300502,6552,9234,4,"Exactly as described, very happy.",2022-04-19,True
300503,6193,9105,2,Not worth the price.,2025-06-06,True
300504,7372,9064,3,Decent but delivery was late.,2023-06-28,False
300505,5728,9399,3,Decent but delivery was late.,2026-03-30,False
300506,6485,9528,2,Not worth the price.,2023-06-30,True
300507,6592,9158,2,Item arrived damaged.,2024-03-20,True
300508,7205,9146,5,"Great product, worth the money!",2026-05-26,False
300509,7109,9517,2,Not worth the price.,2025-08-23,True
300510,5520,9083,2,"Poor quality, disappointed.",2022-03-03,False
300511,7041,9427,5,"Exactly as described, very happy.",2022-08-22,True
300512,7258,9226,3,,2023-06-28,False
300513,5423,9009,1,Not worth the price.,2023-09-19,True
300514,5789,9263,3,"Product is okay, nothing special.",2022-06-16,True
300515,5189,9455,5,"Loved it, will buy again.",2022-08-09,True
300516,5952,9387,3,"Product is okay, nothing special.",2025-07-20,True
300517,7147,9290,1,,2022-12-10,True
300518,5390,9600,3,"Average quality, expected more.",2023-05-23,False
300519,6340,9301,4,"Exactly as described, very happy.",2022-01-07,False
300520,7043,9532,4,Excellent quality and fast delivery.,2024-08-29,False
300521,7613,9185,3,Decent but delivery was late.,2023-05-25,True
300522,6865,9213,3,"Product is okay, nothing special.",2023-08-13,False
300523,6168,9014,1,"Poor quality, disappointed.",2024-01-19,True
300524,6814,9519,3,Decent but delivery was late.,2023-12-05,True
300525,7069,9150,2,Not worth the price.,2023-11-30,False
300526,7219,9300,1,Not worth the price.,2026-04-25,True
300527,6391,9119,2,Stopped working after a week.,2024-09-14,True
300528,7971,9438,3,Decent but delivery was late.,2022-01-30,False
300529,6953,9367,1,Not worth the price.,2022-04-23,False
300530,5352,9544,3,"Average quality, expected more.",2025-04-13,True
300531,7712,9535,5,Superb value for money.,2024-12-25,True
300532,5006,9383,1,"Poor quality, disappointed.",2025-05-13,True
300533,6762,9034,1,,2022-07-20,True
300534,6378,9383,2,,2025-10-03,True
300535,6436,9034,2,Not worth the price.,2023-01-27,False
300536,6768,9570,3,,2022-03-08,True
300537,5772,9317,2,"Poor quality, disappointed.",2024-08-14,True
300538,5471,9049,1,Item arrived damaged.,2025-10-24,True
300539,5366,9299,4,Excellent quality and fast delivery.,2025-02-20,True
300540,7758,9468,1,Stopped working after a week.,2022-02-19,True
300541,5511,9019,5,Superb value for money.,2022-04-19,True
300542,7242,9038,4,Excellent quality and fast delivery.,2025-07-26,True
300543,7621,9265,3,"Product is okay, nothing special.",2024-01-16,False
300544,7476,9056,5,"Loved it, will buy again.",2022-04-11,True
300545,7818,9090,5,"Exactly as described, very happy.",2025-04-28,True
300546,5803,9578,3,,2025-06-15,False
300547,7820,9322,1,Item arrived damaged.,2022-05-06,True
300548,7283,9081,5,"Loved it, will buy again.",2025-04-09,True
300549,6033,9052,2,Item arrived damaged.,2024-02-24,False
300550,6656,9045,1,Stopped working after a week.,2025-08-18,True
300551,5680,9177,5,"Loved it, will buy again.",2023-08-20,True
300552,5905,9396,3,"Product is okay, nothing special.",2023-01-05,True
300553,6587,9281,1,"Poor quality, disappointed.",2023-04-10,True
300554,7165,9020,2,Not worth the price.,2023-02-17,True
300555,7708,9066,5,Excellent quality and fast delivery.,2025-07-09,False
300556,6301,9533,4,Superb value for money.,2026-01-06,True
300557,6134,9570,4,Superb value for money.,2023-11-11,True
300558,5310,9499,1,Stopped working after a week.,2025-02-03,True
300559,5741,9281,3,"Average quality, expected more.",2023-07-04,False
300560,6684,9111,5,"Loved it, will buy again.",2023-07-07,True
300561,5212,9435,1,Item arrived damaged.,2022-12-24,True
300562,5807,9056,3,"Average quality, expected more.",2022-07-23,True
300563,5877,9438,4,"Exactly as described, very happy.",2023-06-10,False
300564,5901,9041,5,Excellent quality and fast delivery.,2024-10-07,True
300565,7446,9060,1,Stopped working after a week.,2024-05-22,True
300566,7199,9558,1,Not worth the price.,2024-03-26,True
300567,7926,9177,3,Decent but delivery was late.,2024-07-15,False
300568,6739,9449,3,Decent but delivery was late.,2025-07-18,True
300569,6205,9504,5,"Loved it, will buy again.",2026-03-15,True
300570,5874,9086,1,Item arrived damaged.,2026-06-16,True
300571,6426,9296,1,Stopped working after a week.,2022-06-13,False
300572,7511,9200,3,Decent but delivery was late.,2025-07-10,True
300573,5338,9546,4,"Great product, worth the money!",2026-05-23,True
300574,7287,9239,4,Superb value for money.,2023-04-26,False
300575,7657,9596,2,Stopped working after a week.,2022-02-20,True
300576,6018,9567,1,Not worth the price.,2024-03-03,True
300577,6259,9330,4,Superb value for money.,2023-04-08,False
300578,7349,9214,4,"Exactly as described, very happy.",2025-05-03,True
300579,5280,9044,4,Excellent quality and fast delivery.,2025-02-08,True
300580,6205,9042,3,Decent but delivery was late.,2026-05-15,False
300581,6577,9048,4,,2026-06-06,True
300582,6755,9578,5,Excellent quality and fast delivery.,2023-11-05,True
300583,6018,9119,4,"Exactly as described, very happy.",2022-08-16,False
300584,7046,9074,3,"Product is okay, nothing special.",2024-07-06,True
300585,6063,9193,5,"Exactly as described, very happy.",2024-04-14,True
300586,6880,9488,3,Decent but delivery was late.,2026-04-12,True
300587,6710,9214,2,Not worth the price.,2025-01-09,True
300588,6453,9475,2,Stopped working after a week.,2025-02-05,False
300589,6464,9016,5,"Loved it, will buy again.",2022-01-24,True
300590,6983,9418,4,"Great product, worth the money!",2024-10-02,False
300591,5630,9073,2,Item arrived damaged.,2022-10-06,True
300592,6397,9119,1,Item arrived damaged.,2022-04-30,True
300593,5230,9586,2,Stopped working after a week.,2023-11-09,True
300594,7334,9378,2,Stopped working after a week.,2024-05-08,True
300595,7586,9428,4,"Great product, worth the money!",2023-06-12,True
300596,6810,9447,2,Item arrived damaged.,2024-02-23,True
300597,6193,9070,2,Not worth the price.,2025-11-29,True
300598,5349,9151,2,Stopped working after a week.,2022-09-27,True
300599,7779,9158,5,"Loved it, will buy again.",2022-12-26,True
300600,7357,9288,5,Superb value for money.,2026-04-26,True
300601,7571,9077,4,Superb value for money.,2023-07-15,True
300602,6931,9143,1,"Poor quality, disappointed.",2026-03-23,True
300603,5990,9149,1,,2025-02-20,False
300604,7195,9136,3,"Average quality, expected more.",2022-04-21,True
300605,5838,9349,4,"Great product, worth the money!",2024-04-13,True
300606,5076,9535,5,Superb value for money.,2024-04-21,False
300607,5586,9337,2,Stopped working after a week.,2024-03-18,True
300608,6816,9161,4,Superb value for money.,2026-05-17,True
300609,7561,9293,5,"Great product, worth the money!",2022-11-10,False
300610,6733,9469,2,Item arrived damaged.,2025-04-16,True
300611,7745,9561,1,Stopped working after a week.,2024-01-01,False
300612,5654,9166,3,Decent but delivery was late.,2023-03-10,False
300613,7150,9224,1,Not worth the price.,2024-10-24,True
300614,7125,9085,4,,2024-09-07,True
300615,6994,9348,3,Decent but delivery was late.,2026-04-08,True
300616,6786,9216,1,Not worth the price.,2025-05-24,True
300617,6431,9596,5,"Exactly as described, very happy.",2024-01-19,True
300618,6390,9399,1,Item arrived damaged.,2025-03-25,True
300619,5613,9477,2,Not worth the price.,2024-01-13,False
300620,7403,9082,4,"Great product, worth the money!",2023-08-17,True
300621,7476,9573,5,Excellent quality and fast delivery.,2025-12-11,True
300622,7453,9543,3,"Product is okay, nothing special.",2025-09-15,True
300623,6037,9178,3,Decent but delivery was late.,2026-01-26,True
300624,6319,9512,1,"Poor quality, disappointed.",2022-07-13,False
300625,7379,9229,1,Stopped working after a week.,2024-04-03,True
300626,6209,9199,4,Superb value for money.,2023-05-20,True
300627,5218,9165,4,Excellent quality and fast delivery.,2024-07-25,True
300628,7042,9075,1,Not worth the price.,2024-12-16,True
300629,7516,9069,2,Stopped working after a week.,2025-11-22,True
300630,5156,9539,3,Decent but delivery was late.,2026-06-23,False
300631,7469,9029,2,Stopped working after a week.,2025-04-03,True
300632,5762,9335,1,Item arrived damaged.,2025-08-04,False
300633,6271,9459,4,"Loved it, will buy again.",2023-05-11,False
300634,5050,9497,4,Superb value for money.,2024-02-15,True
300635,7237,9543,5,"Exactly as described, very happy.",2026-04-06,False
300636,5683,9066,2,Stopped working after a week.,2022-01-18,True
300637,6021,9270,4,"Exactly as described, very happy.",2026-03-28,True
300638,5036,9070,5,Superb value for money.,2024-07-05,True
300639,5431,9364,4,"Exactly as described, very happy.",2025-08-04,True
300640,7596,9203,3,"Product is okay, nothing special.",2026-02-01,True
300641,5610,9234,1,Stopped working after a week.,2025-09-12,False
300642,7667,9320,1,Not worth the price.,2023-11-18,True
300643,7424,9057,1,Stopped working after a week.,2023-03-03,True
300644,7553,9060,4,Excellent quality and fast delivery.,2024-11-13,True
300645,6612,9280,5,"Loved it, will buy again.",2025-03-13,True
300646,6347,9089,4,Excellent quality and fast delivery.,2024-09-24,True
300647,7696,9445,5,"Exactly as described, very happy.",2022-02-01,True
300648,7253,9515,4,"Exactly as described, very happy.",2024-04-10,True
300649,7449,9106,1,Not worth the price.,2026-05-07,False
300650,5538,9155,2,Stopped working after a week.,2022-04-18,False
300651,6987,9531,1,"Poor quality, disappointed.",2024-06-03,False
300652,6709,9377,5,Excellent quality and fast delivery.,2025-01-18,False
300653,6444,9005,3,Decent but delivery was late.,2026-04-02,False
300654,7994,9155,4,Superb value for money.,2023-04-20,True
300655,7158,9093,2,"Poor quality, disappointed.",2023-05-26,True
300656,6343,9574,1,Item arrived damaged.,2022-02-21,True
300657,6525,9599,4,Excellent quality and fast delivery.,2025-09-02,False
300658,7216,9152,3,"Product is okay, nothing special.",2022-10-05,True
300659,5709,9228,4,"Exactly as described, very happy.",2025-02-17,False
300660,5926,9431,4,"Exactly as described, very happy.",2022-08-25,True
300661,5500,9553,3,"Product is okay, nothing special.",2023-03-07,False
300662,6208,9464,1,Item arrived damaged.,2022-12-19,True
300663,7499,9492,5,Superb value for money.,2026-01-03,True
300664,7966,9494,5,"Great product, worth the money!",2022-10-02,False
300665,5017,9041,1,"Poor quality, disappointed.",2026-05-11,True
300666,5854,9331,5,"Great product, worth the money!",2026-03-01,False
300667,6622,9095,4,"Great product, worth the money!",2023-11-09,True
300668,5333,9005,3,Decent but delivery was late.,2024-05-15,True
300669,5548,9358,4,"Loved it, will buy again.",2026-02-11,True
300670,6854,9009,1,Stopped working after a week.,2022-12-03,True
300671,6314,9422,1,Stopped working after a week.,2024-10-26,True
300672,7556,9435,1,Stopped working after a week.,2025-01-16,False
300673,5254,9014,1,"Poor quality, disappointed.",2022-03-12,True
300674,5195,9015,5,Excellent quality and fast delivery.,2024-04-28,True
300675,5650,9295,1,Item arrived damaged.,2022-11-02,True
300676,5261,9184,3,"Average quality, expected more.",2025-11-20,True
300677,7756,9480,5,Superb value for money.,2023-12-18,True
300678,5538,9457,4,Excellent quality and fast delivery.,2024-12-23,True
300679,7178,9303,3,"Average quality, expected more.",2024-05-16,True
300680,7997,9310,4,"Great product, worth the money!",2024-09-01,True
300681,7718,9072,2,Stopped working after a week.,2025-02-19,True
300682,6651,9364,5,"Exactly as described, very happy.",2023-08-24,False
300683,7795,9522,2,Stopped working after a week.,2023-06-26,True
300684,5132,9179,1,"Poor quality, disappointed.",2026-01-22,True
300685,7886,9146,3,"Product is okay, nothing special.",2026-05-08,False
300686,7149,9212,4,"Exactly as described, very happy.",2022-02-05,False
300687,5244,9563,5,"Exactly as described, very happy.",2023-07-11,True
300688,5906,9239,5,"Great product, worth the money!",2022-11-02,True
300689,6996,9499,4,Excellent quality and fast delivery.,2023-04-23,True
300690,7473,9277,2,,2022-09-11,True
300691,5581,9140,3,Decent but delivery was late.,2023-05-29,True
300692,6332,9488,1,"Poor quality, disappointed.",2024-08-24,False
300693,6135,9166,3,"Product is okay, nothing special.",2022-06-20,True
300694,5432,9530,1,Stopped working after a week.,2023-11-15,False
300695,6103,9289,1,Item arrived damaged.,2025-03-08,True
300696,5546,9114,3,"Product is okay, nothing special.",2022-12-03,True
300697,6880,9207,3,Decent but delivery was late.,2022-03-16,True
300698,6213,9016,4,"Loved it, will buy again.",2026-03-20,True
300699,7296,9032,3,"Product is okay, nothing special.",2023-10-30,False
300700,5039,9257,4,Excellent quality and fast delivery.,2024-05-13,False
300701,7866,9143,1,Not worth the price.,2026-02-07,False
300702,7014,9359,3,"Product is okay, nothing special.",2024-01-24,True
300703,6123,9106,2,"Poor quality, disappointed.",2023-12-07,False
300704,6425,9415,4,"Exactly as described, very happy.",2023-05-13,True
300705,6665,9415,2,"Poor quality, disappointed.",2023-08-25,True
300706,7907,9171,3,"Product is okay, nothing special.",2025-04-15,True
300707,5458,9513,2,Item arrived damaged.,2026-06-15,True
300708,5908,9469,3,Decent but delivery was late.,2022-11-15,True
300709,7949,9489,5,"Great product, worth the money!",2022-07-13,True
300710,7371,9305,1,Not worth the price.,2022-10-08,True
300711,5762,9138,5,"Great product, worth the money!",2023-01-29,True
300712,7032,9003,2,Not worth the price.,2023-06-05,True
300713,5434,9084,2,Stopped working after a week.,2024-02-08,True
300714,5077,9164,2,Not worth the price.,2025-12-30,True
300715,5669,9400,1,Not worth the price.,2023-01-24,True
300716,6825,9311,2,Stopped working after a week.,2023-10-15,False
300717,7711,9461,5,Superb value for money.,2023-10-16,True
300718,5338,9237,1,Stopped working after a week.,2022-06-12,True
300719,5533,9452,5,"Loved it, will buy again.",2022-02-09,True
300720,5051,9003,5,"Great product, worth the money!",2022-07-27,True
300721,5771,9221,1,Not worth the price.,2024-03-20,False
300722,7636,9449,3,Decent but delivery was late.,2022-05-18,True
300723,6983,9421,4,,2025-05-28,False
300724,5876,9190,1,Stopped working after a week.,2023-08-29,True
300725,5311,9429,4,"Exactly as described, very happy.",2022-09-13,True
300726,5952,9091,4,"Great product, worth the money!",2023-07-10,False
300727,6043,9281,2,Not worth the price.,2024-08-01,True
300728,6013,9283,5,"Great product, worth the money!",2023-05-08,True
300729,6283,9039,4,"Loved it, will buy again.",2024-08-12,True
300730,5803,9287,1,Stopped working after a week.,2025-12-15,True
300731,5359,9502,2,Stopped working after a week.,2023-08-30,True
300732,7018,9115,3,"Product is okay, nothing special.",2025-01-15,False
300733,5795,9006,4,"Exactly as described, very happy.",2022-09-28,True
300734,5448,9205,5,"Great product, worth the money!",2022-07-15,True
300735,5314,9431,1,Item arrived damaged.,2022-04-06,True
300736,7171,9278,2,Stopped working after a week.,2022-07-07,False
300737,7373,9180,1,Item arrived damaged.,2024-12-17,True
300738,6123,9371,5,"Great product, worth the money!",2022-12-23,True
300739,5372,9514,5,"Great product, worth the money!",2026-01-17,False
300740,5098,9301,1,Stopped working after a week.,2023-11-10,True
300741,7265,9143,5,Superb value for money.,2026-07-03,False
300742,7880,9209,1,Item arrived damaged.,2025-03-12,True
300743,6359,9417,3,Decent but delivery was late.,2022-02-11,False
300744,7072,9323,5,"Loved it, will buy again.",2024-07-17,True
300745,7471,9007,2,"Poor quality, disappointed.",2026-04-04,False
300746,6618,9260,1,Item arrived damaged.,2024-09-22,True
300747,6351,9013,1,,2023-02-12,True
300748,6469,9489,3,,2023-08-14,True
300749,7853,9357,3,"Product is okay, nothing special.",2022-02-24,True
300750,7575,9480,3,,2025-10-20,True
300751,7568,9102,2,Not worth the price.,2026-01-25,True
300752,7367,9514,2,"Poor quality, disappointed.",2022-01-17,False
300753,7096,9582,1,,2024-09-07,True
300754,5629,9101,4,Excellent quality and fast delivery.,2024-08-20,True
300755,5648,9106,3,"Product is okay, nothing special.",2025-11-04,False
300756,6810,9438,1,"Poor quality, disappointed.",2024-05-16,True
300757,5868,9394,1,Stopped working after a week.,2024-08-10,True
300758,7349,9354,1,,2025-10-18,False
300759,6112,9235,1,Not worth the price.,2024-05-15,False
300760,6719,9513,1,Stopped working after a week.,2022-05-23,True
300761,7956,9493,1,Item arrived damaged.,2025-10-10,False
300762,6945,9449,2,Stopped working after a week.,2024-09-10,True
300763,6975,9576,3,"Product is okay, nothing special.",2026-04-26,True
300764,5059,9576,5,"Loved it, will buy again.",2024-05-31,False
300765,6232,9386,5,"Great product, worth the money!",2022-10-13,True
300766,6222,9449,3,Decent but delivery was late.,2026-07-21,True
300767,5360,9020,3,,2026-04-18,True
300768,6675,9530,1,Item arrived damaged.,2024-08-05,True
300769,6307,9269,2,"Poor quality, disappointed.",2026-05-19,True
300770,7550,9476,1,Item arrived damaged.,2025-08-14,True
300771,7484,9443,1,Not worth the price.,2026-03-16,True
300772,7256,9340,3,Decent but delivery was late.,2024-12-02,True
300773,7236,9148,2,Stopped working after a week.,2025-07-05,True
300774,5250,9429,4,Excellent quality and fast delivery.,2024-02-10,True
300775,7239,9434,4,Superb value for money.,2025-01-20,True
300776,6008,9401,1,Not worth the price.,2022-12-18,True
300777,7710,9430,5,"Great product, worth the money!",2022-04-20,True
300778,5870,9282,1,"Poor quality, disappointed.",2022-05-20,True
300779,5639,9045,4,"Exactly as described, very happy.",2023-07-29,True
300780,5323,9470,2,"Poor quality, disappointed.",2024-07-22,True
300781,7119,9428,5,Excellent quality and fast delivery.,2025-02-16,True
300782,5768,9208,4,"Exactly as described, very happy.",2022-02-17,True
300783,7828,9316,2,Item arrived damaged.,2022-07-05,True
300784,6866,9244,2,"Poor quality, disappointed.",2022-08-06,True
300785,7667,9002,1,"Poor quality, disappointed.",2023-11-09,True
300786,7274,9244,3,"Product is okay, nothing special.",2022-08-31,True
300787,6284,9558,5,"Exactly as described, very happy.",2026-04-12,True
300788,7009,9059,5,"Great product, worth the money!",2024-10-07,True
300789,6967,9513,3,Decent but delivery was late.,2024-08-09,True
300790,6555,9002,2,Item arrived damaged.,2025-11-13,True
300791,7481,9529,5,"Loved it, will buy again.",2025-07-09,False
300792,7148,9203,1,Stopped working after a week.,2025-02-01,False
300793,7286,9550,5,"Exactly as described, very happy.",2026-05-04,True
300794,6967,9314,4,Superb value for money.,2022-01-21,False
300795,5866,9431,1,Stopped working after a week.,2023-10-15,True
300796,7231,9112,5,"Great product, worth the money!",2023-10-01,False
300797,5020,9008,3,"Average quality, expected more.",2024-08-09,True
300798,5572,9461,4,"Exactly as described, very happy.",2023-11-15,False
300799,6491,9460,3,"Product is okay, nothing special.",2026-05-13,True
300800,6280,9003,2,Item arrived damaged.,2026-03-04,True
300801,5681,9136,5,"Exactly as described, very happy.",2022-02-18,True
300802,7949,9352,5,"Great product, worth the money!",2025-08-03,True
300803,7402,9444,4,Superb value for money.,2026-07-24,True
300804,7716,9135,4,Superb value for money.,2022-08-30,True
300805,7360,9456,2,Stopped working after a week.,2025-12-21,False
300806,5225,9066,3,"Product is okay, nothing special.",2023-12-05,True
300807,6678,9270,4,Superb value for money.,2023-08-27,True
300808,5132,9428,3,Decent but delivery was late.,2024-07-01,False
300809,6078,9412,2,,2025-03-11,True
300810,6654,9416,2,Stopped working after a week.,2024-05-27,False
300811,6264,9164,2,Item arrived damaged.,2023-12-12,False
300812,5223,9421,3,"Average quality, expected more.",2026-04-30,True
300813,7650,9167,1,"Poor quality, disappointed.",2024-10-29,True
300814,5804,9080,2,Stopped working after a week.,2026-08-03,False
300815,5857,9596,2,Stopped working after a week.,2023-05-25,False
300816,6634,9590,2,"Poor quality, disappointed.",2023-07-07,True
300817,6794,9281,2,Not worth the price.,2022-07-30,False
300818,7370,9422,4,"Exactly as described, very happy.",2022-11-10,True
300819,6805,9122,3,"Average quality, expected more.",2025-05-31,True
300820,7507,9316,3,Decent but delivery was late.,2022-08-23,True
300821,7802,9014,5,Excellent quality and fast delivery.,2024-05-03,True
300822,6971,9036,4,,2025-12-27,True
300823,7636,9488,5,"Exactly as described, very happy.",2024-05-19,True
300824,6572,9025,5,"Great product, worth the money!",2025-02-18,True
300825,6462,9070,3,"Product is okay, nothing special.",2022-03-07,True
300826,6790,9599,3,"Product is okay, nothing special.",2022-04-16,True
300827,6097,9429,3,"Average quality, expected more.",2023-11-02,True
300828,6452,9466,5,,2022-05-27,True
300829,6504,9321,1,Not worth the price.,2024-08-14,True
300830,5440,9036,1,Item arrived damaged.,2024-06-27,True
300831,5473,9305,4,Excellent quality and fast delivery.,2023-01-03,False
300832,5304,9277,1,"Poor quality, disappointed.",2022-06-09,True
300833,5940,9585,1,Not worth the price.,2026-05-15,False
300834,7334,9185,4,"Loved it, will buy again.",2025-10-22,False
300835,5794,9318,4,Excellent quality and fast delivery.,2022-07-08,True
300836,5100,9377,4,Superb value for money.,2024-01-29,False
300837,5844,9390,1,Stopped working after a week.,2024-10-06,False
300838,6501,9041,2,,2024-10-19,True
300839,5717,9391,2,Item arrived damaged.,2023-05-06,False
300840,6840,9516,4,"Exactly as described, very happy.",2022-04-04,True
300841,5307,9123,2,Stopped working after a week.,2023-03-27,False
300842,7634,9231,1,Stopped working after a week.,2023-06-03,True
300843,6951,9197,1,Not worth the price.,2023-04-09,True
300844,6026,9349,5,"Great product, worth the money!",2026-06-21,True
300845,5440,9339,3,"Average quality, expected more.",2025-10-31,False
300846,7028,9352,3,Decent but delivery was late.,2024-07-03,True
300847,5587,9479,4,"Great product, worth the money!",2022-07-13,False
300848,5367,9438,3,Decent but delivery was late.,2025-02-25,True
300849,5711,9465,4,Superb value for money.,2025-06-22,True
300850,5847,9545,5,Superb value for money.,2023-03-04,True
300851,5873,9164,4,"Exactly as described, very happy.",2026-04-10,True
300852,5677,9205,1,Item arrived damaged.,2025-02-26,True
300853,7301,9102,2,"Poor quality, disappointed.",2024-05-10,True
300854,5608,9242,1,Item arrived damaged.,2026-07-27,True
300855,7743,9444,5,Excellent quality and fast delivery.,2025-06-08,True
300856,7980,9453,1,Item arrived damaged.,2022-02-20,True
300857,7734,9500,5,"Exactly as described, very happy.",2022-04-26,True
300858,7478,9096,5,Superb value for money.,2025-07-30,True
300859,5934,9056,1,Stopped working after a week.,2023-03-21,False
300860,7795,9189,3,"Product is okay, nothing special.",2023-09-03,True
300861,6700,9258,5,"Exactly as described, very happy.",2022-06-27,True
300862,7587,9261,5,,2023-11-06,True
300863,5809,9276,3,Decent but delivery was late.,2024-11-20,False
300864,6337,9026,3,"Product is okay, nothing special.",2022-12-20,False
300865,5050,9027,3,Decent but delivery was late.,2022-03-22,False
300866,6418,9098,3,Decent but delivery was late.,2022-08-10,True
300867,7391,9546,1,"Poor quality, disappointed.",2024-12-17,False
300868,5691,9298,1,Stopped working after a week.,2022-07-20,True
300869,6567,9083,5,Superb value for money.,2024-07-25,True
300870,7875,9113,2,Not worth the price.,2024-02-24,True
300871,7064,9149,3,Decent but delivery was late.,2025-04-07,True
300872,6976,9105,5,Excellent quality and fast delivery.,2024-11-20,False
300873,7619,9311,3,"Average quality, expected more.",2024-05-25,True
300874,6380,9596,1,"Poor quality, disappointed.",2023-03-11,True
300875,6050,9305,5,"Loved it, will buy again.",2023-07-08,False
300876,6440,9144,1,"Poor quality, disappointed.",2023-11-13,True
300877,6828,9481,1,"Poor quality, disappointed.",2024-12-19,True
300878,7192,9302,3,Decent but delivery was late.,2023-12-27,True
300879,6499,9423,1,Stopped working after a week.,2023-08-01,True
300880,7484,9069,4,Superb value for money.,2023-07-15,True
300881,7002,9214,1,Item arrived damaged.,2022-07-11,False
300882,6761,9292,2,Not worth the price.,2025-11-30,True
300883,6783,9444,2,Not worth the price.,2022-01-01,False
300884,6242,9313,2,Item arrived damaged.,2023-01-31,True
300885,5588,9180,3,"Product is okay, nothing special.",2026-04-09,True
300886,6340,9600,3,"Average quality, expected more.",2023-04-30,True
300887,5775,9279,3,"Product is okay, nothing special.",2025-12-11,True
300888,7254,9527,5,Superb value for money.,2025-09-19,True
300889,7322,9314,3,"Product is okay, nothing special.",2023-11-04,True
300890,6135,9428,3,Decent but delivery was late.,2026-01-01,False
300891,7210,9402,2,"Poor quality, disappointed.",2022-09-01,True
300892,5225,9389,5,"Great product, worth the money!",2023-12-01,True
300893,5921,9449,3,Decent but delivery was late.,2025-04-24,True
300894,5384,9096,5,"Loved it, will buy again.",2023-11-13,True
300895,5462,9503,1,Not worth the price.,2024-01-27,True
300896,7723,9538,5,Superb value for money.,2025-09-10,True
300897,6688,9017,4,"Loved it, will buy again.",2022-04-21,True
300898,6351,9138,4,Superb value for money.,2026-04-26,True
300899,7661,9433,1,"Poor quality, disappointed.",2025-03-07,False
300900,7846,9359,4,Excellent quality and fast delivery.,2024-05-30,True
300901,6952,9487,5,"Exactly as described, very happy.",2026-03-24,True
300902,5372,9460,4,"Exactly as described, very happy.",2025-07-20,True
300903,7071,9427,5,Superb value for money.,2023-02-02,False
300904,6928,9217,5,"Exactly as described, very happy.",2022-02-06,True
300905,7870,9544,2,Item arrived damaged.,2026-07-26,True
300906,5756,9143,5,,2026-03-06,True
300907,7201,9129,4,Superb value for money.,2025-05-19,True
300908,7723,9173,3,Decent but delivery was late.,2022-12-08,True
300909,6592,9192,2,"Poor quality, disappointed.",2023-07-29,True
300910,7580,9108,1,Item arrived damaged.,2024-12-10,True
300911,6102,9199,3,Decent but delivery was late.,2022-05-22,True
300912,5261,9156,4,Superb value for money.,2022-12-17,True
300913,5360,9282,2,Not worth the price.,2025-06-25,False
300914,7297,9336,4,"Loved it, will buy again.",2023-09-15,False
300915,6824,9201,1,Stopped working after a week.,2023-07-21,True
300916,5193,9281,4,"Great product, worth the money!",2022-07-01,True
300917,7784,9040,5,Excellent quality and fast delivery.,2022-08-02,False
300918,5515,9593,4,"Great product, worth the money!",2025-09-01,True
300919,7459,9583,4,Excellent quality and fast delivery.,2024-05-21,False
300920,5812,9305,1,Item arrived damaged.,2026-06-13,True
300921,6565,9434,4,Superb value for money.,2023-06-30,True
300922,5526,9349,1,,2022-05-29,True
300923,7587,9399,5,"Great product, worth the money!",2022-08-07,True
300924,6496,9519,1,,2025-01-23,True
300925,6897,9117,1,,2026-07-18,True
300926,7575,9003,4,,2025-07-09,True
300927,7740,9599,4,"Great product, worth the money!",2023-03-16,True
300928,5151,9162,5,"Great product, worth the money!",2025-11-27,True
300929,6131,9077,3,Decent but delivery was late.,2026-04-09,True
300930,7375,9121,2,Stopped working after a week.,2024-07-02,True
300931,5958,9117,4,,2026-01-28,False
300932,5620,9101,5,"Great product, worth the money!",2025-12-05,True
300933,5770,9105,3,"Product is okay, nothing special.",2023-11-04,True
300934,5838,9111,2,Stopped working after a week.,2023-11-11,False
300935,6024,9014,3,Decent but delivery was late.,2024-07-07,True
300936,7415,9041,1,"Poor quality, disappointed.",2024-09-18,False
300937,6141,9261,1,Stopped working after a week.,2022-01-20,True
300938,5577,9151,5,Superb value for money.,2024-11-30,False
300939,6740,9157,4,Superb value for money.,2026-07-03,True
300940,7248,9472,3,"Product is okay, nothing special.",2022-09-23,True
300941,7624,9354,2,Stopped working after a week.,2025-09-15,False
300942,6341,9266,4,"Loved it, will buy again.",2023-02-15,True
300943,7586,9039,5,"Loved it, will buy again.",2023-12-06,True
300944,5345,9092,2,Item arrived damaged.,2025-01-23,True
300945,6718,9007,1,Not worth the price.,2025-12-07,False
300946,5688,9389,4,"Loved it, will buy again.",2025-04-03,True
300947,5690,9566,3,"Product is okay, nothing special.",2025-11-17,False
300948,6739,9013,3,Decent but delivery was late.,2023-03-17,True
300949,6939,9274,5,Superb value for money.,2022-10-26,True
300950,7501,9181,1,"Poor quality, disappointed.",2023-08-22,False
300951,5367,9382,4,"Exactly as described, very happy.",2022-12-03,True
300952,5983,9066,1,Item arrived damaged.,2026-07-20,True
300953,7420,9586,1,Stopped working after a week.,2025-09-16,True
300954,5397,9573,5,"Loved it, will buy again.",2023-05-30,True
300955,5227,9519,2,Stopped working after a week.,2024-02-16,False
300956,5997,9560,1,"Poor quality, disappointed.",2026-07-26,True
300957,6916,9524,2,"Poor quality, disappointed.",2024-04-17,True
300958,7149,9274,4,Superb value for money.,2025-01-16,False
300959,6893,9075,1,Not worth the price.,2022-06-17,False
300960,6720,9123,2,"Poor quality, disappointed.",2024-07-17,True
300961,7319,9422,2,"Poor quality, disappointed.",2024-11-17,True
300962,5804,9543,2,Item arrived damaged.,2023-12-28,True
300963,5034,9272,4,"Great product, worth the money!",2022-09-09,True
300964,5015,9471,3,"Product is okay, nothing special.",2023-05-31,True
300965,5076,9458,4,Superb value for money.,2025-05-22,True
300966,6837,9016,1,Stopped working after a week.,2026-01-12,False
300967,6920,9136,3,"Average quality, expected more.",2024-01-29,False
300968,7438,9254,1,Not worth the price.,2022-11-14,True
300969,7410,9511,1,"Poor quality, disappointed.",2025-04-15,False
300970,5090,9499,2,Item arrived damaged.,2024-06-24,True
300971,6137,9092,5,Excellent quality and fast delivery.,2025-08-18,True
300972,7310,9285,2,Not worth the price.,2025-04-26,True
300973,5692,9201,2,Stopped working after a week.,2026-06-10,True
300974,5128,9561,2,Stopped working after a week.,2026-04-19,True
300975,7096,9217,4,"Great product, worth the money!",2025-09-10,True
300976,6529,9463,1,"Poor quality, disappointed.",2025-09-23,True
300977,5958,9057,5,Superb value for money.,2023-03-19,False
300978,7881,9474,2,Stopped working after a week.,2022-12-31,True
300979,6567,9570,5,Excellent quality and fast delivery.,2024-05-22,True
300980,7684,9177,5,"Loved it, will buy again.",2026-05-25,True
300981,5184,9042,2,"Poor quality, disappointed.",2024-08-14,True
300982,6948,9412,1,,2025-07-03,False
300983,7548,9263,4,"Great product, worth the money!",2026-01-11,True
300984,5165,9246,2,Stopped working after a week.,2024-06-05,True
300985,5539,9010,4,,2023-07-27,False
300986,7527,9012,3,"Average quality, expected more.",2024-09-03,True
300987,7368,9258,2,Not worth the price.,2024-01-02,True
300988,5437,9199,1,Not worth the price.,2025-06-28,False
300989,7686,9095,1,Not worth the price.,2022-02-02,True
300990,5025,9500,2,Item arrived damaged.,2024-09-07,True
300991,5060,9020,1,Stopped working after a week.,2023-09-03,True
300992,5980,9449,3,"Average quality, expected more.",2023-01-28,False
300993,5670,9189,3,"Product is okay, nothing special.",2024-04-12,False
300994,6384,9010,3,"Product is okay, nothing special.",2026-05-05,True
300995,5495,9274,4,"Exactly as described, very happy.",2023-01-30,True
300996,5782,9005,3,"Average quality, expected more.",2025-08-07,True
300997,6049,9302,2,"Poor quality, disappointed.",2025-12-17,True
300998,6866,9406,4,"Exactly as described, very happy.",2024-10-16,True
300999,7975,9361,1,Not worth the price.,2023-08-08,False
301000,5250,9211,2,"Poor quality, disappointed.",2023-08-06,True
301001,7636,9468,4,"Loved it, will buy again.",2022-03-21,True
301002,7227,9292,2,"Poor quality, disappointed.",2025-02-17,True
301003,7671,9131,3,"Product is okay, nothing special.",2022-11-28,True
301004,5676,9143,2,Stopped working after a week.,2023-09-20,True
301005,5612,9332,4,"Great product, worth the money!",2025-01-04,True
301006,7048,9232,1,Not worth the price.,2024-12-16,True
301007,6713,9503,4,,2023-07-15,True
301008,7219,9121,5,"Loved it, will buy again.",2024-03-19,False
301009,7846,9278,2,Not worth the price.,2022-09-25,True
301010,5890,9551,4,Excellent quality and fast delivery.,2023-08-10,True
301011,5778,9465,1,Item arrived damaged.,2025-08-29,True
301012,5075,9269,2,Stopped working after a week.,2026-02-14,True
301013,6590,9568,5,"Great product, worth the money!",2022-05-06,True
301014,5377,9299,1,Stopped working after a week.,2025-11-14,True
301015,7393,9094,2,Not worth the price.,2024-08-12,True
301016,5555,9503,4,Excellent quality and fast delivery.,2026-03-20,True
301017,7667,9167,5,"Exactly as described, very happy.",2023-01-30,False
301018,5662,9090,3,"Average quality, expected more.",2024-12-01,True
301019,7927,9178,3,"Average quality, expected more.",2023-09-17,True
301020,7199,9033,1,Item arrived damaged.,2023-01-30,True
301021,6783,9412,1,Not worth the price.,2026-07-22,True
301022,5213,9146,4,"Great product, worth the money!",2024-08-14,False
301023,7260,9039,3,"Average quality, expected more.",2025-07-09,False
301024,6188,9278,4,"Exactly as described, very happy.",2024-07-07,False
301025,5673,9233,1,Stopped working after a week.,2025-11-15,True
301026,7688,9464,2,"Poor quality, disappointed.",2023-08-20,True
301027,5196,9566,4,"Exactly as described, very happy.",2026-03-14,True
301028,7839,9065,5,"Great product, worth the money!",2024-01-13,True
301029,5121,9385,5,"Great product, worth the money!",2025-03-23,True
301030,6325,9186,3,"Average quality, expected more.",2024-06-03,True
301031,7219,9211,2,"Poor quality, disappointed.",2023-10-07,False
301032,5285,9071,2,Not worth the price.,2024-09-06,True
301033,7335,9588,3,Decent but delivery was late.,2022-01-11,False
301034,7467,9145,1,Item arrived damaged.,2023-01-28,True
301035,7528,9598,3,"Product is okay, nothing special.",2024-03-30,True
301036,7768,9462,2,Stopped working after a week.,2022-01-15,True
301037,6136,9125,2,Not worth the price.,2025-12-28,False
301038,7613,9006,5,Superb value for money.,2022-09-04,True
301039,5147,9073,5,"Great product, worth the money!",2023-08-13,True
301040,7606,9183,3,Decent but delivery was late.,2026-01-31,True
301041,6300,9451,2,Not worth the price.,2024-09-05,True
301042,7781,9543,5,"Great product, worth the money!",2024-03-11,False
301043,5436,9449,4,Superb value for money.,2024-01-25,True
301044,6050,9435,1,Item arrived damaged.,2024-04-08,True
301045,7261,9019,5,"Loved it, will buy again.",2023-03-03,True
301046,7383,9252,5,"Exactly as described, very happy.",2022-10-13,True
301047,7217,9296,4,Superb value for money.,2022-04-22,True
301048,5797,9039,3,"Product is okay, nothing special.",2024-04-30,True
301049,7200,9215,5,Superb value for money.,2025-05-19,False
301050,6214,9282,4,"Exactly as described, very happy.",2026-07-25,True
301051,6521,9070,4,"Exactly as described, very happy.",2023-10-04,True
301052,5609,9035,1,"Poor quality, disappointed.",2025-02-26,True
301053,6367,9578,5,Excellent quality and fast delivery.,2025-06-07,True
301054,7168,9054,2,Item arrived damaged.,2024-05-13,False
301055,6568,9451,1,Stopped working after a week.,2026-02-28,True
301056,5125,9268,4,Excellent quality and fast delivery.,2024-07-08,True
301057,7851,9375,5,"Exactly as described, very happy.",2024-10-08,True
301058,5448,9232,3,"Product is okay, nothing special.",2026-06-19,True
301059,5045,9109,4,"Great product, worth the money!",2025-01-25,True
301060,6289,9243,3,,2024-09-01,True
301061,5418,9515,3,"Average quality, expected more.",2022-03-28,True
301062,5714,9492,1,Not worth the price.,2024-04-14,True
301063,6580,9039,3,Decent but delivery was late.,2023-06-30,True
301064,6982,9489,5,"Exactly as described, very happy.",2022-12-05,True
301065,6018,9392,1,"Poor quality, disappointed.",2024-04-17,True
301066,5624,9122,5,Excellent quality and fast delivery.,2023-04-03,True
301067,7141,9055,3,Decent but delivery was late.,2023-07-16,True
301068,6603,9149,5,"Great product, worth the money!",2022-04-25,False
301069,5730,9484,1,Item arrived damaged.,2022-10-04,True
301070,7195,9388,3,Decent but delivery was late.,2022-03-31,False
301071,6637,9237,2,Not worth the price.,2026-04-19,True
301072,7712,9011,3,Decent but delivery was late.,2024-06-22,True
301073,7362,9149,2,Item arrived damaged.,2023-10-05,True
301074,5838,9282,4,Superb value for money.,2022-11-09,True
301075,5250,9561,1,Stopped working after a week.,2026-03-02,True
301076,5049,9020,4,Excellent quality and fast delivery.,2023-04-30,True
301077,7070,9582,1,Not worth the price.,2022-12-31,True
301078,6977,9515,2,Not worth the price.,2024-03-01,False
301079,7011,9300,2,"Poor quality, disappointed.",2022-06-29,True
301080,6785,9157,1,Item arrived damaged.,2025-03-22,False
301081,7402,9545,5,Excellent quality and fast delivery.,2025-08-07,True
301082,6192,9594,5,Superb value for money.,2024-04-01,True
301083,7716,9452,3,"Average quality, expected more.",2026-01-08,False
301084,6013,9033,3,"Product is okay, nothing special.",2024-04-08,True
301085,6893,9294,5,"Exactly as described, very happy.",2025-11-30,False
301086,7852,9306,2,Item arrived damaged.,2022-08-21,False
301087,5622,9085,3,"Product is okay, nothing special.",2022-09-25,False
301088,7132,9214,1,,2022-07-12,True
301089,6894,9217,3,"Average quality, expected more.",2025-07-25,True
301090,5468,9132,4,"Loved it, will buy again.",2025-01-28,True
301091,7435,9600,2,Stopped working after a week.,2025-03-28,True
301092,5394,9140,4,Excellent quality and fast delivery.,2025-04-29,True
301093,5787,9402,4,"Loved it, will buy again.",2024-05-12,True
301094,6177,9161,4,"Great product, worth the money!",2023-02-10,False
301095,7185,9228,5,"Exactly as described, very happy.",2025-02-21,False
301096,7801,9198,5,"Loved it, will buy again.",2022-08-18,True
301097,6763,9236,4,,2024-12-11,True
301098,7609,9048,1,Not worth the price.,2024-10-11,True
301099,6119,9248,5,"Loved it, will buy again.",2024-07-08,False
301100,7743,9157,4,Superb value for money.,2024-09-10,False
301101,6066,9567,3,"Average quality, expected more.",2023-09-05,True
301102,6626,9296,2,Not worth the price.,2024-09-28,True
301103,6639,9210,2,Item arrived damaged.,2023-05-23,True
301104,6482,9373,3,"Product is okay, nothing special.",2023-01-01,True
301105,6741,9287,5,"Great product, worth the money!",2025-02-05,False
301106,5691,9450,2,"Poor quality, disappointed.",2025-11-09,False
301107,7081,9336,2,Stopped working after a week.,2026-02-01,True
301108,6825,9048,5,"Exactly as described, very happy.",2022-04-10,True
301109,6988,9076,2,Item arrived damaged.,2022-09-24,False
301110,5364,9296,1,Stopped working after a week.,2023-12-04,False
301111,7755,9542,2,"Poor quality, disappointed.",2024-02-28,True
301112,6684,9467,5,"Loved it, will buy again.",2023-10-21,True
301113,7140,9363,1,Stopped working after a week.,2023-07-28,True
301114,5052,9199,1,,2024-03-20,True
301115,6594,9251,2,Item arrived damaged.,2022-10-16,False
301116,5554,9364,5,Excellent quality and fast delivery.,2025-01-16,True
301117,7597,9452,5,"Loved it, will buy again.",2023-06-11,True
301118,7527,9421,3,"Product is okay, nothing special.",2024-01-20,True
301119,5851,9203,4,"Great product, worth the money!",2023-01-23,True
301120,7346,9064,4,"Exactly as described, very happy.",2022-07-05,True
301121,6122,9120,5,"Loved it, will buy again.",2023-10-11,False
301122,7700,9335,3,Decent but delivery was late.,2022-07-04,True
301123,6811,9539,1,"Poor quality, disappointed.",2023-05-07,True
301124,6039,9234,1,"Poor quality, disappointed.",2025-12-29,False
301125,5499,9323,3,"Product is okay, nothing special.",2022-01-11,True
301126,5037,9427,1,Item arrived damaged.,2022-09-17,False
301127,6555,9311,1,Not worth the price.,2025-09-25,True
301128,5121,9192,4,Superb value for money.,2023-06-04,True
301129,5690,9018,2,Stopped working after a week.,2024-03-24,True
301130,6088,9005,5,Excellent quality and fast delivery.,2026-06-12,True
301131,5340,9459,4,"Loved it, will buy again.",2023-09-07,True
301132,7104,9142,3,"Average quality, expected more.",2022-02-03,False
301133,6613,9588,5,"Exactly as described, very happy.",2022-03-02,True
301134,7006,9082,3,"Product is okay, nothing special.",2023-03-14,False
301135,7580,9066,3,"Average quality, expected more.",2023-08-30,True
301136,6143,9192,2,Item arrived damaged.,2023-12-07,True
301137,7436,9101,1,Item arrived damaged.,2025-12-30,True
301138,7383,9497,1,Stopped working after a week.,2025-03-14,False
301139,6245,9101,5,"Loved it, will buy again.",2026-04-17,True
301140,6500,9258,2,Stopped working after a week.,2023-06-25,False
301141,6720,9144,5,"Loved it, will buy again.",2022-01-16,True
301142,7505,9322,3,Decent but delivery was late.,2025-05-22,True
301143,6162,9222,3,"Product is okay, nothing special.",2025-10-23,True
301144,6644,9032,4,"Exactly as described, very happy.",2025-12-12,False
301145,5073,9006,3,Decent but delivery was late.,2025-03-10,False
301146,7173,9067,5,"Great product, worth the money!",2024-07-12,False
301147,7397,9104,2,Stopped working after a week.,2022-06-09,True
301148,5288,9200,3,Decent but delivery was late.,2024-08-02,True
301149,7090,9066,3,Decent but delivery was late.,2026-03-26,False
301150,6490,9339,3,"Product is okay, nothing special.",2024-03-20,True
301151,7894,9343,1,Stopped working after a week.,2024-07-05,True
301152,5537,9080,2,Item arrived damaged.,2022-07-03,True
301153,5262,9026,1,Item arrived damaged.,2025-08-21,True
301154,6724,9518,3,"Average quality, expected more.",2022-04-04,True
301155,5592,9003,5,Excellent quality and fast delivery.,2024-10-15,True
301156,6970,9515,5,"Great product, worth the money!",2025-03-01,False
301157,6894,9018,1,Not worth the price.,2023-05-03,True
301158,5092,9430,5,"Great product, worth the money!",2022-04-05,True
301159,5131,9472,3,"Product is okay, nothing special.",2025-09-18,True
301160,5994,9122,4,"Loved it, will buy again.",2023-11-05,False
301161,6701,9502,2,Stopped working after a week.,2022-02-14,True
301162,7866,9160,4,"Great product, worth the money!",2023-12-25,True
301163,5096,9380,1,Stopped working after a week.,2024-05-10,False
301164,5095,9333,4,Superb value for money.,2024-08-08,True
301165,5204,9285,2,Item arrived damaged.,2023-04-10,False
301166,5849,9116,2,Not worth the price.,2023-06-03,True
301167,7107,9222,3,"Product is okay, nothing special.",2024-04-03,False
301168,5195,9025,4,"Exactly as described, very happy.",2025-06-22,True
301169,6643,9587,1,Not worth the price.,2024-08-15,True
301170,7151,9061,5,"Great product, worth the money!",2023-03-20,True
301171,5628,9090,4,"Great product, worth the money!",2022-11-13,True
301172,6518,9256,1,"Poor quality, disappointed.",2022-12-10,True
301173,5758,9275,2,Not worth the price.,2022-03-30,True
301174,7922,9324,5,Excellent quality and fast delivery.,2024-03-20,False
301175,6838,9549,4,Excellent quality and fast delivery.,2022-01-07,False
301176,7504,9265,5,,2022-12-07,True
301177,6271,9094,2,"Poor quality, disappointed.",2026-02-13,False
301178,6592,9299,1,"Poor quality, disappointed.",2026-04-03,True
301179,7407,9001,2,"Poor quality, disappointed.",2026-05-29,True
301180,6286,9009,4,Superb value for money.,2022-03-11,True
301181,7504,9550,2,Item arrived damaged.,2026-07-05,True
301182,5922,9334,2,Item arrived damaged.,2023-12-20,False
301183,5415,9113,1,Stopped working after a week.,2022-09-17,True
301184,7789,9250,3,"Average quality, expected more.",2025-10-22,True
301185,7176,9130,3,"Product is okay, nothing special.",2025-04-13,True
301186,5428,9117,1,Item arrived damaged.,2023-10-25,False
301187,6999,9067,2,Stopped working after a week.,2025-07-21,True
301188,7619,9424,5,"Great product, worth the money!",2024-08-08,True
301189,7172,9469,1,Item arrived damaged.,2025-08-16,False
301190,7442,9301,4,"Great product, worth the money!",2023-04-27,True
301191,6232,9413,5,Excellent quality and fast delivery.,2024-12-18,True
301192,5556,9519,3,Decent but delivery was late.,2023-02-08,True
301193,6384,9054,2,Not worth the price.,2025-10-31,True
301194,7790,9528,3,"Product is okay, nothing special.",2023-03-16,False
301195,5931,9427,2,Stopped working after a week.,2024-08-03,False
301196,7898,9193,2,"Poor quality, disappointed.",2022-04-16,True
301197,5156,9258,5,Excellent quality and fast delivery.,2025-11-15,True
301198,6991,9448,2,Stopped working after a week.,2025-05-30,True
301199,5001,9395,1,Item arrived damaged.,2025-05-23,False
301200,6298,9008,1,Not worth the price.,2025-09-21,True
301201,6539,9288,2,"Poor quality, disappointed.",2022-10-05,True
301202,7879,9252,1,Not worth the price.,2026-05-08,True
301203,7408,9348,5,Superb value for money.,2023-03-21,False
301204,7856,9052,5,"Exactly as described, very happy.",2023-06-21,True
301205,5052,9561,4,"Great product, worth the money!",2024-04-27,True
301206,6452,9149,4,"Loved it, will buy again.",2025-03-04,True
301207,5298,9113,1,Not worth the price.,2026-05-08,False
301208,6957,9052,1,Not worth the price.,2024-11-27,False
301209,7541,9075,1,Not worth the price.,2026-06-20,True
301210,7120,9550,2,"Poor quality, disappointed.",2025-10-13,False
301211,5171,9438,4,,2022-11-28,True
301212,7612,9045,5,Superb value for money.,2023-10-07,True
301213,6332,9219,2,"Poor quality, disappointed.",2025-05-10,True
301214,5713,9517,5,Excellent quality and fast delivery.,2023-11-30,False
301215,7383,9364,4,"Loved it, will buy again.",2023-12-05,True
301216,6631,9015,5,"Loved it, will buy again.",2022-11-09,True
301217,5788,9524,4,"Loved it, will buy again.",2025-03-07,True
301218,7787,9517,1,"Poor quality, disappointed.",2023-11-15,True
301219,7522,9041,1,"Poor quality, disappointed.",2024-01-09,True
301220,5769,9063,2,Not worth the price.,2022-12-24,True
301221,6166,9155,4,"Exactly as described, very happy.",2025-02-20,True
301222,6357,9070,1,"Poor quality, disappointed.",2024-06-02,True
301223,6723,9448,3,Decent but delivery was late.,2023-09-15,True
301224,6043,9549,2,"Poor quality, disappointed.",2022-12-28,True
301225,6908,9319,5,"Exactly as described, very happy.",2024-12-05,True
301226,6019,9592,5,"Great product, worth the money!",2023-03-03,True
301227,5787,9047,3,"Average quality, expected more.",2025-12-17,True
301228,5334,9464,1,"Poor quality, disappointed.",2023-02-10,True
301229,5646,9398,1,,2023-05-19,True
301230,7993,9547,2,"Poor quality, disappointed.",2024-05-16,True
301231,5802,9437,3,"Product is okay, nothing special.",2023-01-11,True
301232,7760,9068,1,Item arrived damaged.,2025-12-14,True
301233,6648,9151,1,"Poor quality, disappointed.",2022-10-10,True
301234,6534,9419,1,Stopped working after a week.,2025-04-21,False
301235,6215,9392,2,Stopped working after a week.,2023-10-29,True
301236,5010,9046,1,"Poor quality, disappointed.",2022-04-28,True
301237,5843,9130,4,Excellent quality and fast delivery.,2026-04-16,False
301238,5031,9088,2,,2023-10-06,False
301239,7743,9590,4,"Exactly as described, very happy.",2024-04-05,False
301240,7221,9465,3,Decent but delivery was late.,2022-02-24,True
301241,5552,9225,5,Excellent quality and fast delivery.,2023-02-06,True
301242,5755,9400,5,"Great product, worth the money!",2023-03-26,False
301243,7891,9336,3,Decent but delivery was late.,2022-09-04,True
301244,7561,9465,4,Excellent quality and fast delivery.,2022-06-24,False
301245,6267,9244,5,Superb value for money.,2022-02-02,False
301246,5364,9535,4,Superb value for money.,2024-06-17,True
301247,5357,9528,2,Stopped working after a week.,2025-04-25,False
301248,7334,9432,2,Stopped working after a week.,2023-03-14,True
301249,5072,9347,4,"Exactly as described, very happy.",2025-11-24,True
301250,5138,9354,5,"Exactly as described, very happy.",2025-12-26,False
301251,6953,9038,5,Excellent quality and fast delivery.,2023-12-29,True
301252,6170,9513,1,Stopped working after a week.,2024-08-03,False
301253,5951,9241,5,"Loved it, will buy again.",2025-01-03,True
301254,5922,9414,2,"Poor quality, disappointed.",2025-11-12,True
301255,6338,9240,5,"Exactly as described, very happy.",2025-12-03,True
301256,7779,9360,2,Stopped working after a week.,2022-01-08,False
301257,6184,9435,3,,2023-01-09,False
301258,7747,9235,5,Superb value for money.,2025-05-15,True
301259,7551,9300,1,,2025-05-04,False
301260,5108,9048,2,Not worth the price.,2025-03-11,False
301261,6273,9597,3,"Product is okay, nothing special.",2026-07-14,True
301262,6451,9200,5,"Exactly as described, very happy.",2026-05-14,True
301263,6552,9361,5,,2025-09-15,True
301264,6269,9028,4,Superb value for money.,2022-03-31,True
301265,7925,9546,5,Excellent quality and fast delivery.,2023-11-18,True
301266,5459,9074,2,Stopped working after a week.,2022-06-21,True
301267,7648,9444,5,"Great product, worth the money!",2024-10-11,True
301268,5727,9229,1,Not worth the price.,2022-12-27,False
301269,6986,9445,5,"Great product, worth the money!",2025-08-22,False
301270,7215,9211,1,"Poor quality, disappointed.",2025-12-26,False
301271,7741,9564,5,"Exactly as described, very happy.",2024-11-20,True
301272,7232,9469,3,"Average quality, expected more.",2023-05-17,True
301273,7644,9232,3,Decent but delivery was late.,2022-02-19,False
301274,7027,9117,2,"Poor quality, disappointed.",2023-03-16,False
301275,6927,9072,2,"Poor quality, disappointed.",2025-11-28,False
301276,5057,9180,3,Decent but delivery was late.,2026-07-10,True
301277,7052,9531,3,Decent but delivery was late.,2024-12-09,False
301278,5322,9318,2,Not worth the price.,2022-08-25,True
301279,6785,9449,1,Not worth the price.,2023-04-26,True
301280,6266,9180,3,Decent but delivery was late.,2024-09-22,False
301281,7877,9087,2,Stopped working after a week.,2023-07-20,True
301282,7055,9585,5,"Great product, worth the money!",2022-11-09,True
301283,7442,9032,5,"Great product, worth the money!",2022-12-23,False
301284,7610,9486,5,Superb value for money.,2022-10-01,True
301285,5191,9075,4,"Exactly as described, very happy.",2025-04-03,False
301286,7808,9117,2,Not worth the price.,2022-01-10,True
301287,7491,9190,4,"Great product, worth the money!",2025-12-19,True
301288,7531,9431,2,,2022-06-29,True
301289,6946,9596,5,Excellent quality and fast delivery.,2022-05-03,False
301290,6909,9270,3,Decent but delivery was late.,2023-11-09,False
301291,5303,9101,2,"Poor quality, disappointed.",2022-11-28,True
301292,7521,9344,2,Item arrived damaged.,2023-03-17,True
301293,5480,9595,3,Decent but delivery was late.,2025-03-20,True
301294,5260,9271,5,Superb value for money.,2024-12-13,True
301295,5043,9399,3,Decent but delivery was late.,2025-06-15,False
301296,5878,9220,5,"Great product, worth the money!",2024-08-01,True
301297,5392,9410,3,Decent but delivery was late.,2024-07-05,True
301298,5628,9130,3,,2025-04-20,True
301299,5035,9393,2,"Poor quality, disappointed.",2024-04-21,False
301300,5291,9088,3,Decent but delivery was late.,2026-06-21,True
301301,5353,9028,5,,2024-09-10,True
301302,5744,9342,1,Not worth the price.,2026-03-26,False
301303,7724,9321,1,Item arrived damaged.,2025-08-31,True
301304,7999,9361,1,Item arrived damaged.,2025-12-27,True
301305,7239,9527,1,Item arrived damaged.,2026-02-18,True
301306,6020,9052,3,Decent but delivery was late.,2025-05-24,True
301307,7327,9493,3,Decent but delivery was late.,2025-05-13,True
301308,5888,9318,1,"Poor quality, disappointed.",2024-03-27,True
301309,7537,9550,1,Item arrived damaged.,2024-11-02,True
301310,6734,9243,3,"Product is okay, nothing special.",2022-12-30,True
301311,7124,9019,5,Excellent quality and fast delivery.,2022-11-17,False
301312,6655,9554,4,,2024-05-19,False
301313,6419,9319,3,"Product is okay, nothing special.",2024-04-19,True
301314,7574,9290,3,Decent but delivery was late.,2025-05-14,True
301315,5473,9006,3,"Average quality, expected more.",2024-04-18,True
301316,5723,9240,3,"Product is okay, nothing special.",2025-08-28,False
301317,7179,9378,1,Stopped working after a week.,2022-04-27,True
301318,6766,9062,1,Stopped working after a week.,2024-10-16,False
301319,7718,9060,2,Not worth the price.,2023-05-02,False
301320,5661,9025,5,Superb value for money.,2022-02-17,False
301321,6368,9455,3,Decent but delivery was late.,2024-05-26,True
301322,5910,9286,1,,2025-11-27,False
301323,6723,9204,2,Item arrived damaged.,2026-05-13,False
301324,7783,9272,1,"Poor quality, disappointed.",2025-04-02,True
301325,6954,9277,5,Superb value for money.,2024-06-05,True
301326,7200,9061,1,Stopped working after a week.,2023-11-07,True
301327,7741,9085,5,"Loved it, will buy again.",2022-07-18,False
301328,6164,9095,5,"Great product, worth the money!",2023-05-08,True
301329,7026,9075,2,Item arrived damaged.,2023-06-10,True
301330,5330,9350,1,Item arrived damaged.,2024-04-22,True
301331,7906,9379,5,"Exactly as described, very happy.",2023-02-10,True
301332,7649,9080,2,"Poor quality, disappointed.",2024-10-04,True
301333,5927,9423,2,"Poor quality, disappointed.",2022-06-13,True
301334,5440,9472,4,"Great product, worth the money!",2026-07-20,True
301335,7466,9159,3,Decent but delivery was late.,2026-03-04,True
301336,5940,9189,5,Superb value for money.,2025-09-23,False
301337,6240,9353,2,"Poor quality, disappointed.",2025-01-12,True
301338,5190,9306,5,"Loved it, will buy again.",2025-06-29,False
301339,6628,9145,4,"Great product, worth the money!",2023-07-08,True
301340,7730,9394,3,"Average quality, expected more.",2022-05-03,True
301341,7100,9233,3,"Product is okay, nothing special.",2025-05-23,True
301342,5084,9251,4,"Great product, worth the money!",2023-03-13,True
301343,7033,9540,2,"Poor quality, disappointed.",2022-06-22,True
301344,5627,9426,2,"Poor quality, disappointed.",2024-12-01,False
301345,7205,9255,1,"Poor quality, disappointed.",2023-11-17,True
301346,6718,9516,2,"Poor quality, disappointed.",2024-03-10,True
301347,6163,9501,2,"Poor quality, disappointed.",2023-11-06,True
301348,5284,9053,3,"Average quality, expected more.",2023-08-07,True
301349,5124,9217,5,"Exactly as described, very happy.",2024-08-22,True
301350,7651,9575,1,Item arrived damaged.,2023-01-11,True
301351,6099,9330,5,Superb value for money.,2025-09-14,True
301352,5819,9429,3,,2025-12-21,False
301353,6494,9083,1,Not worth the price.,2023-08-29,False
301354,5719,9308,2,Stopped working after a week.,2023-01-20,True
301355,5227,9418,2,Item arrived damaged.,2023-10-07,False
301356,5205,9378,5,"Great product, worth the money!",2025-11-15,True
301357,7222,9544,5,"Loved it, will buy again.",2023-12-04,True
301358,7536,9553,5,Excellent quality and fast delivery.,2023-12-14,False
301359,6599,9427,1,Item arrived damaged.,2026-07-24,False
301360,6139,9542,5,"Great product, worth the money!",2026-06-05,True
301361,6249,9271,2,,2024-06-21,True
301362,6839,9339,4,Excellent quality and fast delivery.,2026-07-20,True
301363,6398,9076,5,Excellent quality and fast delivery.,2022-12-09,False
301364,6911,9539,2,Stopped working after a week.,2026-04-14,False
301365,6446,9070,4,"Great product, worth the money!",2023-04-16,False
301366,7756,9398,4,Superb value for money.,2024-11-28,True
301367,6680,9092,1,Stopped working after a week.,2025-08-22,True
301368,5560,9567,5,"Great product, worth the money!",2023-03-09,False
301369,7951,9441,3,"Product is okay, nothing special.",2023-08-22,True
301370,5635,9096,1,Not worth the price.,2022-10-10,True
301371,7365,9381,1,Item arrived damaged.,2023-09-08,False
301372,5446,9265,4,Superb value for money.,2022-07-02,True
301373,7639,9045,3,Decent but delivery was late.,2024-05-10,True
301374,6335,9390,4,Superb value for money.,2025-10-07,True
301375,5884,9033,3,Decent but delivery was late.,2022-07-19,False
301376,6404,9571,3,,2025-04-08,True
301377,5548,9286,1,Not worth the price.,2023-05-05,True
301378,7132,9299,1,Stopped working after a week.,2023-07-16,True
301379,5415,9404,1,Not worth the price.,2023-12-08,False
301380,6993,9181,1,Not worth the price.,2022-11-20,True
301381,7791,9586,5,Superb value for money.,2024-06-16,True
301382,7512,9197,5,Superb value for money.,2023-11-03,True
301383,6602,9136,5,"Exactly as described, very happy.",2023-10-27,True
301384,7111,9418,2,"Poor quality, disappointed.",2023-07-20,False
301385,7565,9035,1,Stopped working after a week.,2023-11-06,False
301386,7819,9209,4,"Loved it, will buy again.",2026-02-26,True
301387,5303,9019,2,Stopped working after a week.,2025-03-18,False
301388,5032,9262,3,"Product is okay, nothing special.",2022-07-02,True
301389,5844,9576,3,"Average quality, expected more.",2025-08-03,True
301390,7983,9491,2,Stopped working after a week.,2022-08-21,True
301391,6273,9571,2,Item arrived damaged.,2025-04-19,True
301392,7966,9042,3,"Average quality, expected more.",2025-03-02,True
301393,5355,9045,1,Item arrived damaged.,2023-04-16,True
301394,6579,9530,1,Item arrived damaged.,2026-05-15,False
301395,6862,9498,5,"Great product, worth the money!",2022-12-30,False
301396,7974,9105,3,Decent but delivery was late.,2023-10-22,True
301397,6642,9351,4,Excellent quality and fast delivery.,2023-01-20,True
301398,5484,9394,1,Stopped working after a week.,2025-09-13,True
301399,5864,9294,1,Stopped working after a week.,2026-07-24,True
301400,7570,9276,2,"Poor quality, disappointed.",2024-02-18,False
301401,7472,9562,2,Stopped working after a week.,2025-08-03,True
301402,7195,9475,4,"Loved it, will buy again.",2023-01-05,True
301403,7793,9107,2,"Poor quality, disappointed.",2023-07-12,True
301404,5187,9533,5,"Great product, worth the money!",2024-09-02,False
301405,5145,9016,1,"Poor quality, disappointed.",2023-04-28,True
301406,5954,9212,2,"Poor quality, disappointed.",2024-12-24,True
301407,6492,9234,5,"Exactly as described, very happy.",2022-08-12,True
301408,7195,9483,1,"Poor quality, disappointed.",2022-08-30,True
301409,6129,9585,2,Item arrived damaged.,2024-08-04,True
301410,7878,9005,5,"Loved it, will buy again.",2025-09-05,True
301411,5295,9584,3,,2023-08-09,True
301412,6051,9053,4,"Loved it, will buy again.",2026-07-02,True
301413,7721,9126,5,"Loved it, will buy again.",2024-04-23,False
301414,5243,9058,3,,2023-08-13,True
301415,7911,9142,2,"Poor quality, disappointed.",2025-07-03,True
301416,7666,9470,2,Stopped working after a week.,2022-08-18,False
301417,7328,9405,4,Superb value for money.,2023-10-29,True
301418,5965,9481,4,Excellent quality and fast delivery.,2026-03-20,True
301419,7288,9367,2,Stopped working after a week.,2024-12-24,True
301420,7535,9409,1,Stopped working after a week.,2023-05-03,False
301421,5627,9221,2,Item arrived damaged.,2024-10-17,True
301422,5774,9472,3,,2023-03-19,True
301423,6175,9571,1,,2025-07-28,True
301424,7696,9069,2,"Poor quality, disappointed.",2022-02-17,False
301425,7365,9413,5,"Loved it, will buy again.",2025-02-09,True
301426,6215,9461,5,"Great product, worth the money!",2022-04-01,False
301427,6645,9454,5,Excellent quality and fast delivery.,2022-04-02,True
301428,6274,9347,1,"Poor quality, disappointed.",2025-06-11,True
301429,7228,9249,3,"Product is okay, nothing special.",2022-08-29,True
301430,6815,9346,5,Superb value for money.,2022-09-03,True
301431,6961,9002,2,"Poor quality, disappointed.",2025-03-13,True
301432,6311,9515,3,Decent but delivery was late.,2025-10-19,True
301433,5941,9545,5,Superb value for money.,2024-04-12,False
301434,7443,9322,5,"Great product, worth the money!",2024-07-05,True
301435,6814,9186,5,Superb value for money.,2026-07-20,True
301436,7268,9558,3,"Product is okay, nothing special.",2023-07-09,True
301437,7258,9372,3,"Average quality, expected more.",2024-02-24,True
301438,7068,9124,3,"Product is okay, nothing special.",2023-02-06,True
301439,5407,9278,5,Excellent quality and fast delivery.,2026-01-22,False
301440,7514,9470,4,Superb value for money.,2023-11-08,True
301441,7782,9051,4,"Great product, worth the money!",2023-04-08,True
301442,6493,9277,4,,2023-07-14,True
301443,6300,9496,5,"Exactly as described, very happy.",2024-08-07,True
301444,5417,9215,2,"Poor quality, disappointed.",2023-11-22,False
301445,6600,9253,3,Decent but delivery was late.,2023-06-30,True
301446,5931,9544,5,"Exactly as described, very happy.",2026-04-15,True
301447,5820,9080,2,"Poor quality, disappointed.",2023-02-28,True
301448,5305,9203,2,Stopped working after a week.,2026-07-06,True
301449,5654,9248,4,"Great product, worth the money!",2026-04-29,True
301450,7806,9258,1,Not worth the price.,2025-09-18,True
301451,7243,9276,3,"Average quality, expected more.",2026-01-31,True
301452,6874,9054,5,,2022-09-16,False
301453,6026,9525,5,Excellent quality and fast delivery.,2022-03-14,True
301454,5300,9003,5,Excellent quality and fast delivery.,2023-04-16,True
301455,6926,9303,5,"Loved it, will buy again.",2025-12-04,False
301456,5594,9170,4,Superb value for money.,2026-03-03,True
301457,7589,9568,2,"Poor quality, disappointed.",2024-10-27,False
301458,5171,9194,2,Stopped working after a week.,2026-06-16,True
301459,7543,9549,4,"Great product, worth the money!",2025-09-06,True
301460,6199,9371,4,"Exactly as described, very happy.",2025-03-30,True
301461,7435,9107,1,,2022-06-15,False
301462,5149,9198,3,Decent but delivery was late.,2022-06-24,False
301463,7625,9401,2,"Poor quality, disappointed.",2026-07-14,True
301464,6043,9070,1,"Poor quality, disappointed.",2023-06-30,True
301465,5377,9351,4,"Great product, worth the money!",2023-03-16,True
301466,5682,9216,5,"Loved it, will buy again.",2022-01-25,True
301467,6410,9131,1,Item arrived damaged.,2022-02-17,True
301468,5410,9573,2,Item arrived damaged.,2023-12-02,False
301469,5952,9368,4,"Exactly as described, very happy.",2022-12-15,False
301470,7287,9434,3,Decent but delivery was late.,2024-04-27,False
301471,5936,9234,1,Item arrived damaged.,2025-10-19,True
301472,5488,9252,5,"Loved it, will buy again.",2025-06-07,True
301473,7440,9146,1,Not worth the price.,2023-06-15,False
301474,5699,9119,4,Superb value for money.,2023-10-12,True
301475,6555,9137,5,"Exactly as described, very happy.",2024-12-04,False
301476,5250,9131,2,Not worth the price.,2025-01-17,False
301477,5358,9019,3,,2023-12-06,True
301478,7675,9425,4,"Exactly as described, very happy.",2022-02-25,True
301479,5017,9469,1,Not worth the price.,2022-12-11,False
301480,6202,9599,2,Item arrived damaged.,2023-04-21,True
301481,6957,9464,3,"Product is okay, nothing special.",2025-04-23,True
301482,6159,9494,4,"Great product, worth the money!",2023-09-24,False
301483,6172,9039,3,"Average quality, expected more.",2025-08-31,False
301484,5082,9389,4,"Loved it, will buy again.",2026-03-04,True
301485,5714,9414,4,"Exactly as described, very happy.",2022-02-17,True
301486,7538,9294,1,"Poor quality, disappointed.",2025-04-29,True
301487,5058,9493,3,Decent but delivery was late.,2022-04-03,True
301488,7810,9164,5,"Great product, worth the money!",2025-09-26,True
301489,7637,9409,2,"Poor quality, disappointed.",2025-08-09,True
301490,6867,9200,5,"Exactly as described, very happy.",2024-05-06,False
301491,7933,9183,2,Stopped working after a week.,2026-05-24,True
301492,6797,9433,4,Superb value for money.,2025-02-24,True
301493,6916,9508,5,"Exactly as described, very happy.",2023-01-02,False
301494,6172,9471,2,Stopped working after a week.,2024-10-04,True
301495,6344,9500,1,Stopped working after a week.,2026-02-22,True
301496,7123,9003,4,,2024-11-07,False
301497,7016,9234,1,"Poor quality, disappointed.",2023-07-30,True
301498,7024,9167,2,Stopped working after a week.,2023-01-01,False
301499,5869,9422,3,"Average quality, expected more.",2025-05-11,True
301500,6079,9524,3,Decent but delivery was late.,2024-02-10,False
301501,5676,9107,4,Superb value for money.,2022-02-20,False
301502,7039,9386,5,,2022-11-10,False
301503,6836,9180,4,"Exactly as described, very happy.",2025-10-14,False
301504,6043,9521,1,Item arrived damaged.,2025-01-21,False
301505,7386,9252,3,"Product is okay, nothing special.",2026-03-27,True
301506,7457,9244,3,"Average quality, expected more.",2025-09-17,True
301507,7115,9432,2,"Poor quality, disappointed.",2023-08-14,True
301508,7887,9459,1,Item arrived damaged.,2024-08-20,True
301509,6832,9208,4,Excellent quality and fast delivery.,2022-11-24,True
301510,5702,9089,3,,2024-09-06,True
301511,5609,9342,3,"Product is okay, nothing special.",2024-01-09,True
301512,5323,9026,2,"Poor quality, disappointed.",2023-07-21,False
301513,7208,9485,3,"Product is okay, nothing special.",2023-03-18,True
301514,5893,9242,2,"Poor quality, disappointed.",2023-04-19,True
301515,7512,9452,3,,2023-09-13,False
301516,5636,9067,3,"Product is okay, nothing special.",2024-07-06,True
301517,5976,9414,5,"Loved it, will buy again.",2022-11-13,True
301518,7021,9567,5,"Loved it, will buy again.",2025-11-30,False
301519,7292,9076,2,Item arrived damaged.,2024-12-13,True
301520,5096,9413,1,Stopped working after a week.,2025-10-26,False
301521,6371,9428,3,"Product is okay, nothing special.",2026-02-26,False
301522,5683,9524,2,Not worth the price.,2022-01-20,True
301523,6720,9296,2,,2022-08-23,True
301524,6927,9505,4,"Exactly as described, very happy.",2024-12-27,True
301525,7171,9521,3,,2026-05-18,False
301526,5184,9208,5,"Great product, worth the money!",2022-03-31,False
301527,7113,9442,4,"Exactly as described, very happy.",2022-08-25,False
301528,7066,9119,5,"Exactly as described, very happy.",2023-05-13,True
301529,5925,9342,1,Stopped working after a week.,2025-11-21,False
301530,5853,9577,2,Item arrived damaged.,2023-08-01,True
301531,5279,9571,5,"Exactly as described, very happy.",2025-10-24,True
301532,5495,9279,2,Stopped working after a week.,2024-02-26,True
301533,7830,9264,4,"Great product, worth the money!",2023-09-08,True
301534,6219,9444,4,"Loved it, will buy again.",2022-02-07,True
301535,6579,9467,3,"Product is okay, nothing special.",2024-06-25,True
301536,7885,9290,2,Not worth the price.,2025-10-26,True
301537,7786,9552,2,Not worth the price.,2026-01-24,True
301538,6374,9339,4,Excellent quality and fast delivery.,2022-07-13,True
301539,7387,9125,3,Decent but delivery was late.,2026-07-23,True
301540,6940,9587,2,Stopped working after a week.,2025-05-31,True
301541,7590,9417,4,"Exactly as described, very happy.",2022-07-23,False
301542,7338,9228,1,Stopped working after a week.,2026-04-10,False
301543,5379,9403,1,"Poor quality, disappointed.",2023-09-05,True
301544,6440,9392,1,Not worth the price.,2023-12-29,False
301545,6680,9545,5,Excellent quality and fast delivery.,2025-02-12,True
301546,6870,9107,1,"Poor quality, disappointed.",2025-08-28,False
301547,5254,9364,3,Decent but delivery was late.,2022-06-23,True
301548,6121,9505,4,Excellent quality and fast delivery.,2023-07-02,True
301549,7748,9008,5,"Exactly as described, very happy.",2023-09-05,True
301550,5621,9055,1,Item arrived damaged.,2024-10-16,True
301551,6058,9431,1,Not worth the price.,2023-05-13,True
301552,5768,9015,2,"Poor quality, disappointed.",2025-12-10,True
301553,6066,9313,1,Not worth the price.,2025-07-21,True
301554,6697,9053,2,Stopped working after a week.,2025-02-28,True
301555,7236,9338,3,Decent but delivery was late.,2022-08-11,False
301556,7710,9030,5,Superb value for money.,2025-08-10,True
301557,6031,9511,2,Item arrived damaged.,2022-01-10,True
301558,5085,9208,1,"Poor quality, disappointed.",2026-03-19,True
301559,7637,9206,3,"Product is okay, nothing special.",2026-08-07,True
301560,6475,9320,1,"Poor quality, disappointed.",2024-10-10,False
301561,6721,9589,5,Excellent quality and fast delivery.,2024-07-14,True
301562,6345,9210,5,"Exactly as described, very happy.",2023-02-13,True
301563,7217,9499,5,Superb value for money.,2022-02-21,True
301564,5903,9107,5,Superb value for money.,2025-05-31,False
301565,6181,9201,1,Stopped working after a week.,2023-05-08,True
301566,5101,9306,3,"Average quality, expected more.",2025-07-24,True
301567,7700,9572,4,"Great product, worth the money!",2022-09-01,False
301568,6484,9274,4,Superb value for money.,2025-11-05,True
301569,5794,9463,2,Not worth the price.,2025-08-08,False
301570,5258,9542,4,Excellent quality and fast delivery.,2026-06-11,True
301571,5846,9309,2,Not worth the price.,2022-05-14,True
301572,6141,9433,4,Excellent quality and fast delivery.,2023-01-03,True
301573,7596,9464,5,"Loved it, will buy again.",2022-03-14,False
301574,7041,9538,1,Item arrived damaged.,2023-09-11,False
301575,6148,9465,4,Superb value for money.,2022-02-12,True
301576,5010,9264,5,Excellent quality and fast delivery.,2022-03-14,False
301577,6893,9590,3,"Average quality, expected more.",2025-07-26,True
301578,5509,9126,1,Not worth the price.,2025-03-12,True
301579,7182,9564,1,Not worth the price.,2024-03-25,True
301580,7761,9026,2,Stopped working after a week.,2023-12-07,True
301581,5323,9324,2,Item arrived damaged.,2024-10-20,True
301582,7685,9323,5,"Great product, worth the money!",2023-12-23,True
301583,5362,9260,3,Decent but delivery was late.,2024-07-21,True
301584,6521,9560,2,"Poor quality, disappointed.",2023-04-02,True
301585,7605,9296,2,Not worth the price.,2026-07-03,True
301586,7040,9548,3,"Product is okay, nothing special.",2025-06-29,True
301587,7329,9111,1,Not worth the price.,2024-06-15,False
301588,6136,9149,1,"Poor quality, disappointed.",2024-08-14,True
301589,5379,9142,3,,2023-01-13,True
301590,8000,9286,2,Not worth the price.,2025-09-11,True
301591,7354,9259,4,"Exactly as described, very happy.",2026-05-14,True
301592,7438,9423,2,"Poor quality, disappointed.",2024-07-16,False
301593,7698,9292,4,"Exactly as described, very happy.",2025-01-23,False
301594,7036,9145,2,"Poor quality, disappointed.",2024-07-01,True
301595,7320,9074,1,Not worth the price.,2025-07-25,False
301596,7185,9033,1,Item arrived damaged.,2025-04-04,True
301597,5650,9507,5,"Great product, worth the money!",2022-12-20,True
301598,6870,9145,4,Excellent quality and fast delivery.,2023-12-06,True
301599,7152,9178,4,"Loved it, will buy again.",2022-08-26,False
301600,5379,9041,2,Not worth the price.,2025-04-10,True
301601,7555,9227,2,,2022-10-01,False
301602,6545,9054,1,Not worth the price.,2024-04-05,True
301603,7060,9284,3,"Product is okay, nothing special.",2025-02-19,True
301604,7844,9137,5,"Exactly as described, very happy.",2026-03-12,False
301605,5144,9229,2,Not worth the price.,2025-05-15,True
301606,7559,9524,5,"Great product, worth the money!",2024-06-14,True
301607,6663,9393,2,"Poor quality, disappointed.",2024-02-14,False
301608,7517,9230,3,Decent but delivery was late.,2026-06-10,True
301609,5350,9070,2,"Poor quality, disappointed.",2025-08-27,False
301610,6777,9319,4,,2026-04-16,True
301611,5960,9482,4,Superb value for money.,2024-03-07,False
301612,7753,9539,3,Decent but delivery was late.,2026-05-06,False
301613,5041,9036,4,"Great product, worth the money!",2022-04-11,False
301614,6846,9127,1,Stopped working after a week.,2022-01-18,True
301615,7042,9431,4,"Loved it, will buy again.",2023-01-20,True
301616,5304,9511,2,Not worth the price.,2022-01-25,True
301617,5022,9493,1,Stopped working after a week.,2023-08-27,True
301618,6990,9515,4,"Great product, worth the money!",2024-04-06,True
301619,7650,9367,3,"Product is okay, nothing special.",2023-11-04,True
301620,5701,9224,5,"Exactly as described, very happy.",2024-02-19,True
301621,7931,9482,5,Superb value for money.,2026-06-04,True
301622,6253,9546,1,"Poor quality, disappointed.",2023-05-15,True
301623,6221,9167,1,Stopped working after a week.,2025-01-17,True
301624,7971,9233,1,Not worth the price.,2025-03-16,False
301625,6076,9147,1,"Poor quality, disappointed.",2022-04-17,True
301626,6622,9433,3,"Average quality, expected more.",2025-09-18,True
301627,6015,9092,4,"Great product, worth the money!",2024-06-09,True
301628,6331,9548,4,"Exactly as described, very happy.",2025-12-13,True
301629,6022,9075,3,"Average quality, expected more.",2022-02-08,True
301630,7919,9458,5,Excellent quality and fast delivery.,2023-03-19,True
301631,7701,9030,2,"Poor quality, disappointed.",2025-03-01,True
301632,6013,9074,4,"Exactly as described, very happy.",2023-01-30,True
301633,5182,9044,2,Item arrived damaged.,2025-01-16,True
301634,7860,9192,2,"Poor quality, disappointed.",2023-12-08,False
301635,6050,9430,1,Not worth the price.,2024-01-11,True
301636,6121,9320,4,Superb value for money.,2025-12-27,True
301637,6900,9548,1,,2023-05-09,True
301638,5702,9398,1,"Poor quality, disappointed.",2023-06-26,True
301639,7576,9071,2,"Poor quality, disappointed.",2025-12-10,True
301640,5743,9421,2,"Poor quality, disappointed.",2022-05-08,True
301641,6610,9474,3,"Product is okay, nothing special.",2026-02-02,False
301642,7475,9055,1,Not worth the price.,2022-07-11,True
301643,6976,9182,5,Superb value for money.,2023-06-10,True
301644,5105,9535,5,"Loved it, will buy again.",2022-08-15,True
301645,7121,9484,5,"Loved it, will buy again.",2022-09-01,True
301646,7748,9569,1,Not worth the price.,2022-05-08,True
301647,7660,9196,3,"Product is okay, nothing special.",2023-08-20,True
301648,5439,9210,2,"Poor quality, disappointed.",2023-05-30,True
301649,5976,9491,5,"Exactly as described, very happy.",2022-09-19,True
301650,5381,9555,2,Item arrived damaged.,2022-08-09,True
301651,5811,9291,1,Stopped working after a week.,2022-06-06,False
301652,6963,9579,5,"Exactly as described, very happy.",2022-11-05,False
301653,7123,9245,4,Excellent quality and fast delivery.,2022-04-28,False
301654,6374,9504,4,"Exactly as described, very happy.",2024-10-12,True
301655,7602,9419,4,Superb value for money.,2026-06-03,False
301656,6851,9309,4,"Loved it, will buy again.",2024-10-16,True
301657,6626,9450,4,"Great product, worth the money!",2025-04-09,True
301658,6335,9141,2,Stopped working after a week.,2024-10-17,True
301659,5793,9100,4,Superb value for money.,2025-06-17,False
301660,7711,9300,4,"Great product, worth the money!",2026-05-04,True
301661,7610,9175,1,"Poor quality, disappointed.",2025-11-07,True
301662,6678,9468,2,Stopped working after a week.,2023-11-01,False
301663,7808,9078,5,Excellent quality and fast delivery.,2024-11-13,False
301664,5323,9447,5,"Loved it, will buy again.",2023-04-19,True
301665,5650,9036,5,Excellent quality and fast delivery.,2024-04-18,True
301666,6400,9515,5,Superb value for money.,2025-02-07,True
301667,5571,9314,1,Stopped working after a week.,2022-07-03,False
301668,5210,9459,2,Stopped working after a week.,2026-06-14,False
301669,6321,9283,4,"Loved it, will buy again.",2023-11-23,True
301670,6594,9266,5,Excellent quality and fast delivery.,2025-03-16,False
301671,6861,9096,3,"Product is okay, nothing special.",2023-09-09,True
301672,7577,9388,5,Superb value for money.,2024-07-22,True
301673,6312,9563,5,"Exactly as described, very happy.",2026-01-31,True
301674,7187,9317,1,Item arrived damaged.,2026-06-30,False
301675,5442,9297,3,Decent but delivery was late.,2023-12-15,True
301676,6521,9188,4,"Loved it, will buy again.",2023-07-05,True
301677,7638,9465,4,"Great product, worth the money!",2025-12-20,False
301678,5479,9333,1,"Poor quality, disappointed.",2024-03-30,True
301679,5328,9180,1,Stopped working after a week.,2025-05-13,False
301680,7926,9265,1,Not worth the price.,2024-07-30,True
301681,5680,9142,2,Item arrived damaged.,2024-02-02,False
301682,7064,9520,5,"Great product, worth the money!",2024-09-22,True
301683,7030,9492,3,"Product is okay, nothing special.",2024-06-06,True
301684,6320,9313,2,Item arrived damaged.,2022-12-02,False
301685,7193,9569,2,Stopped working after a week.,2025-02-07,False
301686,5097,9538,1,Stopped working after a week.,2024-03-06,False
301687,7025,9595,1,Not worth the price.,2024-03-13,True
301688,7970,9135,2,Not worth the price.,2025-04-19,False
301689,5719,9137,1,Not worth the price.,2022-10-11,True
301690,5188,9372,2,"Poor quality, disappointed.",2025-01-11,True
301691,5657,9016,4,,2022-03-12,True
301692,7777,9331,3,Decent but delivery was late.,2022-12-24,True
301693,6005,9265,2,,2022-11-13,True
301694,7818,9242,5,"Great product, worth the money!",2024-04-26,True
301695,7996,9389,5,"Loved it, will buy again.",2022-07-18,False
301696,6574,9589,1,Stopped working after a week.,2022-02-09,True
301697,5288,9409,1,Item arrived damaged.,2022-05-24,False
301698,7779,9352,2,"Poor quality, disappointed.",2024-07-17,False
301699,5207,9532,1,Item arrived damaged.,2023-08-07,True
301700,5460,9570,2,Item arrived damaged.,2024-02-28,True
301701,6196,9126,1,Item arrived damaged.,2022-05-01,True
301702,5296,9068,2,Item arrived damaged.,2025-02-21,False
301703,6193,9535,3,"Product is okay, nothing special.",2025-02-23,True
301704,5391,9434,3,"Average quality, expected more.",2024-09-18,False
301705,5119,9306,2,Item arrived damaged.,2025-08-28,False
301706,6888,9490,2,Item arrived damaged.,2025-03-02,False
301707,7701,9465,2,Stopped working after a week.,2023-11-09,True
301708,5896,9503,4,"Exactly as described, very happy.",2023-01-26,True
301709,6336,9130,1,Stopped working after a week.,2023-04-03,True
301710,6907,9229,5,"Loved it, will buy again.",2024-05-09,True
301711,5528,9403,5,Excellent quality and fast delivery.,2023-01-01,True
301712,6396,9598,3,"Product is okay, nothing special.",2022-03-10,True
301713,7623,9440,2,Stopped working after a week.,2024-08-04,True
301714,5730,9215,2,Item arrived damaged.,2024-08-21,True
301715,6643,9439,5,Excellent quality and fast delivery.,2025-06-25,False
301716,6204,9043,3,Decent but delivery was late.,2026-07-20,True
301717,7522,9333,4,Superb value for money.,2026-04-11,True
301718,6646,9516,5,"Great product, worth the money!",2025-02-09,True
301719,7392,9404,2,Item arrived damaged.,2023-08-27,True
301720,7699,9597,3,"Average quality, expected more.",2022-04-12,True
301721,5750,9415,3,Decent but delivery was late.,2024-06-01,True
301722,5944,9208,5,Excellent quality and fast delivery.,2025-05-28,True
301723,7827,9149,1,Not worth the price.,2024-09-22,True
301724,7170,9160,2,Stopped working after a week.,2022-05-29,True
301725,5708,9024,5,"Exactly as described, very happy.",2026-04-27,True
301726,5575,9475,2,"Poor quality, disappointed.",2026-07-29,False
301727,6187,9187,3,"Average quality, expected more.",2026-04-17,True
301728,7495,9133,4,"Exactly as described, very happy.",2025-01-05,True
301729,7724,9478,5,"Great product, worth the money!",2025-03-23,True
301730,6284,9364,4,"Loved it, will buy again.",2025-06-25,True
301731,5495,9518,3,"Product is okay, nothing special.",2024-04-17,True
301732,7781,9488,2,"Poor quality, disappointed.",2023-02-02,True
301733,6456,9001,1,Stopped working after a week.,2022-09-05,True
301734,5843,9591,2,"Poor quality, disappointed.",2022-11-15,True
301735,6101,9523,1,,2024-07-13,False
301736,5476,9268,5,Excellent quality and fast delivery.,2025-04-27,True
301737,6929,9486,1,"Poor quality, disappointed.",2022-06-16,True
301738,5631,9485,1,"Poor quality, disappointed.",2023-12-02,True
301739,6913,9582,2,Item arrived damaged.,2025-03-16,True
301740,7624,9572,4,Excellent quality and fast delivery.,2024-02-06,True
301741,7696,9346,2,"Poor quality, disappointed.",2023-07-19,True
301742,6180,9464,4,,2025-10-11,True
301743,5174,9012,5,Superb value for money.,2024-08-04,True
301744,5235,9108,3,"Average quality, expected more.",2024-09-14,False
301745,7642,9270,3,Decent but delivery was late.,2024-05-17,False
301746,7284,9521,3,"Average quality, expected more.",2024-03-10,False
301747,5725,9411,5,"Exactly as described, very happy.",2025-02-10,True
301748,5484,9168,1,Stopped working after a week.,2026-04-01,True
301749,6688,9090,2,"Poor quality, disappointed.",2022-11-21,True
301750,6016,9600,3,"Average quality, expected more.",2024-03-15,False
301751,5988,9528,1,Not worth the price.,2022-04-26,True
301752,7808,9448,4,"Great product, worth the money!",2025-04-07,True
301753,5401,9541,5,Excellent quality and fast delivery.,2023-07-12,True
301754,6039,9015,2,,2026-07-16,False
301755,5375,9499,5,Excellent quality and fast delivery.,2025-05-18,True
301756,7196,9238,4,Superb value for money.,2022-01-16,True
301757,6968,9030,4,Excellent quality and fast delivery.,2022-10-04,True
301758,7467,9171,4,"Loved it, will buy again.",2022-05-20,True
301759,5180,9147,5,"Loved it, will buy again.",2023-06-20,True
301760,6214,9304,3,Decent but delivery was late.,2023-02-02,True
301761,6099,9286,4,Excellent quality and fast delivery.,2023-02-15,True
301762,6679,9193,5,Superb value for money.,2025-03-22,False
301763,6788,9015,4,"Loved it, will buy again.",2025-03-04,True
301764,5430,9216,5,"Exactly as described, very happy.",2023-05-21,True
301765,5018,9280,2,Stopped working after a week.,2024-01-08,True
301766,5608,9436,5,Excellent quality and fast delivery.,2025-05-06,False
301767,7744,9422,2,Item arrived damaged.,2026-01-09,True
301768,6595,9548,2,Stopped working after a week.,2023-04-27,True
301769,5653,9485,3,"Product is okay, nothing special.",2025-08-25,False
301770,6001,9366,2,Not worth the price.,2022-08-31,True
301771,7005,9520,1,Stopped working after a week.,2025-01-10,False
301772,5195,9011,5,Superb value for money.,2024-04-10,True
301773,5491,9211,1,Item arrived damaged.,2023-12-17,True
301774,6664,9380,4,Excellent quality and fast delivery.,2022-08-09,True
301775,6703,9546,3,Decent but delivery was late.,2024-07-29,False
301776,7560,9449,2,"Poor quality, disappointed.",2022-03-06,True
301777,6306,9179,3,"Average quality, expected more.",2022-12-09,True
301778,7200,9209,5,"Loved it, will buy again.",2024-10-30,True
301779,5525,9141,4,"Great product, worth the money!",2022-07-09,False
301780,5034,9012,3,,2025-09-14,True
301781,7340,9154,5,"Great product, worth the money!",2023-10-04,False
301782,7961,9312,2,"Poor quality, disappointed.",2022-01-20,False
301783,5885,9564,3,Decent but delivery was late.,2025-11-25,True
301784,6408,9187,1,Stopped working after a week.,2024-08-14,False
301785,6425,9536,3,"Product is okay, nothing special.",2025-05-14,True
301786,7554,9296,3,"Average quality, expected more.",2023-11-04,False
301787,7709,9409,1,"Poor quality, disappointed.",2024-03-12,True
301788,7073,9191,5,Excellent quality and fast delivery.,2023-03-11,True
301789,6033,9011,5,"Exactly as described, very happy.",2023-11-11,False
301790,7658,9443,1,Stopped working after a week.,2025-07-18,False
301791,5269,9332,2,Not worth the price.,2022-05-03,True
301792,6350,9165,2,Not worth the price.,2024-10-19,True
301793,7097,9163,2,Item arrived damaged.,2026-01-30,True
301794,7806,9228,4,"Loved it, will buy again.",2024-12-11,True
301795,7067,9261,3,Decent but delivery was late.,2025-02-15,False
301796,6352,9411,4,"Exactly as described, very happy.",2025-09-17,True
301797,6795,9398,4,,2022-10-08,True
301798,7680,9457,4,"Loved it, will buy again.",2025-01-10,False
301799,7949,9422,4,Excellent quality and fast delivery.,2024-09-25,True
301800,7997,9479,2,Not worth the price.,2024-06-11,True
301801,5497,9447,3,"Average quality, expected more.",2024-11-14,True
301802,7818,9087,3,"Product is okay, nothing special.",2023-06-09,True
301803,5085,9258,4,Excellent quality and fast delivery.,2026-02-07,True
301804,6167,9533,4,Excellent quality and fast delivery.,2024-03-18,False
301805,7670,9458,2,Item arrived damaged.,2022-08-01,True
301806,6177,9514,1,Not worth the price.,2025-03-13,False
301807,6736,9291,4,"Exactly as described, very happy.",2022-07-19,True
301808,5216,9108,1,Item arrived damaged.,2023-02-15,True
301809,6230,9280,1,Item arrived damaged.,2023-12-26,True
301810,6504,9107,4,"Loved it, will buy again.",2026-07-27,True
301811,6240,9320,3,Decent but delivery was late.,2025-12-17,False
301812,6747,9358,5,Excellent quality and fast delivery.,2024-09-08,True
301813,6480,9529,3,Decent but delivery was late.,2025-12-18,False
301814,6425,9188,5,Excellent quality and fast delivery.,2025-08-18,True
301815,5942,9293,2,"Poor quality, disappointed.",2024-05-23,False
301816,6377,9514,2,"Poor quality, disappointed.",2024-02-15,True
301817,5843,9516,3,Decent but delivery was late.,2026-07-19,True
301818,7299,9098,2,Stopped working after a week.,2026-02-21,True
301819,6215,9294,3,"Average quality, expected more.",2025-09-20,True
301820,5255,9338,1,"Poor quality, disappointed.",2022-11-03,False
301821,7719,9018,2,"Poor quality, disappointed.",2022-10-04,True
301822,7044,9382,3,"Average quality, expected more.",2022-01-28,True
301823,5664,9059,1,Stopped working after a week.,2026-08-06,True
301824,7135,9057,1,Not worth the price.,2024-07-31,True
301825,7152,9347,1,"Poor quality, disappointed.",2023-07-28,True
301826,5971,9258,2,Not worth the price.,2023-05-13,False
301827,6311,9407,1,"Poor quality, disappointed.",2023-07-13,True
301828,7460,9179,3,Decent but delivery was late.,2025-07-07,True
301829,6638,9524,1,"Poor quality, disappointed.",2025-08-25,True
301830,6158,9110,2,Stopped working after a week.,2022-12-30,False
301831,5962,9442,3,"Average quality, expected more.",2024-03-01,False
301832,6683,9323,3,"Product is okay, nothing special.",2022-08-28,True
301833,6848,9190,2,"Poor quality, disappointed.",2022-09-11,True
301834,5925,9422,1,Item arrived damaged.,2022-03-20,True
301835,6675,9585,5,"Exactly as described, very happy.",2025-04-08,False
301836,5171,9412,5,"Great product, worth the money!",2023-12-24,False
301837,5779,9439,1,Not worth the price.,2023-08-29,True
301838,7391,9451,1,Not worth the price.,2024-06-14,True
301839,6906,9129,2,Stopped working after a week.,2024-02-18,True
301840,5001,9410,5,"Loved it, will buy again.",2024-03-26,True
301841,6548,9228,2,Stopped working after a week.,2023-09-27,True
301842,6591,9155,4,"Great product, worth the money!",2025-06-29,False
301843,5033,9329,2,Stopped working after a week.,2026-05-14,False
301844,5343,9222,1,Not worth the price.,2025-02-16,True
301845,5182,9558,1,"Poor quality, disappointed.",2022-08-05,True
301846,5911,9160,3,"Average quality, expected more.",2023-09-14,True
301847,6235,9407,4,Superb value for money.,2023-10-21,True
301848,7133,9511,4,Superb value for money.,2024-12-29,True
301849,6562,9460,1,Item arrived damaged.,2025-08-23,False
301850,5096,9121,1,"Poor quality, disappointed.",2023-05-22,True
301851,6858,9538,5,"Great product, worth the money!",2022-10-05,True
301852,5329,9493,1,Stopped working after a week.,2023-07-17,False
301853,7198,9528,2,Item arrived damaged.,2026-02-08,True
301854,5261,9056,5,Superb value for money.,2026-06-27,True
301855,5306,9201,3,"Product is okay, nothing special.",2023-10-04,True
301856,5526,9422,1,"Poor quality, disappointed.",2024-04-23,True
301857,7189,9245,5,"Exactly as described, very happy.",2024-03-07,False
301858,7708,9346,3,"Average quality, expected more.",2023-02-06,False
301859,5110,9569,2,"Poor quality, disappointed.",2025-10-07,True
301860,6219,9274,3,"Product is okay, nothing special.",2025-03-02,True
301861,7089,9533,5,"Great product, worth the money!",2024-07-20,False
301862,7883,9032,1,Stopped working after a week.,2023-01-06,False
301863,6553,9233,1,Not worth the price.,2026-02-24,False
301864,5592,9193,3,"Product is okay, nothing special.",2025-03-11,False
301865,7822,9282,4,"Great product, worth the money!",2022-11-06,True
301866,8000,9448,5,"Loved it, will buy again.",2023-05-09,True
301867,5484,9087,2,Stopped working after a week.,2025-07-30,True
301868,6964,9340,4,Excellent quality and fast delivery.,2024-10-11,True
301869,6284,9501,1,Item arrived damaged.,2023-06-08,True
301870,5600,9120,3,"Average quality, expected more.",2024-09-09,True
301871,7144,9208,2,Not worth the price.,2023-07-10,True
301872,5100,9216,1,Not worth the price.,2026-05-05,True
301873,6136,9079,2,Not worth the price.,2026-04-21,False
301874,6235,9567,5,"Great product, worth the money!",2023-10-07,True
301875,7020,9600,3,Decent but delivery was late.,2023-11-29,True
301876,5650,9462,1,"Poor quality, disappointed.",2024-11-15,True
301877,6091,9165,1,Stopped working after a week.,2024-04-01,True
301878,6808,9192,3,Decent but delivery was late.,2022-01-01,True
301879,6029,9104,2,"Poor quality, disappointed.",2022-02-22,True
301880,7446,9247,5,"Great product, worth the money!",2024-02-21,True
301881,6251,9045,2,Item arrived damaged.,2024-12-21,True
301882,7615,9491,1,Stopped working after a week.,2024-10-21,True
301883,6809,9158,1,Not worth the price.,2025-02-11,False
301884,5349,9461,5,Superb value for money.,2023-10-23,False
301885,6549,9024,5,"Great product, worth the money!",2022-04-11,True
301886,7857,9112,4,"Exactly as described, very happy.",2024-11-28,True
301887,7581,9549,5,,2023-08-24,False
301888,5826,9431,1,Item arrived damaged.,2024-06-07,True
301889,7204,9408,5,"Loved it, will buy again.",2025-05-29,False
301890,6129,9298,4,Excellent quality and fast delivery.,2023-12-30,False
301891,5469,9378,4,"Loved it, will buy again.",2025-04-09,True
301892,7271,9520,1,Not worth the price.,2022-01-22,True
301893,6524,9296,5,Superb value for money.,2025-12-21,False
301894,5805,9442,3,Decent but delivery was late.,2023-01-02,True
301895,6775,9092,4,"Exactly as described, very happy.",2022-01-25,False
301896,7087,9332,5,Superb value for money.,2022-10-13,False
301897,6452,9085,3,Decent but delivery was late.,2025-05-25,True
301898,7290,9288,1,,2026-07-28,True
301899,6242,9439,1,Not worth the price.,2024-11-29,True
301900,7610,9580,1,Item arrived damaged.,2025-12-19,True
301901,7273,9481,4,Superb value for money.,2024-07-02,False
301902,7405,9063,4,Excellent quality and fast delivery.,2025-07-19,True
301903,7544,9223,2,Not worth the price.,2024-05-13,True
301904,6756,9311,3,,2023-01-03,True
301905,5088,9128,3,"Average quality, expected more.",2022-12-11,False
301906,5931,9014,3,"Product is okay, nothing special.",2025-08-10,True
301907,7549,9518,5,"Loved it, will buy again.",2026-03-19,True
301908,5733,9138,3,"Average quality, expected more.",2023-02-12,True
301909,6379,9190,2,Item arrived damaged.,2025-12-29,True
301910,6600,9446,2,,2025-11-22,True
301911,5569,9040,2,Stopped working after a week.,2025-06-12,False
301912,5922,9033,5,Excellent quality and fast delivery.,2023-07-04,True
301913,6390,9080,4,Excellent quality and fast delivery.,2024-07-13,True
301914,5003,9023,5,"Great product, worth the money!",2023-05-12,False
301915,6375,9045,5,"Exactly as described, very happy.",2024-03-07,True
301916,7243,9251,5,"Great product, worth the money!",2026-06-19,False
301917,7498,9451,1,Not worth the price.,2024-05-24,True
301918,7450,9162,1,"Poor quality, disappointed.",2022-08-03,True
301919,5438,9057,3,"Product is okay, nothing special.",2024-12-08,False
301920,6137,9252,5,"Exactly as described, very happy.",2022-04-04,True
301921,5613,9450,4,Excellent quality and fast delivery.,2023-04-14,True
301922,7377,9248,4,"Exactly as described, very happy.",2024-07-11,False
301923,5315,9081,3,Decent but delivery was late.,2022-02-05,True
301924,7072,9292,5,Superb value for money.,2024-02-09,True
301925,5252,9550,1,"Poor quality, disappointed.",2026-05-23,True
301926,6074,9479,3,Decent but delivery was late.,2025-04-24,True
301927,7427,9112,4,"Loved it, will buy again.",2026-05-13,True
301928,5453,9428,3,Decent but delivery was late.,2025-07-10,True
301929,5444,9142,5,"Loved it, will buy again.",2022-06-20,True
301930,5106,9170,3,Decent but delivery was late.,2022-09-21,True
301931,7697,9530,4,"Loved it, will buy again.",2023-09-28,False
301932,6691,9524,5,Excellent quality and fast delivery.,2022-09-12,True
301933,7584,9523,3,"Average quality, expected more.",2022-12-08,True
301934,5834,9269,2,Stopped working after a week.,2025-10-23,True
301935,6023,9197,2,Item arrived damaged.,2025-06-15,True
301936,6644,9397,3,Decent but delivery was late.,2026-07-03,True
301937,5412,9430,3,Decent but delivery was late.,2022-08-04,False
301938,6686,9464,1,Not worth the price.,2023-11-17,False
301939,6185,9075,1,Item arrived damaged.,2022-12-23,True
301940,6740,9287,3,"Average quality, expected more.",2024-09-28,True
301941,6430,9111,2,Item arrived damaged.,2025-07-30,True
301942,7725,9324,1,Stopped working after a week.,2024-07-18,True
301943,5974,9333,5,Superb value for money.,2025-01-28,True
301944,5543,9148,4,"Great product, worth the money!",2024-09-08,False
301945,5318,9037,1,Stopped working after a week.,2022-10-21,False
301946,5874,9442,3,Decent but delivery was late.,2022-10-23,False
301947,6862,9354,4,"Great product, worth the money!",2024-12-29,True
301948,7764,9218,4,"Exactly as described, very happy.",2024-06-25,False
301949,7682,9130,4,"Loved it, will buy again.",2024-08-22,True
301950,6376,9099,4,"Great product, worth the money!",2022-05-29,False
301951,5153,9465,3,"Average quality, expected more.",2025-12-15,True
301952,7178,9598,1,Stopped working after a week.,2025-05-28,True
301953,6153,9227,3,Decent but delivery was late.,2022-05-25,False
301954,7923,9161,5,Excellent quality and fast delivery.,2025-01-03,False
301955,5995,9025,4,,2022-12-30,True
301956,7219,9017,4,"Great product, worth the money!",2024-03-15,True
301957,6947,9262,1,"Poor quality, disappointed.",2025-03-19,False
301958,6200,9128,4,Excellent quality and fast delivery.,2023-11-22,False
301959,7958,9473,2,,2022-05-17,True
301960,7215,9356,3,Decent but delivery was late.,2022-01-23,True
301961,5341,9228,5,Superb value for money.,2023-08-05,True
301962,7297,9584,4,Superb value for money.,2026-04-09,True
301963,5488,9111,2,Item arrived damaged.,2024-12-21,True
301964,5694,9501,3,"Average quality, expected more.",2025-09-01,False
301965,7950,9444,4,,2024-03-27,True
301966,7103,9072,5,"Loved it, will buy again.",2023-06-26,False
301967,5895,9378,1,"Poor quality, disappointed.",2026-02-15,True
301968,7052,9177,3,"Product is okay, nothing special.",2024-09-17,True
301969,6218,9395,1,Stopped working after a week.,2025-04-17,True
301970,6630,9593,5,"Exactly as described, very happy.",2023-04-04,False
301971,7399,9175,2,Stopped working after a week.,2023-04-02,True
301972,7968,9353,5,"Exactly as described, very happy.",2022-07-01,True
301973,6503,9434,2,Item arrived damaged.,2024-02-10,True
301974,7113,9211,2,Item arrived damaged.,2025-05-15,True
301975,6352,9438,5,Superb value for money.,2024-02-20,True
301976,6062,9149,1,Not worth the price.,2024-10-30,True
301977,5909,9538,3,"Product is okay, nothing special.",2022-03-30,True
301978,6025,9457,3,"Product is okay, nothing special.",2026-02-28,True
301979,6967,9415,1,Stopped working after a week.,2025-04-30,True
301980,7537,9152,4,"Great product, worth the money!",2024-10-28,True
301981,5506,9243,2,,2023-12-13,True
301982,5093,9234,4,"Great product, worth the money!",2024-11-09,True
301983,6366,9085,4,"Great product, worth the money!",2026-05-07,True
301984,5015,9088,3,"Product is okay, nothing special.",2024-04-27,True
301985,6814,9228,1,Item arrived damaged.,2022-07-26,False
301986,5822,9023,1,"Poor quality, disappointed.",2023-06-23,True
301987,7968,9177,2,"Poor quality, disappointed.",2024-12-15,False
301988,5372,9221,3,"Product is okay, nothing special.",2023-07-31,True
301989,6200,9436,2,"Poor quality, disappointed.",2022-12-23,True
301990,5417,9077,1,Item arrived damaged.,2024-12-16,True
301991,5265,9232,1,Stopped working after a week.,2024-05-11,True
301992,5561,9156,5,Superb value for money.,2024-03-17,True
301993,6115,9393,1,Not worth the price.,2025-02-24,True
301994,7822,9172,3,"Product is okay, nothing special.",2022-08-12,True
301995,5927,9033,4,Superb value for money.,2022-05-12,False
301996,5074,9213,5,Superb value for money.,2023-10-17,True
301997,6151,9023,5,,2025-01-04,True
301998,5811,9508,1,Stopped working after a week.,2024-12-07,True
301999,5531,9352,4,Superb value for money.,2022-08-24,True
302000,5390,9250,4,Excellent quality and fast delivery.,2024-07-01,False
302001,5064,9092,2,Not worth the price.,2026-02-01,True
302002,5729,9564,3,"Product is okay, nothing special.",2023-03-13,True
302003,6154,9174,3,,2024-10-17,True
302004,6742,9257,4,"Loved it, will buy again.",2025-11-03,True
302005,6001,9522,5,"Loved it, will buy again.",2022-05-05,True
302006,5258,9290,3,Decent but delivery was late.,2024-06-06,False
302007,7267,9023,3,"Product is okay, nothing special.",2023-11-20,True
302008,5180,9181,2,Item arrived damaged.,2023-09-29,False
302009,6566,9077,4,Excellent quality and fast delivery.,2023-07-06,False
302010,7308,9169,5,"Great product, worth the money!",2024-08-09,True
302011,7988,9477,3,"Average quality, expected more.",2024-07-13,True
302012,7756,9128,3,Decent but delivery was late.,2023-01-16,True
302013,7690,9004,4,"Exactly as described, very happy.",2022-06-04,False
302014,6006,9073,2,Stopped working after a week.,2025-06-15,True
302015,5797,9064,4,Superb value for money.,2024-02-14,True
302016,7314,9092,5,"Great product, worth the money!",2023-12-03,True
302017,6433,9355,1,Stopped working after a week.,2025-08-26,False
302018,5798,9401,1,,2023-02-08,True
302019,5967,9081,4,Excellent quality and fast delivery.,2025-08-27,True
302020,5563,9037,2,Item arrived damaged.,2023-11-12,True
302021,7080,9310,5,"Exactly as described, very happy.",2023-07-16,True
302022,5098,9142,5,"Exactly as described, very happy.",2024-02-07,True
302023,5446,9109,1,Stopped working after a week.,2023-03-15,True
302024,6182,9341,5,"Great product, worth the money!",2023-12-13,False
302025,5754,9354,1,Item arrived damaged.,2025-07-22,False
302026,5576,9377,2,Item arrived damaged.,2024-06-29,True
302027,7714,9236,5,"Great product, worth the money!",2024-08-13,False
302028,5996,9309,1,Stopped working after a week.,2024-09-29,False
302029,5685,9070,2,Item arrived damaged.,2025-11-27,False
302030,6580,9010,3,"Average quality, expected more.",2026-03-12,True
302031,6295,9486,4,"Great product, worth the money!",2024-09-28,True
302032,7395,9402,3,"Average quality, expected more.",2023-11-23,True
302033,6981,9376,1,Stopped working after a week.,2022-08-07,True
302034,6236,9393,1,Item arrived damaged.,2026-07-10,True
302035,5040,9529,1,Item arrived damaged.,2025-05-12,True
302036,6179,9205,3,"Product is okay, nothing special.",2026-02-04,True
302037,5929,9086,3,Decent but delivery was late.,2026-01-12,False
302038,7007,9110,4,"Loved it, will buy again.",2023-05-11,True
302039,6772,9570,2,Stopped working after a week.,2026-02-18,True
302040,6741,9300,3,Decent but delivery was late.,2022-01-17,True
302041,6128,9164,5,Superb value for money.,2026-06-29,True
302042,7060,9099,4,"Loved it, will buy again.",2023-03-10,True
302043,7958,9291,4,"Loved it, will buy again.",2025-04-26,True
302044,7323,9147,3,"Average quality, expected more.",2022-12-20,False
302045,5950,9595,5,"Loved it, will buy again.",2023-12-13,True
302046,6178,9503,2,Stopped working after a week.,2026-03-19,True
302047,6430,9108,2,Item arrived damaged.,2023-09-13,True
302048,7980,9526,1,"Poor quality, disappointed.",2023-01-14,True
302049,6727,9021,4,"Loved it, will buy again.",2026-05-08,True
302050,5899,9233,4,"Loved it, will buy again.",2026-06-22,True
302051,5095,9211,1,Stopped working after a week.,2026-06-09,True
302052,6900,9406,4,"Loved it, will buy again.",2025-10-27,True
302053,7300,9072,5,"Loved it, will buy again.",2023-06-12,True
302054,7927,9497,1,Not worth the price.,2024-12-31,False
302055,6207,9454,4,"Great product, worth the money!",2026-08-03,True
302056,6323,9513,3,Decent but delivery was late.,2023-03-22,True
302057,7026,9408,1,Stopped working after a week.,2022-07-14,True
302058,5198,9034,4,Excellent quality and fast delivery.,2023-01-12,True
302059,6311,9435,1,Item arrived damaged.,2024-02-27,True
302060,7144,9134,5,"Loved it, will buy again.",2022-04-27,False
302061,7961,9130,3,"Product is okay, nothing special.",2024-08-28,False
302062,6937,9001,5,"Great product, worth the money!",2026-06-16,True
302063,5896,9591,1,Item arrived damaged.,2024-06-02,True
302064,7366,9428,1,"Poor quality, disappointed.",2025-05-05,True
302065,7477,9581,1,Stopped working after a week.,2025-09-01,True
302066,7780,9177,5,Superb value for money.,2026-05-22,True
302067,5317,9595,4,Excellent quality and fast delivery.,2026-04-13,True
302068,7908,9260,1,"Poor quality, disappointed.",2022-09-08,False
302069,7884,9527,5,"Great product, worth the money!",2022-02-21,True
302070,7592,9271,1,"Poor quality, disappointed.",2022-07-11,True
302071,5706,9589,5,"Loved it, will buy again.",2025-08-12,True
302072,7489,9570,1,Stopped working after a week.,2024-01-09,False
302073,5939,9408,3,Decent but delivery was late.,2023-06-10,True
302074,5771,9445,1,Not worth the price.,2023-06-13,True
302075,7977,9427,1,Not worth the price.,2024-11-04,True
302076,5762,9213,3,Decent but delivery was late.,2023-12-24,False
302077,6270,9242,5,"Loved it, will buy again.",2026-04-29,True
302078,7970,9206,4,"Exactly as described, very happy.",2024-06-27,True
302079,7860,9548,3,Decent but delivery was late.,2022-06-08,True
302080,7415,9266,5,Excellent quality and fast delivery.,2025-08-28,True
302081,7554,9535,1,"Poor quality, disappointed.",2024-02-23,False
302082,5890,9055,5,"Great product, worth the money!",2022-09-10,True
302083,5934,9434,2,Stopped working after a week.,2022-11-17,True
302084,6608,9591,4,Superb value for money.,2024-01-25,True
302085,6734,9457,4,Excellent quality and fast delivery.,2025-06-11,False
302086,5408,9098,1,Not worth the price.,2025-11-29,False
302087,5230,9255,5,"Exactly as described, very happy.",2023-12-04,True
302088,5561,9358,5,"Great product, worth the money!",2023-09-04,True
302089,5970,9403,1,"Poor quality, disappointed.",2023-09-02,True
302090,6959,9586,4,Superb value for money.,2026-01-08,True
302091,5942,9286,3,"Average quality, expected more.",2024-12-23,True
302092,5519,9116,2,"Poor quality, disappointed.",2024-11-25,True
302093,6675,9177,4,"Loved it, will buy again.",2024-08-13,True
302094,6436,9091,5,Superb value for money.,2022-05-01,False
302095,6280,9352,1,"Poor quality, disappointed.",2023-04-25,False
302096,5397,9389,5,"Great product, worth the money!",2026-04-04,True
302097,5239,9012,2,"Poor quality, disappointed.",2022-03-14,True
302098,5482,9001,1,Item arrived damaged.,2026-05-17,True
302099,7500,9471,4,Excellent quality and fast delivery.,2024-07-17,False
302100,6076,9026,2,Not worth the price.,2023-07-06,False
302101,7220,9051,1,Item arrived damaged.,2026-04-07,False
302102,6478,9041,2,Stopped working after a week.,2024-12-02,True
302103,6199,9298,3,Decent but delivery was late.,2024-01-29,False
302104,7656,9569,5,Excellent quality and fast delivery.,2023-11-19,True
302105,5240,9477,1,Item arrived damaged.,2025-06-06,False
302106,5279,9117,5,"Exactly as described, very happy.",2024-11-29,False
302107,5882,9318,1,Stopped working after a week.,2024-02-27,True
302108,7321,9115,1,"Poor quality, disappointed.",2026-05-19,True
302109,7476,9247,4,Excellent quality and fast delivery.,2025-02-10,False
302110,6377,9086,5,Excellent quality and fast delivery.,2026-07-13,True
302111,6343,9524,3,"Average quality, expected more.",2022-11-14,True
302112,5811,9259,2,Item arrived damaged.,2025-10-10,True
302113,5536,9526,5,Excellent quality and fast delivery.,2023-07-20,True
302114,5288,9368,3,"Average quality, expected more.",2025-05-01,True
302115,7373,9220,5,Excellent quality and fast delivery.,2023-11-07,False
302116,5327,9025,1,Item arrived damaged.,2023-02-19,True
302117,6242,9372,4,Superb value for money.,2025-06-22,False
302118,5590,9097,5,Superb value for money.,2025-07-16,True
302119,7099,9386,2,Not worth the price.,2024-06-06,True
302120,5665,9081,4,"Great product, worth the money!",2024-11-14,True
302121,6401,9524,3,"Product is okay, nothing special.",2022-08-29,True
302122,7719,9381,2,,2022-06-13,True
302123,5832,9180,3,Decent but delivery was late.,2024-03-15,False
302124,5140,9422,3,Decent but delivery was late.,2025-12-20,False
302125,6608,9294,3,,2024-04-09,False
302126,6269,9456,1,Item arrived damaged.,2025-04-14,True
302127,5496,9063,5,Superb value for money.,2023-02-15,False
302128,5211,9379,5,"Loved it, will buy again.",2024-12-27,True
302129,7416,9456,4,"Loved it, will buy again.",2026-04-03,True
302130,7237,9544,3,Decent but delivery was late.,2023-11-19,False
302131,5763,9371,1,Item arrived damaged.,2024-08-19,True
302132,7585,9156,4,"Exactly as described, very happy.",2024-07-17,True
302133,7114,9542,5,"Exactly as described, very happy.",2023-03-27,True
302134,6049,9052,1,Item arrived damaged.,2024-10-21,True
302135,5548,9555,3,"Average quality, expected more.",2024-02-08,True
302136,6343,9074,1,Item arrived damaged.,2023-09-22,True
302137,6026,9236,1,,2025-09-03,True
302138,6202,9538,2,"Poor quality, disappointed.",2025-04-11,True
302139,5825,9058,4,"Exactly as described, very happy.",2022-11-25,False
302140,6150,9351,2,Stopped working after a week.,2024-08-14,True
302141,7540,9253,4,"Exactly as described, very happy.",2025-12-30,False
302142,7337,9491,3,"Product is okay, nothing special.",2024-08-30,True
302143,6095,9020,5,Excellent quality and fast delivery.,2025-10-06,False
302144,5774,9414,5,"Great product, worth the money!",2024-10-28,True
302145,6132,9374,1,"Poor quality, disappointed.",2022-02-24,False
302146,6148,9359,5,Excellent quality and fast delivery.,2024-01-16,True
302147,5037,9532,1,Stopped working after a week.,2022-11-25,True
302148,6342,9489,2,,2023-06-03,True
302149,6135,9324,4,"Great product, worth the money!",2024-04-18,True
302150,6324,9354,3,"Product is okay, nothing special.",2022-06-21,False
302151,5804,9563,3,"Product is okay, nothing special.",2025-07-15,True
302152,6494,9237,4,"Exactly as described, very happy.",2022-03-28,True
302153,5923,9513,4,Excellent quality and fast delivery.,2023-10-25,True
302154,6293,9076,4,Excellent quality and fast delivery.,2022-10-11,True
302155,5374,9224,3,"Average quality, expected more.",2023-08-19,False
302156,6444,9425,3,Decent but delivery was late.,2025-08-26,True
302157,6667,9433,2,Not worth the price.,2022-05-06,True
302158,7593,9018,3,"Average quality, expected more.",2024-11-23,False
302159,5449,9125,5,"Exactly as described, very happy.",2023-04-11,True
302160,7270,9323,1,Not worth the price.,2025-06-01,True
302161,5336,9255,4,Excellent quality and fast delivery.,2025-03-07,True
302162,7266,9022,4,"Exactly as described, very happy.",2025-01-04,True
302163,6925,9550,3,"Product is okay, nothing special.",2023-05-21,True
302164,6896,9539,1,"Poor quality, disappointed.",2025-12-06,True
302165,5977,9012,5,"Exactly as described, very happy.",2022-03-06,True
302166,5688,9392,5,,2026-07-03,False
302167,7049,9254,4,"Great product, worth the money!",2025-05-19,False
302168,6703,9273,5,Superb value for money.,2026-01-26,True
302169,5641,9105,3,"Average quality, expected more.",2025-08-16,True
302170,6173,9350,2,Not worth the price.,2024-04-05,True
302171,5629,9507,4,"Great product, worth the money!",2026-04-17,True
302172,5162,9334,5,Superb value for money.,2024-09-02,True
302173,7118,9077,5,Excellent quality and fast delivery.,2024-11-07,True
302174,7048,9008,4,"Great product, worth the money!",2024-08-31,False
302175,6678,9208,4,"Loved it, will buy again.",2022-07-06,True
302176,6753,9218,2,Item arrived damaged.,2023-07-06,True
302177,6983,9286,5,Excellent quality and fast delivery.,2024-01-28,True
302178,7460,9118,3,"Product is okay, nothing special.",2025-06-19,True
302179,6403,9364,5,"Great product, worth the money!",2022-11-25,True
302180,7066,9268,2,Item arrived damaged.,2023-03-04,True
302181,7131,9510,2,"Poor quality, disappointed.",2024-08-17,False
302182,7906,9445,1,Stopped working after a week.,2023-02-15,False
302183,6809,9278,1,Item arrived damaged.,2024-05-07,True
302184,6075,9104,3,"Product is okay, nothing special.",2023-11-22,True
302185,5244,9243,5,"Loved it, will buy again.",2023-01-19,True
302186,5563,9029,5,Excellent quality and fast delivery.,2023-06-03,True
302187,7927,9560,3,"Average quality, expected more.",2023-08-27,True
302188,6694,9545,1,Item arrived damaged.,2022-05-30,True
302189,5955,9047,5,"Great product, worth the money!",2025-03-27,False
302190,7857,9579,5,"Great product, worth the money!",2023-09-19,True
302191,6923,9457,4,,2022-10-06,True
302192,5702,9273,1,"Poor quality, disappointed.",2024-05-12,False
302193,6678,9212,3,"Product is okay, nothing special.",2023-03-01,False
302194,6023,9323,2,Stopped working after a week.,2023-10-01,True
302195,5751,9389,5,Superb value for money.,2024-04-13,False
302196,6504,9598,4,Superb value for money.,2025-05-31,False
302197,6186,9027,5,Superb value for money.,2024-05-26,True
302198,7857,9117,2,Stopped working after a week.,2024-09-22,True
302199,7501,9090,3,Decent but delivery was late.,2025-01-30,False
302200,7279,9576,3,Decent but delivery was late.,2025-05-20,False
302201,7874,9340,2,Item arrived damaged.,2026-06-01,False
302202,7935,9221,2,"Poor quality, disappointed.",2023-05-08,True
302203,6553,9418,1,Stopped working after a week.,2024-06-20,False
302204,7037,9543,4,Superb value for money.,2025-04-30,True
302205,7600,9372,2,"Poor quality, disappointed.",2025-07-30,False
302206,7710,9531,2,Not worth the price.,2023-06-28,False
302207,5489,9130,4,"Great product, worth the money!",2025-03-09,True
302208,7402,9220,2,"Poor quality, disappointed.",2023-01-04,True
302209,7799,9543,5,"Loved it, will buy again.",2025-11-18,True
302210,5433,9163,5,"Exactly as described, very happy.",2025-01-23,True
302211,6833,9321,1,Stopped working after a week.,2022-12-30,False
302212,5879,9297,5,Excellent quality and fast delivery.,2025-11-25,True
302213,6052,9161,2,"Poor quality, disappointed.",2023-10-26,False
302214,7214,9469,4,"Great product, worth the money!",2022-04-25,True
302215,5216,9231,2,"Poor quality, disappointed.",2026-04-22,True
302216,7008,9051,3,"Average quality, expected more.",2022-08-23,True
302217,6548,9584,1,Not worth the price.,2022-03-29,True
302218,5320,9145,3,Decent but delivery was late.,2023-12-14,True
302219,7023,9229,4,"Loved it, will buy again.",2022-03-11,True
302220,5680,9188,5,"Great product, worth the money!",2023-12-26,True
302221,5357,9091,2,"Poor quality, disappointed.",2023-01-21,False
302222,7442,9126,5,Excellent quality and fast delivery.,2024-11-03,False
302223,5342,9041,5,"Exactly as described, very happy.",2025-12-31,True
302224,5633,9407,1,Stopped working after a week.,2025-04-16,False
302225,5145,9202,4,"Great product, worth the money!",2023-02-25,True
302226,6267,9474,1,"Poor quality, disappointed.",2026-05-04,True
302227,5173,9002,2,,2025-12-20,True
302228,5658,9343,2,Not worth the price.,2025-11-20,True
302229,7228,9592,3,"Product is okay, nothing special.",2023-11-19,True
302230,6407,9516,2,Stopped working after a week.,2024-03-08,True
302231,6541,9013,4,"Exactly as described, very happy.",2023-07-16,True
302232,5055,9223,3,,2025-08-14,False
302233,6110,9391,2,Not worth the price.,2025-02-24,True
302234,5716,9423,2,"Poor quality, disappointed.",2025-02-19,False
302235,6693,9346,3,"Average quality, expected more.",2023-01-21,True
302236,7445,9598,5,"Exactly as described, very happy.",2024-11-18,True
302237,6567,9231,3,,2022-07-15,True
302238,5347,9149,2,Stopped working after a week.,2024-07-02,False
302239,6872,9266,5,"Loved it, will buy again.",2023-08-06,False
302240,6809,9252,1,Stopped working after a week.,2026-07-10,True
302241,7021,9424,5,Superb value for money.,2025-09-16,False
302242,7952,9248,2,"Poor quality, disappointed.",2023-08-08,False
302243,6141,9081,5,Superb value for money.,2023-09-16,False
302244,6807,9555,2,Stopped working after a week.,2022-11-12,True
302245,5247,9407,1,Not worth the price.,2023-03-08,True
302246,7591,9463,1,Stopped working after a week.,2024-10-12,True
302247,7213,9267,3,Decent but delivery was late.,2023-09-28,False
302248,5772,9105,3,Decent but delivery was late.,2026-03-01,True
302249,7138,9575,5,"Exactly as described, very happy.",2022-05-18,True
302250,5610,9499,2,Stopped working after a week.,2025-12-14,True
302251,5411,9092,3,,2024-10-20,True
302252,7894,9355,1,"Poor quality, disappointed.",2024-11-08,True
302253,7241,9073,4,"Exactly as described, very happy.",2024-10-20,True
302254,5553,9488,5,"Great product, worth the money!",2025-01-08,True
302255,7685,9190,4,"Exactly as described, very happy.",2024-11-10,True
302256,6934,9347,4,"Exactly as described, very happy.",2025-08-05,True
302257,7482,9287,4,"Great product, worth the money!",2025-01-06,True
302258,7652,9027,4,"Exactly as described, very happy.",2022-02-21,True
302259,7115,9329,1,Stopped working after a week.,2024-12-02,True
302260,5227,9573,5,Excellent quality and fast delivery.,2024-05-24,False
302261,5302,9421,3,"Average quality, expected more.",2025-01-01,False
302262,6290,9443,2,"Poor quality, disappointed.",2022-01-13,True
302263,5628,9229,4,"Great product, worth the money!",2022-12-24,True
302264,6712,9434,3,Decent but delivery was late.,2024-10-22,True
302265,7518,9590,2,Item arrived damaged.,2025-01-13,True
302266,7349,9280,5,Superb value for money.,2023-04-01,False
302267,7395,9479,3,"Average quality, expected more.",2024-09-13,True
302268,7732,9457,2,"Poor quality, disappointed.",2023-04-05,True
302269,7030,9033,5,"Exactly as described, very happy.",2022-02-14,True
302270,5848,9574,4,"Great product, worth the money!",2025-09-02,True
302271,5163,9401,1,"Poor quality, disappointed.",2023-11-30,True
302272,6233,9186,2,Stopped working after a week.,2024-12-07,False
302273,7702,9460,3,Decent but delivery was late.,2022-05-29,True
302274,6944,9496,4,"Exactly as described, very happy.",2022-10-15,False
302275,5733,9567,3,Decent but delivery was late.,2025-03-26,False
302276,5541,9329,4,Excellent quality and fast delivery.,2023-11-14,True
302277,7901,9462,1,"Poor quality, disappointed.",2024-11-01,True
302278,6093,9468,1,Not worth the price.,2024-06-01,True
302279,5555,9573,4,"Exactly as described, very happy.",2025-12-03,True
302280,5841,9249,4,Superb value for money.,2023-07-07,True
302281,7081,9217,1,"Poor quality, disappointed.",2024-02-02,True
302282,6321,9445,3,Decent but delivery was late.,2026-03-25,False
302283,6512,9289,2,Item arrived damaged.,2022-10-09,True
302284,5955,9011,2,Not worth the price.,2023-10-21,False
302285,5195,9534,3,Decent but delivery was late.,2026-06-29,False
302286,6841,9545,5,"Exactly as described, very happy.",2022-03-06,True
302287,7176,9482,1,Not worth the price.,2026-05-31,False
302288,5693,9321,1,Stopped working after a week.,2026-04-30,True
302289,7611,9054,3,Decent but delivery was late.,2024-07-07,True
302290,6896,9478,5,Superb value for money.,2022-05-30,True
302291,5843,9247,2,Not worth the price.,2022-07-04,True
302292,5974,9506,4,"Great product, worth the money!",2025-05-23,True
302293,7004,9481,5,Excellent quality and fast delivery.,2023-11-19,True
302294,5378,9039,2,Stopped working after a week.,2024-09-27,True
302295,6787,9259,5,"Exactly as described, very happy.",2025-01-30,True
302296,5985,9483,1,"Poor quality, disappointed.",2022-04-21,False
302297,6032,9436,5,Superb value for money.,2022-03-12,True
302298,6903,9109,4,Excellent quality and fast delivery.,2022-03-10,False
302299,6776,9111,3,Decent but delivery was late.,2026-05-13,True
302300,7752,9598,2,Stopped working after a week.,2022-07-26,True
302301,5300,9451,3,"Average quality, expected more.",2023-09-13,True
302302,6546,9023,4,"Loved it, will buy again.",2025-07-30,False
302303,7574,9373,5,Superb value for money.,2026-06-04,True
302304,6430,9412,2,Not worth the price.,2025-06-23,True
302305,5783,9155,4,"Great product, worth the money!",2022-09-08,True
302306,5561,9138,3,"Average quality, expected more.",2023-06-26,True
302307,7435,9356,3,"Average quality, expected more.",2023-05-23,True
302308,6333,9039,3,"Average quality, expected more.",2024-09-19,False
302309,7880,9293,3,"Product is okay, nothing special.",2023-12-07,True
302310,7494,9022,5,"Exactly as described, very happy.",2025-12-19,True
302311,7670,9310,3,Decent but delivery was late.,2022-04-23,True
302312,6005,9511,3,"Product is okay, nothing special.",2022-08-17,True
302313,6745,9507,2,Item arrived damaged.,2023-04-09,True
302314,5393,9373,3,Decent but delivery was late.,2022-04-09,True
302315,5080,9059,4,"Loved it, will buy again.",2022-08-17,False
302316,5378,9260,1,Stopped working after a week.,2025-05-17,True
302317,6369,9029,2,"Poor quality, disappointed.",2025-12-20,False
302318,6719,9074,5,"Loved it, will buy again.",2024-02-06,True
302319,7917,9378,3,Decent but delivery was late.,2022-04-28,False
302320,5807,9149,3,"Product is okay, nothing special.",2023-05-02,True
302321,5099,9049,4,"Loved it, will buy again.",2023-02-28,True
302322,5873,9128,1,Stopped working after a week.,2025-04-24,True
302323,7254,9266,3,"Average quality, expected more.",2024-09-20,True
302324,7930,9052,1,Item arrived damaged.,2024-04-28,True
302325,5341,9545,1,"Poor quality, disappointed.",2026-01-26,True
302326,5448,9560,3,"Product is okay, nothing special.",2022-12-25,True
302327,7934,9432,2,Stopped working after a week.,2023-06-03,False
302328,7567,9301,5,"Great product, worth the money!",2025-12-21,True
302329,6489,9133,5,Excellent quality and fast delivery.,2025-09-29,True
302330,7842,9467,2,Stopped working after a week.,2022-04-30,False
302331,7788,9511,1,Not worth the price.,2025-03-21,True
302332,7357,9534,4,"Exactly as described, very happy.",2025-12-18,True
302333,7680,9507,1,Stopped working after a week.,2025-05-22,True
302334,6228,9134,5,"Exactly as described, very happy.",2022-12-29,True
302335,7751,9249,4,"Exactly as described, very happy.",2022-02-24,True
302336,6461,9576,2,Item arrived damaged.,2022-03-03,True
302337,6370,9014,1,Not worth the price.,2025-03-31,False
302338,6085,9376,4,,2024-10-10,True
302339,7593,9036,4,"Loved it, will buy again.",2022-04-14,True
302340,5601,9245,1,Not worth the price.,2024-09-06,True
302341,5055,9600,1,Not worth the price.,2022-01-30,True
302342,7581,9126,2,Item arrived damaged.,2023-05-15,True
302343,7275,9166,5,"Loved it, will buy again.",2026-07-01,True
302344,7770,9117,4,"Exactly as described, very happy.",2026-07-06,True
302345,5345,9560,5,Superb value for money.,2022-08-12,True
302346,7965,9139,2,Not worth the price.,2023-08-17,True
302347,5595,9092,5,"Great product, worth the money!",2025-06-22,True
302348,7932,9179,2,Stopped working after a week.,2023-04-05,True
302349,7171,9571,1,Item arrived damaged.,2026-03-13,True
302350,7164,9329,5,"Loved it, will buy again.",2026-06-10,True
302351,5276,9058,2,Stopped working after a week.,2024-12-27,False
302352,7075,9329,1,"Poor quality, disappointed.",2024-10-15,True
302353,7166,9038,5,Excellent quality and fast delivery.,2023-11-13,True
302354,7169,9181,1,Stopped working after a week.,2022-11-13,True
302355,7471,9014,1,Item arrived damaged.,2023-05-15,False
302356,7078,9139,2,"Poor quality, disappointed.",2025-01-06,True
302357,6835,9304,3,"Product is okay, nothing special.",2022-01-02,True
302358,7140,9345,4,"Exactly as described, very happy.",2024-06-05,True
302359,6690,9367,5,Superb value for money.,2025-01-06,True
302360,5009,9595,2,Not worth the price.,2025-08-20,True
302361,6794,9025,5,"Exactly as described, very happy.",2024-09-09,True
302362,5280,9577,3,"Average quality, expected more.",2024-11-01,True
302363,7464,9138,3,Decent but delivery was late.,2025-06-06,True
302364,5982,9056,2,Item arrived damaged.,2025-01-04,False
302365,5775,9233,1,Not worth the price.,2022-08-06,True
302366,5374,9440,5,Excellent quality and fast delivery.,2022-10-23,True
302367,6314,9035,5,"Great product, worth the money!",2023-08-21,True
302368,5740,9472,1,Item arrived damaged.,2024-03-10,True
302369,6419,9135,3,"Product is okay, nothing special.",2026-07-08,True
302370,7573,9068,5,"Exactly as described, very happy.",2025-01-21,True
302371,7219,9374,3,"Product is okay, nothing special.",2025-12-17,True
302372,7018,9281,5,"Loved it, will buy again.",2024-07-30,False
302373,6249,9407,2,"Poor quality, disappointed.",2023-12-30,True
302374,7006,9102,1,Not worth the price.,2023-08-20,True
302375,7613,9105,4,Excellent quality and fast delivery.,2022-03-31,True
302376,5829,9384,2,Item arrived damaged.,2024-10-24,True
302377,7036,9069,3,"Product is okay, nothing special.",2025-03-28,False
302378,6452,9560,3,"Average quality, expected more.",2025-02-13,True
302379,7713,9562,5,"Loved it, will buy again.",2023-02-04,False
302380,6396,9395,2,Not worth the price.,2024-04-15,False
302381,7916,9519,3,"Average quality, expected more.",2023-10-03,True
302382,5039,9318,5,Excellent quality and fast delivery.,2025-12-15,False
302383,6815,9150,4,"Loved it, will buy again.",2023-08-30,True
302384,7336,9218,4,"Loved it, will buy again.",2024-11-22,True
302385,6389,9140,2,Stopped working after a week.,2022-10-21,False
302386,6663,9373,4,Superb value for money.,2022-02-19,True
302387,6561,9454,3,Decent but delivery was late.,2023-08-03,False
302388,5765,9135,1,"Poor quality, disappointed.",2025-12-11,False
302389,5656,9470,5,Superb value for money.,2022-12-25,False
302390,7550,9318,3,"Average quality, expected more.",2024-12-21,False
302391,5914,9224,4,"Great product, worth the money!",2022-10-07,False
302392,6983,9269,4,"Exactly as described, very happy.",2024-01-15,True
302393,6619,9431,1,Stopped working after a week.,2025-03-01,True
302394,5838,9445,4,"Exactly as described, very happy.",2022-09-14,True
302395,5280,9277,1,Item arrived damaged.,2022-08-17,True
302396,7727,9185,4,"Great product, worth the money!",2023-10-20,True
302397,6231,9143,1,Stopped working after a week.,2025-01-21,True
302398,7252,9574,5,Superb value for money.,2022-11-02,True
302399,5801,9499,3,"Product is okay, nothing special.",2023-11-01,True
302400,6128,9494,3,"Average quality, expected more.",2024-05-23,True
302401,6396,9017,3,Decent but delivery was late.,2024-09-10,False
302402,5375,9407,5,Excellent quality and fast delivery.,2023-11-05,True
302403,6355,9351,3,"Product is okay, nothing special.",2024-07-10,False
302404,7405,9076,3,"Average quality, expected more.",2025-02-07,True
302405,5694,9414,5,"Exactly as described, very happy.",2024-07-20,True
302406,7141,9154,5,Excellent quality and fast delivery.,2026-01-05,True
302407,6282,9565,5,Superb value for money.,2023-07-14,True
302408,6746,9162,3,Decent but delivery was late.,2023-01-17,True
302409,7886,9436,4,"Great product, worth the money!",2022-06-12,False
302410,5562,9201,2,Item arrived damaged.,2026-06-23,True
302411,6451,9237,3,"Average quality, expected more.",2022-04-13,True
302412,5128,9035,5,"Loved it, will buy again.",2025-01-11,True
302413,7105,9421,4,Excellent quality and fast delivery.,2024-01-14,True
302414,7098,9416,4,Superb value for money.,2025-01-20,True
302415,5262,9583,2,Not worth the price.,2024-08-29,True
302416,5248,9187,4,Superb value for money.,2022-08-26,True
302417,6591,9507,5,"Loved it, will buy again.",2025-12-10,False
302418,6451,9509,1,Item arrived damaged.,2022-02-15,False
302419,5708,9094,2,Stopped working after a week.,2025-08-17,True
302420,5489,9072,4,"Loved it, will buy again.",2024-04-23,True
302421,5033,9280,3,"Average quality, expected more.",2022-02-20,True
302422,6524,9434,4,Excellent quality and fast delivery.,2023-08-08,False
302423,7479,9226,5,"Loved it, will buy again.",2026-05-28,True
302424,5162,9137,4,"Exactly as described, very happy.",2025-10-11,True
302425,5506,9021,2,"Poor quality, disappointed.",2023-08-26,True
302426,7213,9129,1,Stopped working after a week.,2022-11-18,False
302427,7565,9205,2,"Poor quality, disappointed.",2026-04-10,False
302428,7684,9435,5,"Loved it, will buy again.",2025-12-12,False
302429,7060,9250,2,Stopped working after a week.,2026-03-16,True
302430,7999,9531,5,Superb value for money.,2024-10-05,False
302431,6327,9110,1,Item arrived damaged.,2024-02-12,True
302432,7959,9290,3,Decent but delivery was late.,2025-01-23,True
302433,5538,9529,3,Decent but delivery was late.,2023-07-09,True
302434,7247,9220,2,Not worth the price.,2022-12-13,True
302435,7168,9539,3,Decent but delivery was late.,2024-03-27,False
302436,5043,9439,2,Not worth the price.,2025-11-21,False
302437,7408,9252,5,"Exactly as described, very happy.",2026-02-17,True
302438,5354,9386,3,Decent but delivery was late.,2022-09-15,True
302439,5164,9488,3,"Average quality, expected more.",2023-03-10,True
302440,7891,9389,2,,2023-02-14,True
302441,7712,9375,2,"Poor quality, disappointed.",2022-09-19,True
302442,5319,9090,4,Superb value for money.,2025-07-01,False
302443,5682,9445,4,"Loved it, will buy again.",2025-12-30,True
302444,7981,9467,2,Stopped working after a week.,2026-02-14,False
302445,5986,9282,5,Superb value for money.,2023-10-16,True
302446,6366,9108,3,"Product is okay, nothing special.",2026-07-17,True
302447,6101,9451,1,Not worth the price.,2023-11-21,True
302448,6906,9450,1,Item arrived damaged.,2024-01-10,True
302449,7342,9534,1,,2025-10-02,True
302450,5379,9593,1,"Poor quality, disappointed.",2024-06-24,True
302451,5873,9523,5,Excellent quality and fast delivery.,2022-08-28,True
302452,6369,9226,1,"Poor quality, disappointed.",2022-02-27,False
302453,7200,9590,1,"Poor quality, disappointed.",2025-06-10,True
302454,5429,9197,1,"Poor quality, disappointed.",2026-05-24,True
302455,7205,9377,1,"Poor quality, disappointed.",2025-11-02,True
302456,7675,9012,5,Superb value for money.,2024-06-11,False
302457,5431,9006,3,,2025-03-01,True
302458,5457,9418,3,Decent but delivery was late.,2022-08-08,True
302459,5772,9049,2,Item arrived damaged.,2024-11-27,True
302460,5700,9171,2,,2025-08-02,False
302461,7988,9214,1,"Poor quality, disappointed.",2024-01-06,True
302462,6451,9499,3,Decent but delivery was late.,2025-02-25,True
302463,7748,9046,1,Item arrived damaged.,2022-07-30,True
302464,5457,9031,5,"Exactly as described, very happy.",2022-05-23,False
302465,5494,9544,1,Item arrived damaged.,2022-07-04,True
302466,7706,9540,5,"Exactly as described, very happy.",2022-09-15,False
302467,7649,9127,1,Item arrived damaged.,2022-01-06,True
302468,5550,9184,5,"Exactly as described, very happy.",2022-02-04,True
302469,5770,9123,3,"Product is okay, nothing special.",2025-10-18,True
302470,5980,9304,2,,2022-10-05,True
302471,6953,9408,3,"Average quality, expected more.",2022-11-08,True
302472,5310,9402,1,Not worth the price.,2022-07-03,False
302473,5077,9504,2,Item arrived damaged.,2022-11-03,True
302474,5297,9154,3,"Average quality, expected more.",2023-12-21,True
302475,5195,9385,1,Stopped working after a week.,2025-10-01,True
302476,7852,9039,2,Item arrived damaged.,2026-03-03,False
302477,5986,9003,2,Stopped working after a week.,2024-07-26,False
302478,7552,9206,4,,2024-07-09,False
302479,6368,9463,3,"Product is okay, nothing special.",2022-04-07,True
302480,7219,9053,2,Item arrived damaged.,2026-06-12,False
302481,5283,9501,1,Item arrived damaged.,2025-02-28,True
302482,6428,9489,3,"Average quality, expected more.",2023-04-03,True
302483,5840,9549,3,"Average quality, expected more.",2026-06-20,True
302484,6937,9067,2,"Poor quality, disappointed.",2022-08-10,True
302485,5486,9536,1,"Poor quality, disappointed.",2023-08-15,False
302486,6526,9339,1,Stopped working after a week.,2025-07-19,False
302487,7919,9192,5,Excellent quality and fast delivery.,2022-06-07,True
302488,7715,9113,5,"Exactly as described, very happy.",2024-12-29,True
302489,7904,9167,1,"Poor quality, disappointed.",2025-02-25,True
302490,5451,9596,4,"Exactly as described, very happy.",2022-01-06,False
302491,5970,9326,4,"Great product, worth the money!",2024-02-15,True
302492,7467,9198,5,"Great product, worth the money!",2025-10-04,True
302493,5256,9236,5,"Exactly as described, very happy.",2023-12-07,True
302494,6278,9297,2,"Poor quality, disappointed.",2025-05-14,True
302495,7111,9147,4,"Loved it, will buy again.",2024-05-01,False
302496,5361,9289,4,"Loved it, will buy again.",2022-08-31,False
302497,7203,9055,2,Not worth the price.,2024-12-04,True
302498,6801,9123,5,"Loved it, will buy again.",2024-03-10,True
302499,6215,9286,3,Decent but delivery was late.,2024-12-28,True
302500,7461,9214,4,"Great product, worth the money!",2022-12-07,True
302501,5904,9095,4,Excellent quality and fast delivery.,2025-10-28,True
302502,6814,9365,5,"Exactly as described, very happy.",2024-09-28,False
302503,6688,9027,2,Stopped working after a week.,2025-10-05,True
302504,7407,9133,2,Stopped working after a week.,2023-01-01,False
302505,6555,9099,2,Stopped working after a week.,2024-05-28,False
302506,7762,9269,3,"Product is okay, nothing special.",2025-01-09,True
302507,5677,9371,4,Superb value for money.,2024-01-27,True
302508,6521,9238,3,"Product is okay, nothing special.",2023-08-29,True
302509,5999,9584,3,"Average quality, expected more.",2023-11-29,True
302510,7541,9341,2,"Poor quality, disappointed.",2025-04-16,False
302511,6780,9478,4,Superb value for money.,2025-02-07,True
302512,5386,9403,2,Item arrived damaged.,2022-05-01,True
302513,6850,9133,5,,2023-06-27,True
302514,7409,9113,1,Not worth the price.,2022-01-28,True
302515,6662,9091,4,,2023-05-20,True
302516,5776,9076,5,Excellent quality and fast delivery.,2024-09-10,True
302517,5131,9411,3,"Average quality, expected more.",2025-04-15,True
302518,6248,9564,4,"Exactly as described, very happy.",2026-08-03,True
302519,7621,9417,1,Not worth the price.,2026-07-10,False
302520,7490,9074,1,Not worth the price.,2024-01-31,False
302521,5548,9155,4,"Loved it, will buy again.",2022-02-11,True
302522,6698,9409,5,Excellent quality and fast delivery.,2024-01-10,True
302523,7698,9066,5,"Exactly as described, very happy.",2024-03-17,True
302524,6983,9397,5,Excellent quality and fast delivery.,2025-07-31,True
302525,5846,9490,5,Excellent quality and fast delivery.,2023-11-13,True
302526,5306,9379,5,"Great product, worth the money!",2025-04-14,True
302527,5131,9150,3,,2024-01-21,True
302528,7679,9372,2,Not worth the price.,2022-06-14,True
302529,8000,9325,4,Excellent quality and fast delivery.,2025-06-05,True
302530,5933,9243,4,"Exactly as described, very happy.",2026-03-28,False
302531,7836,9224,4,Superb value for money.,2024-05-04,True
302532,5448,9378,5,"Exactly as described, very happy.",2022-05-29,True
302533,7167,9332,4,Excellent quality and fast delivery.,2023-09-14,True
302534,5866,9600,4,"Exactly as described, very happy.",2024-12-05,True
302535,7953,9419,1,Item arrived damaged.,2022-05-13,True
302536,7298,9319,3,Decent but delivery was late.,2025-07-13,False
302537,6960,9582,4,"Loved it, will buy again.",2024-04-19,True
302538,7397,9376,4,Superb value for money.,2026-04-01,False
302539,6866,9417,5,"Exactly as described, very happy.",2023-10-16,True
302540,6201,9040,3,Decent but delivery was late.,2023-08-22,False
302541,7830,9327,3,"Product is okay, nothing special.",2026-02-06,True
302542,7590,9330,1,"Poor quality, disappointed.",2024-04-16,True
302543,7242,9192,2,Item arrived damaged.,2022-04-21,True
302544,5015,9337,1,Not worth the price.,2024-06-07,False
302545,7459,9546,4,Superb value for money.,2026-07-22,True
302546,5372,9358,1,Stopped working after a week.,2024-09-18,True
302547,5106,9209,3,"Product is okay, nothing special.",2022-04-21,True
302548,6191,9265,1,"Poor quality, disappointed.",2024-08-20,True
302549,7037,9495,5,Superb value for money.,2026-03-15,True
302550,5591,9252,4,"Exactly as described, very happy.",2024-01-12,False
302551,7145,9189,3,"Average quality, expected more.",2024-11-29,True
302552,5171,9269,2,Stopped working after a week.,2026-08-05,True
302553,7042,9019,1,Stopped working after a week.,2025-08-28,True
302554,7099,9582,5,"Loved it, will buy again.",2026-04-28,True
302555,6604,9308,2,,2023-07-17,True
302556,6275,9338,5,Superb value for money.,2023-12-10,True
302557,7692,9060,2,Item arrived damaged.,2024-10-19,False
302558,7424,9154,2,"Poor quality, disappointed.",2024-08-23,True
302559,6853,9155,3,Decent but delivery was late.,2024-08-27,True
302560,7412,9576,2,Stopped working after a week.,2026-01-23,False
302561,6477,9508,1,Item arrived damaged.,2022-10-20,True
302562,6478,9185,4,"Exactly as described, very happy.",2025-04-05,False
302563,5871,9551,5,"Great product, worth the money!",2025-01-17,True
302564,7005,9462,1,"Poor quality, disappointed.",2022-12-10,True
302565,5977,9464,3,"Average quality, expected more.",2022-03-18,True
302566,7582,9007,3,Decent but delivery was late.,2022-12-22,False
302567,7171,9371,4,Excellent quality and fast delivery.,2023-06-27,True
302568,6474,9493,3,Decent but delivery was late.,2026-04-14,False
302569,7331,9064,4,Excellent quality and fast delivery.,2024-03-13,False
302570,7583,9283,5,,2024-02-02,False
302571,7495,9334,4,"Great product, worth the money!",2022-01-24,True
302572,7901,9589,2,,2022-10-03,True
302573,6591,9422,3,"Average quality, expected more.",2025-11-23,False
302574,6358,9276,2,Not worth the price.,2025-03-08,True
302575,7386,9301,5,,2024-09-20,True
302576,6978,9487,4,"Great product, worth the money!",2024-06-23,True
302577,6235,9049,5,Excellent quality and fast delivery.,2023-03-13,True
302578,6679,9328,4,"Exactly as described, very happy.",2026-02-13,False
302579,7945,9468,1,Item arrived damaged.,2025-10-13,True
302580,7601,9292,1,Not worth the price.,2025-05-11,True
302581,5856,9207,1,"Poor quality, disappointed.",2022-06-02,False
302582,7514,9189,5,"Great product, worth the money!",2026-01-20,True
302583,6932,9112,1,Stopped working after a week.,2024-01-13,True
302584,7999,9219,4,Excellent quality and fast delivery.,2024-01-14,False
302585,7736,9196,4,"Great product, worth the money!",2022-07-12,True
302586,6504,9598,2,Item arrived damaged.,2026-06-10,True
302587,6115,9045,2,Stopped working after a week.,2022-01-15,False
302588,6490,9357,2,"Poor quality, disappointed.",2022-09-19,True
302589,6636,9454,1,Not worth the price.,2025-07-01,True
302590,6022,9156,5,"Great product, worth the money!",2024-01-28,True
302591,5824,9269,2,"Poor quality, disappointed.",2026-07-16,True
302592,5887,9420,5,"Exactly as described, very happy.",2025-03-24,False
302593,6303,9163,2,Item arrived damaged.,2022-10-29,True
302594,7966,9129,4,"Loved it, will buy again.",2024-07-06,True
302595,7141,9477,4,"Exactly as described, very happy.",2026-02-09,False
302596,7387,9181,3,Decent but delivery was late.,2024-06-14,True
302597,5789,9092,4,"Loved it, will buy again.",2022-03-13,False
302598,7049,9365,4,"Loved it, will buy again.",2026-04-05,True
302599,5012,9096,5,Excellent quality and fast delivery.,2023-03-17,False
302600,7785,9441,5,"Loved it, will buy again.",2022-08-26,False
302601,5240,9517,5,"Great product, worth the money!",2023-01-19,True
302602,7370,9335,2,Item arrived damaged.,2024-09-09,True
302603,7206,9047,4,"Exactly as described, very happy.",2022-04-17,True
302604,7247,9362,2,Item arrived damaged.,2025-07-06,True
302605,6688,9091,3,"Product is okay, nothing special.",2026-07-21,True
302606,6902,9574,2,,2022-10-04,True
302607,5109,9387,4,"Loved it, will buy again.",2025-10-16,False
302608,6956,9082,3,"Average quality, expected more.",2025-04-13,True
302609,5600,9460,2,Stopped working after a week.,2026-01-22,True
302610,7762,9097,1,Stopped working after a week.,2022-08-04,True
302611,6627,9054,4,Superb value for money.,2023-04-23,False
302612,5675,9250,2,Item arrived damaged.,2023-12-30,True
302613,7010,9391,5,Excellent quality and fast delivery.,2022-06-20,False
302614,6266,9242,5,"Loved it, will buy again.",2025-11-08,False
302615,5219,9562,1,,2023-04-14,False
302616,7681,9160,4,Superb value for money.,2023-02-11,True
302617,6406,9066,3,Decent but delivery was late.,2025-09-26,False
302618,7265,9267,2,Item arrived damaged.,2026-03-29,False
302619,5183,9262,2,Stopped working after a week.,2022-07-01,True
302620,5095,9115,2,"Poor quality, disappointed.",2026-02-14,False
302621,7263,9136,2,Item arrived damaged.,2023-09-01,True
302622,5893,9250,4,Excellent quality and fast delivery.,2025-02-13,True
302623,7798,9191,4,Excellent quality and fast delivery.,2024-11-06,True
302624,7726,9347,1,Item arrived damaged.,2025-02-07,True
302625,6933,9574,1,Not worth the price.,2025-03-26,True
302626,6536,9564,5,Excellent quality and fast delivery.,2025-05-16,True
302627,7399,9595,4,,2022-08-28,True
302628,5152,9129,2,Stopped working after a week.,2023-01-17,True
302629,7280,9027,5,Excellent quality and fast delivery.,2023-08-17,True
302630,7190,9219,3,"Average quality, expected more.",2025-07-20,False
302631,6624,9452,2,Item arrived damaged.,2025-10-06,False
302632,7931,9466,1,Item arrived damaged.,2023-05-08,False
302633,5409,9384,3,Decent but delivery was late.,2025-06-20,False
302634,7617,9250,1,Stopped working after a week.,2022-05-17,True
302635,7406,9423,1,Item arrived damaged.,2024-05-14,True
302636,5080,9433,4,Superb value for money.,2022-12-18,True
302637,6202,9463,4,,2025-10-05,True
302638,6018,9156,3,Decent but delivery was late.,2022-10-06,True
302639,6094,9103,4,"Great product, worth the money!",2026-01-20,True
302640,5526,9502,2,Stopped working after a week.,2025-03-27,True
302641,6319,9185,2,Stopped working after a week.,2025-02-06,True
302642,7789,9295,5,Superb value for money.,2023-08-06,False
302643,6893,9377,5,"Great product, worth the money!",2022-05-23,False
302644,6432,9320,3,"Average quality, expected more.",2026-04-01,True
302645,6199,9337,4,"Exactly as described, very happy.",2024-11-22,True
302646,5003,9525,4,"Exactly as described, very happy.",2023-07-10,True
302647,7331,9296,4,"Exactly as described, very happy.",2022-04-29,False
302648,6505,9053,2,Stopped working after a week.,2025-09-15,False
302649,5184,9103,3,Decent but delivery was late.,2022-07-17,False
302650,6446,9245,1,"Poor quality, disappointed.",2025-06-10,True
302651,6892,9457,2,Item arrived damaged.,2023-07-31,False
302652,6885,9394,5,Superb value for money.,2025-12-09,True
302653,5150,9259,2,Stopped working after a week.,2025-01-23,True
302654,7349,9103,1,Stopped working after a week.,2023-05-17,True
302655,7643,9032,2,Item arrived damaged.,2023-07-08,False
302656,5328,9068,3,"Product is okay, nothing special.",2025-01-19,True
302657,7994,9229,4,"Exactly as described, very happy.",2025-02-02,True
302658,5233,9371,5,Excellent quality and fast delivery.,2024-10-16,True
302659,6520,9195,3,Decent but delivery was late.,2022-12-17,True
302660,6072,9334,1,Item arrived damaged.,2025-01-22,False
302661,7787,9052,4,"Loved it, will buy again.",2022-07-05,True
302662,6290,9329,4,"Loved it, will buy again.",2026-03-14,True
302663,5757,9211,2,"Poor quality, disappointed.",2022-03-06,True
302664,6432,9039,5,Superb value for money.,2023-11-22,True
302665,5209,9511,2,Stopped working after a week.,2023-05-12,True
302666,5214,9260,3,"Product is okay, nothing special.",2024-09-03,True
302667,6689,9279,4,Superb value for money.,2025-11-04,True
302668,7716,9101,5,Superb value for money.,2025-10-03,True
302669,6599,9046,3,,2023-09-29,True
302670,7664,9235,2,"Poor quality, disappointed.",2022-01-22,True
302671,6920,9511,3,"Product is okay, nothing special.",2024-10-18,True
302672,7777,9100,2,"Poor quality, disappointed.",2022-09-07,True
302673,6755,9337,5,"Great product, worth the money!",2026-04-29,True
302674,6731,9471,5,"Exactly as described, very happy.",2025-02-22,True
302675,6031,9094,4,Superb value for money.,2023-07-14,True
302676,7875,9543,2,Not worth the price.,2024-09-26,True
302677,6812,9382,1,Stopped working after a week.,2023-09-01,True
302678,7082,9565,2,Not worth the price.,2022-07-30,False
302679,6457,9252,2,Stopped working after a week.,2022-03-01,True
302680,7841,9112,2,Stopped working after a week.,2022-09-15,True
302681,6034,9580,3,Decent but delivery was late.,2026-06-17,True
302682,6409,9571,3,"Product is okay, nothing special.",2023-10-28,False
302683,6148,9036,3,"Average quality, expected more.",2024-10-29,True
302684,6959,9587,4,"Exactly as described, very happy.",2023-12-03,True
302685,6544,9329,3,Decent but delivery was late.,2023-11-08,False
302686,5595,9380,5,Excellent quality and fast delivery.,2022-05-25,True
302687,5964,9536,5,"Great product, worth the money!",2023-03-30,True
302688,6576,9285,3,Decent but delivery was late.,2026-07-06,True
302689,5259,9139,3,Decent but delivery was late.,2025-11-28,True
302690,7895,9254,3,"Product is okay, nothing special.",2025-02-27,False
302691,6279,9283,3,Decent but delivery was late.,2023-12-18,True
302692,6833,9050,3,Decent but delivery was late.,2025-03-14,False
302693,6179,9006,1,Item arrived damaged.,2022-12-15,True
302694,7833,9160,2,"Poor quality, disappointed.",2026-06-14,True
302695,5187,9515,2,Item arrived damaged.,2022-12-02,True
302696,5300,9334,1,Stopped working after a week.,2023-12-14,True
302697,5248,9133,1,Item arrived damaged.,2022-06-22,True
302698,5779,9401,3,"Average quality, expected more.",2024-10-20,True
302699,6509,9081,2,Item arrived damaged.,2022-05-25,True
302700,7883,9177,3,"Product is okay, nothing special.",2025-02-26,False
302701,5679,9327,5,"Loved it, will buy again.",2024-07-20,False
302702,5819,9067,4,Superb value for money.,2026-06-15,True
302703,6991,9412,2,,2022-03-31,False
302704,7507,9012,1,Item arrived damaged.,2023-01-23,False
302705,7143,9522,5,"Exactly as described, very happy.",2025-03-15,False
302706,6773,9013,4,"Loved it, will buy again.",2025-02-03,True
302707,7273,9110,5,Excellent quality and fast delivery.,2025-08-16,False
302708,5157,9187,5,"Great product, worth the money!",2025-10-16,True
302709,7789,9122,3,"Average quality, expected more.",2023-04-17,False
302710,5461,9212,4,Superb value for money.,2024-03-24,False
302711,7104,9008,4,Excellent quality and fast delivery.,2025-05-11,True
302712,5834,9209,4,"Loved it, will buy again.",2022-07-18,True
302713,5487,9512,4,"Loved it, will buy again.",2022-04-19,False
302714,6673,9565,4,"Loved it, will buy again.",2023-07-05,False
302715,6538,9314,2,"Poor quality, disappointed.",2022-08-01,True
302716,6661,9370,5,"Great product, worth the money!",2024-07-20,False
302717,7991,9589,5,"Exactly as described, very happy.",2026-03-28,False
302718,6373,9457,4,"Loved it, will buy again.",2023-12-23,True
302719,7955,9120,3,"Average quality, expected more.",2023-10-13,True
302720,6669,9096,4,Superb value for money.,2024-10-02,False
302721,7159,9470,4,Excellent quality and fast delivery.,2026-04-02,True
302722,7053,9477,2,Item arrived damaged.,2025-04-13,True
302723,7905,9111,1,Item arrived damaged.,2025-12-12,False
302724,5218,9248,1,,2023-11-26,True
302725,7523,9117,2,Not worth the price.,2025-06-29,False
302726,5299,9508,2,Stopped working after a week.,2025-08-13,True
302727,7443,9424,3,"Average quality, expected more.",2025-07-24,True
302728,7402,9185,4,"Loved it, will buy again.",2023-04-11,True
302729,6659,9085,1,"Poor quality, disappointed.",2026-03-02,True
302730,6584,9277,4,"Exactly as described, very happy.",2025-03-15,True
302731,5944,9104,1,"Poor quality, disappointed.",2026-04-13,True
302732,5416,9587,1,"Poor quality, disappointed.",2023-11-25,True
302733,6582,9213,1,"Poor quality, disappointed.",2024-12-17,True
302734,5987,9511,5,"Exactly as described, very happy.",2026-02-15,True
302735,7722,9350,3,Decent but delivery was late.,2022-03-31,True
302736,7268,9590,4,"Exactly as described, very happy.",2024-08-05,True
302737,6678,9154,2,Item arrived damaged.,2026-03-25,True
302738,7208,9021,2,,2025-03-30,True
302739,7298,9163,1,Item arrived damaged.,2024-09-23,False
302740,5320,9051,1,Not worth the price.,2023-07-11,True
302741,6208,9202,5,Superb value for money.,2026-07-08,True
302742,6502,9040,4,Excellent quality and fast delivery.,2023-04-14,True
302743,7319,9547,3,"Average quality, expected more.",2025-12-27,False
302744,5984,9510,1,Stopped working after a week.,2023-01-27,True
302745,6781,9011,1,Stopped working after a week.,2024-12-12,True
302746,5321,9103,5,,2022-10-06,True
302747,6654,9137,1,"Poor quality, disappointed.",2025-02-06,True
302748,7773,9592,2,"Poor quality, disappointed.",2023-01-30,True
302749,5157,9018,5,Superb value for money.,2023-04-27,False
302750,5671,9216,2,"Poor quality, disappointed.",2022-07-07,True
302751,5386,9581,3,"Product is okay, nothing special.",2025-11-08,False
302752,5311,9077,5,"Great product, worth the money!",2023-06-28,True
302753,5987,9339,1,,2025-01-31,False
302754,5198,9489,4,"Great product, worth the money!",2025-09-09,True
302755,7837,9065,4,"Loved it, will buy again.",2025-09-08,False
302756,7284,9242,4,Excellent quality and fast delivery.,2025-01-29,True
302757,6352,9590,1,Item arrived damaged.,2023-05-06,True
302758,5414,9033,1,Stopped working after a week.,2026-01-12,True
302759,7575,9502,5,"Great product, worth the money!",2022-05-18,True
302760,5201,9205,5,"Great product, worth the money!",2023-05-26,True
302761,6035,9429,1,Not worth the price.,2023-02-04,True
302762,5002,9320,5,"Loved it, will buy again.",2022-08-24,True
302763,6002,9491,3,Decent but delivery was late.,2024-11-06,True
302764,7616,9235,2,Stopped working after a week.,2024-10-01,True
302765,5852,9099,2,Item arrived damaged.,2022-02-12,True
302766,5158,9090,3,"Average quality, expected more.",2024-11-22,True
302767,6944,9316,2,Item arrived damaged.,2025-11-18,True
302768,6152,9235,5,Excellent quality and fast delivery.,2023-05-12,True
302769,5367,9184,1,Not worth the price.,2025-07-01,True
302770,6471,9115,5,Excellent quality and fast delivery.,2022-02-15,False
302771,6664,9318,2,Not worth the price.,2022-04-24,True
302772,5037,9518,2,Stopped working after a week.,2022-05-02,True
302773,5966,9464,2,,2023-08-22,False
302774,6427,9044,5,Superb value for money.,2025-08-20,True
302775,6129,9459,1,Stopped working after a week.,2023-12-10,True
302776,5458,9360,1,"Poor quality, disappointed.",2025-09-01,True
302777,7448,9361,1,Not worth the price.,2022-12-19,False
302778,6067,9386,4,"Loved it, will buy again.",2023-04-13,False
302779,6173,9205,2,Not worth the price.,2025-07-23,False
302780,5705,9488,4,Superb value for money.,2025-09-17,False
302781,5715,9159,3,"Product is okay, nothing special.",2022-11-19,True
302782,7537,9024,1,Stopped working after a week.,2024-05-17,False
302783,5941,9377,1,"Poor quality, disappointed.",2026-07-23,True
302784,5579,9085,1,Item arrived damaged.,2024-10-03,True
302785,6057,9428,4,Superb value for money.,2022-04-23,True
302786,7143,9515,2,Stopped working after a week.,2026-03-05,True
302787,7511,9406,3,"Average quality, expected more.",2022-05-29,True
302788,5773,9356,4,"Great product, worth the money!",2025-03-17,True
302789,7004,9349,3,"Average quality, expected more.",2024-04-02,True
302790,5595,9263,5,"Great product, worth the money!",2025-07-23,True
302791,6438,9083,5,"Loved it, will buy again.",2022-12-29,True
302792,5363,9264,4,"Loved it, will buy again.",2023-04-03,True
302793,7783,9279,5,"Great product, worth the money!",2022-05-26,True
302794,7965,9407,5,Superb value for money.,2024-05-16,True
302795,5200,9190,4,"Exactly as described, very happy.",2023-09-14,False
302796,6841,9343,1,Item arrived damaged.,2022-08-09,True
302797,6592,9118,5,Excellent quality and fast delivery.,2023-04-22,True
302798,6909,9426,1,Stopped working after a week.,2025-01-05,False
302799,5355,9409,3,"Product is okay, nothing special.",2024-07-10,True
302800,7696,9422,5,"Loved it, will buy again.",2025-07-01,True
302801,5320,9287,4,,2025-12-30,True
302802,6972,9275,3,"Product is okay, nothing special.",2023-06-27,True
302803,5904,9591,5,Superb value for money.,2025-08-02,True
302804,7699,9486,1,Item arrived damaged.,2026-04-20,False
302805,6286,9427,1,Item arrived damaged.,2022-02-13,False
302806,7389,9283,2,Item arrived damaged.,2022-08-12,True
302807,5665,9590,5,"Loved it, will buy again.",2025-08-27,False
302808,7198,9490,3,Decent but delivery was late.,2022-12-19,False
302809,6749,9461,1,Not worth the price.,2023-10-18,True
302810,5340,9060,1,Stopped working after a week.,2026-04-28,False
302811,5803,9212,2,Not worth the price.,2022-10-24,True
302812,5297,9428,4,Excellent quality and fast delivery.,2023-06-12,False
302813,6226,9345,5,"Loved it, will buy again.",2025-04-26,True
302814,7128,9417,5,"Loved it, will buy again.",2022-07-05,True
302815,6046,9284,5,Excellent quality and fast delivery.,2024-06-18,True
302816,5601,9145,4,"Loved it, will buy again.",2024-03-06,True
302817,6746,9353,3,"Average quality, expected more.",2026-02-28,True
302818,6324,9008,2,,2026-04-03,False
302819,5222,9363,1,"Poor quality, disappointed.",2022-12-13,True
302820,7935,9315,4,"Great product, worth the money!",2025-06-17,True
302821,5780,9029,5,Excellent quality and fast delivery.,2023-02-14,True
302822,7907,9212,4,Excellent quality and fast delivery.,2024-10-01,False
302823,7375,9105,2,,2022-12-08,True
302824,5291,9174,5,"Great product, worth the money!",2023-02-13,False
302825,5507,9316,2,Not worth the price.,2024-10-26,False
302826,7160,9489,5,Excellent quality and fast delivery.,2024-09-11,True
302827,7351,9293,5,Superb value for money.,2024-03-03,True
302828,6366,9587,1,"Poor quality, disappointed.",2024-07-18,False
302829,7548,9441,3,"Product is okay, nothing special.",2023-07-28,False
302830,7168,9253,3,"Average quality, expected more.",2022-01-31,True
302831,5370,9587,4,Superb value for money.,2026-01-29,True
302832,7729,9069,1,Stopped working after a week.,2024-10-23,True
302833,5245,9413,2,Stopped working after a week.,2022-01-15,True
302834,7412,9010,2,"Poor quality, disappointed.",2022-09-06,False
302835,8000,9525,3,"Product is okay, nothing special.",2025-03-22,False
302836,5992,9264,2,"Poor quality, disappointed.",2022-05-07,True
302837,6819,9123,5,Superb value for money.,2024-01-10,False
302838,5581,9149,2,Stopped working after a week.,2025-12-03,True
302839,6343,9410,2,Stopped working after a week.,2022-01-10,False
302840,5245,9343,1,Not worth the price.,2022-04-24,False
302841,7359,9143,1,Stopped working after a week.,2022-09-01,True
302842,5334,9058,2,Not worth the price.,2024-01-15,True
302843,6195,9166,5,"Exactly as described, very happy.",2022-01-29,False
302844,5523,9206,2,Stopped working after a week.,2022-08-25,True
302845,5664,9005,5,Superb value for money.,2025-09-19,True
302846,5493,9006,1,Stopped working after a week.,2023-04-14,True
302847,6606,9558,3,"Average quality, expected more.",2023-11-03,True
302848,7178,9534,4,Excellent quality and fast delivery.,2025-10-06,True
302849,5635,9056,1,Not worth the price.,2024-11-20,False
302850,6068,9261,4,"Great product, worth the money!",2023-01-11,True
302851,6233,9165,5,"Loved it, will buy again.",2022-04-14,True
302852,7626,9547,5,"Loved it, will buy again.",2023-03-24,False
302853,7872,9435,4,"Great product, worth the money!",2024-01-04,False
302854,7406,9131,4,"Exactly as described, very happy.",2022-11-14,True
302855,5021,9358,4,"Great product, worth the money!",2022-08-05,True
302856,7150,9077,2,"Poor quality, disappointed.",2022-11-06,False
302857,6182,9401,5,"Loved it, will buy again.",2022-06-14,True
302858,7025,9386,2,Item arrived damaged.,2026-02-02,True
302859,6159,9168,1,Item arrived damaged.,2023-09-02,True
302860,6336,9004,1,"Poor quality, disappointed.",2025-04-07,True
302861,7827,9594,4,Excellent quality and fast delivery.,2024-02-11,True
302862,5692,9331,4,Superb value for money.,2025-03-17,True
302863,6752,9505,3,"Product is okay, nothing special.",2024-11-03,True
302864,5089,9110,1,Stopped working after a week.,2022-12-11,False
302865,7834,9055,1,Not worth the price.,2024-10-16,False
302866,7948,9397,3,Decent but delivery was late.,2024-07-23,True
302867,6440,9457,5,"Loved it, will buy again.",2024-04-18,True
302868,5052,9011,2,Not worth the price.,2023-12-14,True
302869,5642,9408,3,"Average quality, expected more.",2024-05-09,True
302870,5171,9156,2,Not worth the price.,2024-06-29,True
302871,5060,9409,1,Item arrived damaged.,2026-02-13,True
302872,7776,9322,1,Stopped working after a week.,2023-02-28,False
302873,7180,9213,4,Excellent quality and fast delivery.,2025-07-12,True
302874,6515,9600,4,"Exactly as described, very happy.",2024-08-21,True
302875,5469,9563,3,"Average quality, expected more.",2023-02-23,True
302876,7827,9065,4,Excellent quality and fast delivery.,2022-04-01,True
302877,7768,9249,1,Item arrived damaged.,2023-09-15,True
302878,5164,9550,4,"Great product, worth the money!",2023-01-02,True
302879,7301,9184,5,Excellent quality and fast delivery.,2022-11-30,False
302880,6552,9563,5,Excellent quality and fast delivery.,2024-12-04,True
302881,5875,9263,4,Superb value for money.,2024-09-03,True
302882,7841,9153,4,"Exactly as described, very happy.",2024-08-04,False
302883,7808,9091,4,"Loved it, will buy again.",2025-10-20,True
302884,7362,9109,2,Item arrived damaged.,2023-02-12,False
302885,5186,9051,4,"Exactly as described, very happy.",2024-01-31,True
302886,5010,9344,2,Item arrived damaged.,2026-07-27,True
302887,6406,9460,5,,2025-01-02,False
302888,6285,9415,1,Stopped working after a week.,2026-02-17,False
302889,5677,9599,4,"Exactly as described, very happy.",2025-09-27,True
302890,5602,9409,4,"Loved it, will buy again.",2023-02-22,True
302891,6656,9476,4,"Exactly as described, very happy.",2022-06-25,True
302892,6933,9026,2,Not worth the price.,2022-05-04,False
302893,5398,9505,3,Decent but delivery was late.,2023-08-07,True
302894,5679,9123,4,Excellent quality and fast delivery.,2022-05-17,True
302895,7207,9278,4,Excellent quality and fast delivery.,2023-04-24,True
302896,5611,9307,2,,2024-12-17,False
302897,7029,9250,2,Stopped working after a week.,2022-04-17,False
302898,5361,9201,5,Excellent quality and fast delivery.,2026-01-29,True
302899,5802,9273,1,Item arrived damaged.,2026-03-12,True
302900,7492,9065,4,Superb value for money.,2022-11-19,True
302901,5169,9100,5,Excellent quality and fast delivery.,2025-12-24,True
302902,7194,9435,1,"Poor quality, disappointed.",2022-11-21,False
302903,6310,9151,5,"Exactly as described, very happy.",2026-03-16,True
302904,6573,9419,1,Not worth the price.,2022-09-27,True
302905,6711,9563,2,Item arrived damaged.,2024-05-24,True
302906,5846,9029,5,"Great product, worth the money!",2024-08-29,False
302907,6975,9214,4,Superb value for money.,2025-09-22,True
302908,6134,9291,2,"Poor quality, disappointed.",2025-09-25,True
302909,5416,9116,3,Decent but delivery was late.,2023-04-25,True
302910,5229,9529,2,Item arrived damaged.,2024-03-17,False
302911,6563,9311,5,"Exactly as described, very happy.",2022-10-05,True
302912,6539,9571,4,"Great product, worth the money!",2022-12-16,True
302913,7168,9567,1,,2024-05-16,True
302914,7336,9532,1,Stopped working after a week.,2022-11-21,False
302915,5086,9034,1,Item arrived damaged.,2023-07-14,False
302916,6597,9502,4,"Great product, worth the money!",2023-12-28,True
302917,7136,9510,1,Not worth the price.,2023-05-07,True
302918,6048,9313,5,Superb value for money.,2024-11-23,True
302919,5293,9260,3,"Average quality, expected more.",2024-02-20,True
302920,5641,9088,4,Superb value for money.,2024-11-24,True
302921,6505,9195,1,Not worth the price.,2022-12-16,True
302922,7199,9361,4,"Exactly as described, very happy.",2022-01-08,True
302923,6435,9336,1,Item arrived damaged.,2024-06-06,True
302924,7822,9493,5,Superb value for money.,2024-06-24,True
302925,7553,9439,2,Not worth the price.,2026-08-01,True
302926,7860,9247,3,"Product is okay, nothing special.",2024-01-19,False
302927,7487,9463,3,Decent but delivery was late.,2024-05-05,True
302928,5393,9439,3,Decent but delivery was late.,2025-02-04,False
302929,7336,9105,3,Decent but delivery was late.,2023-08-23,True
302930,5377,9431,4,Excellent quality and fast delivery.,2022-06-01,True
302931,5751,9064,2,"Poor quality, disappointed.",2025-05-30,False
302932,7190,9060,3,Decent but delivery was late.,2022-12-28,False
302933,7442,9342,5,"Loved it, will buy again.",2022-06-22,True
302934,6980,9398,4,Superb value for money.,2025-06-28,True
302935,6662,9167,1,,2026-07-09,True
302936,6484,9264,5,"Loved it, will buy again.",2025-04-19,False
302937,7840,9125,1,Not worth the price.,2022-04-14,True
302938,7474,9508,2,Not worth the price.,2023-01-10,True
302939,5583,9155,5,"Great product, worth the money!",2026-06-18,True
302940,7810,9411,3,"Average quality, expected more.",2022-12-31,False
302941,7142,9486,2,Not worth the price.,2025-03-25,True
302942,5585,9451,1,Stopped working after a week.,2023-02-21,True
302943,6946,9561,5,"Loved it, will buy again.",2022-05-15,True
302944,5510,9581,3,"Product is okay, nothing special.",2025-03-28,True
302945,5127,9421,3,"Average quality, expected more.",2022-09-28,False
302946,6106,9412,3,"Average quality, expected more.",2025-04-24,False
302947,7450,9369,3,"Product is okay, nothing special.",2025-05-15,False
302948,5229,9197,4,"Great product, worth the money!",2022-05-30,True
302949,6579,9347,4,"Exactly as described, very happy.",2025-09-09,True
302950,5049,9370,4,Excellent quality and fast delivery.,2023-01-24,True
302951,7951,9439,2,Item arrived damaged.,2025-02-04,True
302952,5405,9319,3,Decent but delivery was late.,2023-08-17,True
302953,7042,9591,2,Stopped working after a week.,2025-08-12,True
302954,6572,9589,2,Stopped working after a week.,2026-07-22,True
302955,7033,9245,1,"Poor quality, disappointed.",2022-11-17,True
302956,6005,9590,2,Item arrived damaged.,2026-02-09,True
302957,5650,9089,2,Stopped working after a week.,2024-01-11,True
302958,6868,9043,4,"Great product, worth the money!",2026-02-25,False
302959,5339,9110,2,Not worth the price.,2024-05-16,False
302960,5815,9325,5,Superb value for money.,2025-02-19,True
302961,6443,9321,5,"Great product, worth the money!",2023-12-29,False
302962,5446,9478,3,Decent but delivery was late.,2025-01-15,True
302963,6443,9387,5,Superb value for money.,2024-04-12,True
302964,6412,9351,3,"Product is okay, nothing special.",2023-11-02,True
302965,7720,9435,2,"Poor quality, disappointed.",2024-05-27,True
302966,6169,9590,1,"Poor quality, disappointed.",2022-02-22,True
302967,5928,9306,5,"Exactly as described, very happy.",2024-09-02,True
302968,6105,9499,2,,2023-12-02,True
302969,5072,9359,5,"Great product, worth the money!",2023-12-12,True
302970,7157,9450,2,Stopped working after a week.,2024-10-12,True
302971,6757,9444,4,Superb value for money.,2022-03-03,True
302972,5159,9109,4,"Great product, worth the money!",2022-10-20,False
302973,5698,9473,2,,2022-01-22,False
302974,5820,9396,4,,2022-10-07,False
302975,6565,9157,5,"Exactly as described, very happy.",2022-07-03,True
302976,5314,9038,2,Stopped working after a week.,2026-03-30,True
302977,6292,9382,1,Not worth the price.,2023-01-27,False
302978,7340,9075,1,,2023-03-27,True
302979,5307,9518,2,Not worth the price.,2022-07-11,False
302980,6528,9563,4,Excellent quality and fast delivery.,2025-04-10,True
302981,6485,9228,4,"Loved it, will buy again.",2023-02-03,True
302982,7394,9586,2,Stopped working after a week.,2026-07-14,True
302983,7475,9173,4,"Loved it, will buy again.",2022-05-01,False
302984,7446,9594,4,"Loved it, will buy again.",2022-05-13,True
302985,5288,9195,2,Item arrived damaged.,2025-06-12,False
302986,7507,9146,4,Excellent quality and fast delivery.,2023-06-24,True
302987,7529,9526,2,Item arrived damaged.,2024-03-16,True
302988,5751,9078,3,"Product is okay, nothing special.",2025-07-01,True
302989,7958,9379,5,Excellent quality and fast delivery.,2022-04-29,True
302990,5486,9404,2,Item arrived damaged.,2023-05-06,False
302991,6542,9037,2,,2022-11-28,True
302992,7417,9139,3,Decent but delivery was late.,2024-03-14,True
302993,6308,9578,4,"Exactly as described, very happy.",2022-04-12,True
302994,6358,9032,2,Not worth the price.,2025-11-07,True
302995,5833,9343,3,Decent but delivery was late.,2023-08-20,True
302996,7997,9364,5,"Loved it, will buy again.",2025-07-28,True
302997,5054,9318,1,Stopped working after a week.,2025-07-14,True
302998,5818,9333,1,Not worth the price.,2025-01-25,True
302999,7770,9430,4,Excellent quality and fast delivery.,2024-03-18,False
303000,7801,9443,1,Stopped working after a week.,2022-01-29,True
303001,6996,9296,3,Decent but delivery was late.,2026-06-24,True
303002,6774,9594,3,"Product is okay, nothing special.",2025-06-04,True
303003,6506,9075,4,Excellent quality and fast delivery.,2024-04-25,True
303004,7537,9093,3,Decent but delivery was late.,2025-11-18,False
303005,6116,9188,5,Superb value for money.,2024-02-04,True
303006,5768,9317,1,"Poor quality, disappointed.",2023-04-27,False
303007,5328,9310,2,"Poor quality, disappointed.",2026-06-16,True
303008,6582,9265,4,Superb value for money.,2022-08-10,True
303009,7256,9286,2,Stopped working after a week.,2023-06-15,True
303010,5832,9278,4,"Loved it, will buy again.",2024-03-24,True
303011,7673,9458,3,Decent but delivery was late.,2023-08-07,True
303012,5102,9153,4,Superb value for money.,2022-08-23,True
303013,6769,9500,5,"Great product, worth the money!",2022-10-04,True
303014,6345,9116,5,"Loved it, will buy again.",2026-01-10,False
303015,6064,9389,2,"Poor quality, disappointed.",2022-02-14,True
303016,6753,9493,5,"Loved it, will buy again.",2026-07-30,False
303017,5086,9297,5,Superb value for money.,2025-12-23,True
303018,7046,9451,5,Superb value for money.,2022-08-07,True
303019,6452,9554,1,Item arrived damaged.,2022-03-15,True
303020,6831,9557,2,Stopped working after a week.,2024-08-14,False
303021,7035,9438,5,Excellent quality and fast delivery.,2024-07-07,True
303022,7262,9260,2,Item arrived damaged.,2025-10-05,False
303023,5396,9407,5,"Loved it, will buy again.",2024-11-23,True
303024,6154,9213,5,"Loved it, will buy again.",2024-04-14,False
303025,5144,9086,2,Not worth the price.,2025-03-01,True
303026,7708,9292,5,"Loved it, will buy again.",2023-02-02,True
303027,6695,9246,3,Decent but delivery was late.,2025-06-13,False
303028,6899,9132,1,"Poor quality, disappointed.",2023-12-07,True
303029,6614,9465,5,"Exactly as described, very happy.",2025-07-25,False
303030,5429,9406,1,Stopped working after a week.,2024-04-25,False
303031,7470,9150,4,Superb value for money.,2022-07-08,True
303032,7935,9460,5,Excellent quality and fast delivery.,2024-02-19,False
303033,7652,9375,5,Excellent quality and fast delivery.,2025-08-23,True
303034,7422,9235,1,Stopped working after a week.,2025-12-11,True
303035,7021,9047,1,Not worth the price.,2025-10-18,False
303036,6989,9261,1,Stopped working after a week.,2022-05-28,True
303037,5014,9325,5,"Great product, worth the money!",2024-11-26,True
303038,7020,9128,1,"Poor quality, disappointed.",2024-05-19,True
303039,6288,9534,4,"Loved it, will buy again.",2023-01-13,True
303040,6553,9015,3,"Average quality, expected more.",2022-12-22,True
303041,6903,9562,5,"Exactly as described, very happy.",2023-04-24,True
303042,7912,9067,1,Item arrived damaged.,2024-05-18,True
303043,5454,9362,1,"Poor quality, disappointed.",2024-02-18,True
303044,5721,9112,1,"Poor quality, disappointed.",2024-11-19,False
303045,5671,9190,3,"Average quality, expected more.",2024-06-30,True
303046,7618,9268,1,Item arrived damaged.,2024-08-21,True
303047,5289,9171,4,"Great product, worth the money!",2022-01-28,False
303048,7212,9134,5,Superb value for money.,2025-12-25,True
303049,6866,9264,1,Not worth the price.,2026-07-27,True
303050,6871,9472,3,Decent but delivery was late.,2025-12-18,True
303051,7022,9242,2,Not worth the price.,2023-09-03,True
303052,5746,9567,1,Item arrived damaged.,2025-03-18,True
303053,5675,9046,5,Superb value for money.,2026-04-24,False
303054,7953,9116,4,"Great product, worth the money!",2025-06-24,True
303055,5661,9597,3,"Product is okay, nothing special.",2022-01-06,True
303056,6629,9580,4,Excellent quality and fast delivery.,2023-01-29,True
303057,7956,9106,3,Decent but delivery was late.,2023-11-20,True
303058,5321,9092,5,"Loved it, will buy again.",2023-01-22,True
303059,5833,9147,4,"Great product, worth the money!",2025-09-25,True
303060,5305,9142,3,,2025-10-13,True
303061,5386,9486,1,Not worth the price.,2024-11-19,False
303062,5664,9013,1,Stopped working after a week.,2026-03-31,True
303063,6873,9193,4,Superb value for money.,2022-12-25,True
303064,7027,9188,3,"Average quality, expected more.",2024-01-12,True
303065,7197,9319,5,Excellent quality and fast delivery.,2024-06-06,True
303066,5748,9465,2,Item arrived damaged.,2025-01-14,True
303067,5876,9274,2,Stopped working after a week.,2026-02-17,True
303068,7474,9302,2,Stopped working after a week.,2023-04-06,True
303069,7427,9257,5,"Great product, worth the money!",2025-10-25,True
303070,6723,9528,2,Not worth the price.,2026-04-29,False
303071,6845,9011,1,"Poor quality, disappointed.",2025-12-08,False
303072,6788,9166,5,"Loved it, will buy again.",2024-03-28,False
303073,6757,9041,3,Decent but delivery was late.,2025-01-01,False
303074,6005,9108,4,"Loved it, will buy again.",2025-11-20,False
303075,5126,9560,5,"Exactly as described, very happy.",2022-05-05,True
303076,7896,9583,5,,2022-08-31,True
303077,5628,9207,2,Not worth the price.,2023-05-02,False
303078,7944,9256,1,Not worth the price.,2024-03-20,True
303079,7161,9033,3,Decent but delivery was late.,2022-12-15,True
303080,7549,9510,1,,2026-04-12,True
303081,5073,9316,5,,2026-01-06,True
303082,7332,9299,4,,2025-03-18,True
303083,5243,9551,2,Not worth the price.,2023-05-30,True
303084,7602,9053,2,Stopped working after a week.,2026-04-16,True
303085,7497,9555,1,Not worth the price.,2023-07-30,True
303086,7577,9051,3,"Average quality, expected more.",2023-12-24,False
303087,7701,9342,4,"Great product, worth the money!",2026-01-12,True
303088,6716,9485,3,"Average quality, expected more.",2025-05-29,True
303089,7204,9474,3,"Product is okay, nothing special.",2025-12-05,False
303090,7467,9126,5,Excellent quality and fast delivery.,2024-11-07,False
303091,6131,9122,1,,2022-01-17,True
303092,7753,9320,2,Item arrived damaged.,2023-06-23,True
303093,6418,9286,5,Superb value for money.,2024-01-13,False
303094,7482,9526,4,"Great product, worth the money!",2026-01-22,True
303095,6977,9319,1,Item arrived damaged.,2025-06-23,True
303096,5479,9546,2,Item arrived damaged.,2025-11-07,False
303097,5134,9104,5,Excellent quality and fast delivery.,2023-06-15,False
303098,5871,9060,2,Not worth the price.,2025-12-20,True
303099,5526,9287,1,Not worth the price.,2025-01-13,False
303100,5365,9082,5,Excellent quality and fast delivery.,2025-02-07,False
303101,5566,9380,3,"Average quality, expected more.",2024-06-08,True
303102,6249,9479,3,"Product is okay, nothing special.",2025-05-11,False
303103,5768,9411,3,,2023-12-14,True
303104,6382,9117,1,Not worth the price.,2023-07-28,False
303105,6682,9221,5,"Exactly as described, very happy.",2022-11-28,True
303106,7317,9473,1,,2022-09-01,True
303107,6623,9041,2,Not worth the price.,2024-09-18,True
303108,7561,9229,3,"Average quality, expected more.",2023-01-07,True
303109,5499,9411,4,Excellent quality and fast delivery.,2024-09-09,False
303110,6562,9550,5,Excellent quality and fast delivery.,2022-03-15,False
303111,5637,9144,4,"Loved it, will buy again.",2024-06-17,False
303112,5106,9453,2,Stopped working after a week.,2026-01-05,True
303113,5555,9097,2,,2025-06-09,True
303114,5127,9434,4,"Loved it, will buy again.",2024-11-20,True
303115,5385,9448,5,"Loved it, will buy again.",2023-10-16,False
303116,5419,9291,5,Excellent quality and fast delivery.,2025-10-15,False
303117,7740,9136,2,"Poor quality, disappointed.",2023-09-11,True
303118,6421,9319,1,Not worth the price.,2025-09-02,False
303119,6527,9074,1,"Poor quality, disappointed.",2022-01-23,True
303120,7120,9281,3,"Product is okay, nothing special.",2025-08-17,True
303121,5737,9377,5,Superb value for money.,2023-10-07,True
303122,7569,9034,5,,2025-03-01,False
303123,6706,9484,1,Not worth the price.,2026-07-02,True
303124,7387,9086,2,Not worth the price.,2023-08-24,True
303125,6934,9449,2,Stopped working after a week.,2026-04-18,True
303126,7181,9302,4,"Exactly as described, very happy.",2024-12-14,True
303127,7911,9384,2,Stopped working after a week.,2022-10-07,True
303128,6711,9065,2,Not worth the price.,2023-08-28,False
303129,7141,9224,3,"Average quality, expected more.",2022-11-28,True
303130,5005,9532,3,"Average quality, expected more.",2024-01-24,True
303131,7201,9368,1,Not worth the price.,2022-09-15,True
303132,7273,9519,3,"Average quality, expected more.",2024-02-16,False
303133,7190,9517,4,"Great product, worth the money!",2022-02-21,True
303134,6218,9365,2,Item arrived damaged.,2023-01-15,True
303135,6973,9021,3,"Average quality, expected more.",2026-06-10,True
303136,7551,9089,5,Superb value for money.,2022-11-07,True
303137,5140,9438,1,Item arrived damaged.,2025-10-21,True
303138,6847,9118,1,Not worth the price.,2022-06-25,False
303139,7183,9002,1,"Poor quality, disappointed.",2022-02-13,True
303140,6971,9085,5,Superb value for money.,2023-04-11,True
303141,6688,9435,1,Stopped working after a week.,2022-11-10,True
303142,7613,9061,4,"Exactly as described, very happy.",2022-10-11,True
303143,7177,9156,1,Stopped working after a week.,2022-08-03,True
303144,6283,9381,1,"Poor quality, disappointed.",2023-08-24,True
303145,7953,9217,4,Superb value for money.,2025-01-05,True
303146,7562,9584,1,Stopped working after a week.,2024-05-25,True
303147,6370,9401,2,Stopped working after a week.,2023-04-07,True
303148,6678,9072,1,"Poor quality, disappointed.",2024-12-16,True
303149,5531,9324,2,Item arrived damaged.,2025-09-09,True
303150,5127,9139,1,"Poor quality, disappointed.",2025-01-23,True
303151,7194,9457,5,"Loved it, will buy again.",2023-10-01,False
303152,5290,9195,2,Stopped working after a week.,2026-05-12,True
303153,5132,9367,3,"Average quality, expected more.",2025-05-19,True
303154,7571,9251,5,"Exactly as described, very happy.",2024-04-22,True
303155,7827,9087,2,Stopped working after a week.,2025-09-02,True
303156,5825,9038,4,Superb value for money.,2024-07-02,True
303157,6059,9273,5,"Exactly as described, very happy.",2025-06-04,False
303158,6189,9270,3,"Product is okay, nothing special.",2023-02-18,True
303159,6991,9515,3,"Average quality, expected more.",2024-01-28,True
303160,7561,9345,5,"Great product, worth the money!",2022-06-16,True
303161,6112,9108,5,"Loved it, will buy again.",2023-11-02,True
303162,6778,9573,4,,2025-03-04,True
303163,6822,9348,1,"Poor quality, disappointed.",2022-04-22,True
303164,7558,9420,2,"Poor quality, disappointed.",2023-01-18,False
303165,5234,9428,4,Superb value for money.,2026-08-04,True
303166,7585,9468,2,Item arrived damaged.,2026-02-21,True
303167,7881,9537,5,"Great product, worth the money!",2022-03-30,True
303168,5380,9469,1,Stopped working after a week.,2024-04-30,True
303169,5454,9448,5,Excellent quality and fast delivery.,2025-02-24,True
303170,6374,9483,3,Decent but delivery was late.,2023-07-22,False
303171,6939,9282,5,Superb value for money.,2023-08-30,False
303172,6990,9479,4,Excellent quality and fast delivery.,2025-03-05,True
303173,7112,9103,3,Decent but delivery was late.,2026-02-28,True
303174,7776,9481,3,"Product is okay, nothing special.",2022-06-03,True
303175,6507,9545,4,"Loved it, will buy again.",2024-07-08,True
303176,7809,9152,2,Not worth the price.,2023-06-07,True
303177,5420,9497,1,"Poor quality, disappointed.",2023-02-27,True
303178,6114,9501,4,"Loved it, will buy again.",2024-06-24,True
303179,5833,9299,4,Excellent quality and fast delivery.,2024-05-13,True
303180,5054,9472,3,"Product is okay, nothing special.",2025-12-01,True
303181,5145,9324,2,Not worth the price.,2026-05-29,True
303182,6058,9524,3,Decent but delivery was late.,2025-10-26,True
303183,6055,9136,4,"Great product, worth the money!",2024-07-24,False
303184,7008,9582,5,Superb value for money.,2023-05-04,True
303185,5329,9022,1,"Poor quality, disappointed.",2022-09-05,True
303186,7160,9432,1,Not worth the price.,2026-02-23,True
303187,7528,9304,1,Item arrived damaged.,2024-04-27,True
303188,6269,9420,4,Superb value for money.,2023-10-02,True
303189,7415,9526,3,"Average quality, expected more.",2025-01-14,True
303190,6437,9319,3,"Average quality, expected more.",2025-02-07,True
303191,7915,9411,4,"Loved it, will buy again.",2024-12-10,True
303192,5540,9520,4,"Great product, worth the money!",2022-09-14,True
303193,6692,9144,4,Excellent quality and fast delivery.,2022-02-16,True
303194,7535,9336,5,"Loved it, will buy again.",2022-07-06,True
303195,5697,9594,1,Not worth the price.,2022-01-14,True
303196,7324,9566,1,Not worth the price.,2026-02-27,True
303197,5363,9119,2,Stopped working after a week.,2025-02-15,True
303198,6668,9239,2,Item arrived damaged.,2024-05-09,True
303199,5184,9097,5,"Great product, worth the money!",2023-09-19,True
303200,7404,9284,3,"Average quality, expected more.",2025-12-06,False
303201,7356,9014,5,"Exactly as described, very happy.",2026-07-09,True
303202,7397,9194,5,"Great product, worth the money!",2023-07-21,True
303203,6929,9012,1,"Poor quality, disappointed.",2026-04-23,True
303204,6947,9545,3,"Average quality, expected more.",2022-04-22,True
303205,7468,9382,1,"Poor quality, disappointed.",2023-08-29,True
303206,7168,9152,5,Excellent quality and fast delivery.,2024-08-17,False
303207,5718,9232,4,"Exactly as described, very happy.",2025-01-22,True
303208,6099,9573,1,Stopped working after a week.,2026-02-25,True
303209,7335,9491,3,"Average quality, expected more.",2024-07-20,True
303210,6972,9205,5,"Great product, worth the money!",2022-09-14,True
303211,6255,9302,4,Superb value for money.,2026-02-13,True
303212,6083,9399,2,,2022-12-06,False
303213,7268,9486,2,,2023-01-18,True
303214,5703,9036,4,Superb value for money.,2024-11-27,False
303215,7026,9551,4,"Great product, worth the money!",2023-02-16,True
303216,6108,9209,1,Not worth the price.,2026-02-15,True
303217,6071,9207,4,,2025-03-13,True
303218,5759,9555,1,"Poor quality, disappointed.",2026-05-23,True
303219,5293,9431,5,Excellent quality and fast delivery.,2022-01-09,False
303220,7370,9335,5,"Great product, worth the money!",2022-01-17,True
303221,5348,9484,5,"Great product, worth the money!",2025-03-30,False
303222,5428,9069,3,"Average quality, expected more.",2023-08-10,True
303223,6937,9204,4,"Loved it, will buy again.",2023-09-04,True
303224,7855,9175,4,"Exactly as described, very happy.",2022-03-08,True
303225,5705,9292,3,"Product is okay, nothing special.",2022-04-16,True
303226,6978,9008,4,"Great product, worth the money!",2023-06-30,True
303227,6074,9244,4,Superb value for money.,2022-10-25,True
303228,7771,9314,2,Item arrived damaged.,2023-10-09,True
303229,5647,9074,2,Stopped working after a week.,2022-04-07,False
303230,7492,9437,3,"Average quality, expected more.",2022-08-22,False
303231,6809,9508,4,"Great product, worth the money!",2025-10-25,True
303232,6118,9124,1,Item arrived damaged.,2025-10-29,True
303233,5440,9501,3,"Product is okay, nothing special.",2022-02-02,False
303234,6290,9008,4,Superb value for money.,2024-11-17,False
303235,6724,9409,2,Not worth the price.,2023-04-13,True
303236,5856,9165,4,"Great product, worth the money!",2022-10-26,False
303237,6262,9249,5,"Loved it, will buy again.",2022-01-28,True
303238,7530,9053,1,Stopped working after a week.,2023-06-30,False
303239,7553,9037,4,"Great product, worth the money!",2026-01-03,False
303240,7879,9133,1,Stopped working after a week.,2022-04-15,True
303241,7096,9497,1,Stopped working after a week.,2022-08-15,True
303242,5772,9047,4,"Great product, worth the money!",2023-05-05,True
303243,5101,9345,3,"Product is okay, nothing special.",2024-06-03,False
303244,7982,9028,3,"Average quality, expected more.",2022-12-17,True
303245,6291,9356,1,Stopped working after a week.,2026-07-12,True
303246,6106,9366,5,Superb value for money.,2025-05-06,False
303247,6694,9483,2,Stopped working after a week.,2022-04-07,False
303248,6795,9163,2,"Poor quality, disappointed.",2024-01-15,True
303249,6067,9130,3,Decent but delivery was late.,2024-05-19,True
303250,5931,9458,5,Excellent quality and fast delivery.,2024-01-12,True
303251,7329,9035,1,Not worth the price.,2022-03-11,True
303252,6576,9572,5,"Exactly as described, very happy.",2024-05-14,True
303253,7373,9312,4,Excellent quality and fast delivery.,2023-12-09,True
303254,5892,9486,1,Stopped working after a week.,2023-04-16,False
303255,5714,9453,5,Superb value for money.,2022-01-16,True
303256,7033,9344,3,,2023-06-29,True
303257,7790,9116,4,"Great product, worth the money!",2024-01-27,True
303258,5878,9592,5,Excellent quality and fast delivery.,2026-06-07,True
303259,5963,9237,4,Excellent quality and fast delivery.,2022-04-30,True
303260,5935,9489,1,Item arrived damaged.,2024-09-20,False
303261,6920,9051,5,"Great product, worth the money!",2024-08-18,True
303262,6616,9057,2,Item arrived damaged.,2023-05-22,False
303263,6670,9421,1,Not worth the price.,2024-12-01,True
303264,7759,9098,3,"Product is okay, nothing special.",2025-01-06,False
303265,6830,9170,1,Not worth the price.,2022-06-14,True
303266,6570,9576,1,"Poor quality, disappointed.",2022-05-29,True
303267,5194,9087,1,"Poor quality, disappointed.",2023-02-08,True
303268,5724,9437,4,Excellent quality and fast delivery.,2026-06-27,True
303269,7714,9287,3,Decent but delivery was late.,2023-11-18,True
303270,7756,9113,4,Excellent quality and fast delivery.,2022-03-28,True
303271,7118,9074,2,Not worth the price.,2023-09-14,True
303272,7459,9129,5,"Exactly as described, very happy.",2023-05-07,True
303273,6608,9491,1,Item arrived damaged.,2022-09-08,False
303274,6582,9262,1,Not worth the price.,2024-05-09,True
303275,7458,9060,1,Not worth the price.,2025-10-28,False
303276,7321,9241,2,"Poor quality, disappointed.",2022-03-19,True
303277,7276,9509,4,"Exactly as described, very happy.",2025-11-26,True
303278,6817,9495,1,Stopped working after a week.,2026-04-14,True
303279,7222,9092,3,"Product is okay, nothing special.",2024-10-29,False
303280,5304,9349,4,Superb value for money.,2024-12-08,True
303281,6279,9366,3,"Product is okay, nothing special.",2025-04-17,True
303282,5105,9248,2,Stopped working after a week.,2023-09-10,True
303283,5140,9168,5,Excellent quality and fast delivery.,2026-08-03,False
303284,6156,9549,1,,2025-04-12,True
303285,5438,9285,4,Superb value for money.,2025-01-22,True
303286,5458,9115,5,"Exactly as described, very happy.",2023-09-09,True
303287,7233,9440,3,"Product is okay, nothing special.",2026-07-15,True
303288,6377,9596,1,"Poor quality, disappointed.",2025-11-25,False
303289,7334,9366,4,Excellent quality and fast delivery.,2022-06-14,True
303290,6917,9163,2,Not worth the price.,2024-06-23,True
303291,5101,9258,1,Stopped working after a week.,2023-09-28,True
303292,7723,9464,3,,2025-02-11,True
303293,5834,9531,2,"Poor quality, disappointed.",2023-12-10,True
303294,6948,9502,3,"Average quality, expected more.",2024-05-28,True
303295,6644,9083,4,,2023-04-27,True
303296,5145,9302,2,,2023-11-10,True
303297,7994,9230,4,"Great product, worth the money!",2023-03-26,True
303298,6912,9517,2,Stopped working after a week.,2024-11-25,True
303299,6600,9193,4,"Exactly as described, very happy.",2025-05-31,True
303300,7343,9181,5,"Exactly as described, very happy.",2022-11-05,True
303301,5131,9503,4,"Great product, worth the money!",2022-01-12,True
303302,7933,9071,1,Item arrived damaged.,2023-07-17,True
303303,7050,9168,2,Not worth the price.,2024-03-15,True
303304,6551,9242,3,"Average quality, expected more.",2023-03-03,False
303305,7121,9195,2,Stopped working after a week.,2023-12-18,False
303306,7639,9057,2,Stopped working after a week.,2023-06-19,True
303307,5383,9276,4,"Exactly as described, very happy.",2026-07-29,True
303308,7795,9515,1,Item arrived damaged.,2025-10-31,True
303309,5816,9172,2,Not worth the price.,2026-05-11,True
303310,5015,9465,2,,2022-10-11,True
303311,5678,9406,5,"Loved it, will buy again.",2024-06-28,False
303312,7847,9435,4,"Exactly as described, very happy.",2022-10-19,False
303313,6736,9035,4,"Loved it, will buy again.",2023-09-12,True
303314,6981,9448,4,"Loved it, will buy again.",2026-01-19,True
303315,7942,9112,2,Stopped working after a week.,2024-07-11,True
303316,5818,9591,1,Stopped working after a week.,2025-03-17,False
303317,6556,9108,1,Not worth the price.,2023-03-06,False
303318,6895,9337,5,"Great product, worth the money!",2022-04-06,True
303319,6196,9321,5,Excellent quality and fast delivery.,2024-02-06,False
303320,7826,9447,2,Item arrived damaged.,2025-07-20,True
303321,5745,9020,5,"Loved it, will buy again.",2025-04-10,False
303322,7841,9547,4,"Great product, worth the money!",2023-01-25,True
303323,6415,9418,5,Excellent quality and fast delivery.,2022-06-20,True
303324,7011,9329,5,Superb value for money.,2024-08-28,False
303325,5533,9088,5,Excellent quality and fast delivery.,2025-05-24,True
303326,7224,9318,3,"Average quality, expected more.",2025-06-04,True
303327,6262,9126,2,"Poor quality, disappointed.",2026-04-06,False
303328,6639,9068,2,Not worth the price.,2026-02-27,True
303329,6195,9448,3,"Average quality, expected more.",2023-05-24,True
303330,7317,9120,3,"Average quality, expected more.",2024-06-28,True
303331,6047,9338,5,"Great product, worth the money!",2022-02-11,True
303332,5907,9286,2,"Poor quality, disappointed.",2025-06-09,False
303333,6012,9544,1,Not worth the price.,2025-11-21,True
303334,7083,9120,1,Item arrived damaged.,2025-09-07,True
303335,5685,9364,4,Superb value for money.,2025-03-12,True
303336,6505,9100,2,Stopped working after a week.,2026-06-18,True
303337,7865,9425,1,,2024-09-19,False
303338,6769,9467,5,"Great product, worth the money!",2024-07-19,True
303339,6077,9074,1,Stopped working after a week.,2025-02-20,True
303340,5278,9384,2,"Poor quality, disappointed.",2024-12-13,True
303341,5482,9420,1,Not worth the price.,2022-12-26,True
303342,7017,9131,3,"Average quality, expected more.",2022-07-13,True
303343,6181,9126,4,"Exactly as described, very happy.",2022-09-15,True
303344,6749,9385,3,"Product is okay, nothing special.",2023-07-06,True
303345,6110,9489,2,Item arrived damaged.,2022-05-11,True
303346,5802,9571,4,"Exactly as described, very happy.",2023-11-20,True
303347,6360,9237,4,,2024-04-24,True
303348,7364,9287,3,"Average quality, expected more.",2022-09-08,True
303349,7837,9465,3,Decent but delivery was late.,2025-03-18,True
303350,7035,9070,4,"Exactly as described, very happy.",2022-01-02,False
303351,7388,9433,4,"Loved it, will buy again.",2026-04-24,True
303352,7651,9376,3,"Average quality, expected more.",2025-12-27,False
303353,5647,9380,4,,2026-05-16,True
303354,5713,9236,5,"Loved it, will buy again.",2023-07-01,True
303355,7433,9062,3,"Average quality, expected more.",2026-03-24,False
303356,5328,9256,5,Excellent quality and fast delivery.,2022-01-17,True
303357,6583,9248,2,,2023-03-24,True
303358,7334,9192,3,"Average quality, expected more.",2025-03-13,False
303359,6235,9205,4,"Exactly as described, very happy.",2025-05-18,True
303360,6797,9119,5,Superb value for money.,2024-08-20,True
303361,6117,9062,4,"Great product, worth the money!",2023-04-28,False
303362,6851,9084,1,Item arrived damaged.,2024-06-26,True
303363,7574,9581,2,Item arrived damaged.,2026-03-19,True
303364,5579,9576,4,"Exactly as described, very happy.",2022-03-13,False
303365,5872,9040,4,Excellent quality and fast delivery.,2026-07-06,False
303366,7991,9020,4,,2024-06-28,True
303367,5811,9004,4,,2024-03-29,False
303368,6009,9294,3,"Average quality, expected more.",2024-01-04,True
303369,5416,9146,4,"Loved it, will buy again.",2025-04-15,True
303370,7694,9555,4,Superb value for money.,2025-06-20,True
303371,5229,9411,4,"Loved it, will buy again.",2023-07-14,True
303372,7018,9491,2,Not worth the price.,2023-08-12,True
303373,5020,9267,4,"Loved it, will buy again.",2023-11-18,True
303374,6643,9418,3,"Average quality, expected more.",2022-05-07,False
303375,7065,9388,3,"Product is okay, nothing special.",2024-09-05,True
303376,6831,9082,5,Superb value for money.,2022-04-17,True
303377,7947,9142,4,Excellent quality and fast delivery.,2026-06-10,True
303378,7558,9274,1,Not worth the price.,2024-07-17,False
303379,5185,9440,5,"Loved it, will buy again.",2026-02-07,True
303380,6052,9410,4,"Great product, worth the money!",2025-04-28,True
303381,7519,9395,3,"Product is okay, nothing special.",2023-10-23,True
303382,6982,9529,5,"Loved it, will buy again.",2026-02-04,False
303383,7044,9441,3,Decent but delivery was late.,2025-02-09,False
303384,5215,9319,5,"Great product, worth the money!",2023-04-21,True
303385,7741,9198,3,Decent but delivery was late.,2023-12-08,True
303386,6142,9554,5,"Loved it, will buy again.",2026-03-23,True
303387,7464,9166,5,"Loved it, will buy again.",2025-08-21,False
303388,7945,9450,3,"Product is okay, nothing special.",2025-08-18,False
303389,7353,9012,1,,2025-12-22,True
303390,5757,9379,3,Decent but delivery was late.,2022-05-29,True
303391,5690,9467,1,Item arrived damaged.,2025-01-02,True
303392,5975,9133,1,"Poor quality, disappointed.",2025-10-26,True
303393,7156,9571,1,Not worth the price.,2026-02-11,True
303394,6421,9549,5,"Loved it, will buy again.",2024-05-09,True
303395,5435,9209,3,"Product is okay, nothing special.",2024-09-24,False
303396,6279,9071,2,Item arrived damaged.,2023-04-18,True
303397,5933,9468,5,"Exactly as described, very happy.",2025-10-19,True
303398,7186,9584,5,Superb value for money.,2026-07-09,True
303399,6582,9437,4,Superb value for money.,2023-11-22,True
303400,7777,9141,2,Stopped working after a week.,2023-07-07,True
303401,7574,9222,5,Excellent quality and fast delivery.,2023-11-12,False
303402,5224,9469,4,"Loved it, will buy again.",2025-04-09,True
303403,7083,9258,3,Decent but delivery was late.,2025-04-27,True
303404,6054,9344,4,"Exactly as described, very happy.",2023-05-29,True
303405,6454,9486,5,"Great product, worth the money!",2023-12-27,False
303406,5552,9522,3,"Product is okay, nothing special.",2022-03-29,False
303407,7388,9561,4,,2025-10-15,True
303408,7100,9232,1,Item arrived damaged.,2022-01-13,True
303409,7804,9440,1,Item arrived damaged.,2024-05-10,True
303410,5551,9568,3,"Product is okay, nothing special.",2023-09-18,True
303411,5980,9325,4,Superb value for money.,2026-03-08,True
303412,5557,9326,1,Not worth the price.,2022-02-01,True
303413,5665,9478,5,"Great product, worth the money!",2024-10-27,True
303414,6016,9142,3,Decent but delivery was late.,2022-05-06,True
303415,7349,9057,4,"Exactly as described, very happy.",2024-06-24,True
303416,6510,9456,4,"Great product, worth the money!",2023-05-29,True
303417,7363,9327,2,Item arrived damaged.,2024-07-10,False
303418,7220,9579,2,Stopped working after a week.,2025-04-22,True
303419,7801,9468,5,"Loved it, will buy again.",2022-12-04,True
303420,6558,9422,1,Item arrived damaged.,2025-10-30,False
303421,6806,9337,1,"Poor quality, disappointed.",2022-07-15,True
303422,6090,9019,5,"Great product, worth the money!",2024-07-24,False
303423,5238,9367,4,"Exactly as described, very happy.",2023-12-09,True
303424,6144,9322,5,Excellent quality and fast delivery.,2024-11-07,True
303425,6145,9110,3,"Average quality, expected more.",2023-10-29,False
303426,7253,9130,3,"Product is okay, nothing special.",2023-04-20,False
303427,7864,9262,4,"Great product, worth the money!",2025-12-07,True
303428,5675,9190,3,"Product is okay, nothing special.",2025-12-06,True
303429,7954,9293,3,"Product is okay, nothing special.",2022-01-22,True
303430,6463,9406,2,,2022-01-12,True
303431,5920,9242,5,"Loved it, will buy again.",2026-02-20,True
303432,5681,9344,4,Superb value for money.,2026-04-06,True
303433,5089,9003,1,"Poor quality, disappointed.",2026-02-04,True
303434,5385,9481,1,Not worth the price.,2024-02-13,True
303435,7206,9043,3,Decent but delivery was late.,2023-08-14,True
303436,5482,9575,2,,2026-05-15,True
303437,6417,9206,1,Not worth the price.,2026-08-04,False
303438,5235,9207,1,Item arrived damaged.,2022-06-06,True
303439,7100,9560,4,"Loved it, will buy again.",2025-10-14,True
303440,5274,9222,3,"Product is okay, nothing special.",2022-06-29,True
303441,7685,9056,3,"Average quality, expected more.",2024-03-22,True
303442,7310,9069,3,,2025-01-23,True
303443,6508,9148,1,Stopped working after a week.,2025-08-06,True
303444,6084,9085,1,Item arrived damaged.,2023-01-29,True
303445,6681,9271,2,"Poor quality, disappointed.",2022-01-13,True
303446,7126,9171,4,Superb value for money.,2023-09-22,True
303447,7785,9044,2,Stopped working after a week.,2023-08-13,True
303448,7300,9447,4,"Exactly as described, very happy.",2025-02-16,True
303449,6249,9219,4,Superb value for money.,2026-02-05,True
303450,6425,9305,3,Decent but delivery was late.,2026-03-26,False
303451,7032,9272,4,"Loved it, will buy again.",2025-10-05,True
303452,7397,9206,2,"Poor quality, disappointed.",2025-10-13,False
303453,7678,9107,4,,2023-05-19,True
303454,7858,9549,4,"Great product, worth the money!",2022-12-23,True
303455,5927,9216,2,Not worth the price.,2023-03-08,True
303456,7582,9491,4,Superb value for money.,2024-03-18,True
303457,6475,9210,3,"Product is okay, nothing special.",2024-05-23,False
303458,5747,9277,1,Item arrived damaged.,2024-01-01,True
303459,7458,9002,5,Excellent quality and fast delivery.,2024-10-08,True
303460,7196,9239,2,Item arrived damaged.,2025-10-29,True
303461,7384,9188,5,"Great product, worth the money!",2022-01-31,True
303462,5613,9336,3,Decent but delivery was late.,2023-03-20,True
303463,5979,9008,5,Excellent quality and fast delivery.,2023-11-22,True
303464,6682,9478,5,Excellent quality and fast delivery.,2024-06-04,True
303465,5994,9346,4,"Great product, worth the money!",2024-04-08,True
303466,6082,9167,5,"Exactly as described, very happy.",2026-03-09,True
303467,6662,9232,4,Excellent quality and fast delivery.,2023-06-21,False
303468,7337,9044,5,"Great product, worth the money!",2022-01-12,True
303469,6713,9510,5,"Exactly as described, very happy.",2024-07-21,False
303470,5025,9280,2,"Poor quality, disappointed.",2025-10-26,True
303471,7807,9373,3,Decent but delivery was late.,2022-02-23,False
303472,7993,9125,5,"Great product, worth the money!",2025-08-27,True
303473,7986,9439,3,"Product is okay, nothing special.",2022-09-14,True
303474,5930,9352,2,Item arrived damaged.,2026-07-30,True
303475,5046,9397,5,"Great product, worth the money!",2024-11-29,True
303476,6087,9486,2,"Poor quality, disappointed.",2026-03-25,True
303477,7570,9099,2,Not worth the price.,2022-11-03,True
303478,6097,9297,4,"Loved it, will buy again.",2022-08-10,True
303479,7065,9042,3,"Product is okay, nothing special.",2024-07-22,True
303480,6994,9048,3,Decent but delivery was late.,2026-01-25,True
303481,7233,9101,2,"Poor quality, disappointed.",2025-06-26,False
303482,7873,9228,4,Superb value for money.,2023-09-27,True
303483,7972,9449,3,"Product is okay, nothing special.",2025-04-13,True
303484,5511,9068,5,"Loved it, will buy again.",2025-01-29,True
303485,5626,9453,4,"Great product, worth the money!",2025-07-06,True
303486,7053,9593,2,Item arrived damaged.,2023-02-17,True
303487,5313,9322,4,Excellent quality and fast delivery.,2025-04-24,True
303488,6058,9458,3,"Product is okay, nothing special.",2025-08-07,False
303489,7695,9123,2,Not worth the price.,2025-03-04,True
303490,7625,9491,4,Superb value for money.,2024-03-02,False
303491,6080,9595,2,Not worth the price.,2022-05-31,True
303492,7958,9249,1,Not worth the price.,2023-11-30,True
303493,6298,9097,5,Superb value for money.,2026-01-16,True
303494,5134,9011,3,Decent but delivery was late.,2022-06-07,True
303495,5253,9313,3,Decent but delivery was late.,2024-04-04,True
303496,6247,9052,3,Decent but delivery was late.,2023-02-08,False
303497,5807,9340,2,Stopped working after a week.,2023-05-26,True
303498,6787,9426,3,"Average quality, expected more.",2022-09-25,True
303499,5476,9160,4,"Loved it, will buy again.",2026-07-31,True
303500,7873,9314,5,"Exactly as described, very happy.",2025-05-09,True
303501,6832,9420,5,Excellent quality and fast delivery.,2024-07-05,True
303502,5523,9384,2,Stopped working after a week.,2022-03-17,True
303503,6043,9245,5,"Great product, worth the money!",2026-08-05,True
303504,6829,9118,4,"Exactly as described, very happy.",2025-10-24,True
303505,7811,9368,2,Not worth the price.,2025-01-21,True
303506,5434,9062,3,Decent but delivery was late.,2025-04-03,True
303507,7913,9193,1,Stopped working after a week.,2025-07-20,True
303508,7732,9280,3,"Product is okay, nothing special.",2023-05-21,True
303509,6674,9414,5,"Great product, worth the money!",2022-01-15,True
303510,7058,9518,4,"Great product, worth the money!",2022-05-29,False
303511,7716,9219,4,Excellent quality and fast delivery.,2024-08-27,True
303512,5619,9348,3,Decent but delivery was late.,2026-01-29,True
303513,6921,9264,1,Item arrived damaged.,2023-12-31,True
303514,5594,9573,2,Item arrived damaged.,2022-05-06,True
303515,5567,9155,4,"Loved it, will buy again.",2024-02-14,False
303516,7221,9569,2,"Poor quality, disappointed.",2023-11-11,False
303517,7322,9534,2,Item arrived damaged.,2022-09-06,True
303518,6085,9403,1,Stopped working after a week.,2023-01-03,False
303519,6294,9312,3,Decent but delivery was late.,2022-05-01,True
303520,7639,9578,4,"Loved it, will buy again.",2025-09-19,False
303521,5108,9496,3,"Product is okay, nothing special.",2026-05-21,True
303522,6364,9353,3,"Product is okay, nothing special.",2023-11-16,True
303523,5177,9521,2,,2022-12-15,False
303524,7917,9440,4,"Great product, worth the money!",2023-02-12,True
303525,6308,9503,5,Excellent quality and fast delivery.,2025-03-14,False
303526,7739,9136,3,Decent but delivery was late.,2023-07-10,False
303527,7801,9465,2,,2026-05-15,False
303528,5868,9382,5,"Exactly as described, very happy.",2025-09-04,True
303529,7665,9513,2,Stopped working after a week.,2024-04-07,True
303530,5675,9519,2,Stopped working after a week.,2022-01-26,True
303531,6596,9384,1,"Poor quality, disappointed.",2023-09-25,False
303532,5446,9393,1,Not worth the price.,2022-08-16,True
303533,7443,9484,4,"Exactly as described, very happy.",2025-10-11,True
303534,7237,9230,2,"Poor quality, disappointed.",2022-03-07,False
303535,7180,9338,5,"Loved it, will buy again.",2023-08-19,True
303536,7440,9505,5,Superb value for money.,2025-09-25,True
303537,7121,9272,3,"Average quality, expected more.",2022-03-28,False
303538,6359,9036,4,"Great product, worth the money!",2022-02-13,True
303539,5542,9319,2,Stopped working after a week.,2025-12-23,False
303540,6078,9297,3,Decent but delivery was late.,2023-02-18,True
303541,7235,9273,5,Excellent quality and fast delivery.,2024-07-07,True
303542,5713,9289,2,Item arrived damaged.,2023-01-08,True
303543,5821,9075,4,Excellent quality and fast delivery.,2024-03-29,True
303544,5446,9556,4,"Loved it, will buy again.",2022-11-23,False
303545,6634,9270,4,"Great product, worth the money!",2024-08-11,True
303546,5194,9519,2,Stopped working after a week.,2025-03-09,True
303547,6971,9512,2,"Poor quality, disappointed.",2024-02-23,True
303548,7550,9256,2,"Poor quality, disappointed.",2026-01-10,True
303549,7561,9065,3,"Product is okay, nothing special.",2022-07-19,True
303550,6241,9395,1,Item arrived damaged.,2022-03-07,True
303551,7919,9387,5,"Great product, worth the money!",2022-05-05,True
303552,6017,9581,5,Excellent quality and fast delivery.,2026-02-10,True
303553,7125,9525,1,Not worth the price.,2022-03-29,False
303554,7404,9333,4,Superb value for money.,2025-05-12,True
303555,5221,9538,3,Decent but delivery was late.,2025-05-01,False
303556,6322,9500,3,,2022-04-15,True
303557,5351,9584,3,Decent but delivery was late.,2022-04-27,True
303558,6775,9425,3,"Product is okay, nothing special.",2025-08-13,True
303559,7807,9512,3,,2022-02-25,True
303560,6734,9273,5,Superb value for money.,2025-12-15,True
303561,5025,9201,5,"Great product, worth the money!",2025-11-09,True
303562,7548,9432,4,Superb value for money.,2025-05-18,True
303563,7078,9251,1,Not worth the price.,2025-04-05,True
303564,7230,9269,3,"Average quality, expected more.",2026-03-13,True
303565,7748,9445,3,"Product is okay, nothing special.",2022-11-06,True
303566,5836,9474,1,Item arrived damaged.,2025-09-11,True
303567,6479,9439,5,"Exactly as described, very happy.",2022-09-11,False
303568,5896,9052,3,"Average quality, expected more.",2025-12-30,False
303569,6582,9501,1,Stopped working after a week.,2023-01-06,True
303570,7758,9585,4,Superb value for money.,2026-02-12,True
303571,5308,9076,4,"Great product, worth the money!",2026-06-08,False
303572,5932,9555,2,Item arrived damaged.,2022-11-10,True
303573,5337,9232,1,"Poor quality, disappointed.",2024-10-28,True
303574,6060,9483,3,"Product is okay, nothing special.",2022-05-17,False
303575,5270,9506,2,Stopped working after a week.,2022-07-15,True
303576,7795,9086,3,Decent but delivery was late.,2022-07-08,False
303577,7702,9478,2,Stopped working after a week.,2025-03-28,False
303578,5361,9348,1,"Poor quality, disappointed.",2024-07-23,True
303579,5602,9255,1,"Poor quality, disappointed.",2025-09-12,True
303580,6921,9086,4,"Loved it, will buy again.",2025-07-29,False
303581,6527,9467,5,"Loved it, will buy again.",2022-12-29,True
303582,5452,9462,4,Superb value for money.,2025-02-01,True
303583,6677,9377,4,"Loved it, will buy again.",2025-03-06,True
303584,7048,9110,2,"Poor quality, disappointed.",2024-10-13,True
303585,7777,9584,1,Item arrived damaged.,2024-09-02,False
303586,5119,9339,4,Superb value for money.,2025-08-06,True
303587,5682,9492,4,"Exactly as described, very happy.",2026-03-06,True
303588,6614,9352,1,Stopped working after a week.,2022-07-13,True
303589,6999,9032,1,"Poor quality, disappointed.",2026-07-02,False
303590,6284,9159,1,Not worth the price.,2023-05-28,False
303591,5701,9414,2,Not worth the price.,2025-12-11,False
303592,5192,9369,1,Not worth the price.,2023-07-06,True
303593,6872,9377,4,"Loved it, will buy again.",2023-02-13,True
303594,6911,9038,4,"Loved it, will buy again.",2022-11-17,False
303595,7094,9491,1,Item arrived damaged.,2024-02-23,True
303596,6975,9321,2,"Poor quality, disappointed.",2025-02-22,True
303597,5969,9052,5,Excellent quality and fast delivery.,2023-03-03,True
303598,7870,9593,3,"Average quality, expected more.",2022-09-29,False
303599,6917,9316,2,Item arrived damaged.,2022-06-10,True
303600,5781,9162,1,Stopped working after a week.,2025-10-24,True
303601,5101,9295,1,"Poor quality, disappointed.",2023-10-04,True
303602,6521,9532,3,Decent but delivery was late.,2025-07-08,False
303603,6087,9299,4,"Exactly as described, very happy.",2022-07-10,True
303604,7897,9311,1,Item arrived damaged.,2023-01-27,True
303605,7389,9229,3,"Average quality, expected more.",2023-08-31,True
303606,5361,9378,5,Excellent quality and fast delivery.,2025-07-20,True
303607,6598,9367,2,Stopped working after a week.,2022-08-13,True
303608,7801,9011,1,"Poor quality, disappointed.",2023-08-14,False
303609,7841,9383,1,,2025-10-04,False
303610,5687,9113,3,"Average quality, expected more.",2024-02-29,True
303611,5866,9197,5,"Loved it, will buy again.",2022-11-11,True
303612,5266,9111,3,"Average quality, expected more.",2023-06-22,True
303613,5453,9241,4,,2023-04-02,True
303614,7176,9355,2,Stopped working after a week.,2026-03-25,True
303615,5373,9169,3,"Product is okay, nothing special.",2025-09-22,False
303616,7334,9445,2,"Poor quality, disappointed.",2022-04-16,True
303617,6056,9363,3,"Product is okay, nothing special.",2024-02-17,True
303618,7081,9596,1,"Poor quality, disappointed.",2026-01-12,True
303619,5593,9017,3,"Average quality, expected more.",2022-03-25,True
303620,6493,9526,3,Decent but delivery was late.,2024-09-01,True
303621,7647,9171,4,"Exactly as described, very happy.",2025-07-06,True
303622,5503,9301,2,"Poor quality, disappointed.",2023-05-05,False
303623,6394,9222,3,,2024-01-14,False
303624,5732,9245,4,"Great product, worth the money!",2024-07-26,True
303625,6590,9091,3,"Product is okay, nothing special.",2024-10-07,True
303626,5785,9600,2,Not worth the price.,2025-12-21,True
303627,7912,9246,2,Item arrived damaged.,2022-04-10,True
303628,5811,9567,2,Not worth the price.,2022-03-05,True
303629,5355,9500,1,"Poor quality, disappointed.",2023-05-03,True
303630,5993,9054,4,,2024-08-20,True
303631,6080,9485,2,"Poor quality, disappointed.",2025-05-24,True
303632,7120,9024,3,,2024-09-28,True
303633,5057,9461,2,Stopped working after a week.,2025-05-17,False
303634,7157,9508,5,Superb value for money.,2022-06-02,True
303635,5656,9144,4,"Exactly as described, very happy.",2024-03-03,True
303636,6465,9580,1,Stopped working after a week.,2024-12-18,False
303637,7092,9542,3,Decent but delivery was late.,2025-04-28,True
303638,7191,9519,5,Excellent quality and fast delivery.,2024-08-15,False
303639,6444,9252,2,Stopped working after a week.,2024-07-03,True
303640,7064,9580,1,Item arrived damaged.,2023-10-18,True
303641,6732,9349,5,"Loved it, will buy again.",2024-01-11,True
303642,5526,9310,5,"Loved it, will buy again.",2023-06-27,True
303643,5445,9101,3,"Product is okay, nothing special.",2025-09-27,True
303644,5311,9563,1,Stopped working after a week.,2023-09-23,False
303645,7050,9474,2,Not worth the price.,2025-11-21,True
303646,5685,9272,1,Not worth the price.,2024-04-04,True
303647,5293,9112,2,"Poor quality, disappointed.",2022-12-18,True
303648,7299,9584,2,Stopped working after a week.,2023-03-12,False
303649,7793,9340,2,,2025-05-03,True
303650,7686,9073,4,"Loved it, will buy again.",2024-06-04,True
303651,5409,9567,4,Superb value for money.,2023-07-17,True
303652,6707,9218,2,Stopped working after a week.,2022-01-29,True
303653,6445,9328,3,"Product is okay, nothing special.",2025-11-23,True
303654,6258,9143,3,Decent but delivery was late.,2022-08-15,True
303655,6146,9069,4,"Exactly as described, very happy.",2025-02-08,True
303656,7159,9353,1,Stopped working after a week.,2023-05-20,True
303657,5458,9502,2,Item arrived damaged.,2023-01-08,True
303658,6838,9096,3,"Average quality, expected more.",2026-04-28,True
303659,5102,9192,4,"Great product, worth the money!",2024-02-04,True
303660,6187,9054,5,"Loved it, will buy again.",2024-12-31,True
303661,5788,9471,5,"Great product, worth the money!",2022-07-13,False
303662,5296,9465,5,"Exactly as described, very happy.",2026-06-22,True
303663,7088,9404,5,"Loved it, will buy again.",2022-11-18,True
303664,7442,9547,4,Superb value for money.,2022-08-01,False
303665,6599,9550,5,Excellent quality and fast delivery.,2025-05-13,True
303666,7295,9443,2,"Poor quality, disappointed.",2024-06-17,False
303667,6509,9188,5,Excellent quality and fast delivery.,2022-01-28,True
303668,5978,9521,3,Decent but delivery was late.,2024-11-23,False
303669,6694,9409,4,Excellent quality and fast delivery.,2026-05-20,False
303670,7689,9409,5,"Loved it, will buy again.",2026-06-22,True
303671,5304,9047,4,Excellent quality and fast delivery.,2022-03-05,False
303672,7263,9002,3,"Average quality, expected more.",2026-07-17,True
303673,7612,9578,1,Not worth the price.,2022-11-14,True
303674,6180,9334,5,"Great product, worth the money!",2022-08-24,False
303675,6633,9214,5,"Great product, worth the money!",2023-10-01,True
303676,5783,9144,5,Superb value for money.,2026-07-18,True
303677,5752,9225,3,"Average quality, expected more.",2023-03-01,True
303678,7238,9595,5,Superb value for money.,2022-10-28,True
303679,6085,9489,4,Excellent quality and fast delivery.,2025-03-01,True
303680,5822,9546,4,Superb value for money.,2024-06-25,True
303681,5900,9177,4,Superb value for money.,2022-02-13,True
303682,7501,9043,3,"Average quality, expected more.",2023-06-12,True
303683,5500,9433,4,"Exactly as described, very happy.",2022-07-26,True
303684,6173,9077,3,"Product is okay, nothing special.",2024-06-17,True
303685,5973,9510,1,"Poor quality, disappointed.",2024-05-18,True
303686,6493,9465,4,Superb value for money.,2024-01-02,True
303687,5186,9250,5,"Exactly as described, very happy.",2024-09-08,False
303688,7234,9280,1,,2023-01-08,True
303689,6505,9146,5,Superb value for money.,2023-01-03,True
303690,6649,9267,5,"Great product, worth the money!",2023-02-08,True
303691,6134,9488,1,Stopped working after a week.,2022-09-02,False
303692,5660,9257,5,Excellent quality and fast delivery.,2024-11-01,True
303693,5854,9401,4,Superb value for money.,2023-02-10,True
303694,6276,9045,1,Not worth the price.,2022-09-09,True
303695,7978,9397,4,Excellent quality and fast delivery.,2025-11-06,True
303696,5963,9122,1,Item arrived damaged.,2022-04-09,True
303697,7812,9241,2,"Poor quality, disappointed.",2022-09-02,False
303698,6458,9125,3,"Product is okay, nothing special.",2023-01-09,True
303699,6515,9399,3,Decent but delivery was late.,2025-08-19,True
303700,6086,9304,1,Not worth the price.,2022-08-16,True
303701,5901,9509,1,Stopped working after a week.,2025-11-19,True
303702,5235,9152,2,Not worth the price.,2026-03-22,True
303703,6779,9160,4,"Loved it, will buy again.",2022-11-08,True
303704,7091,9387,3,Decent but delivery was late.,2023-03-08,False
303705,6622,9443,2,Not worth the price.,2022-05-25,True
303706,5101,9282,1,"Poor quality, disappointed.",2025-01-30,True
303707,6220,9058,3,"Product is okay, nothing special.",2022-01-20,False
303708,7617,9283,4,Superb value for money.,2025-10-17,True
303709,7482,9033,5,Superb value for money.,2022-09-12,False
303710,5287,9095,1,Stopped working after a week.,2024-12-23,True
303711,6652,9332,1,Item arrived damaged.,2023-08-09,True
303712,5083,9109,3,"Average quality, expected more.",2022-07-22,True
303713,7106,9026,3,"Product is okay, nothing special.",2026-06-28,True
303714,6346,9526,4,"Exactly as described, very happy.",2025-08-04,True
303715,7265,9341,1,Not worth the price.,2023-07-25,False
303716,7874,9542,3,"Product is okay, nothing special.",2024-12-21,False
303717,6097,9368,2,Item arrived damaged.,2022-11-26,True
303718,6268,9499,4,"Loved it, will buy again.",2022-06-01,True
303719,5810,9307,5,"Great product, worth the money!",2024-12-02,False
303720,6866,9157,1,Not worth the price.,2024-04-24,False
303721,5050,9201,5,Superb value for money.,2025-03-30,True
303722,7028,9115,5,"Exactly as described, very happy.",2026-02-11,True
303723,6736,9256,4,"Loved it, will buy again.",2025-02-15,False
303724,5971,9074,5,Excellent quality and fast delivery.,2022-09-13,True
303725,5127,9280,5,Superb value for money.,2024-07-27,True
303726,5321,9235,2,Stopped working after a week.,2022-07-20,True
303727,7758,9040,2,Stopped working after a week.,2023-09-08,True
303728,6800,9214,4,"Loved it, will buy again.",2026-06-09,True
303729,6299,9127,1,Not worth the price.,2023-01-28,False
303730,6533,9145,4,"Exactly as described, very happy.",2025-08-07,True
303731,5294,9182,1,Item arrived damaged.,2025-02-18,True
303732,6164,9069,3,"Average quality, expected more.",2026-03-09,True
303733,7394,9189,4,Superb value for money.,2022-12-26,False
303734,5429,9134,5,"Exactly as described, very happy.",2026-05-17,True
303735,6081,9072,3,"Product is okay, nothing special.",2022-10-15,True
303736,5254,9095,4,Excellent quality and fast delivery.,2025-05-26,True
303737,5194,9586,5,Excellent quality and fast delivery.,2023-07-21,False
303738,6717,9015,5,"Great product, worth the money!",2026-06-07,True
303739,6444,9471,1,Item arrived damaged.,2022-08-21,True
303740,6858,9145,5,Excellent quality and fast delivery.,2024-08-09,True
303741,5263,9243,3,Decent but delivery was late.,2024-05-21,True
303742,5806,9342,4,"Great product, worth the money!",2022-05-01,True
303743,5676,9045,1,"Poor quality, disappointed.",2024-11-14,True
303744,7712,9529,2,Not worth the price.,2022-08-17,True
303745,6904,9193,1,Not worth the price.,2023-01-28,True
303746,6492,9350,1,Item arrived damaged.,2026-08-02,True
303747,7038,9018,4,Excellent quality and fast delivery.,2025-03-13,True
303748,6405,9226,4,Excellent quality and fast delivery.,2023-07-09,False
303749,7453,9421,4,"Loved it, will buy again.",2023-11-10,True
303750,6263,9090,1,Not worth the price.,2023-01-29,True
303751,7449,9374,3,Decent but delivery was late.,2025-01-30,False
303752,6392,9493,4,Excellent quality and fast delivery.,2025-01-17,True
303753,6475,9120,4,Superb value for money.,2022-08-04,False
303754,7085,9348,4,"Exactly as described, very happy.",2025-10-31,True
303755,7477,9101,3,"Average quality, expected more.",2022-03-18,False
303756,5064,9054,1,"Poor quality, disappointed.",2025-12-25,False
303757,5894,9413,5,"Loved it, will buy again.",2024-03-30,True
303758,5575,9317,5,Excellent quality and fast delivery.,2026-06-04,True
303759,7188,9022,1,Not worth the price.,2023-11-18,False
303760,7261,9044,5,"Exactly as described, very happy.",2023-10-26,False
303761,5315,9548,3,Decent but delivery was late.,2023-04-24,False
303762,5085,9058,1,Item arrived damaged.,2024-07-19,True
303763,6668,9030,2,Item arrived damaged.,2025-11-15,False
303764,5892,9450,2,Item arrived damaged.,2026-01-17,True
303765,5586,9333,3,Decent but delivery was late.,2024-11-27,True
303766,5920,9280,5,"Great product, worth the money!",2025-12-09,True
303767,6116,9337,4,Excellent quality and fast delivery.,2024-12-28,True
303768,6374,9155,1,Not worth the price.,2025-08-02,True
303769,6669,9177,4,"Great product, worth the money!",2022-09-01,True
303770,7971,9210,1,"Poor quality, disappointed.",2024-09-07,True
303771,6545,9454,5,"Exactly as described, very happy.",2024-02-22,False
303772,7585,9289,3,Decent but delivery was late.,2022-10-02,True
303773,6238,9347,5,Superb value for money.,2025-03-20,True
303774,6024,9432,4,"Great product, worth the money!",2026-04-08,False
303775,6064,9040,3,"Product is okay, nothing special.",2023-08-13,True
303776,6713,9507,3,Decent but delivery was late.,2025-06-15,True
303777,7642,9093,5,"Great product, worth the money!",2024-06-01,True
303778,5129,9573,1,Stopped working after a week.,2025-04-18,False
303779,7867,9243,3,Decent but delivery was late.,2022-03-17,True
303780,7101,9275,1,Item arrived damaged.,2022-09-20,True
303781,6367,9038,3,Decent but delivery was late.,2026-02-23,True
303782,5625,9433,3,"Average quality, expected more.",2024-12-21,True
303783,6421,9486,5,Superb value for money.,2022-03-07,False
303784,7154,9114,4,"Loved it, will buy again.",2023-02-24,True
303785,5609,9222,5,"Loved it, will buy again.",2022-04-03,True
303786,7982,9257,1,"Poor quality, disappointed.",2024-01-12,False
303787,5930,9538,4,"Great product, worth the money!",2026-03-02,False
303788,6780,9247,4,"Loved it, will buy again.",2026-02-02,True
303789,6167,9469,2,"Poor quality, disappointed.",2023-01-19,True
303790,6110,9121,5,Excellent quality and fast delivery.,2022-12-11,True
303791,5951,9241,4,"Loved it, will buy again.",2023-07-21,False
303792,5827,9057,3,"Average quality, expected more.",2026-08-05,True
303793,7798,9446,3,Decent but delivery was late.,2024-05-13,True
303794,7428,9283,5,"Loved it, will buy again.",2026-01-28,False
303795,5999,9405,3,"Product is okay, nothing special.",2026-01-13,True
303796,7850,9296,1,Stopped working after a week.,2023-09-22,True
303797,7416,9542,2,Not worth the price.,2022-01-28,True
303798,7108,9024,1,Stopped working after a week.,2023-04-22,True
303799,7740,9555,5,Superb value for money.,2022-07-18,True
303800,6901,9220,1,Not worth the price.,2023-01-13,True
303801,7935,9045,4,Excellent quality and fast delivery.,2025-01-01,False
303802,5749,9338,3,Decent but delivery was late.,2023-07-11,True
303803,5433,9384,3,"Product is okay, nothing special.",2025-11-05,True
303804,5158,9371,1,Stopped working after a week.,2026-04-23,True
303805,7836,9552,3,"Average quality, expected more.",2023-07-09,True
303806,6974,9429,4,Excellent quality and fast delivery.,2023-09-18,False
303807,7243,9077,1,Stopped working after a week.,2023-03-13,True
303808,6409,9147,5,"Great product, worth the money!",2023-09-04,True
303809,7517,9037,4,,2026-07-17,True
303810,5722,9300,5,Superb value for money.,2024-11-19,True
303811,5209,9567,5,Superb value for money.,2024-08-30,True
303812,7599,9571,1,"Poor quality, disappointed.",2022-11-16,False
303813,5724,9338,5,"Loved it, will buy again.",2024-07-23,True
303814,5720,9544,1,Stopped working after a week.,2023-04-30,True
303815,7843,9470,3,"Average quality, expected more.",2022-01-23,True
303816,5384,9326,4,"Loved it, will buy again.",2023-04-13,True
303817,6723,9051,1,Stopped working after a week.,2022-06-14,True
303818,7204,9180,1,Item arrived damaged.,2023-03-06,False
303819,5931,9292,1,Not worth the price.,2026-06-07,False
303820,7298,9022,3,"Product is okay, nothing special.",2022-08-31,True
303821,7276,9141,5,"Great product, worth the money!",2023-06-09,True
303822,6765,9095,3,"Average quality, expected more.",2024-10-14,False
303823,5400,9006,4,"Loved it, will buy again.",2024-04-12,True
303824,6101,9242,5,Excellent quality and fast delivery.,2023-03-21,True
303825,7229,9306,3,Decent but delivery was late.,2024-06-07,True
303826,5638,9010,5,"Loved it, will buy again.",2024-10-03,True
303827,6749,9474,2,Not worth the price.,2025-09-01,True
303828,6366,9567,1,"Poor quality, disappointed.",2023-11-21,True
303829,7890,9242,4,Excellent quality and fast delivery.,2022-05-08,True
303830,5893,9239,3,"Product is okay, nothing special.",2025-11-28,True
303831,5624,9476,4,"Exactly as described, very happy.",2022-08-23,False
303832,5871,9133,5,"Loved it, will buy again.",2022-10-25,True
303833,5988,9478,2,Item arrived damaged.,2022-01-08,True
303834,6085,9183,5,Superb value for money.,2025-11-21,True
303835,7606,9177,2,Stopped working after a week.,2024-10-04,True
303836,5386,9445,4,"Exactly as described, very happy.",2024-09-05,False
303837,7959,9161,3,Decent but delivery was late.,2025-04-01,True
303838,5404,9572,1,"Poor quality, disappointed.",2023-04-06,True
303839,7367,9233,3,"Average quality, expected more.",2023-01-02,False
303840,6390,9023,4,"Exactly as described, very happy.",2026-03-16,True
303841,6520,9482,4,"Exactly as described, very happy.",2024-06-01,True
303842,6660,9566,4,"Great product, worth the money!",2024-12-13,True
303843,5667,9514,5,"Exactly as described, very happy.",2022-03-29,True
303844,6792,9129,3,"Product is okay, nothing special.",2023-05-01,True
303845,6215,9179,1,"Poor quality, disappointed.",2025-04-26,False
303846,6758,9378,1,"Poor quality, disappointed.",2024-04-08,True
303847,7105,9171,2,"Poor quality, disappointed.",2023-11-11,True
303848,6416,9572,5,"Loved it, will buy again.",2026-05-12,True
303849,6899,9594,3,"Product is okay, nothing special.",2026-05-26,True
303850,7828,9366,1,Not worth the price.,2024-12-24,True
303851,7240,9595,4,"Exactly as described, very happy.",2023-02-06,False
303852,5400,9113,1,Not worth the price.,2025-11-01,True
303853,5407,9039,1,Not worth the price.,2022-03-10,True
303854,7185,9292,3,"Average quality, expected more.",2026-04-05,True
303855,6675,9499,5,"Loved it, will buy again.",2025-08-05,True
303856,5130,9141,1,"Poor quality, disappointed.",2023-09-06,True
303857,7987,9403,3,"Average quality, expected more.",2025-10-18,True
303858,5266,9575,2,Stopped working after a week.,2023-05-25,True
303859,5769,9359,3,"Average quality, expected more.",2023-11-05,False
303860,5206,9152,4,Superb value for money.,2025-06-19,True
303861,7027,9490,3,"Product is okay, nothing special.",2026-05-08,True
303862,5373,9528,3,Decent but delivery was late.,2023-09-12,True
303863,5234,9110,1,Item arrived damaged.,2023-11-15,True
303864,5436,9395,1,Stopped working after a week.,2026-05-15,False
303865,6044,9564,2,Stopped working after a week.,2022-08-16,True
303866,5415,9049,2,Item arrived damaged.,2026-05-03,True
303867,7487,9066,5,"Exactly as described, very happy.",2024-11-15,True
303868,7615,9207,4,"Loved it, will buy again.",2025-03-09,False
303869,7841,9481,3,"Average quality, expected more.",2023-02-16,True
303870,7701,9446,5,"Great product, worth the money!",2025-04-07,True
303871,6485,9521,5,Excellent quality and fast delivery.,2022-07-30,True
303872,6269,9428,5,Superb value for money.,2022-06-05,False
303873,5772,9268,1,Not worth the price.,2024-07-27,True
303874,7373,9128,4,Excellent quality and fast delivery.,2026-04-15,False
303875,5154,9587,1,Not worth the price.,2026-03-29,True
303876,5376,9472,5,"Loved it, will buy again.",2023-06-09,False
303877,7709,9032,5,Superb value for money.,2024-11-19,True
303878,6800,9136,5,"Exactly as described, very happy.",2024-04-18,True
303879,5076,9115,3,Decent but delivery was late.,2026-04-24,True
303880,6182,9166,2,Not worth the price.,2023-09-20,False
303881,7239,9233,3,"Average quality, expected more.",2023-09-13,False
303882,5116,9548,1,Item arrived damaged.,2024-12-19,True
303883,6470,9075,3,Decent but delivery was late.,2025-08-07,True
303884,6169,9276,4,"Great product, worth the money!",2025-04-10,False
303885,5236,9406,2,"Poor quality, disappointed.",2025-04-22,True
303886,6838,9514,2,Not worth the price.,2025-04-14,True
303887,5470,9446,2,Not worth the price.,2026-01-05,True
303888,6849,9371,3,"Product is okay, nothing special.",2022-01-18,True
303889,6632,9223,2,Stopped working after a week.,2023-05-20,False
303890,6079,9248,5,"Exactly as described, very happy.",2022-05-10,False
303891,6387,9047,2,"Poor quality, disappointed.",2024-05-25,True
303892,7836,9151,5,Excellent quality and fast delivery.,2023-06-21,False
303893,5421,9073,1,Stopped working after a week.,2024-12-16,False
303894,5943,9482,5,"Great product, worth the money!",2026-02-17,False
303895,6935,9509,4,"Loved it, will buy again.",2025-05-29,False
303896,7885,9236,3,"Average quality, expected more.",2022-09-29,True
303897,7336,9186,4,"Great product, worth the money!",2022-11-23,True
303898,6568,9133,5,"Loved it, will buy again.",2022-01-28,False
303899,6248,9203,3,Decent but delivery was late.,2023-09-28,True
303900,6496,9475,4,"Loved it, will buy again.",2022-02-18,False
303901,6320,9344,5,"Great product, worth the money!",2026-05-11,True
303902,7979,9234,2,Stopped working after a week.,2025-10-03,False
303903,6701,9003,5,"Exactly as described, very happy.",2022-09-06,False
303904,7370,9461,4,"Loved it, will buy again.",2024-02-26,True
303905,6353,9353,3,Decent but delivery was late.,2025-01-19,True
303906,7005,9040,2,Stopped working after a week.,2023-08-19,True
303907,5574,9327,1,Stopped working after a week.,2022-09-28,True
303908,5471,9574,5,"Exactly as described, very happy.",2022-08-22,True
303909,7954,9275,1,Stopped working after a week.,2024-06-29,True
303910,7777,9176,2,Not worth the price.,2025-04-05,True
303911,5163,9060,2,,2022-10-31,True
303912,7752,9555,1,,2026-04-01,False
303913,7753,9596,3,,2024-12-09,False
303914,5286,9158,4,"Exactly as described, very happy.",2024-03-10,True
303915,7352,9307,3,Decent but delivery was late.,2022-04-16,True
303916,6450,9519,2,"Poor quality, disappointed.",2022-05-21,False
303917,6791,9533,3,"Product is okay, nothing special.",2023-02-12,True
303918,5830,9561,4,,2026-07-29,True
303919,7498,9408,4,"Exactly as described, very happy.",2026-07-15,True
303920,7670,9565,3,"Product is okay, nothing special.",2023-09-19,False
303921,5250,9205,2,Stopped working after a week.,2022-11-25,True
303922,5768,9314,4,"Exactly as described, very happy.",2025-09-22,True
303923,5361,9125,3,"Average quality, expected more.",2025-04-29,True
303924,7573,9295,2,Not worth the price.,2022-09-01,True
303925,6627,9020,5,Superb value for money.,2022-09-07,True
303926,5391,9391,3,"Average quality, expected more.",2026-04-04,True
303927,5125,9104,1,Item arrived damaged.,2024-09-02,True
303928,5330,9511,2,"Poor quality, disappointed.",2024-01-22,True
303929,5284,9231,2,Stopped working after a week.,2024-12-24,True
303930,5653,9477,2,Not worth the price.,2024-12-02,False
303931,5809,9373,3,"Product is okay, nothing special.",2024-04-11,True
303932,5041,9355,3,Decent but delivery was late.,2023-05-20,True
303933,6413,9223,1,Not worth the price.,2022-11-07,True
303934,6754,9007,5,Excellent quality and fast delivery.,2022-07-07,True
303935,7972,9477,4,"Great product, worth the money!",2026-01-01,True
303936,7269,9462,3,"Product is okay, nothing special.",2023-03-30,True
303937,6928,9577,1,Stopped working after a week.,2022-07-14,False
303938,7461,9010,2,Stopped working after a week.,2025-04-23,True
303939,7202,9455,1,Not worth the price.,2025-04-10,False
303940,5525,9496,5,Superb value for money.,2024-04-17,True
303941,6146,9056,5,"Great product, worth the money!",2024-12-21,True
303942,6303,9135,4,"Great product, worth the money!",2025-10-01,True
303943,5916,9418,5,Excellent quality and fast delivery.,2022-08-16,False
303944,7547,9425,1,Stopped working after a week.,2026-05-04,True
303945,5927,9488,5,Superb value for money.,2023-03-04,True
303946,5224,9442,3,Decent but delivery was late.,2023-05-29,True
303947,5360,9044,3,Decent but delivery was late.,2022-03-20,True
303948,6672,9176,3,Decent but delivery was late.,2025-05-13,False
303949,5708,9360,3,Decent but delivery was late.,2025-11-17,True
303950,5546,9042,3,"Average quality, expected more.",2022-06-16,False
303951,7023,9004,1,Not worth the price.,2023-11-04,False
303952,7235,9502,1,"Poor quality, disappointed.",2025-05-21,True
303953,7161,9156,5,Excellent quality and fast delivery.,2024-07-23,True
303954,5270,9063,2,Not worth the price.,2024-05-12,False
303955,6460,9122,5,Excellent quality and fast delivery.,2025-09-12,True
303956,5991,9048,4,,2024-09-16,True
303957,6288,9106,2,"Poor quality, disappointed.",2024-10-28,True
303958,5776,9149,5,Excellent quality and fast delivery.,2025-06-18,True
303959,6258,9265,5,"Great product, worth the money!",2023-11-19,True
303960,5231,9557,1,Stopped working after a week.,2023-11-09,True
303961,7282,9020,5,Excellent quality and fast delivery.,2024-11-01,True
303962,7965,9518,5,Superb value for money.,2022-02-05,True
303963,6597,9584,2,"Poor quality, disappointed.",2025-01-21,True
303964,5852,9556,5,"Loved it, will buy again.",2024-03-13,False
303965,5505,9195,4,"Exactly as described, very happy.",2023-02-07,True
303966,6761,9563,2,"Poor quality, disappointed.",2024-12-11,True
303967,5250,9500,5,"Great product, worth the money!",2023-08-05,True
303968,6107,9030,3,"Product is okay, nothing special.",2026-04-25,True
303969,7396,9424,4,Excellent quality and fast delivery.,2024-06-24,True
303970,7955,9196,4,"Exactly as described, very happy.",2024-12-24,True
303971,7293,9314,5,"Exactly as described, very happy.",2026-01-17,True
303972,5047,9396,5,Superb value for money.,2024-08-01,True
303973,6675,9180,4,"Loved it, will buy again.",2026-08-06,True
303974,5874,9184,5,"Great product, worth the money!",2023-12-27,True
303975,7220,9283,3,"Product is okay, nothing special.",2025-08-29,True
303976,6205,9067,5,"Great product, worth the money!",2025-05-11,True
303977,7982,9404,1,Item arrived damaged.,2022-05-30,True
303978,6340,9098,2,Item arrived damaged.,2022-09-23,False
303979,5361,9349,2,Stopped working after a week.,2022-12-13,True
303980,5446,9448,4,"Great product, worth the money!",2024-02-09,True
303981,5195,9403,2,Stopped working after a week.,2023-01-05,False
303982,6519,9595,1,Not worth the price.,2022-10-12,True
303983,5030,9399,2,Stopped working after a week.,2025-07-02,True
303984,7178,9107,3,Decent but delivery was late.,2024-04-05,True
303985,7171,9465,4,,2024-12-13,False
303986,5381,9226,4,Excellent quality and fast delivery.,2023-02-17,True
303987,5882,9273,5,Superb value for money.,2025-04-23,True
303988,6533,9244,1,Stopped working after a week.,2022-12-30,True
303989,6177,9544,4,Excellent quality and fast delivery.,2026-06-22,True
303990,5505,9297,1,Stopped working after a week.,2024-07-07,True
303991,7940,9092,4,"Exactly as described, very happy.",2024-11-19,True
303992,6072,9044,1,"Poor quality, disappointed.",2026-02-01,True
303993,7309,9048,4,,2023-05-25,True
303994,7834,9452,5,Superb value for money.,2026-03-15,True
303995,7215,9579,1,Item arrived damaged.,2024-08-14,True
303996,5005,9203,5,"Exactly as described, very happy.",2022-10-10,True
303997,5782,9135,1,Not worth the price.,2023-08-19,True
303998,5065,9054,1,,2025-03-22,True
303999,5161,9276,5,Excellent quality and fast delivery.,2023-03-13,True
304000,5318,9563,5,Superb value for money.,2022-10-01,True
304001,5781,9113,3,"Product is okay, nothing special.",2024-08-03,True
304002,5493,9058,1,Not worth the price.,2025-09-15,True
304003,7264,9531,2,Not worth the price.,2024-04-10,True
304004,6107,9204,5,"Great product, worth the money!",2026-04-23,False
304005,5482,9600,5,"Exactly as described, very happy.",2024-12-27,True
304006,5098,9475,1,Stopped working after a week.,2022-10-25,True
304007,7409,9408,2,,2025-06-30,True
304008,7375,9077,2,Item arrived damaged.,2023-04-29,False
304009,7907,9367,1,Item arrived damaged.,2022-08-20,True
304010,6171,9225,2,"Poor quality, disappointed.",2023-07-23,True
304011,7835,9268,2,Not worth the price.,2022-01-01,True
304012,5867,9124,1,Item arrived damaged.,2022-12-18,True
304013,6477,9439,2,Not worth the price.,2025-02-22,True
304014,6358,9425,1,Stopped working after a week.,2026-02-22,True
304015,7205,9150,1,Not worth the price.,2022-03-03,True
304016,5050,9023,2,Stopped working after a week.,2025-03-27,False
304017,5343,9473,4,,2024-12-07,True
304018,7901,9451,5,"Exactly as described, very happy.",2025-12-12,True
304019,6928,9358,1,Not worth the price.,2024-05-03,False
304020,6661,9007,1,Item arrived damaged.,2025-12-29,True
304021,7684,9183,5,Excellent quality and fast delivery.,2023-10-22,False
304022,5068,9244,5,Superb value for money.,2023-05-28,False
304023,5790,9284,3,Decent but delivery was late.,2022-10-04,True
304024,7735,9526,5,Excellent quality and fast delivery.,2025-01-03,True
304025,7273,9518,2,Item arrived damaged.,2026-04-23,True
304026,7474,9272,4,"Loved it, will buy again.",2022-05-08,True
304027,6610,9208,3,Decent but delivery was late.,2025-05-02,True
304028,7376,9023,4,"Great product, worth the money!",2026-02-22,False
304029,6356,9572,5,Excellent quality and fast delivery.,2025-09-10,True
304030,7641,9153,3,"Product is okay, nothing special.",2025-01-19,True
304031,6591,9306,2,"Poor quality, disappointed.",2025-08-14,True
304032,5577,9105,1,Stopped working after a week.,2025-08-14,True
304033,5880,9490,3,"Product is okay, nothing special.",2024-10-27,True
304034,7971,9415,5,Excellent quality and fast delivery.,2025-03-14,True
304035,7548,9544,4,Excellent quality and fast delivery.,2022-04-25,True
304036,6558,9114,1,Not worth the price.,2023-11-08,True
304037,6512,9200,4,"Loved it, will buy again.",2024-07-30,True
304038,6663,9335,3,"Average quality, expected more.",2024-10-21,True
304039,6214,9260,2,Not worth the price.,2025-08-06,True
304040,6866,9409,3,"Average quality, expected more.",2024-04-29,False
304041,7157,9183,5,Excellent quality and fast delivery.,2026-03-06,True
304042,5497,9016,2,"Poor quality, disappointed.",2023-01-31,True
304043,7723,9347,5,"Exactly as described, very happy.",2023-02-25,True
304044,5759,9344,2,Item arrived damaged.,2022-02-11,True
304045,7821,9179,1,Item arrived damaged.,2026-02-24,True
304046,6650,9547,5,Excellent quality and fast delivery.,2026-02-09,True
304047,5494,9268,1,Stopped working after a week.,2023-05-20,True
304048,7671,9429,5,Excellent quality and fast delivery.,2023-10-12,True
304049,6792,9503,5,"Loved it, will buy again.",2022-06-17,True
304050,7419,9560,4,"Exactly as described, very happy.",2025-02-28,False
304051,5212,9377,5,"Great product, worth the money!",2024-03-21,False
304052,7757,9225,3,Decent but delivery was late.,2023-10-02,True
304053,5596,9280,1,Stopped working after a week.,2024-09-02,True
304054,5885,9062,4,"Loved it, will buy again.",2025-03-11,True
304055,5005,9080,1,"Poor quality, disappointed.",2022-03-30,True
304056,6558,9443,5,"Great product, worth the money!",2023-05-19,True
304057,5638,9187,4,Superb value for money.,2024-03-23,True
304058,5202,9327,2,Item arrived damaged.,2024-09-04,False
304059,6874,9042,2,Stopped working after a week.,2023-06-17,False
304060,6447,9255,4,Superb value for money.,2023-02-28,True
304061,7129,9006,2,Item arrived damaged.,2026-06-21,True
304062,5863,9027,3,Decent but delivery was late.,2022-06-11,False
304063,5215,9128,4,Superb value for money.,2024-01-05,True
304064,5762,9320,3,"Average quality, expected more.",2025-01-17,True
304065,5404,9076,4,"Exactly as described, very happy.",2023-05-13,False
304066,5477,9552,3,Decent but delivery was late.,2025-01-19,False
304067,6509,9008,1,Stopped working after a week.,2023-08-25,True
304068,7056,9080,1,Stopped working after a week.,2024-01-28,True
304069,7325,9407,2,Not worth the price.,2025-09-30,True
304070,6842,9360,4,"Great product, worth the money!",2023-05-11,True
304071,6754,9480,3,"Average quality, expected more.",2023-12-01,True
304072,5168,9599,5,,2025-06-19,True
304073,5145,9201,3,"Product is okay, nothing special.",2025-02-04,True
304074,6702,9355,3,Decent but delivery was late.,2022-05-25,True
304075,6509,9171,3,Decent but delivery was late.,2022-02-18,True
304076,7133,9136,4,"Exactly as described, very happy.",2025-09-12,True
304077,6924,9011,2,Item arrived damaged.,2022-10-27,True
304078,6885,9399,5,"Exactly as described, very happy.",2025-11-25,True
304079,7591,9154,3,Decent but delivery was late.,2024-02-13,True
304080,6227,9544,4,Excellent quality and fast delivery.,2025-12-17,True
304081,5207,9106,5,"Great product, worth the money!",2022-10-25,True
304082,7028,9038,4,,2025-10-20,True
304083,6763,9237,3,Decent but delivery was late.,2025-07-04,True
304084,6530,9290,2,Not worth the price.,2023-10-12,True
304085,7376,9036,1,Stopped working after a week.,2026-05-07,True
304086,6858,9331,4,"Great product, worth the money!",2022-06-18,False
304087,6605,9579,1,Stopped working after a week.,2023-04-18,True
304088,5763,9030,3,"Average quality, expected more.",2025-07-15,False
304089,7149,9218,5,Superb value for money.,2024-11-13,False
304090,7113,9324,1,Stopped working after a week.,2022-01-26,True
304091,5223,9063,1,Not worth the price.,2025-05-20,True
304092,5358,9417,4,"Loved it, will buy again.",2026-04-27,True
304093,6547,9433,2,Item arrived damaged.,2022-12-28,True
304094,5952,9109,4,Superb value for money.,2022-01-17,True
304095,6652,9296,4,Excellent quality and fast delivery.,2026-07-28,True
304096,7340,9519,3,Decent but delivery was late.,2022-06-19,True
304097,6443,9373,2,Stopped working after a week.,2022-07-02,True
304098,6227,9302,2,"Poor quality, disappointed.",2022-07-14,False
304099,5198,9283,2,Stopped working after a week.,2023-05-10,True
304100,5975,9557,3,"Average quality, expected more.",2022-07-08,True
304101,6726,9095,4,Superb value for money.,2024-01-20,True
304102,6333,9089,1,"Poor quality, disappointed.",2023-07-20,True
304103,7326,9280,2,Not worth the price.,2022-03-28,True
304104,7946,9035,1,"Poor quality, disappointed.",2023-12-02,True
304105,5028,9383,4,"Great product, worth the money!",2023-04-15,True
304106,7263,9073,4,"Exactly as described, very happy.",2023-08-08,True
304107,7260,9093,4,Excellent quality and fast delivery.,2022-07-20,True
304108,7722,9157,5,Excellent quality and fast delivery.,2022-11-03,True
304109,6135,9047,3,,2022-07-28,True
304110,5330,9042,5,"Great product, worth the money!",2024-11-10,False
304111,7949,9353,5,"Exactly as described, very happy.",2025-10-02,True
304112,7244,9533,3,Decent but delivery was late.,2026-07-20,True
304113,6257,9456,3,"Product is okay, nothing special.",2024-03-23,True
304114,7026,9042,3,"Average quality, expected more.",2024-02-21,True
304115,5450,9504,5,Excellent quality and fast delivery.,2022-10-28,True
304116,7117,9529,1,Stopped working after a week.,2024-03-11,True
304117,6816,9020,3,Decent but delivery was late.,2023-02-22,True
304118,6353,9546,3,"Average quality, expected more.",2024-12-19,False
304119,6868,9046,4,"Loved it, will buy again.",2023-04-29,True
304120,5202,9412,4,"Loved it, will buy again.",2024-10-13,True
304121,5731,9339,5,Excellent quality and fast delivery.,2022-03-11,True
304122,6440,9312,3,"Average quality, expected more.",2022-01-02,True
304123,7106,9263,4,"Loved it, will buy again.",2022-09-27,True
304124,5150,9274,3,"Average quality, expected more.",2025-03-09,True
304125,6181,9573,3,"Average quality, expected more.",2024-03-19,True
304126,7013,9596,5,Superb value for money.,2026-06-11,True
304127,6968,9455,5,"Great product, worth the money!",2023-11-21,True
304128,6345,9193,4,"Loved it, will buy again.",2022-03-17,True
304129,5622,9017,5,Superb value for money.,2023-10-05,True
304130,5752,9446,1,Item arrived damaged.,2023-10-08,True
304131,7610,9308,3,"Product is okay, nothing special.",2022-01-18,False
304132,6333,9126,2,Stopped working after a week.,2024-11-28,False
304133,5817,9187,4,Excellent quality and fast delivery.,2023-12-13,True
304134,7054,9080,2,Item arrived damaged.,2024-04-08,False
304135,5467,9178,1,,2022-03-29,True
304136,6410,9380,1,"Poor quality, disappointed.",2023-07-16,False
304137,6386,9099,3,Decent but delivery was late.,2024-08-14,True
304138,6981,9473,2,Stopped working after a week.,2025-09-12,True
304139,6579,9207,5,"Great product, worth the money!",2023-02-18,True
304140,5116,9430,4,"Loved it, will buy again.",2024-02-14,False
304141,6412,9073,2,Item arrived damaged.,2025-03-21,False
304142,7008,9338,3,"Average quality, expected more.",2026-05-29,True
304143,5399,9416,4,"Loved it, will buy again.",2022-11-29,True
304144,7968,9133,1,Not worth the price.,2022-11-24,True
304145,7280,9038,3,,2022-07-12,True
304146,6180,9317,3,"Average quality, expected more.",2025-03-15,False
304147,7037,9202,3,,2026-06-11,True
304148,6040,9108,3,Decent but delivery was late.,2022-01-09,True
304149,5004,9321,3,Decent but delivery was late.,2022-01-09,True
304150,6783,9572,2,"Poor quality, disappointed.",2026-02-01,False
304151,6461,9323,4,Excellent quality and fast delivery.,2023-06-17,False
304152,6347,9287,4,"Loved it, will buy again.",2023-07-31,True
304153,5262,9467,5,Excellent quality and fast delivery.,2024-08-20,True
304154,6283,9248,3,"Product is okay, nothing special.",2023-06-06,False
304155,5433,9225,2,Not worth the price.,2024-04-13,True
304156,5581,9415,4,Excellent quality and fast delivery.,2023-05-03,True
304157,5637,9165,3,"Product is okay, nothing special.",2025-03-29,True
304158,7196,9387,5,"Exactly as described, very happy.",2023-01-09,True
304159,6264,9583,3,"Average quality, expected more.",2022-07-29,True
304160,6242,9394,3,"Average quality, expected more.",2025-08-10,True
304161,6825,9501,3,Decent but delivery was late.,2022-02-02,False
304162,5617,9151,2,Not worth the price.,2024-09-13,True
304163,6072,9457,5,"Loved it, will buy again.",2022-12-04,True
304164,7195,9190,2,Not worth the price.,2025-10-05,True
304165,5586,9276,4,"Exactly as described, very happy.",2025-12-11,True
304166,5906,9275,4,"Loved it, will buy again.",2024-11-10,False
304167,7753,9230,1,"Poor quality, disappointed.",2025-11-24,True
304168,7612,9335,1,"Poor quality, disappointed.",2024-05-15,False
304169,5129,9464,5,Excellent quality and fast delivery.,2023-04-03,False
304170,7189,9381,2,Not worth the price.,2026-02-01,True
304171,7354,9026,3,Decent but delivery was late.,2023-04-22,False
304172,5433,9570,4,"Loved it, will buy again.",2025-04-17,True
304173,6812,9079,5,"Great product, worth the money!",2023-02-23,True
304174,7448,9592,4,,2023-04-18,True
304175,6135,9090,2,"Poor quality, disappointed.",2023-02-13,True
304176,6849,9487,3,Decent but delivery was late.,2022-07-31,True
304177,7596,9549,5,Superb value for money.,2026-06-11,True
304178,6254,9133,2,"Poor quality, disappointed.",2025-09-05,False
304179,7409,9545,3,"Average quality, expected more.",2024-02-26,True
304180,6922,9108,4,"Great product, worth the money!",2023-09-14,False
304181,7394,9507,1,"Poor quality, disappointed.",2022-06-21,True
304182,7746,9001,2,Stopped working after a week.,2025-07-04,True
304183,5116,9473,2,Not worth the price.,2026-04-04,True
304184,6734,9330,2,Stopped working after a week.,2024-06-02,True
304185,6365,9006,5,"Loved it, will buy again.",2023-11-06,False
304186,6561,9407,5,"Loved it, will buy again.",2024-04-09,True
304187,7060,9211,5,Excellent quality and fast delivery.,2026-05-26,True
304188,5475,9568,1,Not worth the price.,2026-03-09,True
304189,6112,9397,5,Excellent quality and fast delivery.,2026-03-25,True
304190,5878,9177,1,Stopped working after a week.,2022-04-12,True
304191,5943,9392,3,"Average quality, expected more.",2026-05-14,True
304192,6633,9142,1,Not worth the price.,2022-05-08,True
304193,7761,9286,2,Stopped working after a week.,2023-12-25,True
304194,6046,9177,5,Excellent quality and fast delivery.,2025-09-28,False
304195,7834,9107,4,"Exactly as described, very happy.",2024-10-01,False
304196,5516,9016,5,Excellent quality and fast delivery.,2024-03-20,False
304197,6053,9324,5,"Exactly as described, very happy.",2023-03-07,True
304198,5791,9598,2,"Poor quality, disappointed.",2023-09-05,True
304199,5437,9419,1,"Poor quality, disappointed.",2023-11-09,True
304200,5371,9283,1,Not worth the price.,2023-04-09,True
304201,7022,9141,2,"Poor quality, disappointed.",2026-03-19,True
304202,7859,9035,1,Stopped working after a week.,2023-12-06,False
304203,7877,9244,5,Excellent quality and fast delivery.,2023-05-22,False
304204,7713,9368,5,"Loved it, will buy again.",2023-06-17,True
304205,6422,9032,5,"Loved it, will buy again.",2024-05-23,True
304206,5629,9251,5,"Loved it, will buy again.",2026-05-17,True
304207,7470,9036,4,Superb value for money.,2024-12-26,True
304208,5960,9283,2,Item arrived damaged.,2025-11-02,True
304209,6263,9462,5,Excellent quality and fast delivery.,2022-12-19,True
304210,7724,9448,4,"Great product, worth the money!",2025-08-03,True
304211,7624,9469,5,"Great product, worth the money!",2024-12-16,True
304212,5245,9435,3,"Average quality, expected more.",2024-07-04,False
304213,6524,9204,1,Item arrived damaged.,2024-07-01,True
304214,7738,9044,2,"Poor quality, disappointed.",2022-01-29,True
304215,7692,9164,1,"Poor quality, disappointed.",2024-12-05,False
304216,5979,9081,1,Stopped working after a week.,2023-11-27,True
304217,6851,9566,4,Superb value for money.,2022-07-15,False
304218,5296,9025,3,Decent but delivery was late.,2022-01-28,True
304219,7285,9126,1,Stopped working after a week.,2022-06-25,True
304220,5253,9566,3,Decent but delivery was late.,2025-04-26,False
304221,5404,9321,4,"Great product, worth the money!",2024-09-25,True
304222,5244,9581,3,"Average quality, expected more.",2024-11-05,False
304223,5351,9249,1,Stopped working after a week.,2024-02-02,True
304224,7524,9166,3,"Average quality, expected more.",2026-05-07,True
304225,5293,9357,5,"Exactly as described, very happy.",2023-08-27,True
304226,6188,9261,1,"Poor quality, disappointed.",2025-04-09,True
304227,7822,9233,2,"Poor quality, disappointed.",2023-02-23,True
304228,6652,9365,4,"Great product, worth the money!",2023-04-20,False
304229,5470,9413,1,,2024-03-26,True
304230,5958,9454,1,Item arrived damaged.,2025-10-06,True
304231,5494,9045,2,,2022-12-26,True
304232,5761,9015,2,Not worth the price.,2025-12-24,True
304233,5913,9276,5,"Exactly as described, very happy.",2026-02-05,False
304234,7117,9104,2,Item arrived damaged.,2022-08-11,True
304235,5361,9456,2,Not worth the price.,2025-05-15,False
304236,7861,9252,5,"Exactly as described, very happy.",2024-12-12,True
304237,5510,9509,2,Stopped working after a week.,2022-05-23,False
304238,5951,9211,3,Decent but delivery was late.,2022-10-02,True
304239,6297,9326,5,"Loved it, will buy again.",2025-03-26,True
304240,7742,9198,5,Excellent quality and fast delivery.,2026-05-05,False
304241,7925,9016,3,,2026-03-28,False
304242,5533,9365,2,Not worth the price.,2022-01-04,True
304243,5025,9301,5,"Great product, worth the money!",2022-04-11,True
304244,5327,9083,4,"Exactly as described, very happy.",2026-04-10,True
304245,6230,9201,5,"Exactly as described, very happy.",2022-10-29,False
304246,7006,9542,2,"Poor quality, disappointed.",2026-03-30,True
304247,6191,9101,5,Superb value for money.,2024-09-14,True
304248,5592,9129,2,Item arrived damaged.,2026-03-10,True
304249,7825,9240,1,Item arrived damaged.,2026-06-05,False
304250,7358,9584,1,Stopped working after a week.,2026-08-05,True
304251,7630,9363,4,"Great product, worth the money!",2024-05-18,True
304252,5674,9390,3,"Average quality, expected more.",2022-07-18,False
304253,6541,9453,1,"Poor quality, disappointed.",2025-04-25,True
304254,6717,9293,2,Item arrived damaged.,2022-02-18,False
304255,5255,9190,5,"Exactly as described, very happy.",2026-05-21,True
304256,7103,9028,2,"Poor quality, disappointed.",2023-03-03,True
304257,5322,9179,3,"Product is okay, nothing special.",2025-03-20,True
304258,6271,9233,3,Decent but delivery was late.,2023-02-27,False
304259,6630,9039,3,,2023-05-01,True
304260,7493,9593,1,Stopped working after a week.,2023-08-16,True
304261,7002,9357,4,Superb value for money.,2022-01-23,True
304262,7694,9097,2,Stopped working after a week.,2026-05-18,False
304263,6894,9518,4,"Loved it, will buy again.",2024-07-24,True
304264,5692,9577,2,Stopped working after a week.,2024-10-26,True
304265,5880,9462,5,"Exactly as described, very happy.",2023-10-07,True
304266,7881,9095,5,Superb value for money.,2025-08-19,True
304267,6627,9173,5,Superb value for money.,2023-12-30,True
304268,6868,9212,5,Superb value for money.,2026-02-21,True
304269,6625,9598,5,"Great product, worth the money!",2024-07-19,False
304270,5143,9314,4,"Great product, worth the money!",2022-11-24,True
304271,6526,9352,5,Superb value for money.,2022-06-25,True
304272,5273,9595,4,"Exactly as described, very happy.",2023-10-02,True
304273,7878,9353,4,"Great product, worth the money!",2025-10-08,True
304274,6873,9409,2,Stopped working after a week.,2025-06-18,False
304275,7157,9592,2,Stopped working after a week.,2023-10-13,True
304276,7211,9219,4,"Exactly as described, very happy.",2025-12-09,False
304277,5011,9118,5,Superb value for money.,2024-04-10,True
304278,5384,9210,4,"Loved it, will buy again.",2026-06-12,True
304279,5812,9082,1,Not worth the price.,2026-03-18,True
304280,5311,9182,2,Not worth the price.,2023-09-02,True
304281,6912,9412,5,"Great product, worth the money!",2025-07-15,False
304282,7503,9103,5,"Exactly as described, very happy.",2024-11-23,True
304283,6069,9383,1,"Poor quality, disappointed.",2025-12-29,False
304284,8000,9008,5,Superb value for money.,2024-07-02,True
304285,6073,9232,2,"Poor quality, disappointed.",2023-06-30,True
304286,7462,9570,5,Excellent quality and fast delivery.,2025-07-07,True
304287,5964,9532,3,Decent but delivery was late.,2023-12-03,False
304288,6711,9382,3,Decent but delivery was late.,2023-05-14,False
304289,5771,9156,5,,2026-01-24,True
304290,7241,9205,1,Not worth the price.,2026-04-23,True
304291,6130,9035,1,Not worth the price.,2023-04-15,False
304292,5065,9388,2,Stopped working after a week.,2022-06-24,True
304293,5586,9041,2,"Poor quality, disappointed.",2024-02-01,True
304294,7950,9570,3,"Average quality, expected more.",2023-03-18,True
304295,7236,9520,1,Not worth the price.,2023-07-20,False
304296,5952,9265,2,Not worth the price.,2022-02-02,True
304297,6304,9268,1,Not worth the price.,2023-03-15,False
304298,7294,9411,4,"Great product, worth the money!",2024-08-11,True
304299,5659,9049,1,"Poor quality, disappointed.",2023-08-01,True
304300,6147,9001,2,"Poor quality, disappointed.",2026-04-02,True
304301,6564,9569,1,Item arrived damaged.,2022-05-31,True
304302,5621,9424,4,"Great product, worth the money!",2023-07-03,False
304303,6564,9172,3,Decent but delivery was late.,2024-04-10,False
304304,5830,9210,2,Item arrived damaged.,2025-06-25,True
304305,5636,9343,4,Superb value for money.,2024-09-18,True
304306,7544,9320,3,"Average quality, expected more.",2023-02-02,True
304307,5136,9300,1,Item arrived damaged.,2023-03-12,False
304308,7299,9418,1,Stopped working after a week.,2022-07-10,False
304309,6474,9103,5,"Loved it, will buy again.",2022-03-31,True
304310,5507,9121,1,Stopped working after a week.,2022-07-09,False
304311,7626,9597,2,Stopped working after a week.,2025-11-02,True
304312,7091,9272,2,Not worth the price.,2026-08-01,True
304313,7001,9155,2,Item arrived damaged.,2025-10-28,True
304314,7960,9178,1,Stopped working after a week.,2023-07-26,True
304315,5212,9354,2,Stopped working after a week.,2023-12-02,True
304316,5219,9239,5,,2022-06-05,True
304317,7195,9224,1,Not worth the price.,2026-06-08,True
304318,5891,9227,3,"Average quality, expected more.",2023-02-22,True
304319,6517,9503,4,Excellent quality and fast delivery.,2025-05-07,True
304320,6257,9409,1,Item arrived damaged.,2022-06-19,True
304321,5856,9296,5,"Great product, worth the money!",2024-08-11,True
304322,5346,9359,5,"Exactly as described, very happy.",2026-01-27,False
304323,7278,9069,2,Item arrived damaged.,2025-05-16,True
304324,7474,9340,1,Item arrived damaged.,2026-03-06,True
304325,7856,9117,4,"Exactly as described, very happy.",2026-03-18,True
304326,7825,9530,3,Decent but delivery was late.,2022-12-28,True
304327,6033,9276,3,"Average quality, expected more.",2023-07-06,True
304328,7231,9566,2,"Poor quality, disappointed.",2023-07-24,True
304329,5886,9182,3,"Product is okay, nothing special.",2022-10-22,True
304330,7175,9366,3,"Product is okay, nothing special.",2025-11-24,False
304331,5896,9532,4,Superb value for money.,2024-11-07,True
304332,7676,9206,4,Superb value for money.,2024-02-13,True
304333,5812,9136,3,"Product is okay, nothing special.",2022-08-09,False
304334,7188,9528,1,,2026-08-05,False
304335,5396,9592,1,,2023-09-20,False
304336,6692,9354,1,Stopped working after a week.,2023-02-18,True
304337,5023,9250,5,"Loved it, will buy again.",2022-12-26,True
304338,5265,9124,4,Superb value for money.,2025-03-10,True
304339,6375,9175,1,Stopped working after a week.,2024-09-02,True
304340,7034,9353,1,Not worth the price.,2025-01-06,True
304341,7110,9123,1,,2025-07-13,True
304342,5950,9218,3,"Average quality, expected more.",2024-12-23,False
304343,6368,9598,3,Decent but delivery was late.,2022-02-27,True
304344,5792,9428,5,"Great product, worth the money!",2023-12-23,True
304345,7060,9560,4,Superb value for money.,2025-09-04,False
304346,5284,9533,3,Decent but delivery was late.,2023-10-23,False
304347,5979,9526,3,Decent but delivery was late.,2023-05-12,False
304348,5225,9546,1,"Poor quality, disappointed.",2023-12-04,True
304349,7907,9128,1,Stopped working after a week.,2026-07-20,False
304350,5487,9359,2,Not worth the price.,2026-02-20,True
304351,5798,9092,5,Superb value for money.,2024-04-27,True
304352,5295,9398,1,"Poor quality, disappointed.",2025-06-08,False
304353,7405,9343,4,"Loved it, will buy again.",2022-04-04,True
304354,6295,9049,4,"Exactly as described, very happy.",2024-08-30,True
304355,5303,9031,3,Decent but delivery was late.,2026-04-30,True
304356,6125,9401,3,,2023-11-07,False
304357,7668,9592,5,"Great product, worth the money!",2025-01-09,True
304358,5751,9253,4,"Exactly as described, very happy.",2022-11-28,True
304359,7520,9517,5,"Exactly as described, very happy.",2025-09-29,True
304360,5963,9124,2,Item arrived damaged.,2024-09-06,False
304361,7658,9409,2,"Poor quality, disappointed.",2022-11-01,True
304362,6190,9035,2,Stopped working after a week.,2023-07-27,False
304363,5035,9001,1,Item arrived damaged.,2024-09-01,True
304364,6327,9549,2,Item arrived damaged.,2025-09-03,True
304365,7524,9466,4,"Great product, worth the money!",2022-01-21,True
304366,7998,9170,4,Excellent quality and fast delivery.,2025-06-15,False
304367,5557,9304,5,Excellent quality and fast delivery.,2026-04-10,True
304368,6897,9535,5,Superb value for money.,2022-07-04,True
304369,6995,9102,5,Superb value for money.,2025-06-18,True
304370,6264,9345,2,"Poor quality, disappointed.",2025-03-24,True
304371,7500,9442,2,Not worth the price.,2022-11-14,False
304372,5385,9467,2,"Poor quality, disappointed.",2024-04-06,False
304373,6764,9554,4,Excellent quality and fast delivery.,2025-06-24,False
304374,7562,9560,4,Excellent quality and fast delivery.,2024-03-29,True
304375,5957,9216,4,Superb value for money.,2022-09-11,True
304376,5814,9424,2,Item arrived damaged.,2025-03-29,True
304377,7926,9224,5,"Great product, worth the money!",2024-04-25,True
304378,6253,9457,3,Decent but delivery was late.,2024-03-24,False
304379,6129,9135,4,Superb value for money.,2023-02-24,True
304380,7067,9010,2,Stopped working after a week.,2025-12-18,True
304381,7306,9208,4,Excellent quality and fast delivery.,2022-11-16,True
304382,5779,9084,5,"Exactly as described, very happy.",2024-09-28,False
304383,7936,9239,1,Not worth the price.,2025-06-08,True
304384,5644,9598,1,Not worth the price.,2022-01-10,True
304385,5750,9017,2,"Poor quality, disappointed.",2023-09-30,True
304386,6946,9149,2,Stopped working after a week.,2023-08-06,True
304387,7941,9468,4,"Loved it, will buy again.",2024-08-22,True
304388,7294,9188,1,Stopped working after a week.,2023-01-15,True
304389,5773,9118,3,Decent but delivery was late.,2026-06-07,True
304390,6209,9209,4,"Great product, worth the money!",2024-05-19,False
304391,5613,9519,4,"Loved it, will buy again.",2024-11-09,True
304392,7875,9150,1,Not worth the price.,2023-12-31,True
304393,7310,9282,4,,2024-07-19,True
304394,6764,9109,4,Excellent quality and fast delivery.,2024-11-16,True
304395,6039,9232,5,"Loved it, will buy again.",2023-05-03,True
304396,5568,9316,1,Not worth the price.,2026-01-18,True
304397,6898,9468,5,Excellent quality and fast delivery.,2023-09-23,True
304398,5699,9050,1,"Poor quality, disappointed.",2024-04-14,True
304399,5817,9379,1,Stopped working after a week.,2025-12-09,True
304400,6858,9177,4,Excellent quality and fast delivery.,2025-04-13,False
304401,7018,9104,2,Item arrived damaged.,2023-05-29,True
304402,7793,9493,5,Superb value for money.,2024-10-19,True
304403,5352,9267,2,"Poor quality, disappointed.",2026-03-01,False
304404,6285,9568,4,"Great product, worth the money!",2023-04-03,True
304405,5482,9245,1,Not worth the price.,2025-04-01,False
304406,6766,9247,3,"Product is okay, nothing special.",2022-11-23,True
304407,6360,9531,5,,2024-11-29,False
304408,5515,9422,4,"Exactly as described, very happy.",2023-11-27,True
304409,6459,9351,1,Not worth the price.,2023-04-05,True
304410,7965,9028,4,"Exactly as described, very happy.",2022-10-28,True
304411,6765,9078,2,"Poor quality, disappointed.",2025-04-29,True
304412,5572,9289,2,Not worth the price.,2022-01-03,True
304413,5836,9080,3,Decent but delivery was late.,2026-04-28,True
304414,5540,9105,2,Item arrived damaged.,2024-12-28,True
304415,7479,9580,4,Superb value for money.,2022-12-20,False
304416,5894,9469,5,"Great product, worth the money!",2022-03-10,True
304417,6791,9460,5,Superb value for money.,2024-04-18,True
304418,6230,9520,2,Not worth the price.,2022-09-18,True
304419,5327,9023,2,"Poor quality, disappointed.",2022-11-02,True
304420,6267,9594,4,"Loved it, will buy again.",2025-08-23,True
304421,6265,9445,2,Item arrived damaged.,2023-08-20,True
304422,6121,9106,1,"Poor quality, disappointed.",2022-12-18,False
304423,7790,9297,2,Item arrived damaged.,2023-05-01,False
304424,6132,9026,5,Superb value for money.,2022-06-11,True
304425,6994,9344,1,Stopped working after a week.,2025-11-15,True
304426,5869,9029,3,Decent but delivery was late.,2025-02-25,True
304427,7139,9240,4,Excellent quality and fast delivery.,2023-06-21,True
304428,7738,9512,1,Item arrived damaged.,2024-11-07,True
304429,5303,9035,1,Stopped working after a week.,2023-05-16,True
304430,5974,9244,1,Stopped working after a week.,2025-05-18,True
304431,6145,9210,4,"Great product, worth the money!",2022-07-26,True
304432,5601,9598,5,Superb value for money.,2025-09-14,True
304433,5565,9123,4,Superb value for money.,2025-03-12,False
304434,6597,9592,5,"Great product, worth the money!",2025-03-04,True
304435,5905,9334,2,Item arrived damaged.,2025-02-18,True
304436,6056,9349,5,"Exactly as described, very happy.",2025-04-05,True
304437,6906,9524,1,,2024-02-15,False
304438,5352,9455,4,"Loved it, will buy again.",2023-12-15,True
304439,5230,9238,1,Not worth the price.,2024-05-12,True
304440,5726,9064,5,,2024-12-02,True
304441,7603,9192,5,"Great product, worth the money!",2022-01-28,True
304442,6462,9129,4,"Great product, worth the money!",2023-11-04,True
304443,6036,9468,4,Excellent quality and fast delivery.,2026-08-01,False
304444,5651,9272,3,"Average quality, expected more.",2023-05-18,False
304445,6694,9506,5,Superb value for money.,2022-10-02,True
304446,7696,9038,3,,2023-01-07,True
304447,7240,9336,1,Item arrived damaged.,2024-03-21,True
304448,7546,9099,1,Not worth the price.,2025-03-29,False
304449,6647,9573,2,Not worth the price.,2026-03-12,True
304450,7632,9085,5,"Great product, worth the money!",2023-02-24,True
304451,7431,9188,1,Not worth the price.,2022-12-27,True
304452,5766,9576,3,Decent but delivery was late.,2022-04-10,True
304453,5874,9194,3,"Average quality, expected more.",2024-07-08,True
304454,5762,9015,3,"Average quality, expected more.",2024-04-19,True
304455,7544,9029,3,"Product is okay, nothing special.",2025-10-26,False
304456,5063,9345,5,"Loved it, will buy again.",2022-10-31,True
304457,6922,9399,5,Excellent quality and fast delivery.,2022-11-04,True
304458,5482,9149,3,Decent but delivery was late.,2023-01-24,False
304459,7335,9557,2,Item arrived damaged.,2023-11-29,False
304460,5548,9030,4,"Great product, worth the money!",2025-07-11,True
304461,6493,9060,1,Not worth the price.,2023-04-12,True
304462,5906,9494,3,"Product is okay, nothing special.",2025-08-30,True
304463,7478,9016,2,Stopped working after a week.,2024-11-10,True
304464,7431,9159,2,Not worth the price.,2022-06-29,True
304465,5510,9321,5,"Loved it, will buy again.",2025-12-09,True
304466,7781,9303,3,"Product is okay, nothing special.",2023-10-24,False
304467,5723,9067,3,"Product is okay, nothing special.",2023-08-15,True
304468,6907,9029,2,Item arrived damaged.,2025-03-29,True
304469,5449,9395,2,Item arrived damaged.,2022-08-07,False
304470,5935,9071,4,"Great product, worth the money!",2022-05-29,False
304471,7819,9557,2,Not worth the price.,2026-03-24,True
304472,5167,9519,4,"Exactly as described, very happy.",2023-03-22,True
304473,6376,9184,3,"Product is okay, nothing special.",2024-02-27,True
304474,6804,9271,2,Item arrived damaged.,2023-05-03,False
304475,6453,9260,2,Stopped working after a week.,2022-08-21,True
304476,7290,9418,2,"Poor quality, disappointed.",2025-09-10,True
304477,5108,9460,5,"Loved it, will buy again.",2025-10-15,True
304478,6674,9383,1,Stopped working after a week.,2025-02-25,True
304479,5554,9386,5,"Loved it, will buy again.",2023-12-09,True
304480,6986,9015,5,"Loved it, will buy again.",2026-05-01,True
304481,5303,9092,4,"Exactly as described, very happy.",2022-06-30,True
304482,5144,9064,4,"Great product, worth the money!",2024-03-03,True
304483,5637,9111,2,Not worth the price.,2022-01-03,True
304484,5104,9561,3,Decent but delivery was late.,2023-03-21,True
304485,7858,9435,5,Superb value for money.,2023-04-02,True
304486,5779,9189,5,"Loved it, will buy again.",2023-04-20,True
304487,5144,9346,1,"Poor quality, disappointed.",2022-12-29,False
304488,6660,9304,2,"Poor quality, disappointed.",2025-11-02,True
304489,6439,9410,4,Excellent quality and fast delivery.,2024-07-18,True
304490,7688,9138,1,"Poor quality, disappointed.",2023-02-24,True
304491,7526,9520,5,"Exactly as described, very happy.",2026-01-16,True
304492,6478,9503,5,"Exactly as described, very happy.",2022-05-23,True
304493,7603,9538,1,Item arrived damaged.,2025-10-05,True
304494,5565,9469,4,"Great product, worth the money!",2026-02-23,False
304495,7646,9401,2,Item arrived damaged.,2022-09-30,False
304496,5728,9250,5,"Loved it, will buy again.",2023-06-08,True
304497,6419,9343,2,Item arrived damaged.,2022-10-02,True
304498,5302,9478,2,"Poor quality, disappointed.",2025-03-03,False
304499,7788,9124,2,Not worth the price.,2026-04-24,True
304500,7789,9242,1,"Poor quality, disappointed.",2025-01-23,True
304501,5061,9019,2,Stopped working after a week.,2026-02-23,True
304502,6110,9234,1,Stopped working after a week.,2026-04-07,True
304503,6714,9570,3,"Average quality, expected more.",2026-06-16,True
304504,6876,9463,4,"Loved it, will buy again.",2025-06-30,True
304505,6128,9503,1,"Poor quality, disappointed.",2024-09-08,False
304506,5878,9090,4,Excellent quality and fast delivery.,2022-10-29,True
304507,5460,9511,5,,2022-02-06,False
304508,5267,9503,1,Stopped working after a week.,2023-01-26,True
304509,5296,9003,4,Excellent quality and fast delivery.,2026-05-04,True
304510,6404,9568,3,,2022-09-04,True
304511,6697,9037,3,"Product is okay, nothing special.",2024-10-30,True
304512,6133,9238,3,Decent but delivery was late.,2026-02-18,True
304513,6214,9148,5,"Exactly as described, very happy.",2024-12-10,True
304514,5251,9434,1,Stopped working after a week.,2025-09-22,True
304515,5624,9415,2,"Poor quality, disappointed.",2025-12-17,True
304516,5880,9533,5,"Exactly as described, very happy.",2026-01-24,True
304517,7275,9362,2,Item arrived damaged.,2022-06-10,True
304518,6279,9533,3,"Average quality, expected more.",2023-03-16,True
304519,6277,9096,3,"Product is okay, nothing special.",2022-01-12,True
304520,5636,9315,4,"Loved it, will buy again.",2025-01-18,False
304521,6405,9191,4,Excellent quality and fast delivery.,2023-05-08,True
304522,5815,9372,1,Not worth the price.,2025-06-10,False
304523,5589,9446,4,Superb value for money.,2023-02-26,True
304524,6725,9337,5,,2022-09-08,False
304525,7655,9176,1,"Poor quality, disappointed.",2026-04-24,True
304526,6078,9249,5,"Great product, worth the money!",2023-12-08,True
304527,5579,9470,3,Decent but delivery was late.,2022-08-28,True
304528,6465,9168,1,Stopped working after a week.,2023-05-01,True
304529,6632,9096,3,"Average quality, expected more.",2026-04-11,True
304530,7397,9128,1,Item arrived damaged.,2024-03-07,False
304531,6147,9541,4,"Loved it, will buy again.",2022-06-15,True
304532,6149,9038,3,Decent but delivery was late.,2023-03-04,True
304533,7238,9187,1,Item arrived damaged.,2024-03-15,False
304534,6265,9439,3,"Average quality, expected more.",2023-11-05,True
304535,5389,9508,2,Stopped working after a week.,2023-04-30,False
304536,6226,9525,4,Superb value for money.,2026-03-05,False
304537,7583,9102,5,Superb value for money.,2022-06-09,True
304538,7876,9215,5,"Exactly as described, very happy.",2026-01-09,True
304539,7949,9062,2,Stopped working after a week.,2025-08-20,True
304540,7488,9183,2,Stopped working after a week.,2022-04-27,False
304541,5956,9083,5,Superb value for money.,2023-12-30,True
304542,5284,9176,5,Superb value for money.,2026-06-02,True
304543,7400,9549,2,"Poor quality, disappointed.",2023-07-24,True
304544,5495,9452,2,Stopped working after a week.,2024-08-11,True
304545,5759,9010,1,Item arrived damaged.,2025-11-02,True
304546,7127,9039,4,"Great product, worth the money!",2022-09-28,True
304547,5229,9423,1,"Poor quality, disappointed.",2022-05-04,True
304548,6434,9339,1,Stopped working after a week.,2022-10-18,True
304549,5133,9219,5,"Loved it, will buy again.",2024-06-10,True
304550,7691,9238,4,"Great product, worth the money!",2024-04-21,True
304551,6272,9069,2,Stopped working after a week.,2024-06-24,True
304552,7936,9373,5,"Loved it, will buy again.",2022-02-01,False
304553,6735,9107,4,"Loved it, will buy again.",2025-03-27,True
304554,7460,9218,1,Stopped working after a week.,2022-07-07,False
304555,6854,9236,5,Superb value for money.,2026-01-16,True
304556,7111,9563,3,Decent but delivery was late.,2023-04-04,True
304557,6672,9178,4,"Exactly as described, very happy.",2025-02-28,True
304558,5462,9241,5,"Exactly as described, very happy.",2023-05-03,True
304559,5056,9327,4,"Exactly as described, very happy.",2022-07-03,True
304560,6170,9523,5,Superb value for money.,2025-04-03,False
304561,7922,9457,4,"Great product, worth the money!",2023-01-16,False
304562,5751,9058,5,"Loved it, will buy again.",2024-08-25,False
304563,6945,9503,2,Not worth the price.,2024-02-13,True
304564,7508,9383,1,Not worth the price.,2023-03-24,True
304565,5778,9349,3,"Average quality, expected more.",2022-11-02,True
304566,6793,9090,5,Superb value for money.,2026-01-05,False
304567,7830,9449,3,Decent but delivery was late.,2024-05-07,True
304568,7719,9193,4,,2024-12-17,True
304569,5824,9315,3,Decent but delivery was late.,2025-01-08,True
304570,7193,9120,5,Excellent quality and fast delivery.,2025-06-01,True
304571,7447,9420,4,"Loved it, will buy again.",2022-10-12,True
304572,7179,9520,4,"Exactly as described, very happy.",2025-05-30,True
304573,5791,9580,2,Stopped working after a week.,2023-09-03,False
304574,6903,9146,2,Not worth the price.,2023-04-24,False
304575,7651,9256,5,"Loved it, will buy again.",2024-06-11,False
304576,6361,9421,5,,2022-05-03,False
304577,5914,9186,2,Not worth the price.,2024-07-04,True
304578,7159,9184,1,Not worth the price.,2025-05-18,True
304579,7304,9557,1,Item arrived damaged.,2024-07-05,True
304580,5315,9551,3,"Average quality, expected more.",2023-01-20,True
304581,6336,9136,1,Item arrived damaged.,2023-08-04,True
304582,6468,9186,2,Not worth the price.,2023-09-05,True
304583,6005,9530,5,Excellent quality and fast delivery.,2025-12-26,False
304584,7600,9317,1,Not worth the price.,2022-02-09,True
304585,5431,9588,5,"Great product, worth the money!",2024-02-21,True
304586,6355,9081,2,Item arrived damaged.,2023-08-20,True
304587,5167,9378,1,,2022-05-13,True
304588,5343,9463,3,Decent but delivery was late.,2023-11-14,False
304589,6243,9581,4,"Exactly as described, very happy.",2022-06-06,True
304590,5989,9286,2,Item arrived damaged.,2024-10-03,True
304591,7569,9466,1,Stopped working after a week.,2022-02-19,False
304592,6214,9393,5,"Loved it, will buy again.",2022-10-17,True
304593,5748,9580,5,Excellent quality and fast delivery.,2024-04-26,True
304594,7760,9443,5,Excellent quality and fast delivery.,2022-11-02,True
304595,6348,9114,4,Superb value for money.,2023-07-16,True
304596,7678,9163,5,"Loved it, will buy again.",2024-04-18,False
304597,7795,9351,3,Decent but delivery was late.,2024-01-24,True
304598,6577,9468,3,"Product is okay, nothing special.",2023-11-23,True
304599,7805,9468,1,Not worth the price.,2023-03-28,True
304600,5047,9200,3,"Product is okay, nothing special.",2024-01-21,True
304601,5518,9402,4,"Exactly as described, very happy.",2022-10-22,True
304602,6753,9192,5,,2023-09-30,True
304603,5452,9369,5,"Loved it, will buy again.",2024-03-17,True
304604,7116,9308,4,Excellent quality and fast delivery.,2025-01-16,True
304605,7131,9099,5,"Loved it, will buy again.",2023-10-30,True
304606,7733,9253,4,"Exactly as described, very happy.",2022-06-23,False
304607,7245,9578,5,"Loved it, will buy again.",2024-06-13,True
304608,7071,9264,1,"Poor quality, disappointed.",2025-11-02,True
304609,7727,9470,5,"Exactly as described, very happy.",2023-05-30,True
304610,7892,9103,3,Decent but delivery was late.,2024-02-19,False
304611,5817,9385,5,Superb value for money.,2026-03-01,True
304612,7463,9362,4,"Exactly as described, very happy.",2025-04-19,True
304613,7450,9501,2,Not worth the price.,2022-05-03,True
304614,5985,9360,5,"Loved it, will buy again.",2022-08-19,True
304615,5646,9133,2,Stopped working after a week.,2023-06-04,True
304616,6496,9403,2,Item arrived damaged.,2023-06-04,True
304617,5471,9248,3,Decent but delivery was late.,2025-11-04,False
304618,6234,9335,3,"Average quality, expected more.",2026-02-18,False
304619,7195,9391,3,"Average quality, expected more.",2025-02-27,True
304620,6136,9439,2,"Poor quality, disappointed.",2022-02-24,False
304621,5882,9415,5,Superb value for money.,2025-06-27,True
304622,7765,9224,1,Item arrived damaged.,2022-05-01,False
304623,5762,9325,4,"Exactly as described, very happy.",2022-08-09,True
304624,7653,9348,4,"Great product, worth the money!",2023-12-21,True
304625,5173,9243,5,Superb value for money.,2023-02-21,True
304626,5640,9127,4,"Exactly as described, very happy.",2022-11-01,True
304627,6114,9589,5,Excellent quality and fast delivery.,2023-03-28,False
304628,6296,9244,2,"Poor quality, disappointed.",2024-07-01,False
304629,7174,9270,2,"Poor quality, disappointed.",2023-09-29,True
304630,5907,9116,5,"Loved it, will buy again.",2025-05-07,True
304631,6862,9098,4,"Great product, worth the money!",2024-06-08,True
304632,7349,9493,1,"Poor quality, disappointed.",2024-08-11,True
304633,7394,9125,1,"Poor quality, disappointed.",2023-02-18,False
304634,7877,9104,2,Item arrived damaged.,2022-01-20,True
304635,6623,9480,5,"Loved it, will buy again.",2022-12-09,False
304636,6618,9127,4,"Exactly as described, very happy.",2024-09-19,True
304637,7917,9569,1,Stopped working after a week.,2024-12-15,False
304638,5294,9351,1,Item arrived damaged.,2022-07-30,True
304639,7809,9006,5,Excellent quality and fast delivery.,2022-10-23,False
304640,6618,9134,4,Excellent quality and fast delivery.,2024-01-11,False
304641,6076,9410,5,"Loved it, will buy again.",2023-02-24,False
304642,5637,9337,4,Excellent quality and fast delivery.,2025-03-29,True
304643,5742,9481,2,Item arrived damaged.,2026-05-11,True
304644,6127,9502,2,Item arrived damaged.,2022-06-15,False
304645,7090,9484,5,"Exactly as described, very happy.",2023-10-11,False
304646,7624,9212,5,Excellent quality and fast delivery.,2024-09-29,True
304647,6962,9227,2,Item arrived damaged.,2022-02-27,True
304648,5190,9412,2,Item arrived damaged.,2022-03-22,False
304649,7456,9451,5,Excellent quality and fast delivery.,2023-07-21,True
304650,6577,9042,3,"Average quality, expected more.",2025-07-13,False
304651,6628,9502,2,Stopped working after a week.,2025-10-04,True
304652,6739,9260,2,Not worth the price.,2022-08-05,True
304653,6105,9279,5,Superb value for money.,2024-05-21,True
304654,6091,9004,4,Superb value for money.,2023-08-27,False
304655,5919,9598,2,"Poor quality, disappointed.",2026-06-05,True
304656,7490,9297,3,"Product is okay, nothing special.",2024-08-02,False
304657,7304,9307,3,"Product is okay, nothing special.",2023-09-30,True
304658,5605,9322,5,Excellent quality and fast delivery.,2026-02-23,True
304659,6096,9251,5,"Great product, worth the money!",2024-03-17,True
304660,7740,9120,3,Decent but delivery was late.,2022-05-18,True
304661,6177,9469,2,Not worth the price.,2022-03-30,False
304662,5164,9088,1,Item arrived damaged.,2025-08-30,False
304663,6053,9584,3,Decent but delivery was late.,2022-05-04,True
304664,5283,9441,1,Not worth the price.,2026-07-01,True
304665,6111,9387,2,Stopped working after a week.,2022-10-09,True
304666,7566,9199,4,Superb value for money.,2024-12-12,True
304667,5458,9334,4,"Exactly as described, very happy.",2023-11-28,True
304668,5345,9566,5,Excellent quality and fast delivery.,2022-03-04,True
304669,6912,9567,2,"Poor quality, disappointed.",2024-11-10,True
304670,6513,9164,3,Decent but delivery was late.,2022-02-26,True
304671,5035,9201,2,Not worth the price.,2022-03-03,False
304672,5320,9086,3,"Product is okay, nothing special.",2023-09-28,True
304673,5716,9116,2,Item arrived damaged.,2026-04-19,True
304674,5456,9336,3,Decent but delivery was late.,2022-12-12,True
304675,6249,9399,4,Superb value for money.,2023-10-02,True
304676,5023,9035,3,"Average quality, expected more.",2023-04-12,True
304677,7951,9267,5,"Exactly as described, very happy.",2022-01-12,True
304678,6398,9443,3,"Average quality, expected more.",2023-05-05,True
304679,6257,9200,1,Item arrived damaged.,2024-08-24,True
304680,5149,9021,5,"Exactly as described, very happy.",2024-12-06,True
304681,7268,9190,1,Not worth the price.,2024-12-08,True
304682,5566,9306,5,Superb value for money.,2022-03-17,True
304683,7555,9295,5,,2024-08-23,True
304684,6884,9053,3,Decent but delivery was late.,2026-04-04,True
304685,6571,9569,1,Not worth the price.,2024-06-10,True
304686,5608,9412,4,Superb value for money.,2024-06-06,True
304687,7688,9245,2,,2024-12-01,True
304688,5475,9536,1,Stopped working after a week.,2025-03-28,True
304689,7957,9428,5,Superb value for money.,2024-06-18,True
304690,6217,9082,3,Decent but delivery was late.,2024-09-30,True
304691,6697,9389,3,Decent but delivery was late.,2022-11-26,False
304692,6482,9276,3,"Average quality, expected more.",2022-09-01,True
304693,7624,9266,3,"Average quality, expected more.",2023-12-11,True
304694,6310,9600,2,Stopped working after a week.,2023-03-21,True
304695,5198,9446,3,"Average quality, expected more.",2022-01-15,True
304696,5904,9276,2,Item arrived damaged.,2024-05-02,True
304697,7926,9100,5,"Loved it, will buy again.",2025-08-27,True
304698,7130,9238,2,Not worth the price.,2024-02-19,True
304699,6272,9251,5,"Exactly as described, very happy.",2024-11-16,True
304700,6593,9499,1,Not worth the price.,2025-06-30,True
304701,6489,9592,4,Superb value for money.,2025-02-15,False
304702,7593,9546,1,Not worth the price.,2022-11-03,False
304703,5905,9016,2,Stopped working after a week.,2022-06-15,False
304704,7049,9542,4,"Exactly as described, very happy.",2025-07-21,False
304705,7816,9021,4,"Exactly as described, very happy.",2024-02-22,True
304706,7604,9345,4,Excellent quality and fast delivery.,2025-04-20,False
304707,7910,9429,1,,2026-03-08,True
304708,7969,9596,4,Excellent quality and fast delivery.,2024-02-07,True
304709,5599,9018,3,"Product is okay, nothing special.",2023-02-07,True
304710,6312,9185,2,"Poor quality, disappointed.",2026-04-10,False
304711,5127,9402,5,"Loved it, will buy again.",2022-12-03,True
304712,6196,9344,2,Stopped working after a week.,2025-10-06,True
304713,7716,9140,2,"Poor quality, disappointed.",2024-08-14,True
304714,6714,9312,2,Stopped working after a week.,2022-04-25,True
304715,5484,9368,3,"Average quality, expected more.",2023-05-24,True
304716,6094,9211,3,"Product is okay, nothing special.",2023-08-29,True
304717,7781,9192,1,Item arrived damaged.,2025-03-30,True
304718,7562,9268,5,,2023-09-12,True
304719,6492,9086,4,Excellent quality and fast delivery.,2024-08-27,False
304720,7869,9008,2,Stopped working after a week.,2022-08-04,True
304721,5026,9151,2,Not worth the price.,2023-07-28,True
304722,7531,9268,3,"Average quality, expected more.",2025-12-08,True
304723,5310,9472,4,"Great product, worth the money!",2024-04-11,True
304724,5977,9168,4,"Exactly as described, very happy.",2024-03-01,True
304725,5135,9329,2,Item arrived damaged.,2024-11-14,True
304726,7495,9588,3,"Average quality, expected more.",2025-07-09,True
304727,5707,9528,3,"Average quality, expected more.",2022-06-28,True
304728,6393,9317,5,"Great product, worth the money!",2024-02-12,False
304729,7397,9289,5,"Great product, worth the money!",2024-12-08,True
304730,6887,9511,5,Superb value for money.,2025-04-05,True
304731,7092,9234,3,,2025-04-16,True
304732,7991,9222,5,Excellent quality and fast delivery.,2023-12-10,True
304733,6335,9515,4,Excellent quality and fast delivery.,2024-12-01,True
304734,7581,9339,4,Excellent quality and fast delivery.,2023-10-20,False
304735,5908,9426,1,Stopped working after a week.,2026-01-21,False
304736,5151,9554,3,"Average quality, expected more.",2025-09-07,True
304737,5474,9192,5,Superb value for money.,2025-06-15,True
304738,5283,9079,1,Not worth the price.,2022-07-05,True
304739,7457,9301,5,Excellent quality and fast delivery.,2025-10-14,True
304740,7018,9516,5,"Loved it, will buy again.",2024-11-06,True
304741,5417,9234,2,Item arrived damaged.,2024-08-14,False
304742,7509,9583,4,Superb value for money.,2026-08-01,False
304743,6183,9530,3,"Product is okay, nothing special.",2024-06-06,False
304744,5284,9344,3,"Average quality, expected more.",2022-12-02,False
304745,5585,9379,2,Not worth the price.,2025-05-28,True
304746,6441,9445,3,Decent but delivery was late.,2024-07-22,True
304747,5698,9413,3,"Product is okay, nothing special.",2022-01-31,False
304748,7009,9567,3,Decent but delivery was late.,2022-12-12,False
304749,6458,9533,3,"Product is okay, nothing special.",2024-04-02,True
304750,7740,9504,1,Item arrived damaged.,2023-08-19,False
304751,6888,9371,4,Excellent quality and fast delivery.,2024-01-19,True
304752,7570,9456,5,"Exactly as described, very happy.",2022-03-09,True
304753,5301,9516,3,"Average quality, expected more.",2023-11-19,False
304754,5509,9295,5,"Loved it, will buy again.",2024-08-07,True
304755,5004,9028,1,Not worth the price.,2022-03-15,False
304756,7116,9434,4,Superb value for money.,2026-06-22,False
304757,7251,9531,5,"Loved it, will buy again.",2023-08-14,False
304758,7261,9412,4,Superb value for money.,2026-03-09,True
304759,6630,9165,5,"Loved it, will buy again.",2026-04-14,False
304760,5234,9189,4,Superb value for money.,2022-04-08,True
304761,5876,9243,4,Excellent quality and fast delivery.,2022-06-20,True
304762,5814,9385,3,Decent but delivery was late.,2023-05-01,True
304763,6984,9463,2,"Poor quality, disappointed.",2022-11-12,True
304764,6179,9513,4,"Loved it, will buy again.",2024-05-28,False
304765,6099,9237,1,,2026-01-15,True
304766,7608,9393,3,Decent but delivery was late.,2026-06-15,True
304767,5898,9595,3,"Average quality, expected more.",2023-01-12,False
304768,6349,9487,2,Stopped working after a week.,2024-04-03,True
304769,7099,9315,1,"Poor quality, disappointed.",2026-03-08,True
304770,6023,9141,1,"Poor quality, disappointed.",2023-08-21,True
304771,5425,9221,2,"Poor quality, disappointed.",2023-09-16,True
304772,7365,9388,5,"Exactly as described, very happy.",2024-11-30,True
304773,7526,9059,4,"Great product, worth the money!",2026-04-01,True
304774,5682,9030,3,"Average quality, expected more.",2022-07-14,True
304775,5908,9457,5,"Great product, worth the money!",2026-05-01,True
304776,6719,9144,1,Not worth the price.,2022-04-02,True
304777,7028,9278,5,,2023-05-20,True
304778,6996,9195,2,Stopped working after a week.,2023-01-04,True
304779,5766,9162,1,Stopped working after a week.,2026-03-30,True
304780,6876,9113,4,"Great product, worth the money!",2024-02-04,True
304781,7406,9094,3,,2023-11-16,True
304782,6394,9405,1,"Poor quality, disappointed.",2023-09-30,True
304783,6067,9309,2,"Poor quality, disappointed.",2025-02-06,True
304784,5083,9161,1,Stopped working after a week.,2023-07-09,True
304785,5344,9579,1,Not worth the price.,2025-06-08,True
304786,6186,9210,4,Excellent quality and fast delivery.,2025-08-16,True
304787,6707,9495,3,Decent but delivery was late.,2022-01-28,True
304788,7557,9524,1,"Poor quality, disappointed.",2023-04-19,True
304789,5250,9208,5,Superb value for money.,2024-10-27,True
304790,5541,9553,2,"Poor quality, disappointed.",2022-11-23,False
304791,7674,9239,5,"Great product, worth the money!",2023-08-12,True
304792,5447,9582,5,Superb value for money.,2022-09-19,False
304793,7593,9596,1,Item arrived damaged.,2025-04-14,True
304794,5182,9170,3,Decent but delivery was late.,2022-01-10,False
304795,5063,9082,3,"Average quality, expected more.",2025-04-03,True
304796,5468,9187,1,Stopped working after a week.,2025-01-21,True
304797,6313,9063,1,Stopped working after a week.,2025-12-02,True
304798,7325,9412,4,"Loved it, will buy again.",2022-03-25,False
304799,7348,9217,2,Item arrived damaged.,2026-03-04,False
304800,7408,9413,1,Stopped working after a week.,2022-08-08,False
304801,6512,9277,3,"Product is okay, nothing special.",2024-02-24,True
304802,5804,9109,4,,2026-03-25,True
304803,5629,9168,5,"Loved it, will buy again.",2024-06-27,True
304804,5654,9544,5,Superb value for money.,2022-07-28,True
304805,7167,9283,2,Stopped working after a week.,2023-12-16,True
304806,5226,9359,3,Decent but delivery was late.,2024-12-11,True
304807,6111,9038,4,"Loved it, will buy again.",2022-06-21,True
304808,5533,9139,4,"Loved it, will buy again.",2022-07-01,False
304809,6148,9266,5,,2025-05-04,True
304810,6030,9190,3,"Product is okay, nothing special.",2022-10-01,True
304811,5038,9261,4,"Loved it, will buy again.",2023-09-17,True
304812,6890,9460,3,,2023-03-31,True
304813,6175,9389,5,"Exactly as described, very happy.",2024-11-27,True
304814,6530,9322,5,"Loved it, will buy again.",2026-02-07,False
304815,5909,9227,1,"Poor quality, disappointed.",2024-07-04,False
304816,7990,9482,2,Stopped working after a week.,2022-04-15,True
304817,7570,9109,3,Decent but delivery was late.,2025-11-20,False
304818,6996,9464,2,Stopped working after a week.,2025-09-30,True
304819,6481,9381,4,"Loved it, will buy again.",2023-04-29,False
304820,6188,9128,2,Not worth the price.,2023-01-07,True
304821,5029,9553,5,"Great product, worth the money!",2023-03-28,False
304822,5694,9396,2,Not worth the price.,2024-04-23,False
304823,6798,9460,4,Excellent quality and fast delivery.,2024-03-31,True
304824,6527,9540,2,Stopped working after a week.,2023-11-09,True
304825,7868,9111,1,Stopped working after a week.,2022-01-12,False
304826,6806,9415,3,Decent but delivery was late.,2022-06-25,True
304827,5606,9441,3,"Product is okay, nothing special.",2025-12-07,True
304828,6526,9582,4,"Great product, worth the money!",2025-08-12,True
304829,5700,9144,1,Not worth the price.,2025-05-01,False
304830,7526,9459,2,,2023-03-20,False
304831,7079,9303,2,Stopped working after a week.,2026-03-11,True
304832,7195,9396,4,"Exactly as described, very happy.",2024-02-27,True
304833,5971,9218,1,,2026-01-02,False
304834,6832,9233,4,"Loved it, will buy again.",2024-12-03,True
304835,6476,9165,3,"Product is okay, nothing special.",2024-07-16,True
304836,7970,9462,3,"Product is okay, nothing special.",2025-12-13,False
304837,5245,9173,4,"Great product, worth the money!",2025-09-25,True
304838,7283,9212,5,"Loved it, will buy again.",2025-03-23,True
304839,7382,9130,4,"Loved it, will buy again.",2022-05-17,True
304840,6729,9336,3,"Average quality, expected more.",2024-04-04,False
304841,6692,9529,5,"Loved it, will buy again.",2024-09-15,True
304842,7517,9056,3,Decent but delivery was late.,2023-10-13,False
304843,6213,9277,5,"Exactly as described, very happy.",2022-11-21,True
304844,6244,9294,1,"Poor quality, disappointed.",2024-08-25,True
304845,7649,9099,1,Stopped working after a week.,2025-08-17,True
304846,7766,9357,1,,2026-03-11,False
304847,7122,9330,2,Not worth the price.,2026-08-01,True
304848,7545,9332,2,"Poor quality, disappointed.",2023-10-16,True
304849,7925,9040,3,"Product is okay, nothing special.",2023-08-18,True
304850,5335,9125,5,"Great product, worth the money!",2022-07-10,True
304851,5679,9384,3,"Product is okay, nothing special.",2025-04-10,False
304852,7420,9600,4,Superb value for money.,2024-04-30,True
304853,6781,9098,2,"Poor quality, disappointed.",2023-03-14,True
304854,6042,9099,3,"Product is okay, nothing special.",2024-12-27,True
304855,5982,9175,2,"Poor quality, disappointed.",2024-06-09,True
304856,7230,9422,1,"Poor quality, disappointed.",2023-08-27,True
304857,6091,9572,5,Superb value for money.,2026-03-31,False
304858,5533,9433,1,Stopped working after a week.,2023-04-10,True
304859,5792,9311,3,"Average quality, expected more.",2023-11-05,True
304860,7602,9124,1,Stopped working after a week.,2022-03-05,False
304861,5822,9202,3,"Product is okay, nothing special.",2022-06-15,True
304862,6373,9197,4,"Great product, worth the money!",2023-03-16,False
304863,5869,9149,1,"Poor quality, disappointed.",2024-05-11,True
304864,6732,9387,5,Excellent quality and fast delivery.,2023-08-10,False
304865,7256,9031,4,"Loved it, will buy again.",2026-07-03,True
304866,5704,9218,3,Decent but delivery was late.,2025-08-02,True
304867,7613,9127,4,"Great product, worth the money!",2025-03-26,True
304868,7373,9247,4,"Exactly as described, very happy.",2023-11-23,True
304869,7962,9519,1,Item arrived damaged.,2023-06-18,True
304870,6683,9355,1,Stopped working after a week.,2023-03-13,True
304871,7625,9432,1,Not worth the price.,2023-10-13,False
304872,5593,9034,1,Not worth the price.,2023-08-12,False
304873,5491,9134,4,"Great product, worth the money!",2024-01-19,True
304874,6240,9011,1,Not worth the price.,2024-11-04,True
304875,7690,9182,3,Decent but delivery was late.,2023-03-16,False
304876,5395,9104,2,Stopped working after a week.,2025-08-31,False
304877,7035,9342,2,Stopped working after a week.,2025-07-05,True
304878,5167,9546,4,"Great product, worth the money!",2023-05-08,True
304879,6503,9094,2,Not worth the price.,2023-01-23,False
304880,7593,9058,5,"Exactly as described, very happy.",2022-02-15,True
304881,5029,9182,1,"Poor quality, disappointed.",2025-12-16,True
304882,7579,9060,2,Item arrived damaged.,2022-09-30,True
304883,7458,9075,4,"Exactly as described, very happy.",2026-05-05,True
304884,5937,9160,1,Item arrived damaged.,2025-10-07,False
304885,5891,9417,1,"Poor quality, disappointed.",2025-10-16,True
304886,6681,9163,1,Item arrived damaged.,2024-07-07,True
304887,7482,9184,2,Item arrived damaged.,2024-02-18,True
304888,7052,9177,1,,2024-03-06,True
304889,5433,9520,3,"Average quality, expected more.",2026-05-21,True
304890,5170,9377,1,Stopped working after a week.,2023-08-17,False
304891,7289,9530,4,"Great product, worth the money!",2023-09-14,True
304892,6062,9227,3,"Product is okay, nothing special.",2024-09-16,True
304893,5903,9092,3,"Product is okay, nothing special.",2022-12-17,True
304894,7052,9168,3,"Average quality, expected more.",2024-11-11,True
304895,7137,9576,4,Excellent quality and fast delivery.,2026-06-10,True
304896,5038,9562,4,Superb value for money.,2024-06-06,True
304897,5797,9421,5,Excellent quality and fast delivery.,2025-03-13,False
304898,5025,9480,3,"Average quality, expected more.",2023-02-07,False
304899,6424,9016,2,Not worth the price.,2024-04-20,False
304900,7132,9501,1,Stopped working after a week.,2025-01-13,True
304901,6280,9165,4,Superb value for money.,2022-05-20,True
304902,6618,9469,3,,2022-10-03,True
304903,5630,9527,5,"Exactly as described, very happy.",2024-03-14,False
304904,5358,9004,2,Not worth the price.,2025-08-16,True
304905,6008,9249,5,Superb value for money.,2024-03-30,True
304906,5151,9432,1,Stopped working after a week.,2025-02-25,True
304907,7477,9580,5,"Exactly as described, very happy.",2024-03-19,True
304908,5175,9048,1,Not worth the price.,2023-04-24,True
304909,7753,9161,4,"Great product, worth the money!",2022-11-14,True
304910,7525,9092,2,Not worth the price.,2023-02-04,True
304911,5457,9416,1,"Poor quality, disappointed.",2025-10-05,True
304912,6392,9466,2,Item arrived damaged.,2023-01-29,True
304913,5731,9415,3,Decent but delivery was late.,2024-10-15,True
304914,5077,9028,4,Superb value for money.,2024-09-09,False
304915,5454,9506,5,Superb value for money.,2025-06-02,True
304916,6159,9367,2,"Poor quality, disappointed.",2022-05-03,False
304917,6336,9014,1,"Poor quality, disappointed.",2022-03-03,True
304918,6302,9524,2,"Poor quality, disappointed.",2023-12-21,True
304919,5051,9079,2,,2025-12-14,True
304920,5915,9479,3,,2022-12-01,True
304921,5247,9341,1,,2026-05-14,True
304922,5379,9152,1,Not worth the price.,2023-01-09,False
304923,7465,9459,1,Not worth the price.,2024-04-16,False
304924,5427,9180,2,Stopped working after a week.,2022-04-30,True
304925,5985,9513,1,,2023-08-27,True
304926,6374,9504,1,Stopped working after a week.,2025-05-14,True
304927,6816,9367,3,"Product is okay, nothing special.",2026-07-25,True
304928,5885,9087,3,"Product is okay, nothing special.",2025-11-29,True
304929,7154,9053,4,"Great product, worth the money!",2026-05-23,True
304930,6599,9055,2,Stopped working after a week.,2022-05-07,True
304931,7209,9429,2,Not worth the price.,2024-01-23,True
304932,7124,9565,4,"Loved it, will buy again.",2023-02-18,True
304933,5148,9329,3,Decent but delivery was late.,2023-12-23,True
304934,6832,9473,2,Item arrived damaged.,2022-10-01,True
304935,5016,9112,1,,2025-09-02,False
304936,5199,9091,4,,2025-01-13,False
304937,6074,9327,2,"Poor quality, disappointed.",2026-03-23,True
304938,6608,9315,1,Item arrived damaged.,2024-12-24,True
304939,7368,9443,3,"Average quality, expected more.",2025-05-07,True
304940,5658,9517,4,Superb value for money.,2023-05-29,False
304941,5457,9439,2,Not worth the price.,2025-04-11,True
304942,5575,9492,3,Decent but delivery was late.,2025-02-11,True
304943,5448,9246,3,"Product is okay, nothing special.",2025-09-30,True
304944,6296,9105,3,Decent but delivery was late.,2022-12-23,True
304945,6939,9208,1,Item arrived damaged.,2024-01-08,True
304946,7461,9549,4,Superb value for money.,2022-02-20,False
304947,7548,9419,2,Item arrived damaged.,2026-07-27,True
304948,7536,9349,1,Stopped working after a week.,2024-03-15,True
304949,7701,9376,4,Excellent quality and fast delivery.,2025-04-09,True
304950,5109,9076,4,Superb value for money.,2024-02-24,True
304951,7762,9290,3,"Average quality, expected more.",2025-05-13,True
304952,6582,9498,5,"Loved it, will buy again.",2022-07-22,False
304953,6281,9409,4,Superb value for money.,2026-04-15,True
304954,5067,9442,4,"Loved it, will buy again.",2024-12-08,True
304955,7747,9054,2,"Poor quality, disappointed.",2024-11-08,False
304956,5441,9291,1,Item arrived damaged.,2025-05-04,True
304957,6324,9285,1,Item arrived damaged.,2024-10-31,False
304958,6677,9268,5,"Exactly as described, very happy.",2024-09-06,False
304959,7241,9545,4,"Great product, worth the money!",2022-11-19,True
304960,6636,9317,2,Stopped working after a week.,2024-11-26,False
304961,6092,9034,4,"Loved it, will buy again.",2022-06-18,True
304962,5103,9020,3,Decent but delivery was late.,2026-06-25,True
304963,5309,9409,1,"Poor quality, disappointed.",2025-08-26,False
304964,6741,9149,1,Stopped working after a week.,2022-07-11,True
304965,7585,9119,5,Superb value for money.,2023-04-21,True
304966,6678,9212,4,Excellent quality and fast delivery.,2023-02-18,True
304967,6811,9334,2,Stopped working after a week.,2024-02-28,True
304968,7107,9147,2,"Poor quality, disappointed.",2024-09-28,True
304969,5137,9185,3,"Product is okay, nothing special.",2023-09-07,True
304970,6642,9484,3,"Average quality, expected more.",2022-04-15,True
304971,6534,9548,5,"Loved it, will buy again.",2026-03-06,True
304972,6728,9034,3,Decent but delivery was late.,2023-05-18,True
304973,5685,9271,5,"Exactly as described, very happy.",2024-01-12,True
304974,6796,9281,4,"Loved it, will buy again.",2022-09-21,False
304975,7324,9251,5,"Exactly as described, very happy.",2024-12-05,True
304976,6675,9289,5,Excellent quality and fast delivery.,2025-09-09,True
304977,6446,9197,2,Not worth the price.,2024-09-30,True
304978,5962,9067,4,"Great product, worth the money!",2026-05-12,True
304979,6851,9594,1,Stopped working after a week.,2022-06-22,False
304980,7790,9141,3,"Product is okay, nothing special.",2022-12-17,True
304981,6889,9038,5,Superb value for money.,2026-02-24,True
304982,5605,9057,2,"Poor quality, disappointed.",2024-09-13,True
304983,5382,9017,1,Stopped working after a week.,2026-06-08,True
304984,6785,9137,2,Stopped working after a week.,2023-09-25,True
304985,5740,9384,2,Stopped working after a week.,2025-02-05,True
304986,5378,9378,1,Not worth the price.,2022-01-18,True
304987,6793,9105,2,Stopped working after a week.,2022-08-04,True
304988,6735,9547,4,"Loved it, will buy again.",2023-08-16,False
304989,7753,9459,4,Superb value for money.,2023-02-08,True
304990,6204,9244,1,Not worth the price.,2024-01-19,False
304991,7529,9293,5,"Great product, worth the money!",2026-02-19,True
304992,7189,9289,3,Decent but delivery was late.,2023-06-21,True
304993,5960,9443,2,Item arrived damaged.,2023-05-29,True
304994,6460,9114,4,Excellent quality and fast delivery.,2025-05-22,True
304995,5331,9419,4,"Exactly as described, very happy.",2023-03-02,True
304996,5914,9043,4,"Great product, worth the money!",2023-08-03,True
304997,5319,9277,3,"Average quality, expected more.",2024-12-08,True
304998,6103,9544,5,Superb value for money.,2022-10-02,True
304999,7264,9059,3,Decent but delivery was late.,2025-09-11,False
305000,5595,9315,3,Decent but delivery was late.,2023-01-03,True
